customer_id,region,plan_type,contract_type,tenure_months,age,device_type,autopay_flag,intl_pack_flag,avg_monthly_gb,avg_voice_min,avg_sms,monthly_charges,total_charges,complaints_6m,avg_resolution_hours,dropped_call_rate,avg_data_speed_mbps,days_since_last_recharge,retention_call_flag,arpu,churn
TEL-10001,South,Postpaid,Annual,4,28.0,Smartphone-Budget,0,0,1.9,133,11,251.85,1182.6,2,8.1,5.35,14.5,10,0,293.13,0
TEL-10002,South,Prepaid,Monthly,35,48.0,Smartphone-Budget,0,1,25.5,383,20,516.1,17278.95,0,0.0,0.45,29.0,28,0,504.31,0
TEL-10003,South,Prepaid,Monthly,1,41.0,Smartphone-Budget,0,0,3.6,130,13,129.21,168.76,1,11.6,1.46,21.6,21,0,172.75,0
TEL-10004,South,Prepaid,Monthly,55,51.0,Feature,0,0,2.7,618,31,210.79,12580.23,1,22.9,1.63,22.0,6,0,208.39,0
TEL-10005,Central,Prepaid,Monthly,1,25.0,Smartphone-Budget,0,0,2.6,138,9,92.79,120.13,1,2.5,3.04,14.1,3,0,117.31,1
TEL-10006,East,Postpaid,Monthly,9,27.0,Smartphone-Premium,1,0,5.9,232,19,284.31,3873.77,2,86.1,5.2,25.3,33,0,417.36,0
TEL-10007,North,Postpaid,Annual,24,50.0,Smartphone-Budget,0,0,1.7,369,37,291.52,7366.57,1,71.9,3.17,31.1,23,0,288.05,0
TEL-10008,North,Prepaid,Monthly,2,24.0,Smartphone-Budget,0,0,4.9,205,15,181.56,407.32,2,22.1,3.86,11.9,5,0,195.09,1
TEL-10009,South,Postpaid,Annual,26,32.0,Smartphone-Premium,0,0,21.5,129,2,315.42,8343.01,3,58.0,2.25,21.5,5,0,306.44,0
TEL-10010,South,Postpaid,Monthly,4,26.0,Smartphone-Premium,1,0,28.3,160,8,434.04,1828.84,2,32.6,2.67,34.6,19,1,440.19,1
TEL-10011,North,Prepaid,Monthly,56,41.0,Smartphone-Premium,0,0,14.9,309,18,253.49,15330.39,0,0.0,2.84,35.4,5,0,278.99,0
TEL-10012,South,Prepaid,Monthly,1,35.0,Smartphone-Budget,0,0,5.7,148,11,225.99,260.58,1,50.7,0.95,29.0,7,1,256.05,1
TEL-10013,West,Prepaid,Monthly,26,44.0,Feature,0,1,2.3,380,30,322.41,11452.67,1,34.6,1.41,43.0,21,1,437.53,1
TEL-10014,East,Prepaid,Monthly,13,18.0,Smartphone-Premium,0,0,6.7,155,14,204.81,2594.96,0,0.0,5.73,29.4,3,1,205.36,1
TEL-10015,Central,Postpaid,Monthly,11,43.0,Smartphone-Budget,1,0,2.6,116,13,200.14,2180.97,1,42.1,5.93,18.8,14,0,208.61,0
TEL-10016,South,Prepaid,Monthly,12,39.0,Smartphone-Budget,0,0,4.4,110,10,179.6,2540.13,0,0.0,4.34,17.9,23,0,217.55,1
TEL-10017,South,Postpaid,Two-Year,10,37.0,Smartphone-Budget,1,0,3.9,192,8,269.5,2649.93,1,4.9,3.52,18.7,11,1,257.82,1
TEL-10018,North,Prepaid,Monthly,4,28.0,Smartphone-Budget,1,0,3.3,135,12,149.04,624.83,0,0.0,4.97,11.7,5,0,159.7,0
TEL-10019,Central,Prepaid,Monthly,5,25.0,Smartphone-Premium,0,0,28.0,208,7,397.82,1948.77,1,28.8,5.38,10.5,18,0,409.27,0
TEL-10020,North,Postpaid,Two-Year,13,36.0,Smartphone-Budget,0,0,1.9,172,7,258.34,4121.77,1,17.0,1.09,28.7,7,0,317.65,0
TEL-10021,North,Prepaid,Monthly,23,24.0,Smartphone-Premium,0,0,28.9,199,2,318.51,7119.66,0,0.0,3.87,35.6,12,0,327.47,0
TEL-10022,South,Postpaid,Monthly,5,22.0,Smartphone-Budget,1,0,4.2,219,8,326.59,1524.72,0,0.0,5.05,27.3,7,0,319.15,0
TEL-10023,South,Prepaid,Monthly,3,35.0,Smartphone-Budget,0,0,6.0,101,8,209.68,581.71,0,0.0,5.8,23.4,10,1,196.56,1
TEL-10024,West,Prepaid,Monthly,5,35.0,Smartphone-Premium,0,0,3.9,180,7,154.4,631.94,1,24.1,1.85,28.8,14,1,129.79,1
TEL-10025,West,Postpaid,Two-Year,58,64.0,Feature,0,0,3.0,573,27,274.65,17570.37,2,16.1,3.24,28.8,5,0,304.85,0
TEL-10026,East,Prepaid,Monthly,32,47.0,Smartphone-Budget,0,0,2.4,425,39,125.24,6225.9,0,0.0,0.73,32.3,1,0,186.44,0
TEL-10027,West,Postpaid,Annual,21,18.0,Smartphone-Premium,0,0,38.1,243,6,577.05,13447.16,1,39.1,0.93,24.1,38,0,614.7,0
TEL-10028,West,Postpaid,Annual,68,50.0,Smartphone-Budget,0,0,17.0,314,16,390.09,27371.1,0,0.0,4.05,30.7,16,0,385.77,0
TEL-10029,South,Postpaid,Monthly,15,42.0,Smartphone-Premium,0,0,14.4,237,14,366.89,6702.36,1,18.3,6.74,28.8,6,0,411.88,0
TEL-10030,East,Postpaid,Annual,13,37.0,Smartphone-Budget,1,0,4.1,118,12,249.63,3204.94,1,55.1,1.55,,3,0,243.43,0
TEL-10031,East,Postpaid,Two-Year,13,22.0,Smartphone-Premium,1,0,30.6,161,6,513.29,6384.42,0,0.0,1.23,20.0,9,0,485.81,0
TEL-10032,West,Postpaid,Annual,10,34.0,Smartphone-Budget,1,0,5.2,200,8,239.57,2551.91,0,0.0,1.19,10.9,12,0,243.64,0
TEL-10033,South,Prepaid,Monthly,57,58.0,Smartphone-Budget,0,0,22.5,324,15,288.24,19786.54,0,0.0,1.74,28.7,4,0,339.54,0
TEL-10034,West,Postpaid,Annual,72,57.0,Smartphone-Budget,1,0,2.4,666,35,314.61,21443.66,3,58.8,7.45,38.4,12,0,303.4,0
TEL-10035,West,Prepaid,Monthly,12,29.0,Smartphone-Budget,0,0,3.8,123,5,94.45,1571.72,1,73.7,6.85,38.6,6,1,128.65,1
TEL-10036,South,Prepaid,Monthly,45,29.0,Smartphone-Budget,0,0,7.8,321,17,236.99,13007.47,2,35.5,2.45,35.9,14,0,290.33,0
TEL-10037,East,Prepaid,Monthly,11,33.0,Smartphone-Budget,1,0,2.2,216,9,158.11,1289.47,0,0.0,0.22,31.0,23,0,116.52,0
TEL-10038,East,Postpaid,Annual,3,30.0,Smartphone-Budget,1,0,5.1,171,10,255.73,897.34,1,36.7,4.09,31.7,5,0,290.05,0
TEL-10039,West,Prepaid,Monthly,20,20.0,Smartphone-Budget,1,0,6.6,87,10,166.77,3961.95,0,0.0,2.64,9.3,11,0,206.79,0
TEL-10040,South,Postpaid,Two-Year,17,31.0,Smartphone-Budget,1,0,4.1,228,5,313.61,5999.74,0,0.0,0.47,25.6,11,0,363.43,0
TEL-10041,South,Postpaid,Two-Year,7,30.0,Smartphone-Premium,1,0,2.5,159,9,250.89,2390.19,0,0.0,1.34,18.4,7,0,339.95,0
TEL-10042,West,Postpaid,Monthly,4,37.0,Smartphone-Budget,1,0,4.7,166,9,313.45,1253.1,1,13.6,1.76,12.0,34,0,308.98,1
TEL-10043,East,Prepaid,Annual,47,42.0,Smartphone-Budget,0,0,19.5,295,10,300.94,13890.26,0,0.0,1.22,22.8,26,0,308.41,0
TEL-10044,East,Postpaid,Monthly,23,49.0,Feature,1,0,3.5,268,34,363.98,9038.89,0,0.0,1.18,20.1,28,0,387.52,0
TEL-10045,South,Postpaid,Monthly,24,39.0,Smartphone-Budget,1,0,23.9,132,4,464.67,13075.76,0,0.0,2.18,30.2,24,0,569.92,0
TEL-10046,North,Postpaid,Monthly,7,31.0,Feature,0,0,3.8,108,10,298.12,1564.15,1,2.2,2.55,21.9,2,1,236.06,1
TEL-10047,Central,Prepaid,Monthly,53,46.0,Smartphone-Budget,0,0,19.2,230,11,282.4,15151.5,0,0.0,5.01,19.9,1,0,282.16,0
TEL-10048,West,Postpaid,Annual,29,45.0,Smartphone-Budget,0,0,2.0,467,27,334.89,8962.72,2,57.7,8.07,20.4,14,1,317.61,1
TEL-10049,West,Prepaid,Monthly,35,38.0,Smartphone-Budget,0,0,23.8,130,19,289.46,10131.46,0,0.0,1.19,32.6,3,1,275.74,1
TEL-10050,East,Prepaid,Monthly,6,31.0,Smartphone-Premium,0,0,1.3,131,13,128.57,838.48,1,25.8,3.2,33.6,9,1,134.11,1
TEL-10051,Central,Postpaid,Annual,34,41.0,Smartphone-Premium,0,0,8.3,340,13,357.67,14153.1,1,16.0,2.24,5.8,5,0,413.17,0
TEL-10052,West,Postpaid,Monthly,22,50.0,Smartphone-Premium,1,1,14.6,308,19,546.86,12589.44,2,2.5,1.92,23.9,11,0,603.49,0
TEL-10053,East,Prepaid,Monthly,5,18.0,Smartphone-Premium,0,1,5.4,174,7,347.51,1605.57,1,53.7,8.39,15.9,14,1,321.55,1
TEL-10054,West,Prepaid,Monthly,33,54.0,Feature,1,0,2.6,751,36,233.23,11838.07,1,27.8,7.49,31.5,10,0,373.26,0
TEL-10055,North,Prepaid,Annual,39,51.0,Smartphone-Budget,0,0,9.3,250,13,224.92,8342.7,2,12.5,1.15,21.9,32,0,219.56,0
TEL-10056,West,Prepaid,Monthly,55,30.0,Smartphone-Premium,1,0,14.7,248,23,272.31,17171.23,0,0.0,1.29,10.3,19,0,311.65,0
TEL-10057,North,Postpaid,Two-Year,1,31.0,Feature,0,0,3.2,215,10,271.29,309.7,2,34.5,8.85,26.4,8,1,310.97,1
TEL-10058,East,Postpaid,Annual,53,55.0,Smartphone-Premium,1,0,12.8,206,17,390.92,18874.14,0,0.0,1.19,30.2,15,0,363.85,0
TEL-10059,West,Prepaid,Annual,10,38.0,Smartphone-Budget,0,0,2.7,88,13,129.98,1688.06,0,0.0,4.75,32.9,12,0,166.79,0
TEL-10060,West,Prepaid,Monthly,33,40.0,Smartphone-Premium,0,0,22.0,596,8,371.11,13392.17,0,0.0,1.52,37.3,1,0,409.75,0
TEL-10061,North,Prepaid,Annual,8,27.0,Smartphone-Premium,0,0,5.1,139,10,140.73,1836.02,1,63.0,3.66,21.4,14,1,228.17,1
TEL-10062,South,Prepaid,Monthly,10,44.0,Smartphone-Budget,0,0,5.7,110,12,130.58,1456.95,1,9.7,4.93,33.4,27,0,146.3,1
TEL-10063,Central,Prepaid,Monthly,50,56.0,Feature,0,0,1.3,513,34,185.24,8069.12,0,0.0,0.56,23.6,4,0,165.69,0
TEL-10064,North,Prepaid,Monthly,72,50.0,Feature,0,0,2.1,652,25,144.71,11329.12,0,,0.8,38.5,18,0,166.81,0
TEL-10065,South,Prepaid,Monthly,4,31.0,Smartphone-Budget,0,0,3.1,124,5,131.65,520.74,1,38.2,1.31,34.3,26,0,130.37,0
TEL-10066,East,Prepaid,Monthly,40,65.0,Feature,0,0,3.1,394,26,143.72,4108.77,1,14.8,3.93,26.3,11,0,110.34,0
TEL-10067,West,Prepaid,Monthly,7,25.0,Smartphone-Premium,0,0,39.6,152,5,505.82,3228.56,2,17.6,4.94,16.6,11,1,503.75,1
TEL-10068,North,Prepaid,Monthly,23,68.0,Feature,0,0,2.1,538,31,153.25,4270.63,1,54.3,2.03,29.2,13,0,187.08,0
TEL-10069,West,Prepaid,Monthly,2,35.0,Smartphone-Premium,1,0,5.4,172,12,145.39,344.3,0,0.0,1.99,25.8,3,0,170.94,0
TEL-10070,South,Postpaid,Two-Year,23,37.0,Smartphone-Budget,0,0,16.4,193,13,444.07,12896.35,1,14.4,3.93,43.7,7,0,552.56,0
TEL-10071,North,Prepaid,Monthly,72,57.0,Feature,0,0,1.6,516,35,218.94,15582.75,1,32.7,1.44,33.0,2,0,205.66,0
TEL-10072,East,Prepaid,Monthly,4,21.0,Smartphone-Budget,0,0,4.1,153,8,180.28,846.54,0,0.0,2.61,40.4,19,0,210.69,0
TEL-10073,South,Postpaid,Monthly,41,63.0,Smartphone-Budget,1,0,2.0,408,24,349.9,12952.6,1,34.4,2.01,27.9,10,0,341.19,0
TEL-10074,East,Prepaid,Monthly,9,26.0,Smartphone-Budget,0,0,18.2,381,9,334.03,2922.7,0,0.0,0.56,20.7,5,0,330.21,0
TEL-10075,South,Postpaid,Monthly,7,28.0,Smartphone-Premium,0,0,42.3,227,9,596.02,4008.68,1,13.4,1.64,25.2,22,0,566.58,0
TEL-10076,West,Postpaid,Monthly,7,31.0,Smartphone-Budget,1,1,3.6,112,6,451.72,3555.35,0,0.0,0.41,31.3,10,1,532.73,1
TEL-10077,North,Prepaid,Monthly,64,61.0,Feature,0,0,2.6,251,32,186.42,13092.99,1,10.9,2.9,,18,0,203.61,0
TEL-10078,North,Prepaid,Monthly,50,50.0,Smartphone-Budget,0,0,7.5,209,18,252.7,15829.63,1,36.6,5.2,34.7,9,0,319.44,0
TEL-10079,East,Prepaid,Monthly,6,20.0,Smartphone-Budget,0,0,28.5,117,5,338.86,1963.4,3,32.1,4.5,35.7,9,0,317.46,0
TEL-10080,South,Prepaid,Monthly,23,34.0,Smartphone-Budget,1,0,25.6,309,14,344.16,8094.26,1,26.8,1.33,35.4,9,0,354.41,0
TEL-10081,North,Postpaid,Annual,43,40.0,Smartphone-Premium,1,0,21.4,197,8,466.08,26060.9,1,10.0,0.38,20.9,5,0,603.99,0
TEL-10082,North,Prepaid,Monthly,15,45.0,Smartphone-Budget,0,0,16.2,316,17,332.99,5148.83,1,1.6,4.11,29.8,3,0,340.51,0
TEL-10083,West,Postpaid,Annual,67,26.0,Smartphone-Budget,1,1,11.4,388,21,487.72,33848.15,2,37.5,3.94,36.2,7,0,533.65,0
TEL-10084,South,Postpaid,Two-Year,11,38.0,Feature,0,0,3.6,166,8,257.75,2645.79,1,22.8,6.08,38.9,7,0,233.83,0
TEL-10085,North,Prepaid,Monthly,52,54.0,Feature,0,0,1.5,942,22,267.55,14980.52,0,0.0,0.79,17.3,10,0,256.84,0
TEL-10086,South,Prepaid,Monthly,7,33.0,Smartphone-Premium,0,0,4.3,122,9,182.1,1249.4,0,0.0,0.79,26.3,23,0,183.15,0
TEL-10087,West,Prepaid,Monthly,72,37.0,Smartphone-Budget,0,0,8.4,417,15,227.81,17583.56,0,0.0,4.41,28.3,16,1,231.42,1
TEL-10088,East,Postpaid,Annual,61,42.0,Feature,0,0,2.0,217,32,204.9,12910.53,0,0.0,2.85,18.6,8,0,208.16,0
TEL-10089,East,Prepaid,Monthly,72,59.0,Feature,1,0,2.5,459,28,180.55,21365.04,1,21.6,2.38,25.2,3,1,306.02,1
TEL-10090,North,Prepaid,Annual,17,24.0,Smartphone-Premium,0,1,46.3,201,6,722.91,12610.97,0,0.0,6.57,28.8,10,0,769.08,0
TEL-10091,East,Prepaid,Annual,21,30.0,Smartphone-Budget,0,0,30.3,205,7,367.44,7846.23,3,7.4,13.2,36.4,6,0,402.91,0
TEL-10092,South,Postpaid,Annual,6,34.0,Smartphone-Budget,1,0,4.0,151,10,246.03,1383.63,3,25.2,2.52,29.5,10,1,237.16,1
TEL-10093,West,Postpaid,Monthly,72,57.0,Smartphone-Budget,1,0,1.6,550,36,367.07,29522.29,0,0.0,3.4,42.9,14,0,400.89,0
TEL-10094,North,Postpaid,Annual,39,41.0,Feature,1,0,17.3,362,19,420.32,17544.07,1,40.2,1.91,33.1,31,0,440.49,0
TEL-10095,Central,Prepaid,Monthly,7,30.0,Smartphone-Premium,1,0,2.9,231,7,181.3,1202.78,0,0.0,4.46,6.0,15,1,173.22,1
TEL-10096,West,Prepaid,Monthly,38,36.0,Smartphone-Premium,0,0,27.2,403,19,435.59,25403.78,0,0.0,4.2,28.8,4,0,669.6,0
TEL-10097,Central,Prepaid,Monthly,37,43.0,Smartphone-Premium,0,0,14.5,288,14,251.29,10060.52,0,0.0,5.06,1.6,3,1,248.92,1
TEL-10098,West,Prepaid,Monthly,43,52.0,Smartphone-Budget,0,1,15.3,431,21,410.31,20560.49,1,13.2,2.09,32.9,20,0,468.82,0
TEL-10099,South,Prepaid,Monthly,8,28.0,Smartphone-Premium,0,0,25.1,238,5,311.83,2941.3,0,0.0,1.46,,20,1,375.36,1
TEL-10100,North,Prepaid,Monthly,8,43.0,Smartphone-Budget,0,1,14.3,258,17,398.61,3297.09,1,45.8,1.39,29.9,23,0,398.23,0
TEL-10101,North,Prepaid,Monthly,41,63.0,Feature,1,0,1.1,757,40,191.85,8592.83,2,21.6,1.12,21.7,32,0,206.77,0
TEL-10102,Central,Prepaid,Monthly,18,45.0,Smartphone-Budget,0,0,21.8,260,17,283.93,5007.77,3,39.2,3.9,13.7,8,1,290.59,0
TEL-10103,East,Postpaid,Annual,16,29.0,Smartphone-Premium,0,0,3.4,155,10,246.5,4443.17,1,3.9,5.37,23.0,7,0,280.07,0
TEL-10104,South,Postpaid,Two-Year,6,23.0,Smartphone-Premium,1,0,3.9,166,11,268.98,2137.41,0,0.0,0.98,28.2,5,0,340.04,0
TEL-10105,North,Postpaid,Two-Year,10,24.0,Smartphone-Premium,1,0,27.0,148,7,486.47,5431.99,0,0.0,1.48,38.4,17,0,525.95,0
TEL-10106,East,Postpaid,Two-Year,29,26.0,Smartphone-Budget,1,0,40.5,125,6,524.72,15904.12,1,6.4,3.06,39.9,8,0,556.9,0
TEL-10107,South,Postpaid,Monthly,8,28.0,Feature,1,0,4.5,129,14,336.9,2440.81,0,0.0,3.2,36.6,11,0,322.89,0
TEL-10108,North,Prepaid,Monthly,11,27.0,Smartphone-Budget,1,0,33.2,125,3,399.74,4771.05,1,14.1,0.98,20.5,8,0,429.33,0
TEL-10109,North,Postpaid,Monthly,18,50.0,Smartphone-Premium,0,0,5.9,113,6,230.0,5867.16,0,0.0,5.1,35.0,5,0,316.94,0
TEL-10110,East,Postpaid,Annual,5,34.0,Smartphone-Premium,1,0,2.7,108,4,246.08,1368.45,2,60.4,5.79,33.5,22,0,260.79,0
TEL-10111,Central,Prepaid,Monthly,3,37.0,Smartphone-Budget,0,0,2.1,5,11,123.85,242.49,1,40.2,2.45,16.1,41,1,82.53,1
TEL-10112,South,Prepaid,Monthly,45,60.0,Feature,0,0,2.7,380,26,182.85,18355.78,1,29.1,4.42,34.5,6,0,402.29,0
TEL-10113,South,Postpaid,Monthly,14,28.0,Smartphone-Budget,1,0,4.6,115,15,298.24,3937.22,1,7.8,2.84,36.2,16,0,277.49,0
TEL-10114,North,Postpaid,Two-Year,9,21.0,Smartphone-Premium,0,0,32.7,166,6,537.2,5010.85,0,0.0,1.42,44.7,6,0,561.71,0
TEL-10115,East,Prepaid,Monthly,27,41.0,Smartphone-Budget,0,0,15.1,362,17,304.14,7039.02,1,13.8,1.27,,20,1,289.13,0
TEL-10116,Central,Postpaid,Monthly,53,42.0,Smartphone-Budget,1,0,6.7,455,10,309.52,18434.33,0,0.0,4.98,16.2,14,0,358.41,0
TEL-10117,East,Prepaid,Monthly,15,45.0,Smartphone-Budget,0,0,3.3,414,42,237.17,3440.1,2,27.4,6.02,,15,1,222.32,1
TEL-10118,North,Prepaid,Monthly,35,44.0,Feature,0,0,2.4,677,31,200.7,7294.38,0,0.0,8.57,23.5,34,1,214.35,1
TEL-10119,Central,Postpaid,Two-Year,33,43.0,Smartphone-Premium,0,1,8.1,209,15,434.08,17668.38,0,0.0,2.62,18.5,7,1,516.48,0
TEL-10120,South,Prepaid,Monthly,10,20.0,Smartphone-Premium,0,0,3.5,77,11,138.8,1531.83,0,0.0,0.32,20.4,27,1,158.36,1
TEL-10121,East,Prepaid,Monthly,7,18.0,Smartphone-Budget,0,0,4.2,166,8,197.31,2029.31,4,81.0,8.18,45.0,13,0,276.0,1
TEL-10122,South,Postpaid,Monthly,17,31.0,Smartphone-Budget,0,0,4.6,205,10,291.1,5403.17,1,31.5,0.64,56.0,48,0,315.37,0
TEL-10123,North,Postpaid,Two-Year,14,50.0,Smartphone-Premium,0,0,16.1,392,14,399.09,6171.16,0,0.0,6.58,25.4,9,0,440.71,0
TEL-10124,South,Postpaid,Annual,18,47.0,Smartphone-Budget,0,0,24.9,390,5,437.74,8416.99,1,31.0,0.32,34.4,7,0,474.68,0
TEL-10125,South,Prepaid,Monthly,7,27.0,Feature,0,0,6.1,166,7,180.77,1298.56,2,13.9,3.74,35.3,5,0,197.64,0
TEL-10126,East,Prepaid,Monthly,15,18.0,Smartphone-Premium,0,0,29.7,215,6,420.36,6136.98,0,0.0,2.34,17.8,8,1,425.46,1
TEL-10127,North,Postpaid,Annual,9,25.0,Smartphone-Premium,1,0,35.2,164,4,504.51,5991.15,0,0.0,4.11,37.6,8,0,680.46,0
TEL-10128,West,Postpaid,Annual,16,28.0,Smartphone-Budget,0,0,5.3,103,8,262.72,5712.59,3,39.9,6.17,38.9,14,0,322.79,0
TEL-10129,South,Prepaid,Monthly,11,28.0,Smartphone-Premium,0,0,19.3,235,4,314.6,3122.28,0,0.0,1.94,36.8,6,0,312.25,0
TEL-10130,South,Prepaid,Monthly,55,50.0,Smartphone-Budget,0,0,2.5,732,38,180.46,11226.26,0,0.0,1.1,28.5,12,0,198.11,0
TEL-10131,South,Prepaid,Monthly,14,24.0,Smartphone-Premium,0,0,43.6,190,3,498.56,9810.11,1,14.8,1.86,24.8,15,0,736.86,0
TEL-10132,West,Prepaid,Monthly,48,31.0,Smartphone-Premium,0,0,9.4,333,14,241.19,10477.31,1,9.8,2.66,14.1,11,0,235.36,0
TEL-10133,Central,Prepaid,Monthly,30,23.0,Smartphone-Budget,0,0,22.9,347,14,328.21,9502.39,1,7.3,3.84,8.5,12,1,326.5,1
TEL-10134,East,Prepaid,Monthly,14,36.0,Smartphone-Premium,0,0,22.9,216,4,304.64,6786.47,2,14.4,5.43,11.7,10,1,469.17,1
TEL-10135,Central,Prepaid,Monthly,3,41.0,Smartphone-Budget,0,1,13.7,292,10,425.2,1758.15,0,0.0,3.61,10.7,10,0,601.71,0
TEL-10136,Central,Postpaid,Annual,53,52.0,Feature,1,0,1.6,432,35,297.01,15968.03,1,28.8,8.05,19.8,4,0,305.98,0
TEL-10137,North,Postpaid,Monthly,25,18.0,Smartphone-Premium,1,0,34.4,147,5,525.25,15696.68,3,23.0,2.08,24.5,13,0,608.5,0
TEL-10138,East,Postpaid,Two-Year,72,45.0,Smartphone-Budget,1,0,13.8,267,16,338.97,23698.3,0,0.0,9.49,41.3,4,1,329.39,1
TEL-10139,South,Prepaid,Monthly,12,30.0,Smartphone-Premium,0,0,34.5,174,3,389.49,6116.13,1,70.0,2.01,29.1,3,1,498.69,0
TEL-10140,West,Prepaid,Monthly,44,45.0,Feature,0,0,1.6,693,29,302.74,12909.42,0,0.0,4.9,18.1,11,1,302.04,1
TEL-10141,Central,Prepaid,Monthly,64,48.0,Smartphone-Premium,1,0,14.5,300,23,299.61,24261.38,1,27.5,0.51,19.7,3,1,400.24,1
TEL-10142,East,Prepaid,Monthly,11,18.0,Smartphone-Budget,0,0,2.5,116,14,132.07,1561.1,0,0.0,3.11,34.5,19,0,142.76,0
TEL-10143,West,Prepaid,Monthly,70,43.0,Smartphone-Budget,0,0,14.9,492,8,265.31,24486.29,0,0.0,1.68,31.2,14,0,351.54,0
TEL-10144,North,Prepaid,Monthly,29,50.0,Smartphone-Budget,0,0,18.3,420,21,254.03,7870.51,1,27.6,1.71,25.1,7,0,278.92,0
TEL-10145,Central,Postpaid,Annual,72,53.0,Smartphone-Budget,0,0,1.7,288,27,261.8,16111.51,0,0.0,3.96,17.9,3,0,244.66,0
TEL-10146,South,Prepaid,Monthly,12,18.0,Smartphone-Premium,0,0,26.0,50,3,307.62,4171.25,0,0.0,0.36,35.3,20,0,344.85,0
TEL-10147,South,Postpaid,Annual,37,57.0,Smartphone-Budget,0,0,2.3,564,29,305.62,10564.74,3,86.7,6.35,33.1,28,0,304.69,0
TEL-10148,Central,Prepaid,Monthly,21,35.0,Smartphone-Premium,0,0,34.9,198,11,408.62,7518.41,1,4.2,2.32,7.0,10,0,385.45,0
TEL-10149,North,Prepaid,Monthly,46,54.0,Feature,0,1,2.4,675,28,327.09,22528.37,3,22.9,2.05,22.7,26,1,508.14,1
TEL-10150,East,Postpaid,Monthly,15,37.0,Smartphone-Budget,0,0,2.5,126,12,233.09,3673.7,0,0.0,2.05,24.4,6,0,242.1,0
TEL-10151,North,Postpaid,Monthly,45,57.0,Feature,1,0,1.8,626,36,279.33,12425.49,0,0.0,8.22,21.6,20,1,270.04,1
TEL-10152,South,Prepaid,Monthly,72,55.0,Smartphone-Budget,0,1,2.2,582,34,355.66,29676.52,0,0.0,6.78,25.6,7,0,406.27,0
TEL-10153,East,Postpaid,Annual,8,30.0,Smartphone-Premium,0,0,40.7,202,4,488.41,3658.69,0,0.0,3.96,32.4,9,0,479.93,0
TEL-10154,North,Prepaid,Monthly,7,27.0,Smartphone-Premium,0,0,22.8,239,2,401.77,3073.57,0,0.0,0.78,41.7,5,0,436.03,0
TEL-10155,North,Prepaid,Monthly,9,35.0,Smartphone-Premium,0,0,6.2,109,9,204.16,2040.67,2,40.2,3.73,25.2,17,1,235.11,1
TEL-10156,North,Prepaid,Monthly,64,38.0,Smartphone-Budget,0,0,23.9,162,13,332.04,25252.08,0,0.0,7.72,30.6,4,0,386.53,0
TEL-10157,West,Prepaid,Monthly,15,40.0,Smartphone-Budget,0,0,4.6,146,7,92.14,1196.48,0,0.0,3.07,32.7,22,1,80.4,1
TEL-10158,North,Prepaid,Monthly,8,34.0,Smartphone-Budget,0,0,3.7,190,10,132.46,1242.1,1,6.5,1.68,26.8,9,0,159.48,0
TEL-10159,Central,Prepaid,Monthly,8,39.0,Smartphone-Premium,1,0,3.3,173,6,228.78,1800.05,1,15.7,0.14,17.1,5,0,220.66,0
TEL-10160,West,Postpaid,Two-Year,39,62.0,Smartphone-Budget,1,0,1.4,450,37,263.12,9652.49,1,56.2,4.76,30.7,9,0,244.67,0
TEL-10161,South,Postpaid,Monthly,12,37.0,Smartphone-Premium,0,0,4.7,160,10,241.85,3028.94,2,11.8,1.68,21.5,17,0,258.09,0
TEL-10162,East,Prepaid,Monthly,15,51.0,Smartphone-Budget,0,1,2.7,122,10,259.08,3159.97,0,0.0,3.73,15.8,9,0,226.6,0
TEL-10163,South,Prepaid,Monthly,18,41.0,Smartphone-Budget,0,0,5.1,187,5,163.27,3841.86,1,32.7,4.14,4.8,5,0,219.22,0
TEL-10164,North,Postpaid,Annual,72,57.0,Feature,1,0,2.3,505,40,287.42,19671.31,1,30.2,4.95,11.0,11,1,282.22,1
TEL-10165,East,Prepaid,Monthly,36,45.0,Feature,0,0,19.5,336,8,305.71,11444.9,2,16.2,3.84,35.3,2,0,333.7,0
TEL-10166,West,Postpaid,Monthly,36,32.0,Smartphone-Budget,0,0,6.6,228,20,331.8,12283.98,0,0.0,4.07,31.9,4,0,345.07,0
TEL-10167,South,Prepaid,Monthly,15,34.0,Smartphone-Budget,0,0,1.9,195,5,186.56,2887.8,0,0.0,2.11,30.7,14,0,199.86,1
TEL-10168,Central,Prepaid,Monthly,72,47.0,Smartphone-Budget,0,0,14.7,314,19,303.65,22831.36,1,16.5,5.35,18.4,7,0,298.08,0
TEL-10169,West,Prepaid,Monthly,7,31.0,Smartphone-Budget,1,0,3.7,124,8,188.85,1720.0,1,10.3,2.77,32.8,20,0,245.53,0
TEL-10170,North,Postpaid,Monthly,57,38.0,Smartphone-Budget,1,0,17.7,264,16,450.22,28933.38,1,9.6,5.88,36.5,9,0,505.7,0
TEL-10171,West,Prepaid,Monthly,64,48.0,Smartphone-Budget,0,0,15.9,405,24,252.41,17145.49,1,15.0,0.7,29.6,5,0,280.29,0
TEL-10172,South,Prepaid,Monthly,10,28.0,Smartphone-Budget,0,1,23.0,353,14,530.15,6592.16,0,0.0,3.69,24.6,10,0,641.78,0
TEL-10173,South,Prepaid,Monthly,10,34.0,Smartphone-Budget,0,0,4.4,134,7,109.69,1007.11,0,0.0,0.06,14.0,4,1,99.57,1
TEL-10174,Central,Postpaid,Annual,13,29.0,Smartphone-Budget,1,0,3.3,179,5,240.14,3269.46,0,0.0,2.6,23.2,14,0,258.67,0
TEL-10175,East,Postpaid,Annual,47,33.0,Smartphone-Budget,1,0,19.7,414,17,454.43,21464.25,0,0.0,7.92,43.3,3,0,439.9,0
TEL-10176,Central,Prepaid,Monthly,12,20.0,Smartphone-Budget,0,0,11.9,236,3,237.71,2882.61,0,0.0,5.04,15.7,26,1,231.8,1
TEL-10177,South,Prepaid,Monthly,45,62.0,Feature,0,0,2.6,401,32,140.01,6678.97,0,0.0,1.7,30.7,10,0,140.82,0
TEL-10178,Central,Prepaid,Monthly,12,45.0,Smartphone-Premium,0,0,4.6,71,10,186.66,2143.47,1,19.2,3.73,26.4,6,0,177.3,0
TEL-10179,West,Postpaid,Two-Year,55,60.0,Feature,1,0,2.2,336,36,275.34,18809.0,0,0.0,2.12,21.4,15,0,342.42,0
TEL-10180,South,Postpaid,Annual,9,21.0,Smartphone-Premium,1,0,3.2,145,5,216.74,2135.92,0,0.0,1.81,15.3,24,0,229.67,0
TEL-10181,West,Postpaid,Two-Year,16,37.0,Smartphone-Budget,1,0,5.5,97,8,308.44,5086.44,2,62.2,4.28,16.1,19,0,336.73,1
TEL-10182,West,Postpaid,Monthly,15,33.0,Smartphone-Budget,1,0,6.8,145,6,327.5,4592.97,1,41.5,1.18,30.6,15,0,308.96,0
TEL-10183,South,Prepaid,Monthly,8,34.0,Smartphone-Budget,0,0,2.8,118,10,141.47,1041.5,0,0.0,0.81,28.6,8,1,122.72,1
TEL-10184,West,Postpaid,Monthly,70,31.0,Smartphone-Premium,0,1,12.0,350,17,548.07,39930.25,2,23.2,2.73,22.7,4,0,622.32,0
TEL-10185,West,Postpaid,Annual,16,58.0,Smartphone-Budget,0,0,17.4,321,15,454.1,8298.69,1,24.7,2.28,25.2,4,1,518.81,1
TEL-10186,South,Postpaid,Two-Year,22,,Smartphone-Premium,1,0,42.2,237,9,559.06,13016.16,2,10.6,2.92,29.1,1,0,595.2,0
TEL-10187,South,Postpaid,Annual,19,18.0,Smartphone-Budget,1,0,28.4,105,5,423.11,8508.92,0,0.0,1.56,26.2,13,0,426.87,0
TEL-10188,West,Postpaid,Monthly,16,29.0,Smartphone-Budget,1,0,17.9,349,12,431.71,6939.05,0,0.0,1.87,25.0,13,0,419.53,0
TEL-10189,East,Postpaid,Annual,7,43.0,Smartphone-Budget,0,0,4.5,152,6,354.02,2343.02,1,23.5,1.93,28.4,1,0,355.84,1
TEL-10190,East,Prepaid,Monthly,58,53.0,Feature,0,0,2.8,560,33,197.21,11910.37,0,0.0,2.04,28.9,25,0,220.06,0
TEL-10191,North,Prepaid,Monthly,16,29.0,Smartphone-Premium,0,0,23.5,161,4,361.45,6962.59,0,0.0,0.38,28.9,9,0,426.17,0
TEL-10192,Central,Postpaid,Monthly,13,26.0,Smartphone-Premium,1,0,45.5,192,12,661.48,9481.0,0,0.0,4.6,16.7,5,0,691.68,0
TEL-10193,East,Postpaid,Annual,50,39.0,Smartphone-Budget,0,0,20.4,319,21,404.41,20701.0,2,21.2,4.61,31.1,5,0,410.53,0
TEL-10194,North,Prepaid,Monthly,20,31.0,Smartphone-Budget,0,0,31.4,325,11,436.41,8849.42,1,18.3,1.25,28.0,10,0,437.99,0
TEL-10195,North,Prepaid,Monthly,7,20.0,Smartphone-Budget,1,0,5.0,173,5,120.35,956.31,1,18.6,1.44,39.0,32,0,130.71,0
TEL-10196,East,Prepaid,Monthly,58,59.0,Smartphone-Budget,0,1,18.7,468,13,481.65,34258.11,0,0.0,2.62,34.9,48,0,585.31,0
TEL-10197,North,Postpaid,Monthly,8,36.0,Smartphone-Premium,0,0,2.8,182,9,248.85,3383.65,1,32.0,1.23,30.6,17,0,420.77,0
TEL-10198,North,Prepaid,Monthly,7,36.0,Smartphone-Budget,0,0,1.3,125,6,137.65,747.35,1,19.9,1.96,18.1,12,1,101.13,1
TEL-10199,Central,Prepaid,Monthly,47,50.0,Smartphone-Premium,0,0,10.9,237,13,164.08,8223.92,0,0.0,4.36,16.0,6,0,176.9,0
TEL-10200,North,Prepaid,Monthly,7,18.0,Smartphone-Premium,0,0,5.2,180,5,137.67,1018.76,1,22.9,0.63,18.3,16,0,150.88,0
TEL-10201,East,Prepaid,Monthly,6,22.0,Smartphone-Budget,0,1,4.3,167,9,348.8,2533.63,0,0.0,0.94,21.9,20,0,422.89,0
TEL-10202,South,Prepaid,Monthly,40,47.0,Smartphone-Budget,0,0,7.3,416,17,158.38,7034.98,1,29.5,2.86,37.6,15,0,168.83,0
TEL-10203,West,Postpaid,Monthly,51,31.0,Smartphone-Premium,1,1,25.6,484,14,643.02,39107.33,2,21.0,3.88,32.1,18,0,743.77,0
TEL-10204,North,Postpaid,Annual,30,32.0,Feature,1,0,15.3,379,13,371.79,14759.55,1,16.4,1.49,35.5,4,0,485.11,0
TEL-10205,North,Prepaid,Monthly,14,27.0,Smartphone-Budget,0,0,4.2,155,12,116.78,1599.52,0,0.0,3.12,6.3,18,0,121.29,0
TEL-10206,Central,Postpaid,Two-Year,10,37.0,Smartphone-Budget,1,0,5.1,178,11,256.95,2745.28,0,0.0,4.24,11.6,7,0,272.39,0
TEL-10207,East,Postpaid,Two-Year,11,26.0,Smartphone-Budget,1,0,4.3,174,7,283.11,3146.71,3,3.6,0.88,21.2,25,0,295.33,0
TEL-10208,North,Postpaid,Annual,16,42.0,Smartphone-Premium,1,0,21.3,224,5,404.91,7846.05,1,32.7,2.75,24.6,38,0,482.22,0
TEL-10209,South,Postpaid,Monthly,31,60.0,Smartphone-Budget,1,0,1.7,489,41,305.67,16985.04,1,5.2,3.22,20.7,4,1,551.81,0
TEL-10210,North,Postpaid,Two-Year,24,31.0,Smartphone-Premium,1,0,27.2,211,7,510.74,12148.03,0,0.0,1.74,37.9,6,0,513.55,0
TEL-10211,South,Prepaid,Annual,1,37.0,Smartphone-Budget,1,0,27.3,149,4,353.23,465.11,2,6.6,0.12,29.7,1,1,444.52,1
TEL-10212,East,Postpaid,Monthly,17,18.0,Smartphone-Premium,0,1,24.2,174,7,646.76,13579.27,2,31.2,0.95,30.9,45,1,817.3,1
TEL-10213,West,Prepaid,Monthly,23,29.0,Smartphone-Premium,0,0,17.4,225,3,220.97,6482.72,0,0.0,1.53,21.1,10,0,280.52,0
TEL-10214,North,Prepaid,Monthly,17,31.0,Smartphone-Premium,1,0,5.4,239,7,265.23,5510.04,0,0.0,2.63,36.4,26,0,319.93,0
TEL-10215,North,Prepaid,Monthly,62,52.0,Feature,0,0,1.1,593,40,137.09,8926.08,1,15.4,2.59,34.4,22,0,147.57,0
TEL-10216,North,Postpaid,Two-Year,2,27.0,Feature,0,0,4.1,61,5,199.1,470.4,2,61.3,2.54,17.5,3,1,223.64,1
TEL-10217,South,Prepaid,Monthly,56,40.0,Smartphone-Premium,0,0,19.9,297,11,262.77,16893.48,0,0.0,1.34,36.0,8,0,304.77,0
TEL-10218,Central,Postpaid,Annual,2,29.0,Smartphone-Budget,0,0,3.0,143,15,261.45,537.06,1,30.9,2.64,7.0,5,1,270.24,1
TEL-10219,South,Postpaid,Monthly,18,18.0,Smartphone-Premium,1,0,57.7,257,9,708.82,12515.76,0,0.0,3.08,17.1,5,1,704.12,1
TEL-10220,South,Postpaid,Annual,12,33.0,Smartphone-Budget,0,0,3.4,147,11,271.1,3797.77,1,32.9,0.5,31.3,20,0,299.46,0
TEL-10221,East,Prepaid,Monthly,1,23.0,Smartphone-Budget,1,0,4.1,149,6,163.92,160.65,1,6.8,3.18,17.1,9,1,169.99,1
TEL-10222,South,Postpaid,Two-Year,9,46.0,Smartphone-Premium,0,0,14.5,249,12,325.89,3613.91,3,42.7,3.79,11.2,8,0,391.33,0
TEL-10223,North,Prepaid,Monthly,30,38.0,Smartphone-Budget,0,0,25.1,405,11,331.96,13217.59,0,0.0,2.46,28.4,12,1,458.96,1
TEL-10224,West,Postpaid,Annual,1,49.0,Smartphone-Budget,0,0,1.1,387,37,281.73,329.83,2,45.9,2.07,29.8,18,0,332.81,0
TEL-10225,East,Prepaid,Monthly,20,70.0,Feature,0,0,1.1,410,41,177.15,4988.43,1,3.0,3.08,30.1,6,0,237.97,0
TEL-10226,South,Postpaid,Monthly,72,49.0,Smartphone-Budget,0,0,18.2,280,11,381.58,24328.35,1,23.5,0.98,17.8,16,0,350.54,0
TEL-10227,South,Prepaid,Monthly,10,31.0,Smartphone-Budget,0,0,56.6,187,3,688.17,6647.43,0,0.0,1.0,33.8,14,0,643.76,0
TEL-10228,North,Prepaid,Monthly,20,22.0,Smartphone-Premium,1,0,52.3,218,3,507.54,9676.92,1,17.0,4.7,36.0,21,0,526.16,1
TEL-10229,Central,Postpaid,Monthly,8,21.0,Smartphone-Budget,0,0,41.6,151,9,566.6,4671.45,0,0.0,3.9,9.1,11,0,570.47,0
TEL-10230,East,Prepaid,Monthly,34,55.0,Smartphone-Budget,1,0,1.2,468,34,187.33,5777.81,0,0.0,2.47,4.9,17,0,176.0,0
TEL-10231,North,Postpaid,Monthly,41,44.0,Feature,1,0,1.6,454,31,220.23,12738.41,2,17.5,0.49,31.3,47,1,297.89,0
TEL-10232,West,Prepaid,Monthly,33,50.0,Feature,1,0,2.7,179,32,118.6,6319.73,1,70.4,4.8,36.4,8,1,187.97,1
TEL-10233,East,Prepaid,Monthly,28,51.0,Feature,0,0,2.1,500,34,191.25,6869.4,0,0.0,5.0,36.6,13,0,243.25,0
TEL-10234,South,Postpaid,Annual,11,24.0,Smartphone-Budget,0,0,22.4,207,6,439.53,5152.05,0,0.0,3.04,26.0,13,1,465.96,0
TEL-10235,South,Prepaid,Monthly,4,24.0,Smartphone-Budget,0,0,5.0,109,7,85.9,1034.75,4,16.8,1.31,31.3,4,1,271.49,1
TEL-10236,North,Prepaid,Monthly,42,37.0,Smartphone-Budget,1,0,21.4,276,15,310.29,11694.71,1,32.0,2.77,17.1,5,0,285.5,0
TEL-10237,West,Postpaid,Two-Year,39,69.0,Smartphone-Budget,1,0,1.8,545,35,264.95,12049.22,0,0.0,2.04,24.9,9,0,318.42,0
TEL-10238,North,Postpaid,Annual,48,63.0,Smartphone-Budget,0,0,3.9,545,32,277.58,15639.94,3,37.3,9.66,29.9,17,0,370.51,0
TEL-10239,North,Prepaid,Monthly,12,36.0,Smartphone-Premium,0,0,23.2,153,3,283.24,4110.29,0,0.0,1.45,23.1,23,0,361.91,0
TEL-10240,North,Prepaid,Monthly,33,26.0,Smartphone-Budget,0,0,24.1,397,10,377.98,16780.81,2,34.4,4.45,28.1,5,1,494.03,1
TEL-10241,South,Prepaid,Annual,17,32.0,Smartphone-Premium,0,1,49.7,60,3,689.01,13033.53,1,4.7,5.16,14.0,8,0,728.35,0
TEL-10242,West,Postpaid,Monthly,60,78.0,Smartphone-Budget,1,0,1.6,413,39,217.13,13440.26,2,25.8,6.07,16.6,2,0,238.37,0
TEL-10243,West,Prepaid,Monthly,13,24.0,Smartphone-Premium,0,0,43.2,137,3,460.78,5741.5,1,67.2,2.93,24.2,3,0,446.25,1
TEL-10244,North,Prepaid,Monthly,16,18.0,Smartphone-Premium,0,0,2.5,136,13,124.69,2478.64,0,0.0,4.64,23.1,3,1,148.87,1
TEL-10245,West,Prepaid,Monthly,16,31.0,Smartphone-Premium,1,0,27.6,184,10,301.34,4961.18,0,0.0,4.34,28.0,6,0,301.25,0
TEL-10246,South,Postpaid,Annual,46,31.0,Smartphone-Budget,0,1,10.4,305,17,444.81,23848.96,0,0.0,3.15,31.0,12,0,531.63,0
TEL-10247,North,Prepaid,Monthly,8,27.0,Smartphone-Premium,0,0,5.4,159,14,159.14,1229.9,1,33.1,0.51,21.6,7,1,158.96,1
TEL-10248,South,Prepaid,Monthly,4,31.0,Smartphone-Premium,0,0,44.4,269,6,521.57,2281.93,1,8.5,2.73,34.3,7,1,565.86,1
TEL-10249,East,Postpaid,Two-Year,4,24.0,Smartphone-Budget,1,0,4.8,109,8,257.6,1275.35,1,9.4,1.93,30.5,9,0,310.54,0
TEL-10250,North,Postpaid,Monthly,72,35.0,Smartphone-Premium,0,0,18.5,213,16,411.16,32408.58,0,0.0,1.2,33.1,9,0,432.57,0
TEL-10251,South,Prepaid,Monthly,7,31.0,Smartphone-Budget,0,0,6.3,173,10,179.5,1375.59,1,,6.53,49.9,11,1,190.82,1
TEL-10252,North,Prepaid,Monthly,13,29.0,Smartphone-Premium,0,0,41.3,331,8,484.57,7674.71,0,0.0,1.22,17.3,15,0,598.68,0
TEL-10253,Central,Postpaid,Two-Year,14,27.0,Smartphone-Budget,1,0,4.4,179,18,257.17,4784.48,1,54.2,1.6,28.1,5,0,371.22,0
TEL-10254,South,Prepaid,Monthly,46,51.0,Feature,0,0,2.0,607,39,143.78,7475.52,0,0.0,5.0,34.6,13,0,167.5,0
TEL-10255,West,Postpaid,Annual,51,49.0,Feature,0,0,2.1,518,29,293.88,14522.1,2,13.0,3.66,24.7,5,0,273.39,0
TEL-10256,South,Prepaid,Monthly,39,44.0,Feature,0,1,1.2,369,35,337.1,13566.19,0,0.0,1.55,20.6,14,0,350.73,0
TEL-10257,North,Prepaid,Monthly,44,23.0,Smartphone-Premium,0,0,22.1,454,17,315.97,14331.57,1,20.1,3.28,30.9,3,1,319.13,1
TEL-10258,East,Prepaid,Monthly,10,39.0,Smartphone-Budget,0,0,34.8,129,5,454.23,4359.19,0,0.0,0.64,14.8,10,0,431.9,0
TEL-10259,East,Postpaid,Annual,25,18.0,Smartphone-Budget,1,0,31.5,173,5,516.13,13892.69,2,52.2,3.86,17.5,4,0,543.74,0
TEL-10260,South,Postpaid,Two-Year,71,49.0,Smartphone-Budget,1,0,11.9,355,10,416.61,29344.54,0,0.0,3.19,30.8,16,0,404.82,0
TEL-10261,West,Prepaid,Annual,10,29.0,Smartphone-Budget,0,0,2.5,144,8,79.0,802.32,0,0.0,3.69,26.4,11,0,78.29,0
TEL-10262,West,Prepaid,Monthly,20,,Smartphone-Budget,1,0,26.6,229,5,364.98,8231.14,0,0.0,2.07,21.3,5,0,424.78,0
TEL-10263,North,Prepaid,Monthly,16,23.0,Smartphone-Premium,0,0,37.7,171,8,445.43,8438.25,0,0.0,1.87,32.8,5,0,495.14,0
TEL-10264,East,Prepaid,Monthly,62,46.0,Smartphone-Budget,0,0,1.4,360,39,146.04,12997.94,2,46.3,5.02,26.7,34,0,218.07,0
TEL-10265,East,Prepaid,Monthly,28,38.0,Smartphone-Budget,0,0,14.1,209,10,209.72,6461.82,1,56.8,2.14,22.7,7,0,231.6,0
TEL-10266,Central,Prepaid,Monthly,27,42.0,Smartphone-Budget,0,0,12.8,253,15,260.08,7285.88,2,13.3,3.67,,15,0,274.6,0
TEL-10267,West,Prepaid,Monthly,10,31.0,Smartphone-Premium,0,0,36.4,154,3,394.37,4465.21,0,0.0,3.03,18.5,17,0,426.34,0
TEL-10268,East,Postpaid,Monthly,5,58.0,Smartphone-Budget,1,0,2.1,156,29,293.11,1401.82,0,0.0,0.78,15.7,8,0,283.91,0
TEL-10269,West,Prepaid,Monthly,46,61.0,Feature,0,0,3.2,549,29,124.12,4646.28,1,43.5,3.71,31.4,13,1,107.08,1
TEL-10270,Central,Prepaid,Monthly,7,32.0,Smartphone-Budget,0,0,17.1,186,7,310.58,2033.41,0,0.0,0.89,19.9,6,1,288.15,1
TEL-10271,North,Postpaid,Monthly,37,47.0,Smartphone-Budget,1,0,2.6,572,41,319.87,11412.07,0,0.0,2.2,38.8,15,0,302.03,0
TEL-10272,East,Postpaid,Annual,65,58.0,Smartphone-Budget,1,0,3.4,447,43,292.05,20224.42,1,40.3,3.21,26.0,24,0,317.12,0
TEL-10273,North,Postpaid,Monthly,11,49.0,Smartphone-Budget,0,1,18.4,338,11,572.44,7772.26,1,19.5,1.73,33.1,10,1,656.03,1
TEL-10274,North,Prepaid,Monthly,35,45.0,Smartphone-Premium,0,0,23.9,292,19,281.29,10869.23,0,0.0,0.81,16.4,14,0,308.07,0
TEL-10275,West,Postpaid,Monthly,68,43.0,Smartphone-Budget,1,0,11.1,399,12,368.78,26452.67,0,0.0,1.83,38.1,13,0,398.34,0
TEL-10276,North,Postpaid,Annual,37,38.0,Smartphone-Budget,1,1,21.2,228,15,594.12,25569.92,1,5.5,2.49,44.4,8,0,666.84,0
TEL-10277,West,Postpaid,Monthly,66,47.0,Feature,0,0,2.3,619,29,331.76,27129.54,0,0.0,1.09,17.0,17,0,406.2,0
TEL-10278,Central,Prepaid,Monthly,16,38.0,Smartphone-Premium,0,0,26.9,238,5,389.95,7432.36,0,,1.4,23.0,25,1,465.43,1
TEL-10279,North,Postpaid,Two-Year,3,40.0,Smartphone-Budget,1,1,2.8,193,10,413.91,1924.32,1,11.1,1.93,16.4,3,0,618.59,0
TEL-10280,Central,Prepaid,Monthly,14,50.0,Smartphone-Budget,0,0,11.0,447,18,235.89,3221.66,0,0.0,3.81,12.3,4,1,242.02,0
TEL-10281,West,Prepaid,Monthly,56,45.0,Smartphone-Budget,0,0,25.5,340,16,329.15,20208.82,0,0.0,6.58,26.6,10,0,357.27,0
TEL-10282,East,Postpaid,Annual,7,34.0,Smartphone-Premium,0,0,2.8,193,9,284.94,2082.33,0,0.0,7.49,34.9,14,0,314.8,0
TEL-10283,South,Postpaid,Monthly,6,24.0,Smartphone-Budget,0,0,3.5,141,10,304.77,1799.49,2,16.3,4.17,,19,1,304.94,1
TEL-10284,South,Postpaid,Monthly,14,29.0,Smartphone-Budget,1,0,31.0,110,5,489.58,7410.84,2,5.6,1.06,25.2,12,0,511.94,0
TEL-10285,North,Postpaid,Monthly,52,54.0,Feature,0,0,2.8,774,28,328.67,17988.41,0,0.0,2.91,42.3,10,0,335.06,0
TEL-10286,East,Prepaid,Monthly,24,34.0,Smartphone-Budget,0,0,41.8,164,3,538.31,13339.11,1,12.6,3.74,35.0,15,0,513.59,0
TEL-10287,Central,Postpaid,Annual,10,37.0,Smartphone-Premium,1,0,2.8,209,8,248.17,2432.97,0,0.0,1.66,11.6,6,0,242.9,0
TEL-10288,North,Prepaid,Monthly,12,27.0,Smartphone-Budget,0,1,4.2,159,8,249.16,3301.98,0,0.0,1.86,36.6,14,1,262.6,1
TEL-10289,East,Postpaid,Two-Year,30,46.0,Smartphone-Budget,0,0,15.2,450,14,390.99,12701.44,0,0.0,7.04,22.5,15,0,423.26,0
TEL-10290,East,Prepaid,Monthly,22,55.0,Smartphone-Budget,1,0,2.7,466,24,204.02,4762.48,1,14.9,8.14,39.4,28,0,220.36,0
TEL-10291,South,Postpaid,Monthly,19,26.0,Smartphone-Budget,1,1,24.8,232,8,625.4,12781.18,0,0.0,5.56,36.6,3,0,627.98,0
TEL-10292,Central,Prepaid,Monthly,56,42.0,Smartphone-Budget,0,0,21.8,242,14,332.89,19875.7,2,10.1,3.97,22.1,10,0,370.39,0
TEL-10293,West,Prepaid,Monthly,16,25.0,Smartphone-Budget,0,0,9.7,369,10,180.15,2935.97,2,11.3,2.02,32.9,29,0,175.37,0
TEL-10294,South,Prepaid,Monthly,13,26.0,Smartphone-Premium,0,0,44.0,189,1,453.04,5949.64,1,34.2,0.32,18.5,11,0,477.54,0
TEL-10295,South,Prepaid,Monthly,72,51.0,Feature,1,0,2.0,362,25,196.76,18569.13,3,26.8,7.34,26.5,17,1,262.86,1
TEL-10296,North,Prepaid,Monthly,14,18.0,Smartphone-Budget,0,0,2.9,188,8,173.24,3245.36,0,0.0,6.15,24.0,29,1,224.27,1
TEL-10297,North,Prepaid,Monthly,4,28.0,Smartphone-Budget,0,0,2.1,67,11,122.58,727.73,2,13.7,3.26,28.8,6,0,178.76,0
TEL-10298,East,Prepaid,Monthly,5,18.0,Smartphone-Budget,1,0,3.0,90,6,174.61,1068.06,0,0.0,5.87,39.4,8,0,223.32,0
TEL-10299,North,Postpaid,Annual,9,29.0,Smartphone-Premium,0,0,2.1,189,8,281.05,2352.3,1,28.5,2.42,22.5,1,0,256.91,0
TEL-10300,West,Prepaid,Monthly,72,42.0,Smartphone-Premium,1,1,16.8,301,16,437.88,38782.03,2,16.3,4.35,40.7,4,0,539.66,0
TEL-10301,East,Prepaid,Monthly,16,29.0,Smartphone-Premium,0,0,10.5,358,17,207.13,3083.01,1,31.1,2.07,25.2,29,0,197.4,0
TEL-10302,Central,Prepaid,Monthly,41,29.0,Smartphone-Budget,0,0,22.8,283,16,357.53,14605.22,0,0.0,3.5,24.3,15,0,363.36,0
TEL-10303,South,Prepaid,Annual,26,52.0,Smartphone-Premium,0,0,16.7,447,18,271.04,7721.69,0,0.0,6.32,28.3,1,0,285.11,0
TEL-10304,North,Prepaid,Monthly,32,63.0,Smartphone-Budget,0,1,3.3,398,36,269.41,11747.53,0,,1.65,31.2,27,0,358.72,0
TEL-10305,West,Prepaid,Monthly,9,24.0,Smartphone-Premium,0,0,3.7,136,11,201.21,2697.15,2,70.1,1.74,22.5,12,1,287.97,1
TEL-10306,East,Prepaid,Annual,9,18.0,Feature,1,0,2.4,156,10,109.53,1132.29,0,0.0,1.02,15.7,6,0,125.03,0
TEL-10307,East,Prepaid,Monthly,59,56.0,Smartphone-Budget,1,0,15.1,379,26,226.06,15204.4,2,53.6,1.73,14.5,12,1,263.75,1
TEL-10308,South,Prepaid,Monthly,17,26.0,Smartphone-Budget,1,0,5.0,93,10,129.94,3042.48,2,40.0,1.81,30.1,13,1,174.1,1
TEL-10309,South,Prepaid,Monthly,17,31.0,Smartphone-Budget,0,0,35.3,181,5,485.11,8375.26,0,0.0,2.63,37.7,26,0,502.44,0
TEL-10310,South,Postpaid,Annual,16,18.0,Smartphone-Premium,1,0,5.2,197,7,321.0,5063.96,0,0.0,2.25,18.8,7,0,311.84,0
TEL-10311,South,Prepaid,Monthly,1,62.0,Feature,0,0,2.0,509,38,205.15,257.69,0,0.0,7.74,18.1,2,0,241.47,1
TEL-10312,North,Prepaid,Monthly,9,18.0,Smartphone-Budget,1,0,54.1,163,5,583.74,5221.12,0,0.0,1.01,37.5,32,0,599.0,0
TEL-10313,West,Postpaid,Two-Year,1,48.0,Smartphone-Budget,0,1,3.5,412,36,427.81,482.79,1,18.4,3.66,12.9,5,0,468.45,0
TEL-10314,North,Postpaid,Monthly,10,34.0,Smartphone-Premium,0,0,5.0,208,8,285.63,3101.67,2,14.8,1.32,21.9,6,0,287.11,0
TEL-10315,North,Postpaid,Two-Year,45,38.0,Smartphone-Budget,1,0,15.8,450,14,401.76,19262.92,1,19.2,1.19,25.2,3,0,437.36,0
TEL-10316,South,Prepaid,Monthly,23,18.0,Smartphone-Premium,0,0,54.8,140,10,556.94,12832.58,0,0.0,1.51,28.0,8,1,543.5,1
TEL-10317,North,Prepaid,Monthly,31,65.0,Smartphone-Budget,0,0,1.7,620,33,210.81,7966.28,0,0.0,4.55,28.1,6,1,247.78,0
TEL-10318,Central,Prepaid,Monthly,2,18.0,Smartphone-Premium,0,1,6.7,129,10,361.7,1270.79,1,6.9,1.32,9.8,5,0,637.41,0
TEL-10319,North,Prepaid,Monthly,72,41.0,Smartphone-Premium,0,0,19.6,291,13,259.36,16300.95,1,44.6,1.23,23.2,7,0,234.14,0
TEL-10320,Central,Prepaid,Monthly,23,30.0,Smartphone-Premium,0,0,25.3,126,9,367.78,8023.35,0,0.0,0.68,9.8,15,0,338.92,0
TEL-10321,South,Prepaid,Monthly,14,54.0,Feature,0,0,2.3,587,32,199.27,2753.52,1,25.1,3.59,27.1,4,1,200.9,1
TEL-10322,South,Postpaid,Two-Year,40,55.0,Feature,1,0,1.9,545,30,330.93,13834.33,1,62.9,4.28,20.2,2,0,345.24,0
TEL-10323,South,Postpaid,Monthly,51,45.0,Smartphone-Budget,1,0,7.4,192,11,338.26,16101.95,1,31.0,6.21,19.3,6,0,336.42,0
TEL-10324,South,Prepaid,Monthly,55,47.0,Smartphone-Budget,1,0,15.8,134,10,333.67,19210.26,0,0.0,0.81,28.9,5,0,342.98,0
TEL-10325,North,Prepaid,Monthly,16,18.0,Smartphone-Budget,0,0,5.3,109,6,207.66,3086.37,0,0.0,1.06,37.7,1,0,189.07,0
TEL-10326,Central,Postpaid,Monthly,9,35.0,Smartphone-Budget,0,0,2.2,169,10,284.0,2774.63,2,13.8,2.81,26.5,9,0,298.97,0
TEL-10327,West,Postpaid,Monthly,7,19.0,Smartphone-Budget,0,0,3.8,111,5,305.41,2267.29,0,0.0,1.14,21.1,30,1,338.76,1
TEL-10328,East,Postpaid,Annual,30,41.0,Smartphone-Budget,1,0,24.6,372,14,424.31,13071.72,1,3.0,1.38,20.6,23,0,425.78,0
TEL-10329,South,Prepaid,Monthly,1,20.0,Smartphone-Budget,1,1,2.9,188,9,276.29,464.95,3,31.4,3.55,24.1,17,1,491.75,1
TEL-10330,West,Postpaid,Annual,5,40.0,Feature,1,0,5.2,120,8,302.68,1761.02,1,15.6,1.75,33.8,11,0,297.96,0
TEL-10331,Central,Postpaid,Monthly,18,26.0,Smartphone-Budget,0,1,40.2,185,6,736.36,13509.22,0,0.0,2.57,18.2,6,0,768.26,0
TEL-10332,North,Prepaid,Monthly,16,21.0,Smartphone-Premium,0,0,5.4,146,6,105.85,1387.6,1,12.9,5.7,16.8,7,0,93.43,1
TEL-10333,South,Prepaid,Monthly,12,18.0,Smartphone-Premium,0,0,27.6,16,3,399.65,4460.76,0,0.0,1.53,25.9,5,1,394.72,1
TEL-10334,South,Prepaid,Monthly,60,38.0,Smartphone-Premium,1,0,27.4,318,12,435.18,26010.32,0,0.0,6.71,,6,0,437.68,0
TEL-10335,North,Postpaid,Monthly,51,28.0,Smartphone-Budget,1,0,3.5,505,10,285.82,15064.07,1,4.8,1.14,41.4,4,1,289.59,0
TEL-10336,East,Prepaid,Monthly,16,20.0,Smartphone-Premium,0,0,48.8,187,6,537.75,8791.1,0,0.0,0.54,26.4,4,0,556.23,0
TEL-10337,South,Prepaid,Monthly,17,33.0,Smartphone-Budget,0,0,2.9,147,5,79.0,1591.08,0,0.0,3.81,35.3,23,0,89.18,0
TEL-10338,East,Prepaid,Monthly,72,56.0,Smartphone-Budget,0,0,3.4,385,31,115.25,8995.15,0,0.0,7.35,20.7,25,0,125.57,0
TEL-10339,South,Postpaid,Two-Year,1,22.0,Smartphone-Budget,0,0,3.1,106,12,288.0,284.93,1,8.0,5.91,21.6,5,0,312.4,0
TEL-10340,West,Prepaid,Monthly,5,23.0,Smartphone-Budget,0,0,5.2,106,13,170.47,732.06,1,2.6,1.96,39.7,16,0,160.07,0
TEL-10341,Central,Prepaid,Monthly,71,43.0,Feature,0,0,18.7,277,19,295.75,22075.41,1,16.2,2.12,6.0,8,0,303.25,0
TEL-10342,Central,Prepaid,Monthly,22,24.0,Smartphone-Premium,0,0,38.4,209,8,448.49,10942.16,1,15.6,0.52,13.7,14,0,502.22,0
TEL-10343,North,Postpaid,Monthly,6,24.0,Smartphone-Premium,1,0,3.4,147,5,297.77,1644.54,0,0.0,5.25,19.4,44,0,262.43,0
TEL-10344,South,Prepaid,Monthly,7,31.0,Smartphone-Budget,0,0,3.7,130,9,131.89,853.8,0,0.0,2.01,25.0,28,0,122.82,0
TEL-10345,West,Prepaid,Monthly,45,39.0,Smartphone-Premium,0,0,17.7,341,15,279.22,15595.54,0,0.0,4.54,32.8,24,0,335.91,0
TEL-10346,East,Prepaid,Monthly,16,22.0,Smartphone-Premium,0,0,40.1,266,6,409.42,6609.33,2,23.2,3.64,35.9,3,1,405.58,1
TEL-10347,Central,Prepaid,Monthly,4,33.0,Smartphone-Premium,0,0,2.6,197,13,178.97,742.53,3,34.3,2.05,22.9,14,1,187.9,1
TEL-10348,South,Prepaid,Monthly,19,18.0,Smartphone-Premium,0,0,37.3,288,9,423.32,8404.58,0,0.0,2.3,22.0,16,0,435.09,0
TEL-10349,North,Prepaid,Monthly,18,56.0,Smartphone-Budget,0,0,0.6,418,43,121.66,1851.85,0,0.0,2.26,28.3,6,1,101.12,1
TEL-10350,East,Postpaid,Annual,3,28.0,Smartphone-Premium,0,0,51.9,229,6,678.98,2241.59,1,8.1,4.83,21.3,14,1,750.65,1
TEL-10351,East,Prepaid,Monthly,17,25.0,Smartphone-Budget,0,0,24.4,254,6,342.32,5655.21,2,7.1,9.33,40.2,5,1,349.59,1
TEL-10352,East,Prepaid,Monthly,12,20.0,Smartphone-Premium,0,0,3.8,187,3,79.0,862.38,1,38.8,5.26,31.1,10,1,70.0,1
TEL-10353,North,Prepaid,Annual,15,38.0,Smartphone-Premium,0,0,4.1,146,4,151.83,2766.64,0,0.0,4.59,32.2,3,0,192.02,0
TEL-10354,West,Prepaid,Monthly,11,,Smartphone-Budget,0,0,5.6,205,14,139.92,2233.65,2,2.3,3.03,30.4,18,1,204.74,1
TEL-10355,South,Postpaid,Monthly,14,18.0,Smartphone-Premium,0,0,5.5,132,8,276.28,3733.89,0,0.0,0.82,40.1,4,0,260.93,0
TEL-10356,North,Postpaid,Monthly,14,18.0,Smartphone-Budget,0,1,29.7,242,4,597.07,11718.7,1,15.3,4.36,19.1,18,0,757.99,0
TEL-10357,West,Postpaid,Two-Year,40,72.0,Feature,0,0,2.7,428,43,322.96,13050.23,1,13.5,0.82,31.2,5,0,336.66,0
TEL-10358,Central,Postpaid,Two-Year,38,52.0,Smartphone-Budget,1,0,2.4,375,32,354.13,13773.61,0,0.0,2.58,11.2,4,0,376.55,0
TEL-10359,South,Prepaid,Monthly,11,18.0,Smartphone-Premium,0,0,32.7,261,10,378.12,4681.87,0,0.0,5.97,32.2,5,0,444.62,0
TEL-10360,Central,Postpaid,Monthly,10,26.0,Smartphone-Premium,0,1,4.3,143,12,407.45,5574.52,1,24.7,2.31,,37,0,562.55,0
TEL-10361,South,Postpaid,Annual,52,45.0,Smartphone-Premium,0,0,17.7,341,13,384.61,22200.33,1,22.2,7.79,18.2,25,1,436.07,1
TEL-10362,West,Prepaid,Annual,4,35.0,Smartphone-Budget,0,0,4.6,195,13,136.39,843.97,0,0.0,2.53,40.2,13,0,203.26,0
TEL-10363,North,Prepaid,Monthly,23,41.0,Smartphone-Premium,0,1,12.9,312,10,450.25,10339.73,1,62.7,2.59,34.4,2,0,466.47,0
TEL-10364,West,Prepaid,Monthly,21,47.0,Smartphone-Budget,0,0,25.5,355,11,352.37,7719.13,1,18.1,3.58,18.8,1,0,374.33,0
TEL-10365,North,Prepaid,Monthly,1,34.0,Smartphone-Budget,0,0,3.7,179,7,215.12,193.77,0,0.0,3.04,36.9,4,0,203.23,0
TEL-10366,West,Prepaid,Monthly,14,24.0,Smartphone-Budget,0,0,26.1,243,6,400.77,5681.08,0,0.0,1.73,42.9,25,0,407.84,0
TEL-10367,East,Postpaid,Two-Year,10,30.0,Smartphone-Budget,1,0,2.1,140,17,248.57,2538.79,0,0.0,3.09,33.8,32,0,252.38,0
TEL-10368,West,Postpaid,Monthly,72,51.0,Smartphone-Premium,0,1,9.9,265,14,571.89,60136.03,1,22.1,0.52,29.6,3,0,804.2,0
TEL-10369,Central,Postpaid,Monthly,16,35.0,Smartphone-Premium,0,0,3.5,103,7,250.84,3641.14,2,13.5,3.12,17.1,9,0,231.91,0
TEL-10370,Central,Prepaid,Monthly,12,33.0,Smartphone-Premium,0,0,29.3,216,7,296.46,4025.34,1,45.4,1.2,10.8,21,1,318.42,1
TEL-10371,South,Prepaid,Monthly,5,47.0,Smartphone-Budget,0,0,18.2,279,18,270.2,1352.42,1,17.6,8.1,15.8,2,0,276.55,1
TEL-10372,North,Postpaid,Monthly,6,26.0,Smartphone-Premium,0,0,3.8,199,12,251.15,1637.94,0,0.0,1.23,32.5,9,0,299.66,0
TEL-10373,South,Prepaid,Monthly,52,34.0,Smartphone-Budget,0,0,18.9,367,9,377.62,20241.45,1,,5.93,20.8,15,0,388.45,0
TEL-10374,West,Postpaid,Annual,9,23.0,Smartphone-Premium,1,0,38.4,219,5,577.66,5422.08,1,25.0,4.01,30.7,12,0,597.89,0
TEL-10375,Central,Prepaid,Monthly,19,46.0,Smartphone-Premium,0,0,16.6,348,17,278.28,8363.56,0,0.0,1.39,23.4,14,0,461.94,0
TEL-10376,East,Prepaid,Annual,9,31.0,Smartphone-Budget,0,0,2.3,183,16,129.56,1111.76,1,61.3,6.01,21.1,10,1,128.93,1
TEL-10377,North,Prepaid,Monthly,16,57.0,Feature,0,0,2.6,376,35,100.63,1643.14,2,4.5,3.2,22.5,17,0,94.58,0
TEL-10378,North,Prepaid,Monthly,55,57.0,Feature,0,0,2.5,603,42,215.45,12365.92,2,58.6,7.67,36.3,12,0,230.28,0
TEL-10379,North,Postpaid,Monthly,4,30.0,Smartphone-Budget,0,0,1.7,149,10,244.15,1281.63,1,45.2,0.58,23.2,21,0,303.01,0
TEL-10380,West,Prepaid,Monthly,8,35.0,Smartphone-Premium,0,0,1.8,147,10,136.41,1454.82,2,40.5,1.79,,3,0,182.92,1
TEL-10381,West,Postpaid,Two-Year,72,51.0,Feature,0,0,1.7,574,32,280.83,23652.3,1,16.8,3.53,23.8,23,0,314.41,0
TEL-10382,West,Postpaid,Monthly,16,28.0,Smartphone-Premium,1,0,12.1,360,10,397.7,6980.34,0,0.0,2.01,35.8,20,0,434.92,0
TEL-10383,East,Prepaid,Annual,47,58.0,Smartphone-Budget,1,0,2.1,642,33,197.17,10315.75,0,0.0,2.48,28.9,11,0,201.53,0
TEL-10384,South,Prepaid,Monthly,32,48.0,Smartphone-Budget,1,0,3.1,526,23,248.28,8572.42,0,0.0,3.23,32.3,4,0,256.57,0
TEL-10385,Central,Prepaid,Monthly,51,57.0,Feature,0,0,1.1,604,37,204.79,9433.26,1,66.9,5.21,1.2,11,0,195.67,0
TEL-10386,South,Postpaid,Annual,6,31.0,Smartphone-Budget,1,0,3.6,150,6,285.38,1752.41,1,9.2,3.38,13.7,13,0,286.03,0
TEL-10387,North,Postpaid,Annual,3,30.0,Smartphone-Budget,1,0,4.3,206,3,308.09,1294.08,2,46.9,1.43,16.4,22,0,429.89,0
TEL-10388,North,Prepaid,Monthly,43,58.0,Feature,0,0,1.6,481,33,217.89,9837.08,2,7.1,0.59,,10,0,224.83,0
TEL-10389,North,Prepaid,Annual,30,38.0,Smartphone-Budget,0,0,19.5,442,23,318.57,11160.89,0,0.0,1.78,7.2,11,0,368.7,0
TEL-10390,North,Postpaid,Annual,28,41.0,Smartphone-Budget,1,0,15.5,333,13,384.91,11305.14,0,0.0,0.76,38.5,1,0,394.47,0
TEL-10391,North,Prepaid,Monthly,10,36.0,Smartphone-Budget,0,0,2.8,151,6,237.22,2044.11,3,32.2,4.51,47.7,9,0,223.47,0
TEL-10392,South,Postpaid,Monthly,37,18.0,Smartphone-Budget,1,1,12.8,310,16,484.49,21401.86,0,0.0,2.52,18.4,7,0,528.88,0
TEL-10393,East,Prepaid,Monthly,12,18.0,Smartphone-Budget,0,0,14.7,113,5,197.0,2156.77,0,0.0,6.78,8.4,3,0,181.88,0
TEL-10394,Central,Prepaid,Monthly,18,18.0,Smartphone-Budget,0,0,45.1,207,5,498.86,9674.07,1,,9.62,10.8,11,1,528.59,1
TEL-10395,West,Prepaid,Monthly,1,25.0,Smartphone-Premium,0,0,41.5,182,5,500.25,496.47,0,0.0,0.15,31.1,3,0,518.09,0
TEL-10396,South,Prepaid,Monthly,65,29.0,Smartphone-Budget,0,0,14.3,240,10,256.36,20668.9,2,33.5,0.96,28.0,20,0,301.77,0
TEL-10397,South,Postpaid,Annual,24,33.0,Smartphone-Budget,1,0,30.7,198,7,524.15,13378.96,0,0.0,2.46,33.6,6,0,541.0,0
TEL-10398,North,Postpaid,Monthly,32,40.0,Smartphone-Premium,1,0,14.2,284,16,420.96,13855.92,1,3.2,10.48,17.4,1,0,433.2,0
TEL-10399,South,Prepaid,Monthly,36,33.0,Smartphone-Premium,0,0,24.2,443,13,346.69,15638.82,3,10.5,3.76,29.0,9,0,427.85,0
TEL-10400,North,Postpaid,Annual,51,47.0,Smartphone-Budget,0,0,2.4,447,35,231.05,14019.24,2,47.9,5.72,30.6,1,0,278.58,0
TEL-10401,West,Prepaid,Monthly,1,34.0,Smartphone-Premium,0,0,32.4,178,8,348.19,386.4,0,0.0,3.15,24.1,13,1,342.28,1
TEL-10402,South,Prepaid,Monthly,6,34.0,Smartphone-Budget,0,0,4.4,101,6,143.18,744.13,0,0.0,3.19,36.8,6,0,126.32,0
TEL-10403,West,Prepaid,Monthly,48,40.0,Smartphone-Budget,0,0,9.0,354,13,178.42,12332.89,1,11.4,5.65,16.0,23,1,260.29,1
TEL-10404,Central,Prepaid,Annual,49,54.0,Smartphone-Premium,0,0,14.0,350,13,272.16,14147.01,1,13.9,5.81,18.2,38,0,267.21,0
TEL-10405,North,Postpaid,Annual,9,25.0,Smartphone-Premium,1,0,3.8,162,9,244.47,2462.52,0,0.0,1.28,32.1,3,0,270.47,0
TEL-10406,East,Prepaid,Monthly,46,41.0,Smartphone-Budget,0,0,20.4,545,18,336.59,15713.3,2,47.4,3.53,33.4,8,0,343.88,0
TEL-10407,East,Prepaid,Monthly,36,74.0,Feature,0,0,2.7,610,24,202.73,8319.85,0,0.0,3.59,14.9,20,1,227.3,1
TEL-10408,Central,Prepaid,Monthly,21,24.0,Smartphone-Premium,0,0,29.5,173,8,378.17,8404.9,0,0.0,5.7,9.5,10,0,418.16,0
TEL-10409,South,Prepaid,Monthly,7,38.0,Smartphone-Premium,0,0,4.0,218,11,162.95,1937.51,0,0.0,2.88,27.3,7,0,273.84,0
TEL-10410,South,Postpaid,Annual,22,46.0,Smartphone-Premium,1,0,14.8,589,13,476.94,14085.03,1,16.8,6.34,16.5,5,0,594.09,0
TEL-10411,East,Prepaid,Monthly,57,35.0,Smartphone-Budget,0,1,14.0,370,19,398.71,26838.29,1,7.7,2.11,24.8,8,0,486.17,0
TEL-10412,East,Postpaid,Monthly,16,25.0,Feature,0,0,4.4,45,15,270.99,4567.93,0,0.0,2.67,,49,0,293.57,0
TEL-10413,South,Prepaid,Monthly,49,26.0,Smartphone-Premium,0,0,18.5,506,11,312.21,15751.28,0,0.0,0.39,33.5,31,0,314.95,0
TEL-10414,North,Postpaid,Monthly,1,18.0,Smartphone-Premium,1,1,39.7,219,5,741.18,774.67,1,16.4,1.63,41.9,2,0,772.7,0
TEL-10415,Central,Postpaid,Annual,10,26.0,Smartphone-Budget,1,0,2.3,178,16,255.59,2486.57,0,0.0,4.84,13.4,6,0,271.52,0
TEL-10416,North,Prepaid,Monthly,5,18.0,Smartphone-Budget,0,0,37.4,285,5,392.13,2263.26,0,0.0,0.94,11.1,54,0,437.33,0
TEL-10417,North,Prepaid,Monthly,31,31.0,Smartphone-Budget,0,0,20.5,276,13,341.18,15019.01,0,0.0,1.26,29.4,7,0,449.9,0
TEL-10418,West,Prepaid,Annual,1,18.0,Smartphone-Premium,0,0,3.0,146,11,187.91,189.76,0,0.0,1.32,19.9,13,0,195.77,0
TEL-10419,North,Prepaid,Monthly,15,21.0,Smartphone-Budget,0,1,3.2,94,9,310.42,7404.17,0,0.0,2.28,26.6,25,0,539.26,0
TEL-10420,South,Postpaid,Annual,5,30.0,Smartphone-Premium,1,0,25.1,301,8,513.96,2857.36,3,6.7,1.17,24.3,22,0,556.64,0
TEL-10421,South,Prepaid,Monthly,12,48.0,Feature,0,0,2.6,303,36,113.41,1685.27,1,45.8,2.0,39.4,6,1,135.63,1
TEL-10422,South,Postpaid,Two-Year,14,25.0,Smartphone-Budget,0,0,4.1,207,16,291.25,4773.62,1,23.4,6.12,25.4,12,0,330.12,0
TEL-10423,North,Prepaid,Monthly,6,33.0,Smartphone-Budget,0,0,2.5,129,4,119.06,1469.34,0,0.0,2.51,16.5,23,0,246.22,0
TEL-10424,North,Postpaid,Two-Year,7,22.0,Smartphone-Budget,1,0,0.8,128,14,233.6,1790.41,0,0.0,3.8,29.0,11,0,230.02,0
TEL-10425,North,Prepaid,Monthly,39,32.0,Smartphone-Budget,0,0,10.1,315,20,210.08,8701.26,1,6.6,4.14,15.2,17,0,213.74,0
TEL-10426,Central,Prepaid,Monthly,8,,Smartphone-Budget,0,0,4.6,150,8,152.19,1536.93,0,0.0,1.66,29.2,14,0,190.08,0
TEL-10427,East,Prepaid,Monthly,64,59.0,Feature,0,0,3.8,794,33,198.81,15062.23,0,0.0,3.39,26.4,9,0,234.03,0
TEL-10428,South,Prepaid,Annual,7,28.0,Smartphone-Premium,0,0,34.5,167,2,400.83,3103.65,0,0.0,1.55,31.7,26,0,440.75,0
TEL-10429,Central,Prepaid,Monthly,40,46.0,Smartphone-Budget,0,0,1.4,477,33,224.51,8632.29,0,0.0,1.7,17.3,16,0,235.59,0
TEL-10430,West,Postpaid,Annual,9,40.0,Smartphone-Budget,1,0,4.5,166,12,274.56,2653.55,1,42.8,5.97,31.6,14,0,303.22,0
TEL-10431,East,Postpaid,Monthly,16,25.0,Smartphone-Premium,0,0,48.4,160,9,668.42,10606.98,0,0.0,5.1,31.1,7,0,662.26,0
TEL-10432,Central,Prepaid,Annual,10,25.0,Smartphone-Budget,0,0,4.8,222,11,170.42,1591.12,1,22.2,0.85,12.1,8,0,158.45,0
TEL-10433,North,Prepaid,Monthly,47,40.0,Smartphone-Budget,1,0,16.6,449,14,321.5,17718.69,0,0.0,1.74,25.5,8,0,365.36,0
TEL-10434,North,Postpaid,Annual,3,22.0,Smartphone-Premium,0,0,17.9,171,4,403.24,1513.07,2,32.2,1.67,39.7,36,0,495.61,0
TEL-10435,North,Prepaid,Monthly,16,43.0,Smartphone-Budget,1,1,19.7,302,13,436.92,7511.45,0,0.0,4.94,19.2,20,0,487.85,0
TEL-10436,West,Postpaid,Monthly,13,35.0,Smartphone-Budget,1,0,22.8,245,4,446.34,6005.81,1,9.3,2.27,22.6,27,0,441.75,0
TEL-10437,West,Postpaid,Monthly,1,32.0,Smartphone-Premium,1,0,32.4,274,9,568.76,604.39,5,6.0,1.01,42.1,12,1,651.52,1
TEL-10438,North,Prepaid,Monthly,23,35.0,Smartphone-Budget,0,0,20.0,316,16,296.95,7000.47,1,27.9,1.0,21.7,32,0,297.16,0
TEL-10439,South,Postpaid,Two-Year,15,48.0,Smartphone-Budget,0,0,2.7,443,34,259.25,6180.08,0,0.0,2.93,22.0,39,0,420.98,0
TEL-10440,South,Postpaid,Two-Year,41,29.0,Smartphone-Premium,1,1,17.0,307,14,527.12,26435.83,2,8.4,3.84,32.7,10,0,642.31,0
TEL-10441,East,Postpaid,Monthly,2,18.0,Smartphone-Premium,0,0,25.6,205,9,534.88,1041.45,1,40.6,1.24,26.7,16,0,550.67,0
TEL-10442,Central,Prepaid,Monthly,56,38.0,Smartphone-Premium,0,0,25.2,400,17,374.51,24016.3,1,31.8,1.94,1.2,20,0,443.17,0
TEL-10443,Central,Prepaid,Monthly,10,31.0,Smartphone-Premium,0,0,4.2,211,12,111.34,1109.8,1,11.5,1.05,7.1,28,1,109.57,1
TEL-10444,South,Prepaid,Monthly,19,30.0,Smartphone-Premium,0,0,31.1,245,6,393.59,7925.05,0,0.0,6.1,30.6,10,0,398.77,0
TEL-10445,East,Postpaid,Two-Year,18,27.0,Smartphone-Budget,0,0,4.0,210,12,305.66,4993.18,1,7.8,1.94,6.0,6,0,279.09,0
TEL-10446,North,Prepaid,Monthly,8,18.0,Feature,0,0,4.0,187,11,155.4,1484.64,0,0.0,3.21,20.3,3,1,181.89,1
TEL-10447,North,Postpaid,Monthly,6,33.0,Smartphone-Premium,0,0,6.2,158,10,307.28,1900.96,0,0.0,3.03,35.3,26,0,320.45,0
TEL-10448,South,Prepaid,Monthly,5,27.0,Feature,0,1,4.5,176,9,347.59,2058.11,0,0.0,4.05,17.4,2,1,416.82,1
TEL-10449,North,Prepaid,Annual,24,43.0,Feature,0,0,2.3,491,37,184.16,6103.38,0,0.0,1.93,30.6,18,0,258.12,0
TEL-10450,Central,Prepaid,Annual,28,51.0,Smartphone-Budget,0,1,17.0,386,14,471.42,14744.34,0,0.0,2.27,12.7,2,0,535.74,0
TEL-10451,East,Prepaid,Monthly,9,18.0,Smartphone-Premium,0,0,2.4,170,11,166.19,1367.98,1,11.4,7.72,28.7,9,1,152.57,1
TEL-10452,West,Postpaid,Annual,67,31.0,Smartphone-Budget,0,0,21.3,379,12,414.65,31937.22,2,,1.86,30.1,27,0,478.3,0
TEL-10453,North,Prepaid,Annual,8,23.0,Smartphone-Budget,0,0,4.7,174,7,155.52,1595.25,2,13.3,5.72,21.2,19,0,197.67,0
TEL-10454,South,Prepaid,Monthly,20,27.0,Smartphone-Premium,0,0,35.6,188,5,439.13,9060.43,1,15.8,9.79,39.6,6,0,450.95,1
TEL-10455,East,Postpaid,Monthly,11,38.0,Smartphone-Budget,0,0,30.2,267,5,441.93,4713.73,0,0.0,5.03,25.4,15,0,429.68,0
TEL-10456,West,Prepaid,Monthly,48,35.0,Smartphone-Budget,1,0,18.6,333,17,315.43,14553.3,2,72.0,8.4,13.1,5,0,306.11,1
TEL-10457,West,Postpaid,Monthly,65,34.0,Smartphone-Budget,0,0,19.5,339,19,389.72,27428.75,0,0.0,9.99,28.6,14,0,381.32,0
TEL-10458,North,Prepaid,Monthly,18,31.0,Smartphone-Premium,0,0,39.4,162,11,454.38,8769.85,1,26.5,2.42,20.6,11,0,468.6,0
TEL-10459,North,Postpaid,Monthly,35,36.0,Smartphone-Budget,1,0,11.8,304,17,357.31,13213.03,0,0.0,2.5,27.7,4,0,360.92,0
TEL-10460,South,Postpaid,Monthly,3,38.0,Smartphone-Premium,1,0,3.6,172,8,262.66,890.97,1,20.7,3.78,34.1,18,0,292.15,0
TEL-10461,East,Prepaid,Monthly,57,51.0,Smartphone-Budget,0,0,20.5,265,21,331.98,20965.88,1,34.4,0.99,17.1,15,0,355.2,0
TEL-10462,West,Prepaid,Monthly,3,23.0,Smartphone-Premium,0,0,11.8,90,8,212.13,802.25,1,22.0,3.19,14.3,14,0,270.96,0
TEL-10463,West,Prepaid,Monthly,64,57.0,Smartphone-Budget,1,0,1.2,649,50,208.13,14641.91,3,10.4,2.43,17.6,22,1,211.6,0
TEL-10464,West,Prepaid,Monthly,18,23.0,Smartphone-Budget,0,0,32.3,169,4,381.89,6743.32,0,0.0,5.55,26.9,20,1,378.96,1
TEL-10465,North,Prepaid,Monthly,16,35.0,Smartphone-Premium,1,0,3.5,129,9,170.89,3016.58,2,31.9,1.34,39.2,16,0,198.45,0
TEL-10466,Central,Prepaid,Monthly,19,21.0,Smartphone-Budget,1,0,41.6,326,7,510.61,9672.17,0,0.0,1.73,5.9,27,0,513.19,0
TEL-10467,North,Postpaid,Annual,20,32.0,Smartphone-Premium,1,0,4.1,82,11,326.15,6361.41,1,21.2,1.0,24.7,7,0,332.92,0
TEL-10468,North,Postpaid,Annual,4,29.0,Smartphone-Budget,1,0,3.2,112,6,217.3,922.67,0,0.0,6.08,28.0,12,0,233.35,0
TEL-10469,East,Prepaid,Monthly,24,51.0,Smartphone-Budget,0,0,14.4,274,8,289.14,7470.93,2,27.4,3.37,24.6,3,0,331.37,0
TEL-10470,West,Postpaid,Annual,72,60.0,Smartphone-Budget,0,0,2.5,455,32,248.4,16880.69,2,45.2,1.17,24.5,1,0,234.91,0
TEL-10471,South,Prepaid,Monthly,26,33.0,Smartphone-Budget,0,0,47.1,242,3,528.52,13964.42,1,67.7,3.43,23.4,27,0,536.58,0
TEL-10472,North,Prepaid,Monthly,9,25.0,Smartphone-Premium,0,0,33.4,171,5,469.31,4706.26,0,0.0,2.56,23.7,22,0,491.39,0
TEL-10473,East,Prepaid,Monthly,10,50.0,Smartphone-Premium,0,0,7.7,254,8,159.56,1406.64,1,19.1,3.04,33.2,8,1,135.29,1
TEL-10474,North,Prepaid,Monthly,14,18.0,Smartphone-Budget,1,0,3.9,147,6,171.05,2077.38,0,0.0,4.31,39.4,18,0,147.2,0
TEL-10475,South,Prepaid,Annual,2,18.0,Smartphone-Budget,0,0,3.4,138,11,162.74,461.99,0,0.0,4.38,36.3,15,0,229.23,0
TEL-10476,North,Prepaid,Monthly,44,41.0,Smartphone-Premium,0,0,20.3,288,13,402.15,19346.3,1,19.7,5.62,18.9,26,0,447.77,0
TEL-10477,North,Postpaid,Two-Year,21,44.0,Feature,1,0,3.0,467,41,314.98,8043.93,1,33.3,2.53,30.3,20,0,371.73,0
TEL-10478,East,Prepaid,Monthly,1,42.0,Smartphone-Premium,0,1,13.8,334,15,388.33,593.47,0,0.0,2.19,27.3,1,1,575.35,1
TEL-10479,West,Prepaid,Monthly,33,60.0,Smartphone-Budget,0,0,3.0,571,26,184.42,5920.54,1,21.9,10.49,24.0,9,1,180.89,1
TEL-10480,North,Postpaid,Monthly,6,25.0,Smartphone-Budget,1,0,2.2,218,5,314.04,1907.93,0,0.0,3.4,41.7,12,0,321.06,0
TEL-10481,South,Postpaid,Annual,39,35.0,Smartphone-Budget,0,1,3.1,243,21,357.64,13181.09,0,0.0,3.03,23.8,28,0,349.96,0
TEL-10482,North,Prepaid,Annual,13,27.0,Smartphone-Premium,0,0,6.1,203,11,171.8,2454.09,0,0.0,2.91,28.2,9,0,192.5,0
TEL-10483,Central,Prepaid,Monthly,63,56.0,Smartphone-Budget,1,0,2.0,593,29,188.14,15562.11,1,9.5,4.74,,15,0,274.62,0
TEL-10484,West,Postpaid,Monthly,56,61.0,Feature,1,0,2.8,450,36,311.86,14316.02,1,21.3,3.27,34.3,10,0,277.79,0
TEL-10485,West,Prepaid,Monthly,1,40.0,Smartphone-Premium,0,0,3.3,72,4,195.99,189.58,0,0.0,2.46,23.1,4,1,185.25,1
TEL-10486,Central,Prepaid,Monthly,11,40.0,Feature,0,0,17.9,285,18,221.69,3110.25,0,0.0,10.0,18.2,10,1,300.3,1
TEL-10487,West,Postpaid,Monthly,10,18.0,Smartphone-Premium,0,0,4.0,153,9,189.86,2150.25,0,0.0,0.34,28.5,44,0,207.99,0
TEL-10488,South,Prepaid,Monthly,16,22.0,Smartphone-Premium,1,0,3.2,147,10,152.12,1740.91,2,20.7,3.01,20.1,8,0,108.81,0
TEL-10489,East,Postpaid,Annual,7,23.0,Smartphone-Premium,0,0,32.6,198,10,499.35,3331.59,1,2.1,3.07,34.8,6,0,475.13,0
TEL-10490,Central,Postpaid,Monthly,1,32.0,Smartphone-Budget,0,0,2.9,99,10,255.09,218.22,0,0.0,3.93,,7,0,238.2,0
TEL-10491,North,Prepaid,Monthly,5,36.0,Smartphone-Budget,0,0,6.2,104,13,206.43,1111.83,0,0.0,1.55,39.0,26,0,231.03,0
TEL-10492,West,Postpaid,Monthly,19,23.0,Smartphone-Budget,1,0,5.7,181,6,255.01,5109.35,1,31.2,0.68,23.1,25,0,250.12,0
TEL-10493,Central,Postpaid,Monthly,51,37.0,Feature,0,0,21.7,367,18,461.78,22900.0,0,0.0,4.01,15.7,3,0,442.54,0
TEL-10494,Central,Postpaid,Two-Year,8,24.0,Smartphone-Budget,1,0,35.9,181,7,582.37,4545.87,0,0.0,2.43,12.8,2,0,573.65,0
TEL-10495,North,Prepaid,Monthly,41,27.0,Smartphone-Budget,0,0,15.9,289,18,244.89,11313.66,1,22.1,1.19,20.1,15,0,281.56,0
TEL-10496,West,Postpaid,Annual,45,32.0,Smartphone-Premium,0,0,17.3,545,14,431.15,18795.42,2,14.6,4.62,27.0,2,0,416.39,0
TEL-10497,South,Postpaid,Annual,35,59.0,Feature,1,0,3.3,731,23,368.26,13272.13,1,10.4,1.97,21.6,32,0,390.28,0
TEL-10498,North,Prepaid,Monthly,1,52.0,Smartphone-Budget,0,1,2.2,522,31,305.16,296.55,0,0.0,3.08,26.4,12,1,302.85,1
TEL-10499,South,Prepaid,Monthly,59,43.0,Smartphone-Budget,0,0,13.7,238,12,244.5,13781.34,1,26.4,4.19,13.6,31,0,238.71,0
TEL-10500,Central,Postpaid,Two-Year,33,64.0,Smartphone-Budget,1,0,26.0,379,12,472.11,15154.75,0,0.0,3.1,9.0,3,0,470.28,0
TEL-10501,West,Postpaid,Two-Year,1,47.0,Feature,0,0,1.6,696,34,361.09,365.06,0,0.0,4.88,32.5,12,0,374.75,0
TEL-10502,South,Prepaid,Monthly,30,31.0,Smartphone-Budget,0,0,17.1,304,17,316.39,13126.96,2,56.9,3.13,33.5,24,0,432.75,1
TEL-10503,East,Postpaid,Monthly,31,50.0,Smartphone-Budget,1,1,9.1,227,19,470.96,15611.08,2,8.1,2.08,42.1,4,0,532.83,0
TEL-10504,East,Postpaid,Annual,11,27.0,Smartphone-Premium,0,0,20.3,147,10,399.53,4714.38,0,0.0,0.47,33.8,11,0,439.9,0
TEL-10505,North,Prepaid,Monthly,52,57.0,Feature,1,0,1.2,473,27,149.59,12752.09,1,14.8,4.25,25.7,21,0,245.59,0
TEL-10506,South,Prepaid,Monthly,20,31.0,Smartphone-Budget,0,0,19.0,244,11,264.56,5975.51,0,0.0,1.64,29.9,12,0,282.47,0
TEL-10507,North,Prepaid,Monthly,9,33.0,Smartphone-Premium,0,0,39.8,216,8,465.32,4051.14,1,65.2,0.4,37.7,11,0,460.53,1
TEL-10508,East,Prepaid,Annual,15,20.0,Smartphone-Premium,0,0,37.5,294,9,461.05,6883.66,1,35.9,1.16,29.1,7,0,450.76,0
TEL-10509,North,Prepaid,Monthly,12,22.0,Smartphone-Premium,0,0,43.6,137,14,520.07,6436.87,3,51.3,3.22,34.3,8,0,539.41,0
TEL-10510,South,Prepaid,Monthly,72,62.0,Feature,0,0,2.8,555,45,178.73,14618.52,1,6.4,1.81,38.1,15,0,196.75,0
TEL-10511,East,Postpaid,Annual,39,64.0,Feature,1,0,3.5,321,35,313.72,11876.04,0,0.0,3.89,39.7,11,0,321.53,0
TEL-10512,Central,Postpaid,Annual,28,36.0,Feature,1,0,9.0,391,11,312.03,8507.79,0,0.0,0.14,1.8,23,0,301.55,0
TEL-10513,Central,Prepaid,Monthly,72,55.0,Feature,0,0,0.6,494,42,109.38,13355.34,1,11.6,2.47,14.9,11,0,182.52,0
TEL-10514,North,Prepaid,Monthly,21,35.0,Smartphone-Premium,0,0,4.6,166,9,130.87,3192.56,1,48.9,3.85,,12,0,157.91,0
TEL-10515,North,Prepaid,Monthly,12,52.0,Feature,0,1,2.5,293,27,348.48,4727.28,0,0.0,2.62,15.6,17,0,364.68,1
TEL-10516,South,Postpaid,Two-Year,1,34.0,Smartphone-Budget,0,0,4.5,201,9,305.38,308.78,3,24.4,0.26,25.1,9,0,322.45,0
TEL-10517,East,Prepaid,Monthly,40,26.0,Smartphone-Budget,0,0,28.3,113,9,319.47,14191.66,1,3.6,3.92,17.0,4,0,345.83,0
TEL-10518,East,Prepaid,Monthly,30,51.0,Feature,0,0,1.9,813,50,231.26,6478.75,0,0.0,2.83,41.5,18,1,216.3,1
TEL-10519,North,Prepaid,Monthly,12,30.0,Smartphone-Budget,0,0,4.3,176,11,215.75,2589.05,3,6.1,1.43,30.0,6,1,198.84,1
TEL-10520,North,Prepaid,Monthly,16,18.0,Smartphone-Premium,0,0,4.8,125,9,124.62,2156.21,0,0.0,4.88,37.6,6,0,131.47,0
TEL-10521,North,Prepaid,Monthly,72,71.0,Feature,0,0,2.2,649,32,165.28,11785.3,2,26.6,2.63,30.3,12,0,160.07,0
TEL-10522,South,Prepaid,Monthly,4,41.0,Smartphone-Budget,1,0,3.0,141,8,108.33,610.7,0,0.0,3.62,34.8,20,0,150.84,0
TEL-10523,Central,Prepaid,Monthly,6,20.0,Smartphone-Budget,0,0,3.5,139,5,146.63,636.07,1,8.4,7.06,13.8,24,1,106.83,1
TEL-10524,North,Postpaid,Annual,5,18.0,Smartphone-Budget,1,0,3.9,140,10,250.52,1499.7,1,36.6,1.44,36.0,14,0,309.43,0
TEL-10525,West,Postpaid,Monthly,15,27.0,Smartphone-Budget,0,0,6.0,106,8,329.75,4759.22,2,91.6,1.46,25.9,27,0,364.3,0
TEL-10526,West,Prepaid,Monthly,50,46.0,Smartphone-Budget,0,0,6.3,317,13,140.26,7462.33,3,14.9,1.52,36.0,7,0,147.84,0
TEL-10527,North,Prepaid,Monthly,9,29.0,Smartphone-Budget,0,0,4.2,221,9,110.62,1520.64,0,0.0,4.29,20.6,10,1,168.6,1
TEL-10528,South,Prepaid,Monthly,27,47.0,Smartphone-Budget,1,0,7.3,228,11,156.77,6201.16,1,38.6,2.02,15.6,22,0,242.36,0
TEL-10529,East,Postpaid,Two-Year,62,47.0,Smartphone-Budget,1,0,19.3,478,15,414.03,29764.79,0,0.0,1.51,35.0,18,0,442.93,0
TEL-10530,West,Postpaid,Two-Year,57,37.0,Smartphone-Premium,0,0,21.9,230,20,411.11,23725.16,2,6.1,3.14,24.9,14,0,421.47,0
TEL-10531,South,Prepaid,Monthly,13,44.0,Smartphone-Premium,0,0,4.5,162,5,148.83,2923.88,0,,2.02,30.6,1,0,226.05,0
TEL-10532,North,Prepaid,Monthly,22,33.0,Smartphone-Budget,0,0,30.9,216,5,402.11,11661.66,2,2.7,5.97,31.9,9,0,541.5,0
TEL-10533,South,Prepaid,Monthly,72,68.0,Smartphone-Budget,0,0,2.2,339,29,186.7,20128.69,1,30.2,4.48,18.8,18,0,282.11,0
TEL-10534,South,Prepaid,Monthly,12,18.0,Smartphone-Budget,0,0,2.5,232,4,177.69,1815.46,0,0.0,1.85,20.4,13,1,150.27,1
TEL-10535,Central,Postpaid,Monthly,3,30.0,Smartphone-Budget,0,0,4.1,218,6,329.43,1024.83,0,0.0,2.24,17.3,27,0,347.88,0
TEL-10536,East,Prepaid,Annual,16,28.0,Smartphone-Premium,0,0,3.4,153,11,91.39,5549.6,2,14.9,0.45,27.6,2,0,345.68,0
TEL-10537,North,Prepaid,Monthly,1,19.0,Smartphone-Premium,0,0,28.6,148,2,381.34,374.41,1,55.8,2.95,40.0,7,1,371.81,1
TEL-10538,East,Prepaid,Monthly,26,44.0,Smartphone-Budget,0,1,11.2,283,14,318.5,14189.45,0,0.0,8.66,27.8,3,1,574.43,0
TEL-10539,West,Postpaid,Annual,56,46.0,Smartphone-Premium,0,0,18.8,263,15,413.75,21932.73,0,0.0,5.07,15.9,11,0,411.51,0
TEL-10540,South,Prepaid,Monthly,13,27.0,Smartphone-Budget,0,0,23.1,115,10,340.01,4646.17,1,53.2,4.6,47.9,15,1,363.17,1
TEL-10541,North,Postpaid,Monthly,52,56.0,Feature,1,0,1.9,580,36,264.71,10692.49,2,44.1,4.1,26.2,15,0,200.26,0
TEL-10542,North,Postpaid,Monthly,5,27.0,Smartphone-Budget,0,0,4.0,139,12,341.15,1771.59,1,32.6,2.63,34.4,6,0,349.37,0
TEL-10543,East,Postpaid,Monthly,13,21.0,Smartphone-Premium,1,0,44.3,166,6,607.59,8566.64,0,0.0,1.74,29.0,11,0,669.67,0
TEL-10544,North,Prepaid,Monthly,42,44.0,Smartphone-Premium,0,0,15.0,115,16,291.82,12091.03,0,0.0,2.34,38.7,23,0,285.89,0
TEL-10545,South,Prepaid,Monthly,53,41.0,Smartphone-Budget,1,0,22.1,302,9,332.7,17594.79,0,0.0,3.53,24.1,27,0,340.85,0
TEL-10546,Central,Prepaid,Monthly,64,40.0,Feature,1,0,1.3,360,37,111.74,7003.58,1,24.9,2.28,14.5,24,0,103.47,0
TEL-10547,North,Postpaid,Annual,54,31.0,Smartphone-Budget,1,0,31.6,449,20,521.58,31674.47,2,15.5,1.45,30.4,9,0,545.9,0
TEL-10548,West,Prepaid,Monthly,7,68.0,Smartphone-Budget,1,0,1.9,355,38,150.66,999.41,0,0.0,7.66,16.3,6,0,138.49,1
TEL-10549,West,Prepaid,Monthly,7,21.0,Smartphone-Budget,0,0,21.5,185,5,340.07,2627.72,0,0.0,4.79,27.9,14,0,386.93,0
TEL-10550,North,Prepaid,Annual,13,62.0,Smartphone-Budget,0,0,2.9,511,41,118.22,1861.54,1,31.9,3.12,29.8,11,0,143.64,0
TEL-10551,Central,Postpaid,Monthly,21,33.0,Smartphone-Premium,0,0,19.6,185,9,437.57,10091.17,0,0.0,1.89,19.3,37,1,496.24,1
TEL-10552,Central,Prepaid,Monthly,12,22.0,Smartphone-Premium,0,0,33.0,162,3,359.72,4706.5,1,34.7,0.6,14.9,8,0,385.23,0
TEL-10553,West,Prepaid,Annual,58,66.0,Feature,1,0,1.7,347,34,106.18,7281.35,1,58.1,3.47,37.6,20,0,127.85,0
TEL-10554,West,Postpaid,Monthly,72,56.0,Feature,1,0,2.6,882,27,349.89,31944.87,1,119.9,2.51,25.4,2,0,442.58,0
TEL-10555,South,Prepaid,Monthly,49,42.0,Smartphone-Budget,0,0,11.4,466,16,301.28,16717.5,0,0.0,6.93,15.2,2,0,339.64,0
TEL-10556,North,Prepaid,Monthly,57,29.0,Feature,0,1,22.4,411,12,469.33,27543.26,1,12.6,1.27,31.1,10,0,510.33,0
TEL-10557,West,Postpaid,Monthly,40,59.0,Smartphone-Budget,0,0,2.2,654,30,354.38,17045.33,2,14.9,4.29,20.9,6,0,417.99,0
TEL-10558,East,Prepaid,Monthly,3,19.0,Smartphone-Budget,0,0,1.6,131,8,129.01,438.77,0,0.0,7.67,30.8,24,1,148.73,1
TEL-10559,North,Prepaid,Annual,16,26.0,Smartphone-Premium,0,1,2.6,117,8,284.79,5228.83,1,29.0,2.75,33.7,14,0,317.53,0
TEL-10560,West,Prepaid,Monthly,38,68.0,Feature,0,0,3.7,283,50,113.4,3329.64,1,22.0,1.72,43.0,19,0,84.61,0
TEL-10561,North,Prepaid,Monthly,32,23.0,Smartphone-Premium,1,0,37.5,155,5,378.05,13626.28,0,0.0,1.2,28.0,9,0,416.35,0
TEL-10562,North,Prepaid,Annual,9,40.0,Smartphone-Premium,0,0,22.7,207,4,260.71,2195.56,2,2.9,2.14,32.2,15,0,253.42,0
TEL-10563,South,Postpaid,Monthly,28,48.0,Feature,0,0,3.5,559,24,241.93,5641.1,0,0.0,2.09,26.8,9,1,219.6,1
TEL-10564,South,Prepaid,Monthly,18,29.0,Smartphone-Budget,0,0,36.4,100,5,406.47,8526.63,1,9.2,1.14,26.7,6,1,466.7,1
TEL-10565,East,Prepaid,Monthly,12,27.0,Smartphone-Premium,0,0,6.4,102,6,172.78,2553.27,2,47.8,2.15,45.9,3,1,228.69,1
TEL-10566,East,Postpaid,Monthly,53,61.0,Feature,1,0,2.5,411,42,266.63,14903.48,1,31.0,1.98,25.7,5,0,277.54,0
TEL-10567,Central,Prepaid,Monthly,36,40.0,Smartphone-Budget,0,0,15.3,334,14,277.43,13137.77,1,12.4,0.93,21.3,8,0,334.89,0
TEL-10568,North,Postpaid,Annual,11,40.0,Smartphone-Premium,1,0,42.0,213,4,518.61,5935.4,1,26.1,5.12,28.4,2,0,521.21,0
TEL-10569,East,Postpaid,Monthly,11,28.0,Smartphone-Premium,0,0,41.4,191,9,647.35,6748.51,0,0.0,7.0,30.1,10,0,626.81,0
TEL-10570,East,Prepaid,Monthly,1,35.0,Smartphone-Premium,0,1,17.6,303,17,462.15,499.14,1,17.2,6.37,22.4,33,0,509.49,0
TEL-10571,North,Prepaid,Annual,53,31.0,Smartphone-Budget,1,0,18.3,423,12,334.43,19076.36,0,0.0,2.7,28.5,20,0,366.67,0
TEL-10572,South,Prepaid,Monthly,14,18.0,Smartphone-Premium,0,0,2.5,80,13,144.95,2379.83,0,0.0,5.8,35.1,3,0,163.52,0
TEL-10573,East,Postpaid,Annual,44,31.0,Smartphone-Budget,1,0,14.2,286,16,378.7,19212.27,0,0.0,6.5,41.5,4,0,427.91,0
TEL-10574,Central,Postpaid,Monthly,15,28.0,Smartphone-Premium,0,0,34.5,201,9,510.22,8265.01,2,14.6,1.97,12.4,12,0,589.99,0
TEL-10575,North,Postpaid,Two-Year,8,28.0,Smartphone-Budget,1,0,3.3,99,9,244.76,2568.03,2,33.4,1.19,26.6,30,0,323.29,0
TEL-10576,North,Postpaid,Annual,8,28.0,Smartphone-Budget,1,0,1.4,154,8,213.83,1693.61,0,0.0,1.89,26.7,6,0,199.51,1
TEL-10577,West,Prepaid,Annual,3,18.0,Smartphone-Premium,1,0,5.1,177,10,156.32,410.46,1,58.8,1.52,26.9,6,0,139.37,1
TEL-10578,South,Prepaid,Monthly,14,23.0,Smartphone-Premium,0,0,4.2,120,9,164.8,2022.35,0,0.0,4.12,37.9,6,0,153.46,0
TEL-10579,East,Prepaid,Monthly,36,30.0,Feature,0,0,16.3,354,21,323.73,14086.92,0,0.0,3.44,14.2,37,0,374.71,0
TEL-10580,South,Prepaid,Annual,17,22.0,Smartphone-Budget,0,0,2.1,184,12,139.5,1845.03,1,10.7,4.3,39.2,24,0,109.68,0
TEL-10581,South,Postpaid,Annual,16,29.0,Smartphone-Budget,0,0,28.8,159,8,469.46,8342.66,0,0.0,1.95,18.1,11,0,529.5,0
TEL-10582,East,Prepaid,Monthly,5,34.0,Smartphone-Budget,0,0,3.4,171,9,162.82,737.93,0,0.0,1.47,29.6,3,1,136.66,1
TEL-10583,West,Prepaid,Monthly,11,28.0,Smartphone-Premium,0,0,31.4,156,5,381.41,4173.15,1,5.6,3.1,19.1,10,0,385.7,0
TEL-10584,West,Prepaid,Monthly,37,63.0,Feature,0,0,3.0,442,38,160.36,5284.46,0,0.0,2.35,15.8,25,0,141.92,0
TEL-10585,Central,Prepaid,Monthly,56,54.0,Smartphone-Budget,0,0,12.8,157,12,215.26,14689.26,1,15.7,2.72,10.0,6,0,254.49,0
TEL-10586,East,Prepaid,Monthly,15,31.0,Smartphone-Budget,0,0,25.7,443,14,351.84,5999.36,0,0.0,0.8,38.4,34,0,374.8,0
TEL-10587,South,Prepaid,Monthly,28,51.0,Smartphone-Budget,0,0,21.4,385,21,339.5,11348.46,1,22.9,7.43,25.5,21,0,392.06,0
TEL-10588,East,Prepaid,Monthly,1,26.0,Smartphone-Budget,0,1,28.3,197,1,528.72,624.84,1,31.6,6.54,15.8,26,1,624.54,1
TEL-10589,East,Prepaid,Monthly,18,32.0,Smartphone-Premium,0,0,6.2,127,5,219.33,3359.68,2,92.4,0.84,35.1,11,0,189.45,0
TEL-10590,Central,Prepaid,Monthly,56,63.0,Feature,0,0,1.6,740,29,218.05,11598.33,0,0.0,3.86,22.9,5,0,216.81,0
TEL-10591,South,Prepaid,Monthly,1,62.0,Feature,0,0,1.7,274,31,155.73,242.51,1,17.0,3.49,20.3,17,0,243.29,0
TEL-10592,North,Prepaid,Monthly,22,54.0,Feature,0,0,1.4,552,34,181.25,3622.15,1,11.2,1.17,28.8,13,0,162.0,0
TEL-10593,East,Postpaid,Two-Year,32,42.0,Smartphone-Budget,0,1,17.2,379,13,572.12,29335.91,0,0.0,1.87,17.8,4,0,918.95,0
TEL-10594,South,Prepaid,Monthly,14,34.0,Smartphone-Premium,0,1,2.1,139,9,256.86,4301.42,2,19.4,2.09,47.2,10,0,293.02,0
TEL-10595,North,Prepaid,Monthly,17,26.0,Smartphone-Premium,0,0,8.9,247,7,181.82,3032.05,0,0.0,3.15,21.8,15,1,184.41,0
TEL-10596,South,Prepaid,Monthly,60,36.0,Smartphone-Budget,0,0,14.2,277,23,241.69,17431.07,1,15.8,2.28,12.7,5,0,290.48,0
TEL-10597,North,Postpaid,Monthly,7,34.0,Smartphone-Budget,0,0,3.9,247,10,324.55,2090.3,1,8.7,3.34,14.6,26,0,294.62,0
TEL-10598,North,Postpaid,Annual,11,42.0,Smartphone-Premium,1,0,3.5,185,17,305.72,4420.74,2,32.1,3.35,27.2,18,0,396.69,0
TEL-10599,North,Postpaid,Two-Year,45,40.0,Feature,1,0,3.8,620,26,318.37,16287.13,0,0.0,3.26,10.4,10,0,356.7,0
TEL-10600,West,Postpaid,Monthly,19,31.0,Smartphone-Budget,0,1,2.7,111,17,404.51,8026.64,1,18.9,0.42,37.9,4,0,453.85,0
TEL-10601,West,Postpaid,Monthly,46,65.0,Smartphone-Budget,0,0,2.6,487,27,335.73,15519.25,0,0.0,3.42,25.7,8,0,338.58,0
TEL-10602,West,Prepaid,Monthly,61,35.0,Smartphone-Budget,0,0,8.7,432,13,197.51,15751.55,1,49.9,6.98,36.2,8,1,260.81,1
TEL-10603,West,Postpaid,Annual,39,35.0,Smartphone-Premium,0,0,15.4,198,13,354.2,14097.47,0,0.0,0.98,20.4,12,0,381.69,0
TEL-10604,North,Postpaid,Monthly,8,21.0,Smartphone-Budget,0,0,3.6,111,8,350.72,2611.51,1,20.4,1.82,18.2,13,1,344.69,1
TEL-10605,Central,Prepaid,Monthly,11,42.0,Smartphone-Budget,0,0,3.6,147,14,181.07,2068.95,2,20.7,2.74,22.9,15,0,198.03,0
TEL-10606,West,Prepaid,Monthly,11,33.0,Smartphone-Budget,0,0,4.9,169,12,220.18,2749.77,2,32.5,0.6,28.6,14,0,245.78,1
TEL-10607,East,Postpaid,Monthly,14,50.0,Smartphone-Premium,1,0,2.5,95,7,297.7,4329.94,2,39.9,1.21,36.4,14,1,323.89,1
TEL-10608,East,Postpaid,Monthly,7,24.0,Feature,0,0,2.5,164,8,186.19,1487.89,2,20.3,0.34,32.3,7,0,209.98,0
TEL-10609,South,Prepaid,Annual,22,22.0,Smartphone-Premium,1,0,37.4,183,3,444.79,10852.5,0,0.0,0.47,26.6,35,0,513.29,0
TEL-10610,East,Prepaid,Monthly,8,37.0,Smartphone-Budget,1,0,2.9,85,6,119.39,920.9,0,0.0,0.74,20.6,5,0,118.5,0
TEL-10611,North,Postpaid,Two-Year,25,59.0,Feature,0,0,1.4,454,42,346.29,8261.55,0,0.0,1.65,26.6,7,0,330.9,0
TEL-10612,West,Prepaid,Monthly,72,50.0,Smartphone-Premium,0,1,15.8,307,11,402.16,33598.55,0,0.0,0.98,18.3,7,0,467.61,0
TEL-10613,Central,Postpaid,Annual,4,37.0,Smartphone-Budget,0,1,4.9,91,7,393.82,1974.31,1,6.4,1.24,22.6,16,1,497.32,1
TEL-10614,West,Postpaid,Two-Year,32,40.0,Smartphone-Budget,1,0,17.6,363,15,373.55,17866.66,1,4.1,0.91,37.5,10,0,565.77,0
TEL-10615,North,Postpaid,Annual,6,31.0,Smartphone-Premium,1,0,36.9,190,5,566.9,3966.4,0,0.0,7.95,37.3,3,0,657.89,0
TEL-10616,West,Prepaid,Annual,15,34.0,Smartphone-Premium,0,0,24.4,81,4,256.42,3936.8,1,40.4,1.13,43.4,6,0,271.16,0
TEL-10617,South,Prepaid,Monthly,10,18.0,Smartphone-Premium,0,0,6.3,185,6,158.7,1729.66,1,40.6,2.32,32.5,6,1,168.91,0
TEL-10618,North,Postpaid,Monthly,52,52.0,Smartphone-Budget,1,0,2.3,724,40,326.66,24717.06,0,0.0,4.0,25.8,12,0,452.86,0
TEL-10619,West,Postpaid,Annual,11,27.0,Feature,1,1,6.8,171,5,407.84,5804.22,2,46.0,0.5,20.6,10,0,525.7,0
TEL-10620,South,Postpaid,Annual,38,22.0,Smartphone-Premium,1,0,18.7,301,15,454.27,19513.01,0,0.0,3.86,38.4,1,0,484.78,0
TEL-10621,Central,Postpaid,Annual,41,55.0,Feature,1,1,1.7,556,36,386.3,18961.09,0,0.0,6.45,8.8,31,0,444.01,0
TEL-10622,North,Prepaid,Monthly,9,40.0,Smartphone-Premium,0,0,4.4,149,7,117.81,1636.35,0,,0.36,28.1,21,0,176.11,0
TEL-10623,North,Prepaid,Monthly,14,23.0,Smartphone-Premium,0,0,34.8,144,5,438.28,5935.26,2,41.5,2.61,23.1,11,0,434.25,0
TEL-10624,East,Prepaid,Monthly,72,45.0,Smartphone-Budget,0,0,14.0,525,10,289.71,19442.11,1,50.6,1.99,30.9,25,0,271.05,0
TEL-10625,South,Prepaid,Monthly,24,46.0,Smartphone-Budget,1,0,17.7,343,23,271.92,8112.82,0,0.0,3.02,25.7,7,0,344.97,0
TEL-10626,North,Prepaid,Monthly,72,47.0,Feature,0,1,2.7,516,36,297.63,47738.95,0,0.0,6.15,16.2,17,0,574.49,0
TEL-10627,South,Prepaid,Annual,7,30.0,Smartphone-Premium,0,0,3.7,105,9,105.82,655.87,1,107.1,3.35,23.3,6,0,94.54,0
TEL-10628,Central,Prepaid,Monthly,10,19.0,Smartphone-Budget,0,0,5.5,132,8,198.27,1887.61,1,8.3,7.88,5.3,26,1,192.94,1
TEL-10629,Central,Prepaid,Monthly,51,37.0,Smartphone-Premium,0,0,21.4,444,16,330.34,17015.6,0,0.0,2.13,12.5,17,0,326.71,0
TEL-10630,North,Postpaid,Monthly,26,55.0,Smartphone-Premium,1,1,17.4,331,21,613.43,17170.69,0,0.0,2.28,30.3,22,0,616.96,0
TEL-10631,South,Prepaid,Monthly,7,35.0,Smartphone-Budget,1,0,2.8,107,13,157.9,1170.85,0,0.0,2.89,30.0,19,0,169.6,1
TEL-10632,North,Prepaid,Monthly,17,18.0,Smartphone-Premium,0,0,39.6,203,4,467.36,9090.58,0,0.0,0.33,37.2,4,0,528.16,0
TEL-10633,South,Prepaid,Monthly,5,22.0,Feature,0,0,4.7,126,7,156.7,710.16,1,25.2,1.48,28.5,15,1,163.06,1
TEL-10634,East,Prepaid,Monthly,42,60.0,Smartphone-Budget,0,0,1.2,428,25,108.72,4270.55,1,21.2,5.49,25.0,1,1,109.13,1
TEL-10635,North,Prepaid,Monthly,10,36.0,Smartphone-Budget,0,0,2.9,133,11,79.0,892.35,1,63.0,2.17,11.4,9,0,87.93,0
TEL-10636,West,Prepaid,Annual,28,64.0,Smartphone-Budget,0,0,3.1,557,22,137.12,3520.29,0,0.0,4.28,29.8,6,0,132.05,0
TEL-10637,East,Postpaid,Monthly,6,35.0,Smartphone-Premium,0,0,5.2,93,10,285.14,1623.02,1,27.5,4.03,29.3,11,0,278.31,0
TEL-10638,East,Prepaid,Monthly,13,18.0,Smartphone-Premium,0,0,26.2,209,2,343.13,4643.85,1,12.6,5.0,19.6,12,1,358.03,1
TEL-10639,East,Postpaid,Annual,11,24.0,Smartphone-Budget,1,0,4.4,205,13,260.03,3065.15,0,0.0,9.31,22.9,21,0,278.57,0
TEL-10640,East,Prepaid,Monthly,1,63.0,Feature,0,0,2.6,714,36,242.99,355.77,1,7.1,1.59,19.3,12,1,350.1,1
TEL-10641,North,Prepaid,Monthly,21,39.0,Smartphone-Premium,0,1,21.5,233,17,458.03,14717.79,1,22.0,0.97,27.4,6,0,728.07,0
TEL-10642,South,Postpaid,Two-Year,19,26.0,Smartphone-Premium,0,0,37.7,132,4,554.7,10763.25,2,35.6,4.52,39.4,18,0,562.06,1
TEL-10643,West,Prepaid,Monthly,7,18.0,Smartphone-Premium,1,0,35.9,182,3,458.39,3393.73,0,0.0,2.4,36.6,11,1,494.31,1
TEL-10644,North,Prepaid,Monthly,11,32.0,Smartphone-Premium,0,0,2.7,163,10,143.15,1341.74,1,21.6,4.89,14.5,7,1,126.03,1
TEL-10645,South,Postpaid,Two-Year,72,35.0,Smartphone-Budget,0,0,19.6,352,14,367.41,27894.85,3,17.7,1.53,23.4,3,0,390.73,0
TEL-10646,West,Postpaid,Annual,8,18.0,Smartphone-Premium,1,0,36.9,143,4,548.98,4647.26,0,0.0,2.52,29.0,12,0,559.4,0
TEL-10647,North,Postpaid,Monthly,9,27.0,Smartphone-Budget,0,0,4.4,165,10,255.16,2225.54,2,60.2,0.5,41.3,18,0,247.09,0
TEL-10648,Central,Prepaid,Monthly,67,54.0,Smartphone-Premium,0,0,17.5,377,14,295.01,23024.75,1,3.2,3.53,2.9,3,0,345.14,0
TEL-10649,North,Postpaid,Annual,60,56.0,Feature,0,1,1.9,660,28,473.99,34481.59,1,61.4,2.24,26.8,19,0,572.58,0
TEL-10650,Central,Postpaid,Annual,26,62.0,Smartphone-Budget,1,0,22.3,507,28,522.66,12581.5,0,0.0,1.46,18.0,8,0,504.92,0
TEL-10651,South,Prepaid,Monthly,13,31.0,Smartphone-Premium,1,0,33.8,137,3,406.25,5851.92,1,10.6,4.37,27.5,16,0,490.11,0
TEL-10652,South,Prepaid,Monthly,7,29.0,Smartphone-Premium,0,0,3.8,135,13,129.9,1372.95,1,28.6,3.52,25.4,29,1,205.78,1
TEL-10653,South,Prepaid,Monthly,7,36.0,Smartphone-Budget,0,0,46.0,175,3,516.05,3471.02,2,23.7,1.0,32.4,2,0,499.71,0
TEL-10654,East,Prepaid,Monthly,15,25.0,Smartphone-Premium,0,0,24.2,225,9,350.35,5275.52,0,0.0,1.36,22.2,2,0,368.03,0
TEL-10655,South,Prepaid,Monthly,72,51.0,Smartphone-Budget,0,0,1.2,330,39,171.49,13025.97,0,0.0,1.08,44.7,4,0,191.83,0
TEL-10656,South,Prepaid,Monthly,8,67.0,Smartphone-Budget,0,0,2.4,256,39,160.32,1644.16,0,0.0,3.32,33.6,6,0,212.72,0
TEL-10657,South,Prepaid,Monthly,18,22.0,Smartphone-Premium,0,0,23.8,262,10,312.77,5542.99,0,0.0,4.48,24.4,4,1,321.28,1
TEL-10658,South,Prepaid,Monthly,57,39.0,Smartphone-Budget,0,0,15.4,314,11,260.04,15823.68,0,0.0,2.4,43.0,7,0,284.52,0
TEL-10659,North,Postpaid,Two-Year,65,65.0,Feature,1,0,3.2,344,36,275.71,23919.15,0,0.0,1.54,27.2,16,0,366.06,0
TEL-10660,East,Prepaid,Monthly,23,39.0,Feature,0,0,21.4,424,18,338.57,8004.22,0,0.0,4.31,23.5,14,0,353.2,0
TEL-10661,North,Prepaid,Monthly,22,60.0,Smartphone-Budget,1,0,1.8,458,42,85.42,2742.7,0,0.0,3.17,27.4,32,0,128.39,0
TEL-10662,East,Postpaid,Monthly,12,18.0,Smartphone-Premium,1,0,3.3,176,7,187.19,2105.97,2,4.1,6.05,24.9,6,1,166.07,1
TEL-10663,East,Prepaid,Monthly,43,63.0,Smartphone-Budget,0,0,1.4,532,31,174.57,7542.43,2,28.3,4.71,25.2,11,1,181.83,1
TEL-10664,South,Postpaid,Annual,4,28.0,Smartphone-Budget,1,0,5.2,133,11,292.04,1371.22,2,15.5,1.62,27.5,13,0,329.71,0
TEL-10665,Central,Prepaid,Monthly,15,21.0,Smartphone-Premium,0,0,2.3,119,8,118.16,1732.82,1,15.2,0.8,20.1,7,0,121.27,0
TEL-10666,North,Prepaid,Monthly,21,62.0,Smartphone-Budget,0,0,2.6,710,28,241.69,5726.4,0,0.0,3.45,17.9,11,0,254.58,0
TEL-10667,South,Postpaid,Monthly,5,18.0,Smartphone-Budget,0,0,5.8,134,6,248.0,1413.74,1,3.2,4.16,24.1,5,0,273.76,0
TEL-10668,South,Postpaid,Annual,55,54.0,Smartphone-Budget,0,0,4.1,362,36,287.51,14215.3,1,12.3,0.61,19.8,13,0,253.56,0
TEL-10669,West,Prepaid,Monthly,49,53.0,Feature,0,1,2.7,510,35,299.72,28661.85,0,0.0,1.96,32.1,7,0,585.96,0
TEL-10670,North,Prepaid,Annual,18,32.0,Smartphone-Premium,0,0,52.8,83,7,578.9,10453.93,1,27.4,3.79,,3,0,609.53,0
TEL-10671,South,Prepaid,Monthly,16,50.0,Smartphone-Budget,0,0,1.2,432,41,101.29,1855.94,1,42.8,1.88,18.4,1,1,113.9,1
TEL-10672,West,Prepaid,Monthly,2,26.0,Smartphone-Premium,0,1,5.0,179,5,251.17,788.93,0,0.0,2.75,29.9,3,0,393.74,0
TEL-10673,West,Postpaid,Two-Year,61,50.0,Smartphone-Budget,0,0,3.2,507,40,321.69,19556.02,0,0.0,2.53,37.2,23,0,328.78,0
TEL-10674,North,Prepaid,Monthly,1,36.0,Smartphone-Budget,0,0,1.3,657,28,222.68,193.24,2,30.5,0.72,26.2,16,1,194.43,1
TEL-10675,North,Prepaid,Monthly,61,55.0,Smartphone-Budget,0,0,2.4,562,40,170.26,13048.21,1,3.2,1.27,30.0,11,0,220.94,0
TEL-10676,Central,Prepaid,Monthly,16,29.0,Smartphone-Budget,0,0,4.5,177,13,120.01,2265.22,0,0.0,5.79,18.4,17,0,138.92,0
TEL-10677,South,Prepaid,Monthly,53,31.0,Smartphone-Budget,0,0,15.1,315,12,279.16,11952.78,3,37.0,2.86,39.5,6,0,235.82,0
TEL-10678,Central,Prepaid,Monthly,22,18.0,Smartphone-Budget,0,0,29.3,264,7,383.08,8913.4,1,14.2,5.78,21.6,35,0,386.28,1
TEL-10679,West,Prepaid,Monthly,29,44.0,Smartphone-Premium,0,0,15.8,311,12,291.19,7885.58,1,49.9,1.88,37.0,1,0,272.15,0
TEL-10680,South,Postpaid,Monthly,10,25.0,Smartphone-Budget,0,0,5.2,148,8,266.26,2932.22,0,0.0,0.78,24.3,29,1,269.86,1
TEL-10681,West,Postpaid,Two-Year,29,38.0,Smartphone-Premium,0,0,20.5,381,16,428.81,12639.01,2,7.8,1.75,28.8,11,0,420.84,0
TEL-10682,West,Prepaid,Monthly,10,23.0,Feature,0,0,4.2,124,11,188.49,1604.25,2,30.0,3.46,19.3,22,1,157.35,1
TEL-10683,East,Prepaid,Monthly,39,52.0,Feature,0,0,3.1,758,43,231.73,9976.86,2,21.3,0.19,30.7,20,0,244.75,0
TEL-10684,North,Prepaid,Monthly,14,20.0,Feature,0,0,3.8,168,11,127.5,2982.15,0,0.0,4.95,26.1,9,0,189.34,0
TEL-10685,South,Postpaid,Monthly,10,32.0,Smartphone-Premium,1,0,27.3,244,5,480.8,4869.87,1,2.4,4.49,26.3,7,1,478.5,1
TEL-10686,West,Prepaid,Monthly,4,32.0,Smartphone-Budget,0,0,5.2,154,8,148.0,584.16,1,15.8,3.64,21.0,16,0,147.46,0
TEL-10687,West,Prepaid,Monthly,46,43.0,Smartphone-Budget,0,0,14.1,242,10,234.35,12161.17,1,12.0,4.12,29.1,7,0,266.36,0
TEL-10688,North,Prepaid,Monthly,42,28.0,Feature,0,0,17.7,314,15,305.9,14928.72,1,26.7,2.1,41.0,47,1,357.19,1
TEL-10689,East,Postpaid,Annual,1,31.0,Feature,1,1,19.3,566,16,548.24,791.36,0,0.0,0.16,31.9,13,0,766.66,0
TEL-10690,South,Prepaid,Monthly,72,59.0,Feature,0,0,2.9,767,28,156.2,9544.7,1,29.8,4.95,22.1,7,0,127.64,0
TEL-10691,Central,Prepaid,Monthly,28,39.0,Smartphone-Premium,0,1,12.9,209,14,373.21,11768.76,0,0.0,0.59,15.5,2,0,455.69,0
TEL-10692,South,Prepaid,Monthly,19,36.0,Smartphone-Premium,0,0,39.9,189,3,458.23,8517.71,2,14.9,4.78,16.8,9,0,452.43,0
TEL-10693,South,Prepaid,Annual,24,37.0,Smartphone-Premium,0,0,33.0,219,6,437.64,10613.62,2,20.0,2.79,35.5,24,1,427.79,1
TEL-10694,West,Prepaid,Monthly,9,43.0,Smartphone-Premium,0,0,2.8,181,7,142.63,1621.05,1,9.5,4.78,30.0,2,0,172.01,0
TEL-10695,Central,Prepaid,Monthly,10,18.0,Smartphone-Budget,0,0,4.7,187,14,163.57,1814.36,0,0.0,3.61,12.7,7,1,179.01,1
TEL-10696,West,Postpaid,Monthly,38,45.0,Feature,0,0,3.5,433,40,331.31,11744.24,1,44.1,2.91,30.4,6,0,316.01,0
TEL-10697,West,Prepaid,Monthly,8,18.0,Smartphone-Budget,0,0,3.8,148,7,102.48,1992.68,0,0.0,3.68,27.8,12,1,252.81,1
TEL-10698,North,Prepaid,Monthly,6,19.0,Smartphone-Budget,0,0,3.3,246,5,138.65,1083.77,1,9.0,0.96,37.8,7,0,187.13,0
TEL-10699,South,Prepaid,Monthly,13,21.0,Smartphone-Budget,0,0,6.4,190,8,186.01,3091.43,1,80.8,3.22,32.1,18,1,232.79,1
TEL-10700,North,Prepaid,Monthly,9,35.0,Smartphone-Premium,0,0,1.0,220,11,120.2,814.92,1,17.9,2.05,30.5,14,0,90.76,0
TEL-10701,East,Postpaid,Monthly,60,68.0,Feature,0,0,2.2,230,27,321.75,21427.41,1,33.4,7.56,15.9,3,1,326.26,1
TEL-10702,East,Postpaid,Monthly,45,42.0,Smartphone-Budget,1,0,13.7,316,18,371.49,17139.16,0,0.0,0.55,27.1,7,0,370.96,0
TEL-10703,West,Prepaid,Monthly,12,30.0,Smartphone-Premium,0,0,21.3,190,6,308.64,5274.62,2,49.4,0.3,21.6,10,0,430.71,0
TEL-10704,South,Prepaid,Monthly,41,42.0,Smartphone-Premium,1,0,28.1,318,15,386.66,20045.14,1,43.1,4.09,16.1,15,0,488.91,0
TEL-10705,East,Postpaid,Annual,12,29.0,Smartphone-Budget,0,0,5.9,133,8,234.87,2465.1,3,16.6,1.6,13.6,3,0,200.17,0
TEL-10706,Central,Prepaid,Monthly,8,22.0,Smartphone-Premium,0,0,27.8,253,7,337.86,2529.45,1,5.7,0.73,20.2,12,0,332.59,0
TEL-10707,Central,Postpaid,Monthly,9,28.0,Smartphone-Premium,1,0,3.1,142,8,293.83,2838.44,0,0.0,4.32,13.8,9,0,324.11,0
TEL-10708,Central,Postpaid,Monthly,14,23.0,Smartphone-Premium,1,0,32.3,181,6,484.38,7038.88,1,21.8,3.75,9.6,16,0,477.86,0
TEL-10709,West,Prepaid,Monthly,8,25.0,Smartphone-Budget,0,0,4.3,168,11,201.22,1554.7,1,16.2,3.58,19.1,29,0,183.66,0
TEL-10710,West,Prepaid,Monthly,11,28.0,Feature,0,0,2.7,108,4,130.2,1821.05,2,32.0,15.16,30.5,26,1,170.79,1
TEL-10711,East,Prepaid,Monthly,36,53.0,Smartphone-Budget,0,0,2.9,550,31,205.82,6218.66,0,0.0,2.23,24.6,16,0,178.92,0
TEL-10712,South,Prepaid,Monthly,16,18.0,Smartphone-Premium,1,0,29.1,129,2,432.67,6435.6,0,0.0,1.76,28.8,8,0,425.07,0
TEL-10713,Central,Postpaid,Monthly,20,18.0,Smartphone-Premium,0,0,31.9,235,6,542.32,10291.1,3,11.8,1.04,4.5,8,0,551.99,0
TEL-10714,South,Prepaid,Monthly,66,62.0,Feature,0,0,3.0,286,35,162.66,11216.3,2,23.0,2.0,32.6,34,0,166.24,0
TEL-10715,West,Prepaid,Monthly,17,36.0,Smartphone-Premium,0,0,31.5,151,3,321.34,6922.07,0,0.0,2.48,,15,1,410.23,1
TEL-10716,North,Postpaid,Monthly,3,18.0,Smartphone-Budget,1,0,2.8,92,8,271.89,871.45,1,11.6,0.36,29.3,14,0,305.21,0
TEL-10717,Central,Postpaid,Annual,61,40.0,Smartphone-Budget,1,0,17.1,325,17,365.11,21813.91,0,0.0,5.69,12.3,5,0,361.52,0
TEL-10718,North,Prepaid,Monthly,38,46.0,Feature,1,0,20.5,258,17,391.56,15641.01,0,0.0,1.12,23.1,9,0,401.39,0
TEL-10719,North,Postpaid,Monthly,1,67.0,Feature,1,0,1.9,487,36,307.31,390.42,5,17.1,4.61,36.4,22,1,386.23,1
TEL-10720,West,Prepaid,Monthly,44,45.0,Smartphone-Premium,0,0,15.1,303,14,229.09,7558.66,0,0.0,3.67,21.2,15,0,170.92,0
TEL-10721,Central,Postpaid,Monthly,21,53.0,Smartphone-Budget,0,0,21.0,554,17,438.54,9561.78,1,4.1,0.66,11.6,15,0,465.31,0
TEL-10722,Central,Prepaid,Monthly,11,19.0,Smartphone-Premium,0,0,40.6,239,8,494.93,7447.97,0,0.0,0.92,6.4,7,0,659.7,0
TEL-10723,Central,Prepaid,Monthly,11,50.0,Smartphone-Premium,0,0,15.7,162,13,183.35,1712.28,0,0.0,9.19,27.8,3,0,155.85,0
TEL-10724,East,Prepaid,Monthly,18,34.0,Smartphone-Premium,0,0,32.8,214,7,360.47,6562.87,1,29.6,0.82,28.4,4,0,376.95,0
TEL-10725,South,Prepaid,Monthly,5,23.0,Smartphone-Budget,0,0,28.8,223,9,393.5,1854.14,2,10.2,1.08,33.6,30,1,404.07,1
TEL-10726,North,Prepaid,Monthly,36,39.0,Smartphone-Premium,0,1,4.7,290,12,315.76,11100.1,2,14.3,5.76,20.4,10,0,335.6,0
TEL-10727,Central,Prepaid,Monthly,49,44.0,Smartphone-Budget,0,0,13.7,237,17,199.97,9796.49,0,0.0,3.15,2.0,13,1,196.4,0
TEL-10728,West,Prepaid,Monthly,29,49.0,Feature,0,0,2.6,646,42,220.15,7035.3,0,0.0,3.05,19.4,16,0,229.09,0
TEL-10729,East,Prepaid,Monthly,19,18.0,Smartphone-Premium,0,0,12.1,93,1,186.09,4826.87,1,64.9,3.44,33.0,25,1,252.95,1
TEL-10730,South,Postpaid,Annual,17,39.0,Smartphone-Budget,0,1,4.7,129,8,381.07,9190.84,0,0.0,4.74,30.0,23,0,554.43,0
TEL-10731,Central,Postpaid,Annual,9,24.0,Smartphone-Budget,0,0,23.2,298,4,453.87,4231.42,1,14.4,7.61,14.5,5,1,494.14,1
TEL-10732,Central,Prepaid,Monthly,1,32.0,Smartphone-Budget,0,0,4.7,87,6,133.77,152.0,0,0.0,10.88,10.0,19,0,149.11,0
TEL-10733,South,Prepaid,Monthly,72,62.0,Smartphone-Budget,1,0,2.3,630,42,174.67,8246.77,0,0.0,4.31,38.3,4,0,125.24,0
TEL-10734,South,Postpaid,Annual,11,35.0,Smartphone-Budget,1,0,4.4,138,8,217.88,2756.64,4,26.6,3.32,19.0,7,0,234.29,0
TEL-10735,South,Prepaid,Monthly,16,28.0,Smartphone-Budget,0,0,34.7,172,4,465.82,7488.83,0,0.0,1.95,24.0,3,0,486.48,0
TEL-10736,West,Prepaid,Monthly,8,25.0,Smartphone-Budget,0,0,38.6,261,9,409.68,3228.72,0,0.0,0.75,22.7,11,0,406.91,0
TEL-10737,East,Postpaid,Annual,48,46.0,Smartphone-Budget,0,0,19.9,265,14,432.75,20724.95,0,0.0,1.42,17.8,14,0,401.26,0
TEL-10738,Central,Prepaid,Annual,66,52.0,Smartphone-Budget,0,0,15.3,439,14,233.7,21041.18,0,0.0,1.57,27.5,10,0,318.16,0
TEL-10739,Central,Prepaid,Monthly,18,43.0,Smartphone-Budget,1,0,4.9,157,7,152.82,2471.63,0,0.0,2.42,16.8,8,0,149.58,0
TEL-10740,South,Prepaid,Monthly,4,30.0,Smartphone-Budget,0,0,3.3,91,11,101.08,486.35,0,0.0,1.07,9.4,3,0,120.65,0
TEL-10741,South,Prepaid,Monthly,22,55.0,Smartphone-Budget,0,0,2.0,302,31,111.4,3323.39,1,21.5,1.37,18.2,16,1,145.09,1
TEL-10742,South,Postpaid,Annual,17,35.0,Smartphone-Budget,1,0,34.4,266,6,567.28,10885.44,2,13.5,3.64,32.6,9,0,640.17,0
TEL-10743,West,Prepaid,Monthly,17,28.0,Smartphone-Budget,1,0,33.6,268,7,408.01,6839.54,1,9.0,3.78,28.2,32,0,433.98,0
TEL-10744,South,Prepaid,Monthly,31,42.0,Smartphone-Premium,0,0,20.8,408,22,358.87,12599.89,1,12.1,5.51,16.1,23,0,375.83,0
TEL-10745,South,Prepaid,Monthly,32,36.0,Smartphone-Budget,0,1,22.9,373,16,579.0,17679.15,0,0.0,2.0,24.1,14,1,575.84,0
TEL-10746,South,Prepaid,Monthly,8,41.0,Smartphone-Budget,1,0,20.0,427,20,284.16,2726.86,1,22.6,9.67,30.9,27,1,336.21,1
TEL-10747,South,Prepaid,Monthly,72,58.0,Smartphone-Budget,0,0,2.5,318,33,216.52,14757.02,0,0.0,0.81,21.0,9,0,211.76,0
TEL-10748,North,Prepaid,Monthly,7,19.0,Smartphone-Budget,0,0,4.0,132,5,162.74,997.55,1,21.6,1.54,24.3,9,0,150.14,0
TEL-10749,North,Prepaid,Monthly,53,39.0,Feature,0,0,2.5,679,29,213.84,13690.51,0,0.0,7.02,28.3,4,0,240.59,0
TEL-10750,North,Prepaid,Monthly,12,40.0,Smartphone-Premium,0,1,3.8,145,12,340.27,5927.86,0,0.0,7.01,17.6,8,0,458.91,0
TEL-10751,South,Prepaid,Monthly,34,41.0,Smartphone-Premium,1,0,15.1,413,13,296.38,11824.44,1,25.4,1.37,13.3,5,0,352.42,0
TEL-10752,South,Prepaid,Monthly,14,31.0,Smartphone-Premium,1,0,3.8,122,8,79.0,1586.5,2,70.7,3.61,23.8,11,0,108.72,1
TEL-10753,South,Prepaid,Annual,41,57.0,Feature,0,0,1.8,579,31,209.81,9694.76,1,11.4,0.97,26.1,11,0,231.95,0
TEL-10754,West,Prepaid,Annual,35,48.0,Smartphone-Budget,0,0,12.5,286,16,245.94,8601.53,1,4.0,2.31,28.4,9,0,239.18,0
TEL-10755,Central,Postpaid,Annual,9,21.0,Smartphone-Budget,0,0,3.2,146,6,275.65,2635.07,1,,2.28,1.7,9,0,301.7,0
TEL-10756,Central,Postpaid,Monthly,5,30.0,Smartphone-Premium,1,0,28.3,251,7,473.46,2573.64,3,32.8,0.62,20.5,14,0,523.89,0
TEL-10757,Central,Prepaid,Monthly,9,18.0,Smartphone-Budget,0,1,4.9,117,10,367.89,3866.84,0,0.0,2.24,12.1,21,0,419.31,0
TEL-10758,South,Prepaid,Monthly,13,40.0,Smartphone-Budget,0,0,4.8,182,9,207.45,2675.87,0,0.0,2.47,26.7,15,0,215.13,0
TEL-10759,East,Prepaid,Annual,37,57.0,Smartphone-Budget,0,0,2.9,190,25,142.07,6396.0,2,23.5,4.87,28.3,14,0,162.23,0
TEL-10760,Central,Prepaid,Monthly,26,46.0,Smartphone-Budget,0,0,3.7,725,30,195.85,5464.02,0,0.0,7.16,2.9,5,0,198.93,0
TEL-10761,South,Postpaid,Annual,42,45.0,Smartphone-Budget,0,0,2.7,713,37,238.21,14249.17,0,0.0,0.95,34.0,8,0,327.58,0
TEL-10762,West,Prepaid,Monthly,17,25.0,Smartphone-Premium,0,0,2.9,99,14,153.79,2323.19,1,18.0,0.24,19.3,21,1,138.73,1
TEL-10763,South,Prepaid,Monthly,8,18.0,Smartphone-Budget,0,0,43.5,204,5,544.66,4151.75,2,43.2,3.06,25.9,18,1,561.56,1
TEL-10764,East,Postpaid,Annual,18,37.0,Smartphone-Budget,1,0,17.6,372,16,432.08,7715.77,1,32.2,1.19,24.1,24,0,484.14,0
TEL-10765,Central,Prepaid,Monthly,30,32.0,Smartphone-Budget,0,0,25.6,304,15,349.07,12483.12,1,10.5,4.59,5.1,5,0,415.15,0
TEL-10766,East,Prepaid,Annual,11,43.0,Smartphone-Budget,0,0,3.1,87,10,170.14,2089.89,0,0.0,3.66,19.8,12,0,179.92,0
TEL-10767,North,Prepaid,Monthly,29,22.0,Smartphone-Premium,0,0,38.2,275,3,451.84,15398.14,1,9.9,0.8,25.0,13,0,497.52,0
TEL-10768,North,Prepaid,Annual,14,21.0,Smartphone-Budget,0,0,35.7,239,9,457.77,6721.94,1,30.9,4.86,43.7,16,1,455.56,1
TEL-10769,South,Postpaid,Monthly,56,51.0,Feature,1,0,15.6,349,13,411.1,22489.3,2,23.0,3.04,16.6,28,1,408.61,1
TEL-10770,West,Prepaid,Monthly,16,31.0,Smartphone-Premium,1,0,2.4,156,9,164.62,2960.31,2,28.4,2.83,33.9,13,0,172.99,0
TEL-10771,Central,Postpaid,Monthly,21,63.0,Feature,0,0,3.7,457,33,305.86,6251.29,2,5.9,2.09,25.8,11,0,306.65,0
TEL-10772,South,Prepaid,Monthly,40,36.0,Feature,0,0,22.6,372,15,257.62,10877.14,2,28.1,7.93,25.5,23,0,273.92,0
TEL-10773,West,Postpaid,Two-Year,9,22.0,Smartphone-Budget,0,0,4.4,76,9,213.77,2022.52,1,42.3,11.95,17.2,5,0,219.41,0
TEL-10774,North,Prepaid,Annual,14,29.0,Smartphone-Premium,0,0,23.7,241,3,388.91,5300.48,1,18.8,3.04,26.6,10,0,374.65,0
TEL-10775,Central,Prepaid,Monthly,16,32.0,Smartphone-Budget,0,1,6.0,188,10,268.6,6974.93,1,12.3,1.54,7.3,4,0,435.6,0
TEL-10776,South,Postpaid,Monthly,10,34.0,Feature,1,0,4.3,153,5,273.38,3126.66,1,17.9,3.85,30.1,13,0,320.72,0
TEL-10777,South,Prepaid,Monthly,8,19.0,Smartphone-Premium,0,0,21.3,211,4,287.83,2466.09,1,20.0,3.74,24.3,6,0,314.72,0
TEL-10778,South,Prepaid,Monthly,12,31.0,Smartphone-Premium,0,0,17.0,290,13,250.17,3636.91,0,0.0,4.06,36.5,24,0,302.11,0
TEL-10779,East,Prepaid,Annual,11,35.0,Smartphone-Premium,0,0,4.6,148,10,170.92,1806.85,1,81.5,1.81,26.1,34,0,160.29,0
TEL-10780,West,Prepaid,Annual,4,35.0,Smartphone-Budget,0,0,31.9,170,2,327.63,1410.29,1,4.7,3.02,27.1,30,0,348.82,0
TEL-10781,East,Prepaid,Monthly,9,42.0,Smartphone-Budget,0,0,23.0,215,8,313.41,3175.41,0,0.0,9.08,32.6,11,0,362.44,0
TEL-10782,West,Prepaid,Monthly,72,68.0,Feature,0,0,1.6,725,36,197.01,23818.2,1,8.2,2.19,39.8,12,0,326.5,0
TEL-10783,South,Prepaid,Monthly,6,21.0,Smartphone-Premium,0,0,3.3,125,7,159.58,1116.01,0,0.0,3.52,26.7,12,0,186.67,0
TEL-10784,North,Postpaid,Monthly,55,43.0,Smartphone-Budget,1,1,15.8,389,13,546.44,32253.79,1,4.9,4.88,38.9,21,0,576.36,0
TEL-10785,South,Postpaid,Annual,13,48.0,Feature,0,0,1.8,316,34,244.2,2648.5,0,0.0,5.8,22.6,2,1,202.39,1
TEL-10786,North,Prepaid,Monthly,21,18.0,Smartphone-Budget,0,0,38.7,118,9,430.42,10286.66,0,0.0,4.59,22.4,17,1,455.19,1
TEL-10787,South,Postpaid,Monthly,6,36.0,Smartphone-Premium,1,0,38.7,131,3,553.15,3379.36,0,0.0,2.63,36.6,16,0,540.86,0
TEL-10788,North,Prepaid,Monthly,16,18.0,Smartphone-Budget,1,0,15.6,212,6,299.37,4414.4,0,0.0,2.8,20.0,3,0,278.06,0
TEL-10789,North,Prepaid,Monthly,9,22.0,Smartphone-Budget,0,0,4.6,222,2,174.6,1890.13,0,0.0,2.66,37.8,21,0,192.44,0
TEL-10790,West,Prepaid,Monthly,10,28.0,Smartphone-Budget,0,0,3.0,177,9,92.24,1071.22,0,0.0,3.43,35.3,12,1,111.66,1
TEL-10791,Central,Prepaid,Monthly,1,43.0,Smartphone-Premium,1,0,23.0,264,12,339.04,346.8,2,23.3,6.24,12.1,6,0,335.91,1
TEL-10792,South,Prepaid,Monthly,7,20.0,Smartphone-Budget,0,0,4.4,205,10,163.05,1138.94,0,0.0,2.96,27.8,13,0,161.11,0
TEL-10793,West,Postpaid,Annual,17,41.0,Smartphone-Budget,1,0,42.9,184,7,564.19,9070.1,2,37.0,6.27,29.9,22,0,581.62,0
TEL-10794,Central,Postpaid,Annual,37,51.0,Feature,0,0,1.7,527,29,231.85,8260.68,1,23.2,1.21,9.8,6,0,226.37,0
TEL-10795,West,Prepaid,Monthly,37,47.0,Smartphone-Budget,0,1,1.9,456,41,318.69,11656.38,2,7.7,1.77,22.1,5,0,307.06,0
TEL-10796,West,Prepaid,Monthly,29,55.0,Smartphone-Budget,0,0,3.3,214,38,162.0,5041.6,2,61.5,1.92,42.4,5,0,171.9,1
TEL-10797,North,Prepaid,Monthly,8,33.0,Smartphone-Premium,1,0,2.9,157,10,79.0,553.59,3,26.1,1.3,19.9,8,1,70.0,1
TEL-10798,South,Postpaid,Monthly,14,27.0,Smartphone-Budget,0,0,5.6,200,16,303.45,4851.12,1,11.0,2.6,21.8,12,0,349.92,0
TEL-10799,North,Prepaid,Monthly,54,44.0,Smartphone-Budget,0,0,24.1,314,11,368.56,20518.8,1,21.7,5.9,18.6,21,0,366.98,0
TEL-10800,East,Postpaid,Annual,48,36.0,Smartphone-Budget,1,0,16.5,251,16,288.55,14854.66,1,5.6,2.06,27.1,17,0,309.52,0
TEL-10801,Central,Prepaid,Monthly,9,18.0,Smartphone-Budget,0,0,4.0,105,9,161.01,1733.59,1,5.3,1.56,15.9,18,0,183.36,0
TEL-10802,East,Prepaid,Monthly,20,30.0,Smartphone-Budget,0,0,22.4,158,4,289.71,5737.03,0,0.0,7.39,16.3,6,0,299.97,0
TEL-10803,North,Postpaid,Monthly,70,55.0,Feature,1,0,1.7,409,33,310.02,21701.3,2,40.2,4.44,27.2,11,0,324.34,0
TEL-10804,South,Prepaid,Monthly,24,52.0,Feature,1,1,3.9,467,30,337.42,9845.06,0,0.0,2.85,15.1,16,1,416.06,0
TEL-10805,South,Prepaid,Monthly,21,18.0,Smartphone-Budget,0,0,27.1,156,1,366.74,6660.76,1,9.7,4.05,37.3,21,0,327.78,0
TEL-10806,West,Prepaid,Monthly,47,60.0,Feature,0,0,1.8,460,27,181.71,7903.35,1,10.8,4.4,37.2,5,0,164.6,0
TEL-10807,North,Prepaid,Monthly,23,20.0,Smartphone-Premium,0,0,58.0,120,7,591.05,15946.95,0,0.0,0.56,45.1,3,0,653.83,0
TEL-10808,East,Postpaid,Annual,8,30.0,Smartphone-Budget,0,0,3.2,131,5,274.82,2240.68,2,57.2,6.39,30.3,8,1,278.49,1
TEL-10809,West,Prepaid,Monthly,25,47.0,Smartphone-Budget,0,0,9.5,380,18,225.06,5534.71,1,15.6,2.99,25.3,21,0,217.69,0
TEL-10810,West,Prepaid,Monthly,7,18.0,Smartphone-Premium,0,0,6.4,179,11,173.25,1455.69,1,39.9,5.36,22.4,6,1,228.43,1
TEL-10811,East,Postpaid,Two-Year,13,23.0,Smartphone-Budget,1,0,2.3,203,11,244.56,3915.54,1,16.4,0.65,31.6,42,0,278.88,0
TEL-10812,South,Prepaid,Monthly,44,39.0,Smartphone-Budget,0,0,22.0,294,19,316.9,18374.59,0,0.0,6.76,28.5,19,0,402.16,0
TEL-10813,North,Postpaid,Monthly,7,18.0,Smartphone-Budget,0,0,4.3,192,6,300.33,2328.52,0,,3.67,23.7,13,0,334.15,0
TEL-10814,Central,Prepaid,Monthly,9,28.0,Smartphone-Premium,0,0,28.9,236,11,371.98,3721.39,1,3.9,1.23,25.7,13,1,401.95,1
TEL-10815,West,Prepaid,Monthly,13,35.0,Smartphone-Budget,0,0,4.7,163,2,188.98,1772.8,0,0.0,3.79,36.2,2,0,135.36,0
TEL-10816,North,Prepaid,Annual,2,33.0,Smartphone-Budget,0,0,4.7,215,9,149.75,360.85,1,17.7,4.08,33.9,4,0,174.68,0
TEL-10817,South,Prepaid,Monthly,30,37.0,Smartphone-Budget,0,1,20.9,445,19,514.24,18591.71,0,0.0,1.0,34.0,6,0,592.38,0
TEL-10818,West,Prepaid,Monthly,10,41.0,Smartphone-Premium,0,0,27.4,196,18,344.85,2935.71,1,68.3,1.97,17.3,20,1,309.18,1
TEL-10819,North,Postpaid,Monthly,11,23.0,Smartphone-Budget,1,0,4.2,202,7,259.02,3282.08,2,34.5,0.9,11.2,10,1,288.72,1
TEL-10820,North,Prepaid,Annual,72,65.0,Feature,0,0,3.2,417,34,127.31,10658.4,2,9.2,1.98,33.5,12,0,149.39,0
TEL-10821,East,Postpaid,Monthly,1,18.0,Smartphone-Budget,1,0,3.4,60,8,227.74,230.64,1,35.1,6.69,29.4,10,1,225.05,1
TEL-10822,Central,Postpaid,Monthly,41,31.0,Smartphone-Budget,0,0,17.3,394,17,365.21,15553.92,2,32.4,5.12,26.2,19,1,387.77,1
TEL-10823,West,Prepaid,Monthly,17,20.0,Smartphone-Premium,0,0,17.7,148,5,207.79,3899.59,1,28.9,3.52,27.4,4,1,220.81,1
TEL-10824,West,Prepaid,Monthly,18,28.0,Smartphone-Budget,0,0,29.6,67,7,348.24,5662.42,3,36.8,2.33,26.7,6,0,342.44,0
TEL-10825,North,Postpaid,Monthly,25,20.0,Smartphone-Premium,0,0,55.1,106,6,696.85,18775.34,1,18.5,1.1,24.4,7,0,748.22,0
TEL-10826,Central,Prepaid,Monthly,3,41.0,Smartphone-Premium,1,0,3.6,117,7,159.79,604.07,1,4.7,6.56,12.9,3,1,202.07,1
TEL-10827,North,Postpaid,Monthly,57,51.0,Smartphone-Budget,0,0,1.2,444,32,216.97,12280.71,1,29.9,0.18,30.2,17,0,212.62,0
TEL-10828,South,Prepaid,Monthly,9,23.0,Smartphone-Premium,0,0,24.5,248,12,310.36,2816.65,1,16.9,5.53,27.3,2,0,321.91,0
TEL-10829,East,Prepaid,Monthly,3,31.0,Smartphone-Premium,1,0,3.1,196,10,79.0,437.93,0,0.0,0.6,19.9,2,0,138.88,0
TEL-10830,Central,Postpaid,Annual,20,41.0,Smartphone-Premium,0,0,24.6,429,9,475.77,8715.65,2,3.6,0.67,15.5,8,0,464.03,0
TEL-10831,North,Prepaid,Monthly,37,55.0,Smartphone-Budget,0,0,2.0,442,31,199.13,9152.14,0,0.0,5.68,33.1,22,1,252.85,1
TEL-10832,East,Prepaid,Monthly,51,33.0,Smartphone-Budget,0,0,16.9,538,23,304.94,14255.97,0,0.0,2.94,20.9,12,0,287.0,0
TEL-10833,West,Prepaid,Monthly,10,38.0,Smartphone-Premium,1,0,3.3,205,13,172.52,2653.79,0,0.0,0.53,17.7,9,1,251.87,0
TEL-10834,East,Postpaid,Annual,15,27.0,Smartphone-Premium,1,0,37.1,343,4,604.08,9752.34,2,26.2,1.03,24.0,27,0,664.55,0
TEL-10835,West,Prepaid,Monthly,28,30.0,Smartphone-Premium,0,0,31.1,152,4,427.08,14980.78,0,0.0,1.39,24.2,8,0,564.3,0
TEL-10836,Central,Prepaid,Monthly,71,58.0,Smartphone-Budget,0,0,30.5,470,18,403.58,30674.8,2,62.9,4.16,24.8,7,0,439.9,0
TEL-10837,North,Postpaid,Annual,4,30.0,Feature,1,0,2.5,147,12,237.84,1005.05,1,21.5,4.3,43.9,22,1,251.89,1
TEL-10838,North,Postpaid,Annual,50,35.0,Smartphone-Premium,1,0,10.4,448,15,407.25,21635.24,2,22.2,1.95,25.5,5,0,435.14,0
TEL-10839,Central,Prepaid,Monthly,4,53.0,Smartphone-Budget,1,0,2.5,462,38,122.14,564.14,0,0.0,0.88,16.1,22,1,141.64,1
TEL-10840,East,Postpaid,Annual,42,30.0,Smartphone-Premium,1,0,17.8,203,18,325.23,13433.28,1,12.8,1.31,43.4,33,0,323.44,0
TEL-10841,North,Prepaid,Monthly,3,45.0,Smartphone-Budget,0,1,1.7,137,7,272.04,777.39,0,0.0,3.14,16.0,13,1,264.39,1
TEL-10842,East,Postpaid,Monthly,3,21.0,Smartphone-Budget,0,0,3.3,157,9,254.2,694.53,2,33.6,2.64,15.8,10,0,239.51,0
TEL-10843,East,Prepaid,Monthly,21,24.0,Smartphone-Premium,0,0,27.5,157,5,351.88,7804.35,1,48.4,7.9,36.8,15,0,362.43,1
TEL-10844,North,Postpaid,Two-Year,37,36.0,Smartphone-Budget,1,1,12.4,394,12,489.53,21482.8,0,0.0,0.51,38.3,9,0,629.7,0
TEL-10845,South,Prepaid,Annual,7,35.0,Smartphone-Budget,0,0,4.0,117,11,144.76,1088.91,0,0.0,2.53,20.8,4,1,149.75,1
TEL-10846,North,Postpaid,Monthly,1,22.0,Smartphone-Budget,0,0,3.7,129,6,225.59,280.41,4,60.7,1.7,25.3,8,0,277.63,1
TEL-10847,Central,Postpaid,Monthly,12,18.0,Smartphone-Budget,1,0,4.5,124,7,271.11,4158.22,4,31.7,3.06,12.0,7,0,369.81,0
TEL-10848,West,Postpaid,Monthly,26,18.0,Smartphone-Premium,0,0,29.7,119,5,506.36,13934.43,1,6.8,1.3,16.7,40,0,540.58,0
TEL-10849,South,Postpaid,Two-Year,42,49.0,Smartphone-Budget,0,1,1.8,516,33,376.11,18489.92,1,37.6,3.09,34.8,3,0,413.25,0
TEL-10850,East,Prepaid,Monthly,1,18.0,Smartphone-Premium,0,0,49.5,280,5,558.5,584.27,0,0.0,1.56,35.9,7,1,590.9,1
TEL-10851,North,Postpaid,Annual,72,62.0,Smartphone-Budget,1,0,2.0,522,31,288.94,23322.76,2,4.8,0.71,42.8,14,0,325.45,0
TEL-10852,Central,Postpaid,Annual,72,56.0,Feature,1,0,2.5,618,25,289.39,19257.11,1,10.5,3.13,22.8,12,0,275.73,0
TEL-10853,West,Prepaid,Monthly,72,63.0,Feature,0,0,2.3,439,49,267.61,25203.1,0,0.0,1.62,15.3,4,1,346.65,0
TEL-10854,South,Prepaid,Monthly,10,23.0,Smartphone-Budget,0,0,3.4,202,11,159.28,1372.13,0,0.0,4.77,31.0,23,1,130.13,1
TEL-10855,Central,Postpaid,Two-Year,9,34.0,Smartphone-Premium,1,0,3.2,139,5,247.18,2421.0,0,0.0,4.1,1.2,16,0,258.61,0
TEL-10856,South,Prepaid,Monthly,31,31.0,Smartphone-Budget,0,0,6.1,266,22,146.12,4886.41,0,0.0,1.17,21.3,12,0,172.88,0
TEL-10857,South,Prepaid,Monthly,23,18.0,Smartphone-Budget,1,0,29.6,187,8,316.8,7280.74,0,0.0,1.82,14.5,9,0,329.21,0
TEL-10858,West,Prepaid,Annual,29,46.0,Smartphone-Budget,0,0,1.0,579,30,114.06,3624.8,0,0.0,3.98,32.4,7,0,132.08,0
TEL-10859,West,Prepaid,Monthly,13,34.0,Smartphone-Budget,0,0,3.7,117,9,119.98,1531.82,3,53.7,6.12,24.1,16,1,120.18,1
TEL-10860,South,Postpaid,Monthly,18,32.0,Smartphone-Budget,0,1,5.5,158,11,374.52,7808.66,0,0.0,1.55,19.0,11,0,419.85,1
TEL-10861,Central,Prepaid,Monthly,8,28.0,Smartphone-Budget,0,0,6.2,88,6,207.08,1790.55,1,25.6,0.58,27.1,30,0,227.96,0
TEL-10862,North,Prepaid,Monthly,55,39.0,Smartphone-Budget,0,0,9.5,454,23,255.52,16688.94,2,8.4,1.86,20.5,6,0,299.83,0
TEL-10863,East,Prepaid,Monthly,37,58.0,Smartphone-Budget,0,0,20.4,316,25,303.94,12962.99,3,48.9,0.64,10.3,9,0,343.58,0
TEL-10864,West,Postpaid,Annual,55,39.0,Smartphone-Budget,0,0,13.9,260,12,346.34,22151.11,1,11.6,5.49,34.2,11,0,385.63,0
TEL-10865,Central,Prepaid,Monthly,51,38.0,Smartphone-Budget,0,0,31.9,575,13,410.44,23861.1,2,73.5,2.96,8.2,7,0,486.38,0
TEL-10866,North,Prepaid,Annual,21,20.0,Smartphone-Premium,0,0,24.1,376,10,310.29,6842.27,1,30.2,4.48,15.1,10,0,339.76,1
TEL-10867,North,Prepaid,Monthly,64,60.0,Feature,1,0,2.2,494,46,191.42,12271.83,1,82.5,6.86,31.4,5,0,189.54,0
TEL-10868,West,Prepaid,Monthly,46,32.0,Smartphone-Budget,1,0,12.0,318,17,248.18,9788.52,1,8.2,3.59,40.0,38,0,218.91,0
TEL-10869,West,Prepaid,Monthly,9,23.0,Smartphone-Budget,0,0,3.0,179,9,137.34,2008.21,0,0.0,0.82,38.6,21,0,237.04,0
TEL-10870,South,Postpaid,Annual,19,26.0,Smartphone-Budget,1,0,3.8,106,10,306.94,6368.77,0,0.0,1.26,23.4,13,0,340.38,0
TEL-10871,North,Prepaid,Annual,21,56.0,Feature,0,0,2.1,665,38,204.24,4638.75,1,41.2,7.74,27.4,15,1,213.28,1
TEL-10872,East,Prepaid,Monthly,16,70.0,Feature,0,0,2.4,190,42,109.77,1814.86,0,0.0,2.9,15.6,30,1,108.75,1
TEL-10873,East,Prepaid,Monthly,20,31.0,Smartphone-Budget,0,0,2.3,161,13,205.87,4500.49,1,11.3,2.23,18.1,4,0,229.67,0
TEL-10874,North,Prepaid,Monthly,24,53.0,Smartphone-Budget,0,0,17.5,362,16,328.5,9402.83,0,0.0,1.44,17.2,7,0,400.5,0
TEL-10875,South,Postpaid,Monthly,55,32.0,Smartphone-Budget,0,0,12.2,462,22,389.92,27709.98,1,48.2,4.05,27.8,13,0,451.16,0
TEL-10876,North,Prepaid,Monthly,10,18.0,Smartphone-Budget,0,0,5.3,220,7,166.5,1829.97,2,50.9,3.48,27.2,13,0,190.25,0
TEL-10877,West,Prepaid,Monthly,45,31.0,Smartphone-Premium,0,0,13.8,389,19,250.21,10261.4,1,40.9,0.22,44.9,23,0,232.77,0
TEL-10878,North,Prepaid,Monthly,13,19.0,Smartphone-Premium,0,0,32.3,233,9,408.1,6164.93,4,9.0,3.3,32.4,4,0,458.56,0
TEL-10879,North,Prepaid,Annual,8,37.0,Smartphone-Premium,0,0,7.3,177,9,128.76,980.32,3,20.5,2.58,41.0,9,0,122.67,0
TEL-10880,South,Prepaid,Monthly,10,32.0,Feature,0,0,3.9,101,9,166.87,1520.81,0,0.0,9.14,23.7,3,0,155.85,0
TEL-10881,North,Postpaid,Annual,69,55.0,Feature,0,0,3.1,161,36,246.56,17332.61,0,0.0,1.39,25.1,27,0,248.61,0
TEL-10882,West,Postpaid,Annual,8,34.0,Smartphone-Budget,1,0,19.8,223,15,411.13,3130.07,1,25.9,4.28,27.3,3,1,424.82,1
TEL-10883,West,Prepaid,Monthly,23,40.0,Smartphone-Premium,0,0,36.8,176,8,389.85,7932.84,0,0.0,3.04,19.7,5,0,373.26,0
TEL-10884,West,Prepaid,Annual,4,18.0,Smartphone-Premium,0,0,4.4,156,14,136.89,429.21,0,0.0,1.13,20.6,6,0,117.62,0
TEL-10885,North,Prepaid,Monthly,10,35.0,Smartphone-Budget,0,0,0.5,221,5,154.05,1262.2,1,32.8,2.72,10.9,16,0,124.77,0
TEL-10886,West,Prepaid,Monthly,22,19.0,Smartphone-Premium,0,0,24.1,279,2,336.48,7190.44,0,0.0,3.0,41.5,2,0,331.36,0
TEL-10887,West,Prepaid,Monthly,29,50.0,Feature,0,0,2.5,798,26,214.44,5994.41,0,0.0,2.41,28.9,15,0,222.52,0
TEL-10888,East,Postpaid,Monthly,5,28.0,Smartphone-Budget,0,0,25.6,213,4,455.21,2290.37,0,0.0,1.28,32.3,24,0,468.13,0
TEL-10889,West,Postpaid,Annual,25,56.0,Smartphone-Budget,1,0,1.9,478,39,282.4,7903.12,2,18.4,3.2,22.2,9,0,313.79,0
TEL-10890,Central,Prepaid,Monthly,12,30.0,Smartphone-Budget,0,0,3.7,167,8,158.82,1633.29,1,27.6,4.16,17.5,7,1,140.78,1
TEL-10891,Central,Postpaid,Two-Year,28,51.0,Feature,1,0,2.5,582,29,339.03,9152.09,0,0.0,3.91,11.8,2,0,329.43,0
TEL-10892,West,Prepaid,Monthly,19,22.0,Smartphone-Budget,0,0,3.3,149,8,203.01,4357.81,1,20.3,4.19,29.7,11,0,221.6,1
TEL-10893,Central,Postpaid,Monthly,34,41.0,Feature,0,1,19.3,514,18,608.17,26508.37,0,0.0,3.05,18.4,5,0,798.18,0
TEL-10894,East,Postpaid,Monthly,38,51.0,Smartphone-Premium,1,0,13.2,317,18,352.65,13075.96,0,0.0,1.69,29.4,16,0,351.62,0
TEL-10895,East,Postpaid,Monthly,14,43.0,Smartphone-Budget,1,0,4.6,135,6,279.1,5287.83,1,42.1,1.25,34.2,3,1,370.43,1
TEL-10896,South,Postpaid,Annual,19,20.0,Smartphone-Budget,1,0,23.0,201,3,460.35,8958.3,4,38.0,2.15,22.4,16,0,482.85,0
TEL-10897,North,Prepaid,Monthly,22,28.0,Smartphone-Premium,1,0,26.3,161,9,301.49,6579.71,0,0.0,2.41,26.4,4,1,298.75,1
TEL-10898,South,Postpaid,Two-Year,34,43.0,Feature,1,0,1.9,300,25,198.11,6507.57,2,56.0,1.16,15.7,12,0,204.7,0
TEL-10899,South,Prepaid,Monthly,10,32.0,Smartphone-Premium,0,0,29.2,193,4,441.3,4897.08,2,,7.37,38.5,2,1,452.1,1
TEL-10900,West,Prepaid,Monthly,29,35.0,Feature,0,0,2.1,127,39,90.27,2968.13,0,0.0,5.56,33.5,5,0,105.88,0
TEL-10901,North,Postpaid,Annual,12,23.0,Smartphone-Budget,0,0,3.2,167,11,262.36,2993.33,0,0.0,9.32,28.4,29,0,257.17,0
TEL-10902,North,Postpaid,Monthly,18,28.0,Smartphone-Budget,1,0,30.1,154,6,502.82,9366.17,1,33.6,0.24,32.2,4,0,485.77,0
TEL-10903,West,Prepaid,Monthly,24,56.0,Smartphone-Budget,0,0,2.0,659,28,148.75,3602.57,1,11.4,2.72,29.8,16,1,146.65,1
TEL-10904,North,Postpaid,Annual,46,43.0,Smartphone-Budget,1,1,21.1,366,14,619.08,32351.44,0,0.0,4.19,34.4,4,0,728.99,0
TEL-10905,East,Prepaid,Monthly,44,24.0,Smartphone-Budget,1,0,16.4,298,20,327.88,15403.72,1,31.8,4.37,28.0,5,0,358.0,0
TEL-10906,Central,Postpaid,Annual,10,48.0,Smartphone-Budget,1,0,4.1,137,8,234.79,3075.68,1,13.9,0.44,18.5,17,0,311.29,0
TEL-10907,East,Prepaid,Monthly,33,40.0,Smartphone-Budget,1,0,13.0,344,22,261.39,15033.05,0,0.0,1.47,41.0,26,0,468.53,0
TEL-10908,West,Prepaid,Monthly,72,60.0,Feature,0,0,2.3,437,25,165.36,14525.59,0,0.0,3.59,6.8,18,0,195.1,0
TEL-10909,South,Prepaid,Monthly,7,38.0,Smartphone-Premium,0,0,18.7,254,10,246.23,2252.16,0,0.0,1.65,21.2,15,0,342.83,0
TEL-10910,South,Prepaid,Monthly,11,20.0,Smartphone-Premium,0,0,2.8,162,6,122.76,1425.21,1,2.5,2.11,27.9,5,0,124.11,0
TEL-10911,North,Prepaid,Monthly,50,56.0,Smartphone-Budget,0,0,2.9,480,28,146.04,10951.78,2,14.0,3.39,36.2,5,0,211.78,0
TEL-10912,West,Prepaid,Monthly,12,38.0,Smartphone-Premium,0,0,6.2,243,14,220.52,2498.83,1,6.0,9.68,34.6,13,0,201.09,0
TEL-10913,East,Postpaid,Annual,7,18.0,Smartphone-Budget,0,0,4.0,96,9,178.33,1999.36,0,0.0,1.16,33.4,21,0,280.06,0
TEL-10914,West,Prepaid,Monthly,1,47.0,Smartphone-Premium,0,0,33.2,79,2,427.07,386.21,3,14.7,3.96,18.4,3,0,424.48,0
TEL-10915,West,Postpaid,Monthly,20,25.0,Smartphone-Budget,0,0,4.4,119,7,213.28,5912.47,0,0.0,9.45,22.4,10,1,308.35,1
TEL-10916,West,Prepaid,Monthly,16,31.0,Smartphone-Premium,0,0,46.3,195,5,532.17,11985.55,0,0.0,2.78,29.1,13,0,755.47,0
TEL-10917,Central,Postpaid,Two-Year,21,37.0,Smartphone-Budget,0,1,29.4,206,7,655.34,18337.86,0,0.0,5.48,,5,0,830.88,0
TEL-10918,West,Postpaid,Annual,15,25.0,Smartphone-Budget,1,0,5.4,136,8,274.32,3812.87,4,19.2,1.79,30.6,21,0,258.71,0
TEL-10919,North,Prepaid,Monthly,8,20.0,Smartphone-Premium,0,1,46.0,324,9,697.33,6160.07,2,19.8,3.38,34.9,13,0,777.16,0
TEL-10920,East,Prepaid,Monthly,13,22.0,Smartphone-Budget,0,0,2.2,185,10,79.0,1292.02,0,0.0,0.93,24.3,14,1,97.2,1
TEL-10921,West,Prepaid,Monthly,13,18.0,Smartphone-Premium,0,0,44.3,238,3,458.55,6683.94,2,7.9,12.07,25.8,26,1,474.58,1
TEL-10922,North,Postpaid,Annual,5,21.0,Smartphone-Premium,0,0,25.4,166,5,475.26,2693.85,1,32.6,4.21,20.9,4,0,553.57,0
TEL-10923,Central,Postpaid,Monthly,56,31.0,Smartphone-Budget,0,1,0.7,455,17,443.13,25493.64,0,0.0,2.83,20.4,5,0,456.57,0
TEL-10924,South,Prepaid,Monthly,17,53.0,Smartphone-Budget,1,1,2.2,481,39,330.46,8375.34,0,0.0,3.4,15.3,7,0,487.13,0
TEL-10925,Central,Postpaid,Annual,13,29.0,Smartphone-Budget,1,0,5.3,190,9,290.46,4061.9,1,61.4,7.5,4.0,7,0,320.01,0
TEL-10926,North,Prepaid,Monthly,3,26.0,Smartphone-Premium,0,0,3.6,169,10,148.66,436.2,1,9.3,2.21,33.6,4,1,136.11,1
TEL-10927,South,Prepaid,Monthly,45,57.0,Feature,1,0,1.4,389,39,150.5,7073.09,2,15.8,1.77,24.5,2,0,153.95,0
TEL-10928,South,Postpaid,Annual,13,18.0,Smartphone-Budget,0,0,3.5,151,9,215.21,2983.89,0,0.0,1.76,31.9,19,1,227.22,1
TEL-10929,East,Prepaid,Monthly,46,39.0,Smartphone-Budget,0,1,12.0,356,20,380.14,21617.39,0,0.0,1.76,26.0,3,0,467.01,0
TEL-10930,South,Postpaid,Annual,57,48.0,Feature,1,0,12.2,226,21,295.57,17341.77,0,0.0,2.65,31.0,21,0,312.64,0
TEL-10931,North,Postpaid,Annual,9,32.0,Smartphone-Budget,1,1,24.3,256,6,611.07,5781.27,1,22.2,2.2,19.9,13,1,629.09,0
TEL-10932,Central,Postpaid,Annual,24,25.0,Smartphone-Budget,0,0,13.3,533,15,329.82,8412.51,3,29.9,7.03,2.4,12,0,356.58,0
TEL-10933,North,Prepaid,Annual,55,72.0,Feature,0,0,2.3,739,35,215.1,11916.87,0,0.0,1.17,18.3,10,0,217.94,0
TEL-10934,Central,Postpaid,Annual,43,50.0,Feature,0,0,22.0,283,16,446.46,19048.41,1,68.9,8.43,7.7,2,0,427.91,0
TEL-10935,North,Postpaid,Annual,40,62.0,Feature,0,0,1.2,703,35,353.21,16559.46,0,0.0,4.03,20.5,4,0,411.67,0
TEL-10936,Central,Postpaid,Monthly,11,34.0,Smartphone-Premium,1,0,4.4,125,10,279.75,2800.6,0,0.0,5.2,16.2,33,1,257.88,1
TEL-10937,Central,Postpaid,Annual,4,29.0,Smartphone-Budget,1,0,2.8,158,11,235.27,1001.11,0,0.0,3.51,19.8,9,0,250.06,0
TEL-10938,North,Prepaid,Monthly,33,46.0,Smartphone-Budget,0,0,13.7,415,17,221.09,8667.09,0,0.0,4.44,28.7,40,0,256.21,0
TEL-10939,West,Postpaid,Monthly,13,33.0,Feature,0,0,3.9,212,7,242.04,5319.72,0,0.0,1.97,31.8,2,1,393.54,1
TEL-10940,Central,Postpaid,Monthly,12,24.0,Smartphone-Budget,1,0,4.1,68,10,264.26,4306.05,1,53.4,4.61,11.2,4,1,342.07,0
TEL-10941,Central,Prepaid,Monthly,25,18.0,Smartphone-Budget,0,0,25.3,221,5,339.45,8048.93,0,0.0,4.27,23.6,17,1,311.78,1
TEL-10942,West,Prepaid,Annual,72,58.0,Smartphone-Budget,0,0,3.1,585,22,243.4,19293.48,0,0.0,0.36,35.8,11,0,263.62,0
TEL-10943,West,Prepaid,Monthly,12,18.0,Smartphone-Premium,1,0,4.0,68,9,133.78,1992.38,2,55.3,4.55,30.2,20,1,167.59,1
TEL-10944,Central,Postpaid,Monthly,24,44.0,Smartphone-Budget,0,0,15.3,332,16,355.38,10791.67,2,56.0,3.26,11.5,8,0,446.87,0
TEL-10945,Central,Postpaid,Annual,9,27.0,Feature,0,0,2.4,202,15,249.75,2696.98,0,0.0,4.78,16.9,0,0,292.17,0
TEL-10946,West,Prepaid,Annual,23,56.0,Smartphone-Budget,0,0,1.9,498,28,102.58,2629.72,0,0.0,5.22,25.0,5,0,114.09,0
TEL-10947,North,Prepaid,Monthly,41,55.0,Smartphone-Budget,1,0,3.2,363,38,142.64,8429.42,0,0.0,3.0,26.3,9,0,197.79,0
TEL-10948,South,Prepaid,Monthly,57,42.0,Smartphone-Budget,0,0,22.5,327,13,351.75,20861.79,0,0.0,2.47,37.5,13,0,376.05,0
TEL-10949,North,Prepaid,Monthly,12,18.0,Smartphone-Budget,0,0,2.9,194,2,154.32,2080.83,1,22.1,11.63,11.2,14,1,168.33,1
TEL-10950,North,Postpaid,Monthly,28,32.0,Feature,1,0,16.0,315,15,407.47,14629.13,0,0.0,2.4,33.5,12,0,511.0,1
TEL-10951,West,Postpaid,Two-Year,8,34.0,Feature,1,0,5.3,110,13,254.82,2117.79,0,0.0,6.5,16.0,32,0,273.94,0
TEL-10952,East,Prepaid,Monthly,30,36.0,Smartphone-Budget,0,0,21.2,397,13,304.98,11880.14,1,41.3,2.39,33.3,4,0,408.36,0
TEL-10953,South,Postpaid,Monthly,18,20.0,Smartphone-Budget,1,0,36.8,277,4,583.18,11044.89,0,0.0,2.29,32.7,32,1,621.03,1
TEL-10954,West,Prepaid,Monthly,34,43.0,Smartphone-Budget,0,0,2.2,409,34,180.92,5127.58,0,0.0,5.15,21.9,29,1,149.82,1
TEL-10955,East,Postpaid,Monthly,12,38.0,Smartphone-Premium,1,0,4.0,155,13,300.08,3439.59,1,1.0,2.09,38.2,2,0,293.3,0
TEL-10956,East,Postpaid,Monthly,3,26.0,Smartphone-Premium,1,0,2.7,100,3,222.11,772.7,0,0.0,2.1,20.6,10,1,261.64,0
TEL-10957,Central,Prepaid,Monthly,59,37.0,Smartphone-Budget,0,0,12.8,291,23,279.6,19346.06,1,37.0,7.9,12.9,13,0,323.24,0
TEL-10958,South,Postpaid,Annual,14,32.0,Smartphone-Budget,0,0,2.9,230,8,218.47,3178.72,0,0.0,5.45,29.1,23,0,236.33,0
TEL-10959,West,Prepaid,Monthly,44,40.0,Smartphone-Budget,0,0,11.0,354,12,246.14,11270.97,0,0.0,6.45,27.1,14,0,241.51,0
TEL-10960,North,Postpaid,Monthly,16,27.0,Smartphone-Premium,0,1,4.9,172,11,473.39,9456.49,2,32.8,3.08,22.8,9,0,578.84,0
TEL-10961,East,Postpaid,Monthly,12,42.0,Smartphone-Budget,0,0,25.7,208,12,438.8,5118.45,0,0.0,3.79,25.6,12,0,449.34,1
TEL-10962,North,Postpaid,Two-Year,15,44.0,Feature,0,0,12.3,279,17,367.69,5686.08,2,25.2,2.75,31.2,11,0,374.81,0
TEL-10963,East,Prepaid,Annual,18,24.0,Smartphone-Budget,0,0,33.0,242,6,408.36,7051.61,1,19.9,3.26,51.3,8,0,411.84,0
TEL-10964,North,Prepaid,Monthly,14,24.0,Smartphone-Premium,0,0,15.8,142,7,246.4,2951.77,0,0.0,1.22,35.7,0,0,219.71,0
TEL-10965,South,Prepaid,Monthly,2,44.0,Smartphone-Premium,0,0,39.4,236,8,464.34,978.41,2,17.4,4.84,29.6,13,0,477.25,0
TEL-10966,North,Prepaid,Monthly,10,18.0,Smartphone-Budget,1,0,3.8,164,6,182.26,2647.12,2,5.9,1.62,28.9,5,0,267.01,1
TEL-10967,South,Prepaid,Monthly,35,28.0,Smartphone-Premium,0,0,26.2,187,9,355.79,13313.53,0,0.0,1.86,31.5,23,0,402.49,0
TEL-10968,Central,Postpaid,Annual,17,20.0,Smartphone-Premium,0,1,35.5,206,7,686.05,12711.92,1,17.5,5.1,22.1,10,0,749.59,0
TEL-10969,South,Postpaid,Monthly,7,35.0,Smartphone-Premium,0,1,37.8,179,11,701.69,4419.08,2,24.1,2.83,26.6,6,1,690.69,1
TEL-10970,West,Prepaid,Monthly,10,26.0,Smartphone-Premium,0,0,4.7,170,3,143.6,3362.46,0,0.0,4.58,17.8,23,0,347.14,0
TEL-10971,Central,Postpaid,Annual,72,28.0,Smartphone-Budget,0,1,7.6,321,18,433.28,36093.53,0,0.0,5.73,23.2,8,0,490.0,0
TEL-10972,East,Postpaid,Monthly,13,41.0,Smartphone-Premium,1,0,31.8,175,3,550.3,7159.84,1,34.5,1.4,11.4,20,0,549.3,0
TEL-10973,South,Prepaid,Monthly,6,20.0,Feature,0,0,4.1,177,8,146.26,916.74,2,24.7,2.87,30.0,2,1,148.73,1
TEL-10974,Central,Postpaid,Monthly,12,18.0,Smartphone-Budget,1,0,36.0,216,10,623.12,8888.81,3,21.6,0.94,4.9,13,1,787.53,1
TEL-10975,North,Prepaid,Monthly,1,61.0,Feature,1,0,2.0,673,32,146.58,261.44,1,29.6,2.32,27.8,8,0,250.33,0
TEL-10976,West,Prepaid,Monthly,68,35.0,Feature,0,0,16.0,454,16,216.36,14389.12,1,,8.64,31.3,4,0,220.06,0
TEL-10977,South,Postpaid,Annual,72,34.0,Smartphone-Budget,0,1,26.3,377,9,656.15,53445.95,3,75.9,1.11,23.9,10,0,762.68,0
TEL-10978,South,Prepaid,Monthly,37,39.0,Smartphone-Budget,0,0,15.9,304,15,291.99,14229.84,1,48.1,4.76,30.6,8,0,365.26,0
TEL-10979,South,Postpaid,Monthly,6,21.0,Smartphone-Premium,0,0,3.8,113,8,232.12,2415.67,1,6.1,6.32,29.1,6,1,374.25,1
TEL-10980,East,Prepaid,Monthly,21,44.0,Smartphone-Premium,0,0,18.4,276,10,296.5,6625.97,2,6.2,3.49,17.0,5,0,309.24,0
TEL-10981,West,Postpaid,Annual,30,41.0,Smartphone-Budget,0,0,20.8,285,8,389.19,12307.78,2,17.4,6.19,23.4,14,0,429.27,0
TEL-10982,North,Prepaid,Monthly,52,30.0,Smartphone-Premium,0,0,24.1,250,12,347.77,19754.87,1,28.5,2.19,29.8,31,1,396.02,1
TEL-10983,South,Prepaid,Monthly,72,45.0,Feature,0,0,3.2,502,41,196.48,19743.71,1,48.9,2.15,28.8,20,0,264.01,0
TEL-10984,East,Prepaid,Annual,68,63.0,Feature,0,0,3.0,638,36,217.97,17299.29,0,0.0,1.29,34.6,32,0,248.09,0
TEL-10985,West,Postpaid,Annual,30,26.0,Smartphone-Premium,0,0,30.1,163,6,415.07,12305.71,0,0.0,4.35,11.4,12,0,416.55,0
TEL-10986,North,Postpaid,Monthly,4,18.0,Smartphone-Budget,0,1,34.8,215,8,674.76,4019.18,2,11.0,1.52,31.3,18,0,928.49,0
TEL-10987,West,Prepaid,Monthly,5,29.0,Smartphone-Budget,0,0,1.8,93,6,106.17,1158.68,0,0.0,1.69,23.3,27,1,230.71,1
TEL-10988,Central,Prepaid,Annual,36,68.0,Feature,0,0,2.5,704,31,185.53,8054.31,0,0.0,0.78,8.8,3,0,223.68,0
TEL-10989,West,Postpaid,Two-Year,43,51.0,Smartphone-Budget,1,1,11.4,389,17,535.34,23240.82,1,40.8,2.26,38.3,13,0,558.27,0
TEL-10990,West,Prepaid,Monthly,11,42.0,Smartphone-Budget,1,0,19.8,283,17,290.24,4380.51,0,0.0,2.21,26.5,8,0,390.71,0
TEL-10991,North,Prepaid,Monthly,12,37.0,Smartphone-Premium,0,0,3.4,174,10,209.44,3914.82,0,0.0,1.18,37.1,20,0,285.83,0
TEL-10992,East,Postpaid,Annual,43,42.0,Smartphone-Budget,1,1,14.1,537,14,565.98,25493.17,1,26.7,1.82,28.4,17,0,585.11,0
TEL-10993,West,Prepaid,Monthly,11,22.0,Feature,0,0,4.4,161,14,130.03,1621.03,0,0.0,0.32,31.0,16,0,142.94,0
TEL-10994,South,Postpaid,Two-Year,4,28.0,Smartphone-Budget,1,1,34.3,201,7,662.06,2740.58,1,4.9,6.81,26.7,9,0,671.59,0
TEL-10995,Central,Postpaid,Monthly,18,29.0,Smartphone-Premium,1,0,42.4,129,6,611.82,12120.32,1,33.8,0.84,14.4,11,0,666.39,0
TEL-10996,West,Postpaid,Annual,6,42.0,Smartphone-Budget,1,0,5.0,132,6,315.98,2228.3,1,1.6,2.03,23.0,9,0,382.03,0
TEL-10997,North,Prepaid,Monthly,72,34.0,Smartphone-Budget,1,1,23.3,390,16,498.19,43628.87,1,28.2,4.64,22.6,5,0,556.9,0
TEL-10998,South,Postpaid,Two-Year,7,28.0,Smartphone-Budget,0,0,4.1,185,13,307.03,2072.25,1,32.8,1.58,38.3,9,0,304.87,0
TEL-10999,North,Postpaid,Two-Year,39,48.0,Smartphone-Premium,1,0,15.1,566,15,399.98,14815.02,0,0.0,4.97,34.7,36,0,394.44,0
TEL-11000,Central,Postpaid,Annual,12,29.0,Smartphone-Budget,0,0,42.1,229,1,598.09,7374.02,0,0.0,2.91,18.5,12,0,629.9,0
TEL-11001,West,Prepaid,Monthly,9,35.0,Smartphone-Budget,0,0,5.3,164,10,198.32,2133.09,1,22.6,2.53,36.8,45,0,234.06,1
TEL-11002,West,Prepaid,Monthly,9,30.0,Smartphone-Premium,0,0,35.9,141,4,449.79,3920.06,0,0.0,2.42,27.1,15,0,448.98,0
TEL-11003,West,Postpaid,Annual,16,27.0,Smartphone-Premium,1,0,29.9,118,4,473.23,9815.13,1,8.5,4.07,34.9,10,0,587.93,0
TEL-11004,North,Prepaid,Monthly,4,18.0,Smartphone-Premium,0,0,4.4,129,7,154.63,819.89,0,0.0,3.45,18.6,4,1,203.05,1
TEL-11005,West,Postpaid,Annual,4,18.0,Smartphone-Premium,1,0,21.6,128,3,480.48,2114.01,0,0.0,3.28,26.8,14,0,521.1,0
TEL-11006,South,Prepaid,Monthly,11,27.0,Smartphone-Premium,0,0,49.4,316,6,525.82,5378.32,2,30.1,6.72,20.6,4,1,512.29,1
TEL-11007,East,Postpaid,Annual,1,40.0,Smartphone-Premium,1,0,23.0,491,17,491.49,488.47,1,12.3,4.0,26.5,27,0,516.13,0
TEL-11008,East,Postpaid,Monthly,7,29.0,Smartphone-Premium,0,0,3.8,108,11,242.27,1826.09,0,0.0,5.62,24.9,18,0,269.66,0
TEL-11009,South,Prepaid,Annual,22,18.0,Smartphone-Premium,0,0,35.4,138,8,397.73,9787.52,1,45.6,3.58,30.6,12,0,430.45,0
TEL-11010,North,Prepaid,Annual,15,40.0,Feature,0,0,4.9,174,9,220.95,3771.02,0,0.0,3.48,22.6,17,0,251.39,0
TEL-11011,South,Prepaid,Monthly,18,33.0,Smartphone-Premium,0,0,31.2,217,7,403.77,6896.04,0,0.0,1.13,23.8,10,0,385.16,0
TEL-11012,East,Postpaid,Two-Year,15,23.0,Smartphone-Budget,0,0,4.1,171,8,293.74,4961.34,1,5.9,1.08,20.6,18,0,324.95,0
TEL-11013,Central,Prepaid,Monthly,48,31.0,Smartphone-Premium,0,0,11.4,302,14,215.05,10402.24,2,24.2,0.39,28.3,5,0,226.92,0
TEL-11014,West,Postpaid,Monthly,2,34.0,Smartphone-Premium,1,0,40.5,232,1,559.56,1037.69,0,0.0,0.83,33.6,20,0,526.66,0
TEL-11015,Central,Prepaid,Annual,56,42.0,Smartphone-Budget,0,0,17.6,282,16,293.36,15456.71,0,0.0,1.99,17.5,9,0,275.88,0
TEL-11016,North,Prepaid,Annual,33,30.0,Smartphone-Premium,0,0,15.1,402,19,247.22,7912.54,0,0.0,3.95,23.1,9,0,249.38,0
TEL-11017,Central,Prepaid,Monthly,4,25.0,Smartphone-Budget,0,0,4.1,82,7,199.55,969.74,2,28.0,4.04,7.0,4,0,234.31,0
TEL-11018,West,Prepaid,Monthly,33,39.0,Smartphone-Budget,0,0,23.0,479,17,305.83,9530.54,1,29.5,2.13,24.9,23,1,302.41,1
TEL-11019,Central,Prepaid,Monthly,2,34.0,Smartphone-Premium,0,0,5.5,30,8,134.81,272.0,0,0.0,1.99,21.0,7,0,127.26,0
TEL-11020,South,Prepaid,Monthly,20,21.0,Smartphone-Budget,0,0,35.2,275,4,383.69,7382.23,0,0.0,4.7,39.6,4,0,398.38,0
TEL-11021,West,Postpaid,Annual,7,34.0,Smartphone-Budget,0,0,3.8,127,7,328.88,2393.21,3,43.8,7.65,21.0,12,0,350.18,0
TEL-11022,West,Prepaid,Monthly,59,44.0,Smartphone-Budget,0,0,16.4,236,19,191.13,12707.02,1,21.8,1.55,26.7,28,0,209.38,0
TEL-11023,North,Postpaid,Monthly,8,18.0,Smartphone-Budget,0,0,1.9,154,5,337.24,2772.69,0,0.0,1.1,33.9,5,1,343.39,0
TEL-11024,South,Postpaid,Annual,51,63.0,Smartphone-Budget,0,0,2.3,711,28,379.27,20372.89,0,0.0,0.18,24.5,22,0,399.78,0
TEL-11025,South,Postpaid,Monthly,13,42.0,Smartphone-Premium,1,0,2.6,198,5,256.83,3821.52,0,0.0,1.17,17.9,38,0,276.44,0
TEL-11026,West,Prepaid,Monthly,14,34.0,Smartphone-Budget,0,0,4.7,124,11,217.88,3264.01,0,0.0,1.2,33.0,18,0,234.42,0
TEL-11027,Central,Postpaid,Annual,41,48.0,Smartphone-Budget,0,1,18.7,242,14,583.71,26417.69,1,26.8,0.58,13.9,10,0,656.24,0
TEL-11028,South,Prepaid,Monthly,37,41.0,Smartphone-Budget,0,0,16.5,388,13,317.0,10992.25,0,0.0,6.54,24.7,13,0,299.0,0
TEL-11029,South,Postpaid,Annual,64,34.0,Smartphone-Budget,0,0,17.3,216,16,401.83,27245.16,3,3.5,2.68,26.8,4,0,445.81,0
TEL-11030,North,Postpaid,Annual,11,37.0,Smartphone-Budget,1,0,2.9,128,5,258.38,2965.3,2,77.2,0.46,23.2,7,0,263.51,0
TEL-11031,Central,Postpaid,Two-Year,2,31.0,Smartphone-Premium,1,0,3.4,191,3,210.74,463.42,1,46.7,1.94,13.8,7,0,236.31,0
TEL-11032,Central,Prepaid,Monthly,54,57.0,Feature,0,1,2.8,441,37,334.77,24200.21,1,9.2,2.51,20.4,21,0,457.21,0
TEL-11033,North,Prepaid,Monthly,13,21.0,Smartphone-Premium,0,0,3.6,102,17,181.59,2938.08,0,0.0,5.86,20.6,45,1,206.61,1
TEL-11034,West,Postpaid,Annual,42,31.0,Smartphone-Budget,1,0,7.4,412,15,405.91,16005.67,0,0.0,1.85,25.9,15,0,424.08,0
TEL-11035,East,Prepaid,Monthly,1,19.0,Smartphone-Budget,0,0,3.4,141,9,174.07,187.63,2,73.7,1.56,24.4,19,1,187.44,1
TEL-11036,South,Prepaid,Monthly,16,27.0,Smartphone-Budget,0,0,1.2,88,7,92.19,1327.3,1,14.2,2.09,17.7,5,0,79.77,0
TEL-11037,West,Prepaid,Monthly,5,25.0,Smartphone-Budget,0,0,4.0,145,8,199.57,1578.95,0,0.0,8.11,9.5,17,1,326.9,1
TEL-11038,West,Postpaid,Monthly,21,41.0,Smartphone-Premium,0,0,3.4,206,14,290.12,7610.7,0,0.0,3.31,37.3,7,0,350.93,0
TEL-11039,Central,Prepaid,Monthly,34,55.0,Feature,1,0,2.4,423,28,172.66,6147.66,1,45.6,5.51,5.4,13,1,183.97,0
TEL-11040,West,Prepaid,Monthly,72,49.0,Smartphone-Budget,0,0,15.5,364,22,261.84,18068.14,0,0.0,4.23,29.1,4,1,268.36,1
TEL-11041,Central,Prepaid,Monthly,42,44.0,Smartphone-Premium,0,1,5.2,397,13,334.06,21935.7,0,0.0,2.86,1.2,1,0,507.69,0
TEL-11042,East,Prepaid,Monthly,1,26.0,Smartphone-Budget,1,0,17.3,223,13,236.25,235.82,2,9.5,0.74,26.8,2,1,249.98,1
TEL-11043,North,Prepaid,Monthly,18,30.0,Smartphone-Budget,0,0,2.9,100,14,84.7,1720.06,0,0.0,3.84,28.6,19,0,93.76,0
TEL-11044,North,Postpaid,Monthly,23,50.0,Smartphone-Budget,0,0,2.6,560,42,332.34,12046.26,2,9.3,3.75,22.6,5,0,514.57,0
TEL-11045,West,Prepaid,Monthly,19,49.0,Smartphone-Budget,0,0,20.8,490,14,327.08,6752.02,2,11.6,0.89,20.6,6,1,348.95,1
TEL-11046,North,Prepaid,Monthly,34,48.0,Smartphone-Budget,0,1,3.0,189,40,288.58,12564.1,0,0.0,1.84,37.5,11,0,367.92,0
TEL-11047,West,Prepaid,Monthly,7,22.0,Smartphone-Budget,0,0,4.7,124,10,192.74,1211.72,0,0.0,2.4,30.4,14,0,182.67,0
TEL-11048,West,Postpaid,Monthly,1,42.0,Smartphone-Budget,1,0,11.7,353,20,360.66,319.11,1,16.0,2.38,15.1,13,1,322.84,1
TEL-11049,West,Postpaid,Annual,1,41.0,Smartphone-Budget,0,0,12.4,244,16,380.86,376.52,2,76.8,0.28,28.3,25,0,389.76,0
TEL-11050,West,Prepaid,Monthly,8,20.0,Smartphone-Premium,0,0,5.0,96,5,169.82,1329.55,2,16.6,5.6,34.7,6,1,162.49,1
TEL-11051,West,Prepaid,Monthly,17,23.0,Smartphone-Budget,0,1,40.5,183,8,627.55,12240.11,0,0.0,0.56,19.4,13,0,732.51,0
TEL-11052,Central,Prepaid,Monthly,12,23.0,Smartphone-Premium,0,0,6.1,145,8,180.27,2223.61,1,93.0,3.26,11.2,6,1,184.15,1
TEL-11053,West,Prepaid,Monthly,14,18.0,Smartphone-Budget,0,0,38.4,250,6,445.09,6344.52,1,8.0,2.4,36.5,14,0,444.88,0
TEL-11054,East,Postpaid,Annual,66,38.0,Smartphone-Budget,0,0,23.1,306,20,449.39,31409.61,0,0.0,1.69,27.6,13,0,463.51,0
TEL-11055,East,Postpaid,Monthly,7,29.0,Smartphone-Premium,1,0,3.1,223,9,222.09,1481.47,0,0.0,6.58,29.4,8,0,202.43,0
TEL-11056,Central,Postpaid,Two-Year,36,37.0,Smartphone-Budget,0,1,21.8,251,21,586.79,31527.6,2,63.7,1.23,18.0,17,0,808.84,0
TEL-11057,Central,Postpaid,Annual,15,29.0,Smartphone-Premium,0,0,26.2,180,9,503.16,8354.06,0,0.0,2.8,14.0,9,0,516.47,0
TEL-11058,North,Prepaid,Monthly,9,25.0,Smartphone-Budget,0,0,3.9,162,16,164.13,1351.12,0,0.0,2.25,34.2,3,0,170.5,0
TEL-11059,North,Postpaid,Monthly,33,60.0,Feature,0,0,2.7,431,42,296.88,9841.09,2,21.5,0.59,34.0,4,1,294.25,1
TEL-11060,North,Postpaid,Annual,56,45.0,Smartphone-Budget,1,0,7.8,407,19,386.46,22064.68,1,12.6,6.3,37.2,48,0,389.43,0
TEL-11061,South,Postpaid,Monthly,60,66.0,Feature,1,0,2.8,348,37,277.56,14763.59,0,0.0,1.28,18.1,5,0,275.56,0
TEL-11062,North,Postpaid,Two-Year,16,35.0,Smartphone-Premium,0,0,23.3,294,6,489.17,9142.6,0,0.0,1.24,36.8,29,0,572.48,0
TEL-11063,South,Postpaid,Annual,11,48.0,Smartphone-Premium,0,0,4.3,116,5,281.36,3821.33,1,35.6,2.7,16.4,12,1,353.6,1
TEL-11064,East,Prepaid,Monthly,42,38.0,Feature,1,1,22.5,279,18,505.41,22747.08,1,30.3,5.0,36.2,9,1,552.86,1
TEL-11065,South,Prepaid,Annual,56,42.0,Smartphone-Budget,0,0,15.2,365,18,332.34,26172.77,1,16.3,5.56,18.4,10,0,426.98,0
TEL-11066,West,Postpaid,Monthly,65,51.0,Smartphone-Budget,0,1,0.1,238,11,367.72,27605.96,1,23.2,3.77,40.4,11,0,421.04,0
TEL-11067,North,Prepaid,Monthly,15,28.0,Smartphone-Budget,0,0,3.9,217,13,130.36,2232.26,0,0.0,2.4,30.2,9,0,147.36,0
TEL-11068,West,Prepaid,Annual,35,27.0,Smartphone-Budget,0,1,10.6,343,18,407.18,18531.42,1,75.6,2.7,14.9,4,0,541.34,0
TEL-11069,South,Prepaid,Monthly,18,22.0,Smartphone-Premium,0,0,36.6,174,5,365.67,9622.17,0,0.0,5.23,28.5,21,0,546.79,0
TEL-11070,West,Prepaid,Annual,12,32.0,Smartphone-Budget,0,0,27.1,152,5,343.43,5094.14,0,0.0,3.45,26.1,2,0,422.32,0
TEL-11071,West,Postpaid,Monthly,10,18.0,Smartphone-Budget,0,0,3.5,87,11,256.53,2356.64,1,8.5,3.43,19.6,20,0,227.47,0
TEL-11072,East,Postpaid,Two-Year,7,18.0,Smartphone-Premium,0,0,3.9,104,6,251.21,1890.4,0,0.0,5.1,,18,0,263.37,0
TEL-11073,Central,Postpaid,Monthly,15,25.0,Smartphone-Premium,1,0,27.3,142,5,427.67,6324.63,2,15.8,5.2,21.6,10,0,437.78,1
TEL-11074,West,Prepaid,Monthly,15,28.0,Smartphone-Budget,1,0,3.4,140,9,156.96,1683.05,0,0.0,3.76,29.5,14,0,116.85,0
TEL-11075,North,Prepaid,Monthly,12,41.0,Feature,0,1,4.6,148,11,303.71,6127.53,1,71.3,5.96,30.3,22,0,458.56,1
TEL-11076,East,Postpaid,Monthly,67,34.0,Smartphone-Premium,1,0,16.0,295,15,401.65,26141.27,0,0.0,1.86,19.7,13,0,392.78,0
TEL-11077,West,Prepaid,Monthly,14,30.0,Smartphone-Premium,0,0,35.0,80,5,476.68,6392.83,0,0.0,3.33,31.3,11,0,477.78,0
TEL-11078,East,Postpaid,Annual,9,33.0,Smartphone-Budget,1,0,2.7,216,11,261.9,2066.07,1,30.7,2.86,24.7,18,0,242.12,0
TEL-11079,East,Prepaid,Monthly,10,18.0,Smartphone-Premium,0,0,2.7,93,7,170.21,2912.38,1,14.3,3.48,15.3,10,1,279.1,1
TEL-11080,South,Prepaid,Monthly,6,30.0,Smartphone-Premium,0,0,26.4,143,7,362.79,3002.91,1,16.4,6.14,27.1,16,1,470.0,1
TEL-11081,Central,Prepaid,Monthly,43,21.0,Smartphone-Budget,1,0,14.6,260,19,229.38,9291.8,1,21.8,1.98,9.0,7,0,210.25,0
TEL-11082,North,Prepaid,Monthly,5,18.0,Smartphone-Budget,0,0,37.0,159,8,489.19,2493.3,1,9.7,1.87,17.1,9,1,478.49,1
TEL-11083,South,Prepaid,Monthly,10,19.0,Smartphone-Budget,0,0,4.9,105,12,181.13,2302.86,0,0.0,2.86,18.4,14,0,254.24,0
TEL-11084,West,Postpaid,Two-Year,37,46.0,Feature,0,0,1.5,480,26,330.29,13653.68,2,15.9,2.75,21.4,11,0,372.81,0
TEL-11085,North,Prepaid,Monthly,37,36.0,Smartphone-Budget,1,0,24.0,342,20,288.1,10214.73,0,0.0,2.21,16.2,6,0,258.05,0
TEL-11086,North,Prepaid,Monthly,8,28.0,Smartphone-Budget,0,0,27.4,225,4,349.28,2954.6,0,0.0,3.58,25.6,17,0,364.32,0
TEL-11087,North,Prepaid,Monthly,27,52.0,Smartphone-Budget,0,0,15.1,397,11,280.84,8232.47,1,57.7,3.03,12.2,19,1,287.11,1
TEL-11088,West,Prepaid,Monthly,10,31.0,Smartphone-Premium,0,0,17.6,371,22,320.99,3909.08,1,7.4,6.48,20.0,7,1,402.6,1
TEL-11089,Central,Prepaid,Monthly,12,25.0,Smartphone-Budget,0,0,2.6,120,7,156.97,2513.47,3,10.8,6.12,9.0,32,0,211.49,0
TEL-11090,Central,Prepaid,Monthly,16,47.0,Feature,0,0,3.0,552,31,212.86,3719.32,1,46.3,3.89,16.3,5,1,234.64,1
TEL-11091,East,Prepaid,Monthly,4,24.0,Smartphone-Premium,0,0,31.5,194,8,287.99,1021.73,3,27.6,2.42,10.5,34,1,282.42,1
TEL-11092,East,Prepaid,Monthly,14,38.0,Smartphone-Premium,0,0,29.8,213,3,320.74,5887.56,1,26.9,2.42,39.8,7,0,442.96,0
TEL-11093,North,Prepaid,Monthly,16,43.0,Feature,0,0,1.5,476,40,175.63,3790.96,1,17.3,3.38,26.2,2,0,238.65,0
TEL-11094,North,Postpaid,Two-Year,9,18.0,Smartphone-Premium,1,0,5.6,203,11,368.56,3503.95,1,16.9,0.55,11.3,17,0,380.77,0
TEL-11095,West,Postpaid,Two-Year,2,35.0,Smartphone-Premium,0,0,4.2,143,8,293.04,597.04,2,17.8,8.07,25.7,11,0,305.54,0
TEL-11096,West,Prepaid,Annual,15,27.0,Smartphone-Budget,0,0,28.1,230,5,346.4,5387.61,0,0.0,6.83,,2,0,347.97,0
TEL-11097,West,Prepaid,Monthly,11,25.0,Smartphone-Budget,0,0,39.2,144,8,468.12,5502.15,0,0.0,2.11,24.2,12,0,486.31,0
TEL-11098,South,Prepaid,Monthly,9,46.0,Smartphone-Budget,0,0,21.8,386,16,385.38,3684.5,0,0.0,5.67,32.7,10,0,419.37,0
TEL-11099,North,Prepaid,Monthly,18,28.0,Smartphone-Budget,0,0,44.4,185,6,471.9,10653.51,0,0.0,3.35,35.7,13,1,594.7,1
TEL-11100,West,Postpaid,Monthly,48,40.0,Smartphone-Budget,0,1,23.1,651,15,637.99,32800.55,3,19.5,6.52,40.9,10,0,766.18,0
TEL-11101,South,Prepaid,Monthly,6,18.0,Feature,1,0,3.6,199,7,108.97,665.16,0,0.0,1.5,18.2,2,0,114.8,0
TEL-11102,West,Postpaid,Monthly,41,61.0,Smartphone-Budget,0,0,1.9,321,38,242.79,10813.7,2,19.4,0.88,38.6,4,0,257.03,0
TEL-11103,North,Prepaid,Monthly,61,49.0,Smartphone-Budget,0,0,14.9,203,10,174.7,13480.89,0,0.0,3.91,23.4,6,0,208.02,0
TEL-11104,Central,Prepaid,Monthly,10,26.0,Smartphone-Budget,1,0,5.6,125,7,181.01,2000.17,2,1.0,1.04,15.7,11,0,200.43,0
TEL-11105,North,Postpaid,Annual,44,49.0,Feature,0,0,2.6,997,27,328.95,14722.26,2,4.1,2.2,16.8,3,0,330.92,0
TEL-11106,East,Prepaid,Monthly,72,52.0,Feature,0,0,2.8,419,32,190.41,18128.87,0,0.0,2.72,26.7,3,0,246.03,0
TEL-11107,North,Postpaid,Monthly,8,18.0,Smartphone-Budget,0,0,5.2,36,9,230.89,1939.6,2,,5.7,22.1,8,1,253.69,1
TEL-11108,West,Prepaid,Monthly,12,29.0,Smartphone-Budget,0,0,4.0,102,9,138.6,2043.45,1,41.5,5.03,36.8,5,1,172.39,1
TEL-11109,North,Prepaid,Monthly,65,40.0,Feature,0,0,2.1,565,36,151.97,8247.23,3,22.7,1.84,,13,1,129.01,1
TEL-11110,South,Prepaid,Monthly,1,32.0,Smartphone-Budget,0,0,3.2,187,10,141.35,116.94,0,0.0,5.81,28.1,14,0,110.07,0
TEL-11111,South,Prepaid,Monthly,10,31.0,Smartphone-Premium,0,0,28.2,192,5,406.47,4438.6,2,42.6,3.69,18.8,8,0,452.52,0
TEL-11112,Central,Prepaid,Monthly,72,48.0,Smartphone-Budget,0,0,2.8,243,39,163.07,15070.53,1,25.7,8.85,5.7,8,1,198.39,1
TEL-11113,East,Postpaid,Monthly,20,36.0,Smartphone-Premium,0,0,24.0,180,4,483.13,9881.95,0,,5.36,23.4,5,0,482.84,0
TEL-11114,South,Postpaid,Annual,25,65.0,Feature,1,0,3.2,600,24,324.06,9654.26,0,0.0,2.76,24.3,4,1,388.38,0
TEL-11115,South,Prepaid,Annual,72,21.0,Smartphone-Premium,0,1,22.4,245,16,438.76,35141.4,2,4.8,2.3,23.4,10,0,494.08,0
TEL-11116,West,Prepaid,Monthly,47,56.0,Feature,0,0,2.1,511,30,154.3,6463.68,1,2.4,0.59,24.6,20,0,142.22,0
TEL-11117,East,Prepaid,Annual,59,31.0,Smartphone-Budget,0,0,2.9,755,35,220.09,14357.06,2,29.4,2.26,36.6,26,1,241.33,0
TEL-11118,North,Prepaid,Annual,54,44.0,Feature,0,0,1.6,526,38,204.29,16031.7,0,0.0,0.95,33.6,4,0,297.91,0
TEL-11119,Central,Postpaid,Monthly,7,25.0,Smartphone-Premium,0,0,3.3,53,5,268.61,2186.41,0,0.0,2.79,16.1,2,0,322.74,0
TEL-11120,East,Prepaid,Monthly,11,26.0,Smartphone-Budget,0,1,36.1,106,3,555.91,6977.0,0,0.0,5.47,32.6,11,0,655.62,0
TEL-11121,North,Prepaid,Monthly,16,29.0,Smartphone-Premium,0,0,30.4,121,7,390.37,7242.39,0,0.0,3.57,27.9,9,0,481.32,0
TEL-11122,East,Prepaid,Monthly,1,27.0,Smartphone-Premium,0,0,5.8,107,6,137.65,175.34,1,23.3,1.39,39.1,4,0,175.82,0
TEL-11123,North,Prepaid,Annual,46,65.0,Feature,0,0,1.8,481,35,197.36,11555.49,2,8.5,5.33,31.2,2,0,241.81,0
TEL-11124,South,Prepaid,Monthly,16,36.0,Smartphone-Budget,0,0,4.3,182,3,124.63,1509.11,0,0.0,0.83,30.5,37,0,97.37,0
TEL-11125,South,Prepaid,Monthly,17,21.0,Smartphone-Budget,0,1,43.2,325,5,657.89,11817.48,1,18.8,6.55,25.3,4,1,684.24,1
TEL-11126,West,Prepaid,Monthly,13,34.0,Smartphone-Premium,0,0,42.8,220,6,492.57,6801.37,0,0.0,6.81,27.8,6,1,503.52,1
TEL-11127,North,Prepaid,Monthly,72,40.0,Smartphone-Budget,0,1,16.6,362,17,485.07,44799.2,1,33.3,1.46,22.8,19,1,624.92,0
TEL-11128,North,Prepaid,Monthly,11,28.0,Feature,0,0,5.1,100,9,98.28,1046.57,0,0.0,0.61,31.9,11,0,92.9,0
TEL-11129,South,Prepaid,Monthly,1,29.0,Smartphone-Budget,0,0,3.1,157,8,169.03,268.54,1,15.8,3.02,19.5,14,1,269.82,1
TEL-11130,North,Prepaid,Annual,18,27.0,Smartphone-Premium,0,0,31.7,326,8,412.34,7559.74,2,18.3,7.76,32.2,8,0,425.84,0
TEL-11131,Central,Prepaid,Monthly,12,29.0,Smartphone-Premium,0,0,30.2,290,4,374.78,4511.35,1,4.2,5.35,13.2,21,1,392.68,1
TEL-11132,West,Postpaid,Monthly,26,34.0,Smartphone-Premium,0,0,29.5,305,8,537.56,14750.2,0,0.0,0.81,17.6,6,0,553.72,0
TEL-11133,East,Prepaid,Monthly,15,50.0,Feature,0,0,2.6,807,37,193.86,3078.3,1,13.4,3.01,27.9,1,1,210.29,0
TEL-11134,East,Prepaid,Annual,7,61.0,Smartphone-Budget,0,0,1.4,695,36,228.42,1481.02,1,3.0,6.18,,4,0,215.54,0
TEL-11135,North,Prepaid,Monthly,72,49.0,Smartphone-Budget,0,1,28.5,266,16,572.92,48919.57,3,13.3,3.65,37.1,6,0,719.6,0
TEL-11136,West,Prepaid,Monthly,11,18.0,Smartphone-Premium,0,0,6.4,163,4,164.41,2870.32,0,0.0,3.08,17.1,9,1,258.35,0
TEL-11137,South,Postpaid,Two-Year,10,27.0,Smartphone-Budget,0,0,3.7,176,7,257.8,3097.07,0,0.0,0.82,14.6,13,1,298.89,0
TEL-11138,East,Prepaid,Monthly,7,30.0,Smartphone-Budget,0,0,3.2,150,11,181.04,1310.77,1,15.7,6.08,22.4,13,1,201.14,1
TEL-11139,East,Postpaid,Monthly,7,30.0,Smartphone-Budget,1,0,5.5,124,9,305.38,3213.15,3,12.8,3.85,28.6,36,1,451.01,1
TEL-11140,West,Postpaid,Annual,56,43.0,Smartphone-Premium,0,1,23.6,168,14,624.04,39550.2,3,46.3,1.55,32.0,7,0,670.81,0
TEL-11141,North,Prepaid,Monthly,26,56.0,Smartphone-Budget,0,1,12.3,301,14,392.94,11178.31,1,22.1,2.8,29.2,2,0,430.58,0
TEL-11142,North,Postpaid,Monthly,31,33.0,Smartphone-Premium,1,0,11.9,342,24,378.22,12117.49,1,22.9,2.71,25.5,19,1,379.56,1
TEL-11143,Central,Prepaid,Monthly,9,35.0,Smartphone-Budget,0,0,38.5,192,8,485.96,4700.92,0,0.0,2.4,19.1,7,0,524.39,0
TEL-11144,North,Postpaid,Annual,30,57.0,Smartphone-Budget,1,0,16.2,341,18,333.29,12501.62,0,0.0,5.27,30.2,6,1,401.89,0
TEL-11145,North,Postpaid,Monthly,4,24.0,Smartphone-Budget,1,0,4.1,206,8,262.83,1074.14,0,0.0,8.85,16.1,16,1,265.0,1
TEL-11146,West,Prepaid,Monthly,11,61.0,Feature,0,0,1.7,387,33,149.28,1932.64,0,0.0,2.73,40.4,11,0,174.05,1
TEL-11147,West,Prepaid,Monthly,41,44.0,Smartphone-Budget,0,0,11.1,284,12,202.36,7278.85,0,0.0,3.61,31.4,26,0,192.67,0
TEL-11148,South,Postpaid,Two-Year,38,31.0,Smartphone-Premium,0,0,12.8,330,14,330.82,14308.07,1,,4.59,19.6,3,0,368.0,0
TEL-11149,South,Postpaid,Annual,9,33.0,Smartphone-Premium,0,0,5.0,158,6,226.84,2023.35,0,0.0,1.39,28.5,1,0,215.56,0
TEL-11150,West,Postpaid,Monthly,9,33.0,Smartphone-Budget,1,0,1.8,204,5,279.64,2655.8,1,37.7,0.94,22.2,12,0,304.08,1
TEL-11151,South,Prepaid,Monthly,1,38.0,Smartphone-Budget,0,0,24.6,345,14,303.32,292.5,1,45.2,0.51,21.1,9,0,289.0,0
TEL-11152,Central,Postpaid,Annual,15,25.0,Smartphone-Premium,0,0,32.2,162,4,503.3,7655.68,0,0.0,2.12,20.9,14,0,544.0,0
TEL-11153,West,Prepaid,Monthly,18,29.0,Smartphone-Budget,0,0,3.9,149,7,110.59,1453.08,2,10.8,5.62,32.6,4,1,76.66,1
TEL-11154,East,Postpaid,Monthly,12,18.0,Smartphone-Premium,1,0,40.9,252,6,601.21,7284.83,1,9.3,0.97,24.6,19,0,619.21,0
TEL-11155,North,Prepaid,Monthly,15,61.0,Feature,0,0,2.5,583,31,119.57,3009.55,1,6.4,0.18,40.7,14,0,208.02,0
TEL-11156,East,Postpaid,Annual,41,65.0,Feature,0,0,2.4,593,33,279.41,11003.88,2,30.3,6.47,39.1,6,0,267.52,0
TEL-11157,West,Prepaid,Monthly,52,43.0,Smartphone-Budget,0,0,2.8,398,21,224.01,14047.23,1,5.7,2.21,18.4,11,0,277.31,0
TEL-11158,South,Prepaid,Monthly,56,56.0,Smartphone-Budget,0,0,1.4,592,34,177.94,10463.71,0,0.0,2.43,31.5,4,0,185.58,0
TEL-11159,North,Prepaid,Monthly,7,39.0,Smartphone-Budget,0,0,4.1,84,2,122.52,892.37,0,0.0,3.65,11.2,11,1,122.42,1
TEL-11160,South,Prepaid,Monthly,72,72.0,Smartphone-Budget,0,0,2.5,600,41,218.63,17438.26,0,,4.97,13.7,18,0,236.15,0
TEL-11161,Central,Prepaid,Monthly,23,56.0,Smartphone-Premium,0,0,13.6,407,12,227.33,5325.5,0,0.0,1.45,20.2,15,0,248.57,1
TEL-11162,East,Postpaid,Monthly,9,43.0,Smartphone-Budget,0,0,2.3,191,9,238.74,2429.86,2,155.8,5.36,19.9,13,1,274.26,1
TEL-11163,Central,Prepaid,Annual,24,29.0,Smartphone-Premium,0,0,16.3,212,2,309.16,9228.75,0,0.0,4.65,17.4,12,0,372.0,0
TEL-11164,Central,Postpaid,Annual,45,49.0,Smartphone-Premium,1,1,24.9,156,17,662.54,28669.19,2,26.4,7.43,8.0,30,0,640.98,0
TEL-11165,North,Prepaid,Monthly,42,69.0,Smartphone-Budget,0,0,1.0,373,31,153.0,6862.68,0,0.0,2.51,38.5,2,1,150.02,1
TEL-11166,South,Prepaid,Annual,8,29.0,Smartphone-Budget,0,0,2.4,116,14,152.8,1247.48,0,0.0,0.24,24.2,25,0,156.45,0
TEL-11167,North,Prepaid,Monthly,5,21.0,Smartphone-Premium,0,0,19.0,179,5,224.21,1379.08,1,5.8,2.45,17.1,21,1,267.95,1
TEL-11168,East,Postpaid,Monthly,43,49.0,Feature,0,0,2.3,404,47,294.41,14208.95,0,0.0,3.42,20.7,35,0,350.13,0
TEL-11169,North,Prepaid,Monthly,18,25.0,Smartphone-Premium,0,0,37.5,161,1,448.35,8616.17,1,7.0,3.02,18.1,15,0,482.19,0
TEL-11170,North,Prepaid,Annual,67,52.0,Smartphone-Budget,0,0,1.4,625,38,136.89,14476.36,2,64.6,1.61,39.6,19,0,216.65,0
TEL-11171,North,Postpaid,Monthly,20,34.0,Feature,1,1,17.6,296,20,545.33,13539.99,0,0.0,1.75,30.9,12,0,714.21,0
TEL-11172,Central,Postpaid,Monthly,51,69.0,Smartphone-Premium,0,1,18.5,250,18,504.89,24486.34,1,13.7,3.04,7.8,7,1,530.23,1
TEL-11173,South,Prepaid,Monthly,15,22.0,Smartphone-Budget,0,0,5.2,108,6,152.62,3122.41,1,27.5,0.67,27.3,7,1,201.83,1
TEL-11174,East,Prepaid,Monthly,60,39.0,Smartphone-Budget,0,0,20.7,217,12,284.24,17966.12,1,11.7,6.89,20.6,11,0,303.67,1
TEL-11175,West,Postpaid,Monthly,4,22.0,Smartphone-Budget,1,0,3.1,99,16,249.55,1162.32,1,11.4,2.75,13.8,16,1,299.16,1
TEL-11176,North,Prepaid,Monthly,13,28.0,Smartphone-Budget,1,0,3.3,170,11,148.08,1704.68,0,0.0,0.78,30.8,33,0,138.35,0
TEL-11177,North,Prepaid,Monthly,44,26.0,Smartphone-Budget,0,0,12.5,290,11,206.3,8044.26,0,0.0,2.43,29.4,8,1,178.81,1
TEL-11178,West,Prepaid,Monthly,17,54.0,Smartphone-Budget,0,0,16.1,224,14,269.67,4756.97,0,0.0,2.68,18.6,17,1,288.68,1
TEL-11179,South,Prepaid,Monthly,64,27.0,Smartphone-Premium,0,0,24.0,357,14,309.02,18151.04,0,0.0,4.35,37.5,8,0,310.51,0
TEL-11180,East,Prepaid,Monthly,33,61.0,Feature,0,0,2.4,424,31,92.51,3935.55,0,0.0,3.66,39.3,25,0,120.52,0
TEL-11181,Central,Postpaid,Monthly,40,55.0,Feature,1,0,1.7,384,32,322.98,13099.06,0,0.0,2.58,18.2,13,0,317.78,0
TEL-11182,North,Prepaid,Monthly,34,43.0,Smartphone-Budget,0,1,11.7,373,14,391.93,14904.18,1,78.6,4.15,31.4,15,0,427.32,0
TEL-11183,East,Postpaid,Monthly,17,56.0,Smartphone-Budget,1,0,1.5,188,28,252.04,5824.55,0,0.0,2.76,25.3,24,0,320.16,0
TEL-11184,North,Prepaid,Monthly,57,33.0,Smartphone-Premium,0,0,23.7,345,11,263.27,16019.54,2,18.7,5.43,41.2,1,0,303.88,0
TEL-11185,East,Prepaid,Monthly,46,61.0,Smartphone-Budget,0,0,2.0,741,35,237.51,10856.87,0,0.0,4.0,29.2,5,0,259.77,0
TEL-11186,North,Postpaid,Two-Year,11,18.0,Smartphone-Premium,0,0,30.3,196,6,506.51,6236.99,2,16.9,1.11,23.5,5,0,559.93,0
TEL-11187,North,Prepaid,Monthly,9,37.0,Smartphone-Premium,1,1,9.8,339,18,373.08,3308.68,2,1.3,2.5,32.7,14,1,378.45,0
TEL-11188,South,Prepaid,Monthly,12,18.0,Smartphone-Premium,0,1,36.9,97,5,590.61,7329.16,1,,3.24,16.2,37,0,605.55,0
TEL-11189,East,Postpaid,Annual,33,38.0,Smartphone-Budget,0,0,10.9,277,17,315.54,10886.61,4,30.3,2.24,24.4,6,0,332.42,0
TEL-11190,Central,Prepaid,Monthly,11,18.0,Smartphone-Premium,0,0,5.0,146,6,175.83,2228.0,1,52.4,1.76,24.3,3,0,199.54,0
TEL-11191,Central,Postpaid,Annual,10,39.0,Smartphone-Premium,1,0,28.5,254,3,476.02,4758.6,3,15.8,4.77,9.9,20,0,480.96,0
TEL-11192,West,Prepaid,Monthly,11,29.0,Smartphone-Premium,1,0,28.9,168,12,330.95,4119.58,1,28.7,5.23,25.7,11,0,348.98,0
TEL-11193,South,Prepaid,Monthly,2,34.0,Smartphone-Premium,0,0,5.5,242,13,202.6,323.37,1,7.5,7.4,20.3,6,0,164.57,1
TEL-11194,West,Postpaid,Monthly,5,18.0,Smartphone-Premium,1,0,39.6,154,8,584.17,2968.3,0,0.0,6.6,23.0,13,0,583.56,0
TEL-11195,North,Postpaid,Monthly,22,25.0,Smartphone-Budget,1,0,14.1,401,16,405.72,10227.38,0,,6.5,14.6,2,0,474.67,0
TEL-11196,Central,Prepaid,Monthly,29,29.0,Smartphone-Budget,0,0,13.3,148,3,222.66,6740.42,1,36.5,5.03,16.6,4,1,236.25,1
TEL-11197,North,Prepaid,Monthly,20,26.0,Smartphone-Budget,1,0,31.6,178,13,465.09,9738.99,1,10.6,3.21,29.3,6,0,504.73,0
TEL-11198,East,Prepaid,Monthly,12,37.0,Smartphone-Budget,0,0,11.3,262,9,187.83,2277.56,2,16.9,1.38,29.5,5,0,179.98,0
TEL-11199,East,Postpaid,Annual,19,42.0,Smartphone-Premium,1,0,22.5,265,13,410.81,8050.98,1,15.5,6.13,22.3,26,0,437.74,0
TEL-11200,East,Postpaid,Monthly,41,58.0,Feature,0,0,2.1,612,32,317.24,14031.95,2,8.3,3.28,29.0,6,0,328.96,0
TEL-11201,East,Postpaid,Two-Year,15,20.0,Smartphone-Budget,0,0,25.9,158,8,417.1,6137.63,1,19.0,1.48,21.1,3,0,404.94,0
TEL-11202,West,Prepaid,Monthly,6,25.0,Smartphone-Premium,1,0,3.3,172,8,79.0,876.24,2,6.5,7.87,30.0,2,0,144.78,0
TEL-11203,West,Postpaid,Monthly,9,18.0,Smartphone-Budget,1,0,5.4,192,8,254.06,2021.49,1,7.4,4.06,21.7,6,0,230.28,0
TEL-11204,North,Postpaid,Annual,11,34.0,Smartphone-Budget,0,0,6.3,136,9,279.15,3893.55,0,0.0,2.24,35.3,9,0,348.91,0
TEL-11205,North,Prepaid,Monthly,7,29.0,Smartphone-Budget,0,0,4.1,192,15,214.45,1542.81,1,59.7,4.21,22.0,6,1,205.92,1
TEL-11206,East,Prepaid,Monthly,21,59.0,Smartphone-Budget,0,0,2.4,294,29,171.58,5311.71,1,50.2,1.48,20.9,5,0,240.56,0
TEL-11207,Central,Prepaid,Annual,67,68.0,Feature,0,0,2.0,616,29,138.76,12107.15,0,0.0,3.85,18.1,23,0,166.24,0
TEL-11208,North,Prepaid,Monthly,45,50.0,Smartphone-Budget,0,0,1.4,374,34,172.2,8094.62,1,19.2,5.35,22.1,8,1,175.88,1
TEL-11209,South,Prepaid,Monthly,10,47.0,Smartphone-Premium,0,0,4.8,153,7,191.98,2090.15,0,0.0,2.45,49.2,17,1,196.48,1
TEL-11210,East,Prepaid,Monthly,27,52.0,Smartphone-Premium,0,0,21.8,397,11,295.55,7024.05,0,0.0,1.55,20.7,30,0,267.98,0
TEL-11211,North,Postpaid,Monthly,20,29.0,Smartphone-Budget,1,0,21.4,198,6,395.89,8312.08,0,0.0,3.92,28.1,6,0,400.15,0
TEL-11212,South,Prepaid,Annual,37,54.0,Smartphone-Premium,0,0,21.5,313,16,316.0,12749.98,0,0.0,1.39,35.9,9,0,340.17,0
TEL-11213,West,Prepaid,Monthly,43,39.0,Smartphone-Budget,0,0,21.1,292,13,333.21,14172.71,0,0.0,3.37,29.5,2,1,337.79,0
TEL-11214,North,Prepaid,Monthly,6,27.0,Smartphone-Premium,0,0,24.1,129,8,305.09,1942.3,0,0.0,2.66,11.7,22,0,321.92,0
TEL-11215,West,Postpaid,Annual,41,47.0,Smartphone-Premium,1,0,17.2,96,14,364.26,16641.0,3,13.1,4.42,21.5,11,0,423.28,0
TEL-11216,West,Prepaid,Monthly,72,44.0,Smartphone-Budget,0,0,12.4,335,16,258.83,17959.34,1,10.7,0.46,37.3,22,0,255.08,0
TEL-11217,North,Postpaid,Annual,31,46.0,Smartphone-Budget,1,0,15.6,302,19,343.61,7908.89,1,29.1,1.48,23.7,25,0,268.17,0
TEL-11218,West,Prepaid,Monthly,67,40.0,Feature,0,1,1.9,647,35,338.22,30088.97,2,17.2,2.98,20.8,15,0,440.19,0
TEL-11219,North,Postpaid,Monthly,5,35.0,Feature,1,0,3.6,107,18,280.18,1339.1,0,0.0,6.55,27.0,18,0,273.68,0
TEL-11220,South,Postpaid,Two-Year,56,58.0,Smartphone-Budget,1,0,19.3,250,14,430.06,24513.56,1,27.5,5.41,28.1,8,0,458.11,0
TEL-11221,South,Postpaid,Annual,70,57.0,Smartphone-Budget,1,0,2.4,507,47,302.45,23207.52,2,22.0,2.27,19.8,14,0,316.03,0
TEL-11222,East,Postpaid,Annual,1,32.0,Smartphone-Premium,1,0,21.8,179,9,453.12,473.53,0,0.0,3.7,30.8,12,1,480.49,0
TEL-11223,West,Prepaid,Monthly,9,34.0,Smartphone-Budget,0,0,4.3,159,10,116.87,917.06,1,65.7,2.27,40.6,38,0,103.16,0
TEL-11224,Central,Postpaid,Monthly,13,39.0,Smartphone-Budget,0,0,2.9,212,7,287.46,3804.99,0,0.0,1.37,9.9,28,0,293.97,0
TEL-11225,West,Prepaid,Monthly,5,18.0,Smartphone-Premium,0,0,23.3,89,2,310.93,1630.82,0,0.0,3.99,30.9,20,1,315.18,1
TEL-11226,South,Prepaid,Annual,25,46.0,Smartphone-Budget,1,0,24.6,448,10,313.03,6339.2,3,16.6,3.6,27.3,14,0,284.22,0
TEL-11227,North,Postpaid,Monthly,3,29.0,Smartphone-Budget,0,0,2.5,113,11,262.7,881.87,0,0.0,2.38,22.1,24,0,270.92,0
TEL-11228,Central,Postpaid,Annual,58,45.0,Smartphone-Premium,1,1,19.9,393,14,594.41,37645.56,1,12.7,1.64,3.1,19,0,638.57,0
TEL-11229,East,Postpaid,Monthly,10,34.0,Smartphone-Budget,1,0,15.5,155,14,329.74,3711.78,2,16.9,0.22,27.7,6,1,349.21,1
TEL-11230,East,Prepaid,Monthly,25,44.0,Smartphone-Premium,0,0,17.2,407,7,289.09,6765.52,0,0.0,2.94,27.8,21,0,275.92,0
TEL-11231,South,Postpaid,Annual,28,34.0,Smartphone-Premium,1,0,9.3,381,14,404.1,12172.77,2,54.7,4.89,25.9,10,0,406.68,0
TEL-11232,West,Prepaid,Monthly,72,50.0,Feature,1,0,1.2,763,23,258.7,19640.89,0,0.0,3.1,21.4,17,0,272.8,0
TEL-11233,West,Postpaid,Monthly,7,26.0,Smartphone-Budget,1,1,35.9,253,7,665.04,4877.08,2,22.9,6.25,27.8,15,1,739.95,1
TEL-11234,South,Postpaid,Monthly,2,18.0,Smartphone-Premium,1,0,25.8,256,3,464.93,965.52,2,15.3,3.62,3.9,4,0,494.76,0
TEL-11235,North,Prepaid,Monthly,6,19.0,Smartphone-Budget,0,0,41.6,153,5,489.99,3146.83,0,0.0,1.94,48.7,31,0,517.25,0
TEL-11236,North,Prepaid,Annual,33,52.0,Feature,0,0,2.1,545,40,198.79,7361.13,1,15.3,0.72,21.8,10,1,212.25,1
TEL-11237,West,Prepaid,Monthly,35,37.0,Smartphone-Premium,0,0,19.9,221,13,293.67,10628.37,2,3.1,1.51,15.1,2,1,322.73,1
TEL-11238,West,Prepaid,Monthly,55,60.0,Smartphone-Budget,0,0,2.1,587,40,213.13,12401.52,0,0.0,3.45,18.4,11,0,244.61,0
TEL-11239,East,Prepaid,Annual,13,29.0,Smartphone-Budget,0,0,4.2,199,8,221.81,3226.3,2,8.5,1.14,30.8,14,0,249.1,0
TEL-11240,North,Postpaid,Monthly,1,37.0,Smartphone-Budget,1,1,3.6,246,14,416.89,544.52,1,43.8,1.02,25.7,16,1,519.01,1
TEL-11241,West,Prepaid,Monthly,36,47.0,Feature,0,0,12.3,267,17,229.32,8778.23,1,7.4,0.6,17.2,5,0,249.94,0
TEL-11242,East,Prepaid,Monthly,22,59.0,Smartphone-Budget,0,0,3.2,582,35,216.29,4476.39,0,0.0,6.15,11.6,5,0,201.12,0
TEL-11243,South,Prepaid,Monthly,7,30.0,Smartphone-Premium,0,0,4.6,61,8,170.11,1081.63,2,30.0,7.28,32.7,12,1,163.01,1
TEL-11244,North,Prepaid,Monthly,11,20.0,Feature,0,0,5.7,115,8,161.23,1045.35,0,0.0,2.18,30.6,17,0,102.92,0
TEL-11245,North,Prepaid,Monthly,18,39.0,Smartphone-Premium,0,0,19.9,246,10,292.31,5402.88,2,28.2,4.51,26.2,3,0,314.84,0
TEL-11246,East,Prepaid,Monthly,28,38.0,Smartphone-Budget,0,0,12.7,379,19,281.9,8153.41,1,30.9,5.91,31.3,45,0,289.79,0
TEL-11247,North,Prepaid,Monthly,27,34.0,Smartphone-Budget,0,0,23.4,252,26,356.66,11792.8,0,0.0,3.88,22.7,12,0,411.82,0
TEL-11248,North,Postpaid,Monthly,31,48.0,Smartphone-Budget,1,0,15.4,320,12,358.76,10378.6,1,52.5,3.1,28.9,9,0,340.57,0
TEL-11249,Central,Prepaid,Monthly,72,62.0,Smartphone-Budget,0,0,2.7,597,34,260.78,22165.24,2,8.6,3.55,9.7,6,0,302.39,0
TEL-11250,South,Prepaid,Monthly,47,52.0,Smartphone-Budget,0,0,14.2,273,14,227.2,12174.24,1,56.4,0.83,27.5,11,0,266.15,0
TEL-11251,North,Prepaid,Monthly,6,36.0,Smartphone-Budget,0,0,3.9,94,6,122.94,848.74,0,0.0,7.33,28.4,11,1,142.06,1
TEL-11252,South,Prepaid,Monthly,25,53.0,Feature,0,0,1.8,585,26,161.04,4135.21,2,15.0,3.4,18.3,15,0,166.31,0
TEL-11253,West,Postpaid,Annual,26,39.0,Feature,0,0,20.6,285,8,413.59,10977.35,3,11.6,6.29,32.9,23,0,417.26,0
TEL-11254,South,Postpaid,Annual,23,55.0,Smartphone-Budget,1,0,2.2,513,41,269.2,5822.78,0,0.0,12.41,34.1,18,0,256.5,0
TEL-11255,North,Prepaid,Monthly,32,54.0,Smartphone-Budget,0,0,2.4,609,30,144.78,5525.74,0,0.0,4.49,19.1,14,0,187.3,0
TEL-11256,Central,Postpaid,Monthly,23,20.0,Smartphone-Premium,0,0,11.2,198,10,313.7,7348.4,0,0.0,8.37,13.1,10,0,323.5,0
TEL-11257,South,Prepaid,Monthly,37,42.0,Smartphone-Premium,0,0,9.6,286,12,260.67,10468.04,1,36.4,5.34,29.2,10,0,279.25,0
TEL-11258,South,Prepaid,Monthly,40,52.0,Feature,0,0,1.9,400,35,203.97,7605.98,1,46.7,3.34,27.2,11,0,189.47,0
TEL-11259,South,Prepaid,Monthly,17,37.0,Smartphone-Budget,0,0,4.6,141,8,138.12,2261.36,2,5.5,1.44,28.1,2,0,127.1,0
TEL-11260,South,Prepaid,Monthly,37,53.0,Feature,0,0,3.3,762,38,205.26,8372.43,1,97.5,3.16,37.7,10,1,218.83,1
TEL-11261,Central,Postpaid,Monthly,6,26.0,Smartphone-Budget,0,0,31.8,170,5,465.04,3338.33,5,21.4,2.77,27.2,2,0,558.83,0
TEL-11262,West,Prepaid,Monthly,10,31.0,Smartphone-Premium,0,0,3.3,196,11,79.0,706.71,0,0.0,1.31,29.9,24,0,70.0,0
TEL-11263,East,Prepaid,Monthly,11,22.0,Feature,0,0,3.6,122,6,102.69,1441.33,1,27.2,0.51,34.2,8,0,126.16,0
TEL-11264,South,Prepaid,Monthly,7,34.0,Smartphone-Premium,0,0,4.3,157,6,181.83,1347.26,1,24.4,3.63,18.3,9,0,201.13,0
TEL-11265,North,Postpaid,Annual,17,20.0,Smartphone-Budget,0,0,4.1,131,9,291.72,4931.37,1,20.3,3.32,28.3,12,0,300.69,0
TEL-11266,South,Prepaid,Monthly,8,42.0,Smartphone-Budget,0,0,5.4,115,10,225.24,1739.83,1,43.4,2.45,19.6,7,0,220.47,0
TEL-11267,South,Prepaid,Monthly,1,27.0,Smartphone-Budget,1,0,3.4,172,16,167.57,144.47,1,52.5,5.52,37.3,3,1,141.83,1
TEL-11268,East,Postpaid,Monthly,24,26.0,Smartphone-Budget,0,0,27.9,185,3,533.64,13039.56,0,0.0,1.13,20.5,12,0,579.7,0
TEL-11269,North,Postpaid,Annual,26,53.0,Feature,0,1,2.7,549,32,417.86,13123.13,0,0.0,2.58,9.1,3,0,501.83,0
TEL-11270,North,Prepaid,Monthly,13,22.0,Smartphone-Premium,0,0,6.1,182,9,200.31,3521.28,1,7.9,5.5,29.0,11,1,263.96,1
TEL-11271,West,Prepaid,Monthly,25,36.0,Smartphone-Premium,0,0,27.7,239,12,356.68,9174.71,0,0.0,3.77,20.1,4,0,352.39,0
TEL-11272,South,Prepaid,Monthly,65,50.0,Smartphone-Budget,0,0,8.4,287,11,149.2,10442.9,2,17.8,2.42,47.7,38,0,162.5,0
TEL-11273,South,Prepaid,Monthly,63,43.0,Feature,0,0,2.7,567,28,174.08,10384.57,0,0.0,11.16,23.6,4,0,163.8,0
TEL-11274,West,Prepaid,Annual,42,57.0,Feature,1,0,2.9,707,31,241.64,13894.92,1,10.6,2.64,22.3,9,0,325.82,0
TEL-11275,East,Prepaid,Monthly,16,57.0,Feature,0,0,2.5,461,48,201.46,3558.7,0,0.0,1.19,23.6,12,0,212.85,0
TEL-11276,East,Prepaid,Monthly,13,35.0,Feature,0,0,13.2,208,9,196.07,3037.78,0,0.0,2.6,52.4,17,0,243.46,0
TEL-11277,East,Postpaid,Monthly,27,60.0,Smartphone-Budget,1,0,0.1,517,40,277.02,7167.62,0,0.0,2.04,28.5,15,0,277.98,0
TEL-11278,South,Postpaid,Monthly,4,35.0,Smartphone-Budget,0,0,3.8,174,4,311.03,1538.28,2,27.9,6.76,25.2,6,1,385.2,1
TEL-11279,West,Prepaid,Annual,37,65.0,Smartphone-Budget,1,1,2.7,819,34,372.22,17267.76,0,0.0,4.73,32.2,11,0,475.8,0
TEL-11280,South,Prepaid,Monthly,6,18.0,Smartphone-Budget,0,0,36.8,176,2,409.83,2614.01,0,0.0,3.19,42.2,11,0,419.21,0
TEL-11281,West,Prepaid,Monthly,23,19.0,Smartphone-Premium,1,0,32.2,271,3,334.37,8505.85,1,32.3,2.87,26.1,2,1,359.18,1
TEL-11282,West,Prepaid,Monthly,25,18.0,Smartphone-Premium,0,0,41.7,236,15,500.27,14899.05,1,19.0,6.39,25.2,16,1,601.7,1
TEL-11283,South,Postpaid,Two-Year,6,19.0,Smartphone-Budget,0,0,2.4,140,8,223.03,2434.32,0,0.0,12.32,31.5,15,0,402.91,0
TEL-11284,Central,Postpaid,Monthly,6,22.0,Smartphone-Premium,1,0,43.0,203,6,542.19,3292.55,1,25.1,5.83,16.2,5,0,571.38,0
TEL-11285,East,Postpaid,Monthly,7,42.0,Smartphone-Premium,0,0,5.2,72,14,249.58,2003.1,1,40.7,6.51,21.2,24,0,279.86,0
TEL-11286,West,Prepaid,Monthly,56,47.0,Feature,0,0,1.6,399,30,153.37,8721.7,2,16.3,5.28,31.3,29,0,163.03,0
TEL-11287,Central,Prepaid,Monthly,72,39.0,Smartphone-Budget,0,0,8.1,267,18,222.18,16773.28,0,0.0,0.82,6.5,9,1,232.51,0
TEL-11288,Central,Prepaid,Monthly,72,67.0,Smartphone-Budget,0,0,1.7,397,38,180.38,13886.21,1,18.2,3.27,16.7,15,1,188.59,0
TEL-11289,West,Prepaid,Monthly,6,25.0,Smartphone-Budget,1,0,3.7,162,13,118.2,612.77,0,0.0,3.69,31.1,7,0,99.8,0
TEL-11290,West,Prepaid,Monthly,38,71.0,Smartphone-Budget,0,0,1.9,445,28,173.66,6881.92,1,34.0,1.75,33.3,23,1,183.96,1
TEL-11291,Central,Prepaid,Monthly,15,30.0,Smartphone-Premium,0,0,29.3,359,14,393.4,7163.37,0,0.0,1.78,29.4,20,0,488.92,0
TEL-11292,South,Prepaid,Monthly,1,32.0,Smartphone-Premium,0,1,27.7,193,10,491.95,599.33,0,0.0,0.91,28.3,10,0,591.99,0
TEL-11293,West,Postpaid,Two-Year,10,22.0,Smartphone-Budget,0,0,3.9,102,10,252.52,2718.07,3,25.3,3.29,34.2,18,0,272.33,0
TEL-11294,South,Prepaid,Monthly,14,39.0,Smartphone-Premium,0,0,3.1,96,11,137.08,1335.68,1,42.6,3.43,22.1,24,1,99.78,1
TEL-11295,Central,Prepaid,Monthly,1,41.0,Smartphone-Premium,0,1,15.9,266,15,433.97,453.39,0,0.0,2.4,7.4,7,0,449.39,0
TEL-11296,West,Postpaid,Monthly,22,33.0,Smartphone-Premium,0,0,14.0,270,18,331.37,7486.63,0,0.0,3.24,16.6,4,0,351.85,0
TEL-11297,North,Postpaid,Monthly,51,51.0,Smartphone-Budget,0,0,17.2,334,19,396.29,21146.43,0,0.0,4.08,28.4,10,0,397.38,0
TEL-11298,Central,Prepaid,Monthly,45,51.0,Smartphone-Budget,0,1,16.1,342,11,395.41,25010.9,0,0.0,2.46,12.6,6,1,531.0,1
TEL-11299,North,Prepaid,Monthly,11,24.0,Smartphone-Premium,0,0,38.8,202,5,513.41,5977.17,0,0.0,0.95,28.5,2,0,520.02,0
TEL-11300,West,Postpaid,Monthly,30,29.0,Smartphone-Premium,0,1,12.7,425,20,557.92,19670.6,0,0.0,3.61,26.8,13,1,679.08,1
TEL-11301,South,Prepaid,Monthly,17,29.0,Feature,1,0,3.9,159,6,165.97,2528.65,0,0.0,1.57,30.8,22,0,151.99,0
TEL-11302,East,Postpaid,Two-Year,13,31.0,Smartphone-Budget,1,0,2.7,84,11,261.32,4273.94,0,0.0,5.07,22.3,3,0,324.12,0
TEL-11303,South,Postpaid,Annual,25,28.0,Smartphone-Budget,1,0,46.6,190,7,684.11,17855.5,0,0.0,0.48,48.2,24,0,700.24,0
TEL-11304,West,Prepaid,Monthly,32,20.0,Smartphone-Premium,0,0,46.6,247,2,494.27,19836.71,0,0.0,8.4,23.0,15,0,649.83,0
TEL-11305,South,Prepaid,Monthly,66,48.0,Smartphone-Budget,1,0,13.7,409,18,262.35,20102.51,2,37.3,1.7,18.3,9,0,284.69,0
TEL-11306,South,Prepaid,Monthly,50,42.0,Smartphone-Budget,0,1,23.4,348,19,461.53,27470.74,0,0.0,2.47,31.2,30,0,505.17,0
TEL-11307,Central,Prepaid,Monthly,5,33.0,Smartphone-Premium,1,0,5.4,155,7,183.49,1513.46,0,0.0,7.58,12.6,12,0,291.62,0
TEL-11308,North,Postpaid,Monthly,12,35.0,Smartphone-Budget,1,0,31.1,163,10,555.56,6395.84,0,0.0,1.47,17.6,4,0,551.15,0
TEL-11309,West,Postpaid,Annual,38,27.0,Smartphone-Budget,0,0,20.6,334,16,385.74,14387.04,0,0.0,4.77,25.1,10,0,381.68,0
TEL-11310,South,Prepaid,Monthly,14,21.0,Smartphone-Budget,0,0,23.3,170,5,221.5,3204.5,3,39.3,7.55,28.4,5,0,234.76,0
TEL-11311,Central,Postpaid,Monthly,7,22.0,Smartphone-Budget,0,0,2.7,181,17,293.23,2204.22,0,0.0,4.83,13.9,13,0,324.49,0
TEL-11312,East,Prepaid,Monthly,7,18.0,Smartphone-Budget,0,0,6.1,77,10,218.9,1333.55,1,47.3,0.49,22.1,6,0,199.64,0
TEL-11313,North,Prepaid,Monthly,18,18.0,Smartphone-Premium,0,0,26.2,168,5,330.08,5276.81,1,29.7,1.49,30.1,1,0,308.56,0
TEL-11314,South,Prepaid,Monthly,9,37.0,Smartphone-Budget,0,0,5.2,149,11,174.35,2537.73,0,0.0,1.27,21.2,25,1,276.03,1
TEL-11315,Central,Postpaid,Two-Year,21,34.0,Smartphone-Budget,1,0,23.0,129,4,436.55,9600.18,1,35.2,0.94,19.7,6,0,462.91,0
TEL-11316,South,Prepaid,Monthly,9,32.0,Feature,0,0,2.9,179,10,132.28,1575.99,0,0.0,2.08,26.0,15,0,165.67,0
TEL-11317,East,Prepaid,Monthly,2,25.0,Smartphone-Premium,0,1,3.3,182,13,365.29,819.66,0,0.0,8.36,21.7,10,0,423.78,0
TEL-11318,Central,Prepaid,Monthly,28,39.0,Smartphone-Budget,0,0,37.6,209,5,403.61,12315.12,0,0.0,4.3,14.0,4,0,454.41,0
TEL-11319,South,Postpaid,Monthly,58,47.0,Smartphone-Premium,0,1,19.3,214,12,562.94,44265.21,1,7.7,4.05,21.5,6,0,774.86,0
TEL-11320,West,Prepaid,Monthly,17,35.0,Smartphone-Premium,0,0,5.7,152,12,153.24,2982.86,0,0.0,4.77,18.7,18,0,179.58,0
TEL-11321,East,Postpaid,Monthly,64,71.0,Smartphone-Budget,0,0,2.1,612,48,275.97,19202.96,1,38.7,6.08,40.3,13,1,304.93,1
TEL-11322,West,Prepaid,Annual,1,29.0,Smartphone-Budget,0,0,1.5,167,4,187.82,157.7,1,16.4,2.48,40.6,35,0,158.14,0
TEL-11323,North,Postpaid,Monthly,25,24.0,Smartphone-Premium,0,0,36.8,166,9,525.39,13042.56,3,24.1,3.75,30.3,15,0,525.53,0
TEL-11324,South,Prepaid,Monthly,17,28.0,Smartphone-Budget,0,0,31.2,198,8,360.24,6240.68,0,0.0,5.67,26.6,8,0,366.88,0
TEL-11325,West,Prepaid,Monthly,6,22.0,Smartphone-Premium,0,0,37.9,115,10,459.15,2922.14,1,24.5,4.86,38.2,15,0,482.87,1
TEL-11326,South,Prepaid,Monthly,60,36.0,Smartphone-Budget,0,0,21.2,413,20,332.17,18392.38,0,0.0,1.07,18.9,13,1,317.2,1
TEL-11327,North,Postpaid,Two-Year,17,18.0,Smartphone-Premium,1,0,59.5,156,4,749.76,11518.98,1,23.6,1.64,26.1,11,1,704.81,1
TEL-11328,West,Postpaid,Two-Year,33,50.0,Smartphone-Premium,1,0,19.5,237,22,401.06,11497.46,0,0.0,3.62,12.2,8,0,384.99,0
TEL-11329,East,Prepaid,Annual,4,41.0,Smartphone-Budget,0,0,36.1,197,3,412.28,1808.99,0,,1.25,10.0,1,0,452.24,0
TEL-11330,Central,Postpaid,Annual,8,37.0,Smartphone-Budget,1,0,4.2,195,10,282.59,3609.32,0,0.0,2.6,1.2,1,0,453.72,0
TEL-11331,Central,Postpaid,Annual,52,41.0,Smartphone-Budget,1,0,16.8,352,19,447.26,22708.19,2,18.9,1.38,7.3,12,0,438.22,1
TEL-11332,South,Postpaid,Monthly,8,23.0,Smartphone-Premium,0,0,37.3,226,7,547.21,4563.83,1,27.7,4.17,28.2,8,1,566.78,1
TEL-11333,North,Prepaid,Monthly,4,35.0,Smartphone-Budget,1,0,3.9,126,14,175.84,842.44,2,34.7,0.91,34.8,17,1,209.9,1
TEL-11334,North,Postpaid,Two-Year,15,28.0,Smartphone-Budget,0,0,5.3,133,10,275.51,3515.45,0,0.0,1.65,34.0,14,0,244.92,0
TEL-11335,East,Prepaid,Annual,5,26.0,Smartphone-Premium,0,0,5.4,152,7,182.62,721.83,1,13.6,8.83,16.4,4,1,143.79,1
TEL-11336,South,Postpaid,Monthly,25,63.0,Feature,1,0,2.1,528,28,316.12,8271.42,4,35.7,3.23,26.3,6,0,328.34,0
TEL-11337,Central,Prepaid,Annual,12,30.0,Smartphone-Premium,0,0,3.9,166,4,192.49,2063.44,0,0.0,5.48,29.3,6,1,172.28,1
TEL-11338,South,Postpaid,Annual,52,55.0,Smartphone-Budget,1,0,3.5,485,35,285.21,14809.25,1,30.8,6.0,25.0,14,0,283.46,0
TEL-11339,East,Postpaid,Annual,19,52.0,Smartphone-Budget,1,0,1.6,600,37,315.78,5544.66,2,45.7,3.51,36.0,10,0,303.11,0
TEL-11340,Central,Prepaid,Monthly,51,49.0,Smartphone-Premium,0,0,14.2,415,13,198.35,15627.11,1,17.3,2.98,11.6,5,0,287.64,0
TEL-11341,Central,Prepaid,Monthly,72,54.0,Feature,0,0,1.8,750,36,233.27,16480.5,1,6.1,2.48,36.7,30,0,218.58,0
TEL-11342,East,Prepaid,Monthly,10,18.0,Smartphone-Budget,0,0,2.4,126,13,147.79,1377.84,0,0.0,5.37,26.2,33,1,143.36,1
TEL-11343,Central,Prepaid,Monthly,52,43.0,Smartphone-Budget,0,0,15.5,355,23,308.75,15086.47,2,22.4,6.21,19.1,18,0,278.0,1
TEL-11344,South,Postpaid,Monthly,15,30.0,Feature,1,0,3.1,169,10,263.87,3856.06,0,0.0,3.12,37.6,37,0,261.83,0
TEL-11345,North,Postpaid,Monthly,15,31.0,Smartphone-Premium,0,0,24.3,210,5,446.82,9546.52,2,5.6,1.08,23.9,12,0,604.35,0
TEL-11346,West,Postpaid,Annual,72,56.0,Feature,1,0,2.2,392,26,272.32,17244.25,0,0.0,4.41,50.7,15,0,258.77,0
TEL-11347,North,Prepaid,Monthly,16,25.0,Smartphone-Budget,0,0,2.4,116,6,161.13,3163.77,0,0.0,1.97,11.7,9,0,184.21,0
TEL-11348,North,Postpaid,Two-Year,11,47.0,Smartphone-Budget,1,0,3.4,137,8,220.15,2619.4,1,19.2,4.86,38.7,13,0,234.79,0
TEL-11349,South,Prepaid,Annual,48,31.0,Smartphone-Budget,0,0,21.8,249,13,314.29,13830.18,0,0.0,1.51,25.1,0,0,293.36,0
TEL-11350,West,Postpaid,Two-Year,72,46.0,Smartphone-Premium,1,0,20.9,354,8,385.37,29281.16,0,0.0,3.33,41.8,30,0,407.71,0
TEL-11351,West,Prepaid,Monthly,59,47.0,Smartphone-Premium,0,0,25.6,312,14,332.37,24741.3,1,35.1,0.86,23.0,13,0,427.99,0
TEL-11352,North,Prepaid,Monthly,64,32.0,Smartphone-Budget,0,0,10.7,281,13,195.49,10911.48,1,61.9,1.03,33.4,16,0,170.61,0
TEL-11353,South,Prepaid,Monthly,12,21.0,Smartphone-Premium,0,0,49.0,113,7,478.14,7933.5,1,34.7,4.83,27.2,6,0,611.91,0
TEL-11354,North,Postpaid,Monthly,48,44.0,Smartphone-Budget,1,0,2.6,536,37,351.53,16319.02,0,0.0,0.29,38.0,11,0,353.41,0
TEL-11355,East,Postpaid,Monthly,65,62.0,Smartphone-Budget,1,0,23.6,456,15,523.26,35755.21,1,51.4,12.77,18.3,13,0,568.03,0
TEL-11356,Central,Postpaid,Two-Year,1,18.0,Smartphone-Premium,1,0,2.1,179,4,242.1,264.15,0,0.0,3.15,14.6,9,0,248.88,0
TEL-11357,Central,Prepaid,Monthly,8,24.0,Smartphone-Budget,1,0,26.8,122,3,349.92,2792.18,1,25.0,1.6,5.2,21,0,345.84,0
TEL-11358,West,Prepaid,Monthly,18,25.0,Smartphone-Premium,0,0,19.4,193,7,343.35,7132.13,0,0.0,1.15,14.5,13,0,371.25,0
TEL-11359,West,Postpaid,Two-Year,16,28.0,Smartphone-Premium,1,0,1.8,109,8,244.98,3823.94,1,34.9,3.73,33.5,11,0,253.8,0
TEL-11360,North,Prepaid,Monthly,72,59.0,Feature,1,0,2.3,655,35,111.17,8277.36,1,13.3,1.45,29.3,5,0,112.91,0
TEL-11361,North,Prepaid,Monthly,28,36.0,Smartphone-Budget,0,0,20.3,334,24,294.58,8496.12,3,34.6,1.75,34.0,5,0,310.98,0
TEL-11362,East,Postpaid,Annual,7,23.0,Smartphone-Budget,0,0,3.7,39,7,213.32,1842.32,3,12.0,1.3,22.0,5,0,250.14,0
TEL-11363,East,Prepaid,Monthly,33,33.0,Smartphone-Budget,0,0,19.3,478,14,300.0,13029.39,1,9.1,2.17,18.4,14,0,406.8,0
TEL-11364,South,Postpaid,Annual,72,50.0,Feature,1,1,2.6,319,34,374.22,35545.41,1,41.3,4.51,13.5,18,0,467.32,0
TEL-11365,South,Postpaid,Monthly,23,32.0,Smartphone-Premium,0,0,10.4,136,11,263.05,6547.04,0,0.0,6.02,27.6,8,0,272.0,0
TEL-11366,North,Postpaid,Two-Year,8,31.0,Smartphone-Budget,0,1,4.2,179,4,421.67,5336.15,0,0.0,3.17,21.9,7,0,623.71,0
TEL-11367,East,Prepaid,Monthly,22,31.0,Smartphone-Budget,0,0,11.5,349,16,190.5,4065.27,0,0.0,9.83,26.5,15,0,197.9,1
TEL-11368,South,Prepaid,Monthly,18,26.0,Smartphone-Premium,0,0,22.2,221,2,358.09,5503.98,2,18.3,7.14,11.2,2,0,327.96,0
TEL-11369,South,Prepaid,Monthly,41,35.0,Smartphone-Budget,1,0,23.5,362,15,316.06,14901.61,0,0.0,3.21,44.0,21,0,362.93,0
TEL-11370,West,Prepaid,Annual,60,69.0,Feature,0,1,2.3,384,29,274.58,21110.22,1,11.4,0.77,22.1,7,0,348.92,0
TEL-11371,Central,Prepaid,Monthly,24,20.0,Smartphone-Premium,0,0,42.6,86,7,403.74,8955.6,2,21.7,5.57,25.2,18,0,387.4,0
TEL-11372,Central,Prepaid,Monthly,68,47.0,Smartphone-Budget,0,0,11.3,376,10,237.45,16058.29,1,30.9,0.99,15.3,16,0,232.43,0
TEL-11373,South,Prepaid,Monthly,41,52.0,Feature,0,0,2.1,423,39,185.72,16069.82,0,0.0,2.94,36.0,5,0,420.25,0
TEL-11374,South,Postpaid,Two-Year,31,56.0,Feature,0,0,0.7,702,26,290.14,8084.99,3,26.6,6.09,23.0,8,0,275.94,0
TEL-11375,South,Prepaid,Monthly,46,48.0,Smartphone-Budget,0,0,2.7,559,41,239.97,10053.12,1,6.8,11.03,35.5,2,0,207.76,0
TEL-11376,North,Prepaid,Monthly,72,51.0,Feature,0,0,1.9,573,38,253.21,19541.98,1,66.2,6.16,28.1,13,1,278.06,1
TEL-11377,South,Prepaid,Monthly,17,18.0,Smartphone-Budget,0,0,30.6,180,1,361.71,6127.45,1,11.9,2.12,32.2,22,0,354.91,0
TEL-11378,North,Prepaid,Monthly,39,29.0,Smartphone-Premium,0,1,17.4,326,11,413.06,21333.59,1,19.6,1.6,32.0,14,0,558.6,0
TEL-11379,North,Prepaid,Monthly,19,31.0,Smartphone-Premium,1,0,27.1,239,13,329.75,7325.67,0,0.0,1.97,24.1,1,0,378.43,0
TEL-11380,South,Postpaid,Annual,21,33.0,Smartphone-Premium,1,0,32.1,133,5,508.08,10351.36,0,0.0,1.91,12.9,15,1,509.8,0
TEL-11381,North,Prepaid,Monthly,19,19.0,Smartphone-Premium,0,1,38.2,59,8,623.73,14022.15,2,7.7,1.26,40.1,34,0,701.22,0
TEL-11382,North,Postpaid,Annual,69,35.0,Smartphone-Budget,0,1,27.9,397,17,613.91,50116.22,1,29.7,0.72,25.7,11,0,742.95,0
TEL-11383,North,Prepaid,Monthly,13,34.0,Smartphone-Premium,1,0,3.6,163,7,132.4,2133.54,1,21.2,3.27,20.7,32,0,150.23,0
TEL-11384,Central,Prepaid,Monthly,58,49.0,Smartphone-Budget,0,1,21.6,320,18,502.08,34641.21,1,48.4,4.51,18.1,15,1,623.01,1
TEL-11385,West,Prepaid,Monthly,9,29.0,Smartphone-Premium,0,0,5.5,186,9,231.14,2355.91,0,0.0,5.36,45.1,10,1,251.81,1
TEL-11386,East,Prepaid,Monthly,12,36.0,Smartphone-Premium,0,0,22.6,156,9,276.24,4016.74,1,4.9,1.56,33.6,11,0,302.42,0
TEL-11387,North,Postpaid,Annual,46,44.0,Smartphone-Budget,0,0,21.3,385,15,487.07,27238.98,1,4.4,2.28,21.5,11,0,578.0,0
TEL-11388,West,Prepaid,Monthly,52,62.0,Feature,0,0,2.6,666,32,240.46,12468.82,1,8.7,3.41,20.4,3,0,240.92,0
TEL-11389,East,Prepaid,Monthly,43,35.0,Smartphone-Premium,1,1,20.4,445,6,459.93,21023.31,1,2.8,10.2,37.7,12,0,482.47,0
TEL-11390,South,Postpaid,Two-Year,33,48.0,Feature,1,0,2.1,340,30,263.46,9103.0,0,0.0,1.39,18.2,21,0,271.2,0
TEL-11391,West,Prepaid,Monthly,5,20.0,Smartphone-Budget,0,0,4.9,125,17,134.78,644.13,0,0.0,2.72,30.7,9,1,125.3,1
TEL-11392,Central,Postpaid,Two-Year,17,20.0,Smartphone-Premium,1,0,42.0,196,6,572.74,10009.33,0,0.0,1.58,22.7,8,0,586.45,0
TEL-11393,North,Prepaid,Monthly,15,25.0,Smartphone-Premium,0,0,1.9,157,6,196.48,2423.83,1,1.1,3.9,28.4,5,0,169.06,1
TEL-11394,West,Prepaid,Monthly,57,55.0,Smartphone-Budget,0,0,1.8,627,36,231.52,13517.29,0,0.0,2.77,28.0,18,0,238.43,0
TEL-11395,North,Postpaid,Monthly,9,18.0,Smartphone-Budget,0,0,3.7,167,8,300.89,3191.41,2,15.6,5.37,26.8,3,0,347.67,0
TEL-11396,South,Postpaid,Monthly,5,38.0,Smartphone-Budget,0,0,4.2,31,5,268.77,1290.27,0,0.0,3.48,32.6,9,0,246.36,0
TEL-11397,West,Prepaid,Monthly,51,69.0,Smartphone-Budget,0,0,2.4,442,33,127.95,10536.29,0,0.0,5.1,47.5,32,0,198.96,0
TEL-11398,Central,Postpaid,Monthly,5,37.0,Smartphone-Budget,0,0,4.1,138,12,330.12,1599.46,1,28.6,2.79,22.8,2,0,321.32,0
TEL-11399,West,Prepaid,Monthly,2,25.0,Smartphone-Budget,0,0,4.1,95,7,105.68,228.65,0,,2.75,16.4,1,1,111.38,1
TEL-11400,North,Prepaid,Monthly,20,44.0,Smartphone-Premium,0,0,8.1,467,20,251.2,4868.55,0,0.0,5.48,31.7,19,1,254.28,1
TEL-11401,South,Postpaid,Monthly,42,45.0,Smartphone-Premium,0,1,15.3,479,18,567.6,26154.87,0,0.0,4.62,20.5,11,0,669.94,0
TEL-11402,North,Postpaid,Monthly,56,72.0,Feature,0,0,2.7,412,33,243.58,12807.66,1,15.4,1.26,35.7,31,0,230.31,0
TEL-11403,South,Postpaid,Annual,60,52.0,Feature,0,0,2.4,627,24,330.35,21836.02,0,0.0,2.16,33.2,5,0,350.55,0
TEL-11404,West,Postpaid,Annual,14,37.0,Smartphone-Budget,0,0,3.0,88,9,238.06,3765.9,1,23.9,5.59,31.3,9,0,266.59,0
TEL-11405,North,Postpaid,Annual,15,29.0,Smartphone-Premium,0,0,25.3,144,2,413.19,6084.17,2,32.2,1.74,21.4,7,0,415.74,0
TEL-11406,East,Postpaid,Monthly,42,,Smartphone-Budget,1,0,21.1,226,15,439.58,20361.25,2,4.0,0.35,19.9,7,0,495.26,0
TEL-11407,East,Prepaid,Monthly,12,30.0,Smartphone-Premium,1,0,2.1,146,10,160.56,3286.0,2,25.4,0.94,29.1,2,0,267.97,0
TEL-11408,West,Postpaid,Annual,58,56.0,Smartphone-Budget,0,0,19.8,398,23,478.9,30302.09,0,0.0,3.94,20.2,32,0,525.66,0
TEL-11409,Central,Prepaid,Annual,38,52.0,Feature,0,1,16.2,497,15,433.66,22785.4,0,0.0,1.53,8.4,1,0,601.63,0
TEL-11410,North,Prepaid,Monthly,13,38.0,Smartphone-Premium,0,0,3.4,135,8,133.77,1444.23,1,43.8,3.29,16.2,15,0,109.47,1
TEL-11411,East,Prepaid,Monthly,17,21.0,Smartphone-Budget,0,0,22.6,95,1,303.29,4950.93,0,0.0,0.57,27.4,22,0,287.59,0
TEL-11412,Central,Postpaid,Annual,25,31.0,Smartphone-Premium,1,1,33.0,178,5,740.59,19084.78,1,4.1,3.5,27.5,31,0,780.77,0
TEL-11413,East,Postpaid,Monthly,64,49.0,Smartphone-Budget,1,0,10.5,440,17,321.76,21919.04,2,34.0,1.1,18.2,16,0,331.38,0
TEL-11414,South,Prepaid,Monthly,35,30.0,Smartphone-Budget,0,0,21.0,327,13,324.91,11236.97,1,21.7,1.18,33.7,2,0,304.73,0
TEL-11415,West,Prepaid,Monthly,59,42.0,Smartphone-Budget,1,1,17.9,406,17,425.7,26175.65,3,32.4,3.75,27.3,18,0,455.49,0
TEL-11416,Central,Prepaid,Monthly,6,22.0,Smartphone-Budget,1,0,4.7,95,7,188.63,1082.1,2,20.6,3.86,3.7,6,1,180.31,1
TEL-11417,East,Postpaid,Two-Year,11,24.0,Smartphone-Budget,1,0,3.7,140,9,287.7,3015.63,1,25.6,3.21,36.9,3,0,281.85,0
TEL-11418,North,Prepaid,Monthly,51,61.0,Feature,0,0,2.4,216,38,159.49,9754.6,1,28.2,4.93,20.5,9,1,192.4,1
TEL-11419,South,Postpaid,Monthly,8,20.0,Smartphone-Budget,0,0,4.4,95,8,212.19,1857.54,2,44.6,1.46,36.7,5,1,214.74,1
TEL-11420,Central,Postpaid,Monthly,62,71.0,Feature,1,0,1.6,357,33,299.67,19113.26,2,39.2,5.85,17.4,13,0,316.86,0
TEL-11421,North,Postpaid,Monthly,49,30.0,Smartphone-Budget,1,0,9.3,322,14,377.3,18581.15,1,36.5,3.25,15.0,17,0,393.62,0
TEL-11422,West,Postpaid,Two-Year,19,44.0,Feature,1,0,22.4,310,16,490.0,10435.82,2,13.4,1.18,40.7,23,0,519.83,0
TEL-11423,South,Postpaid,Two-Year,17,18.0,Smartphone-Budget,1,0,44.6,175,5,666.09,12008.24,0,0.0,1.9,19.0,2,0,702.39,0
TEL-11424,North,Prepaid,Monthly,9,28.0,Smartphone-Premium,0,0,3.3,156,11,221.37,1946.06,2,12.2,5.09,34.6,10,0,206.62,0
TEL-11425,West,Prepaid,Monthly,35,48.0,Smartphone-Budget,0,0,1.1,680,26,181.71,6312.66,0,0.0,1.99,37.1,4,0,178.03,0
TEL-11426,West,Prepaid,Monthly,24,37.0,Smartphone-Budget,0,0,12.3,153,17,167.94,4515.66,0,0.0,12.19,23.5,6,0,180.56,0
TEL-11427,North,Prepaid,Monthly,34,56.0,Feature,1,0,2.5,200,53,163.12,5681.82,0,0.0,0.85,30.3,10,0,171.07,0
TEL-11428,West,Prepaid,Monthly,14,29.0,Smartphone-Premium,0,1,46.6,239,5,653.79,9828.62,2,,6.85,18.3,6,1,673.82,1
TEL-11429,West,Prepaid,Annual,22,18.0,Smartphone-Premium,0,0,21.9,259,7,309.05,6581.98,0,0.0,2.52,26.8,9,0,302.2,0
TEL-11430,East,Prepaid,Monthly,55,39.0,Smartphone-Budget,0,0,14.4,298,10,244.13,11331.83,0,0.0,1.96,24.5,13,1,223.1,0
TEL-11431,West,Prepaid,Monthly,36,43.0,Feature,0,0,2.8,449,33,189.06,10970.37,0,0.0,3.23,40.1,8,0,317.57,0
TEL-11432,South,Prepaid,Annual,21,32.0,Smartphone-Budget,0,1,19.5,291,26,426.47,11195.63,1,23.9,4.88,38.1,22,0,510.68,0
TEL-11433,East,Postpaid,Two-Year,9,27.0,Smartphone-Premium,0,0,40.2,187,5,570.01,5278.85,2,67.9,4.68,37.7,12,0,590.58,0
TEL-11434,North,Prepaid,Monthly,37,59.0,Smartphone-Budget,0,0,2.5,455,39,192.58,7613.49,1,42.9,2.51,32.1,6,1,208.02,1
TEL-11435,South,Postpaid,Monthly,17,18.0,Smartphone-Premium,0,0,19.3,172,6,427.25,6892.83,2,38.0,4.15,32.2,11,1,429.68,1
TEL-11436,West,Prepaid,Monthly,48,42.0,Smartphone-Premium,0,1,14.5,270,13,382.51,25838.43,0,0.0,7.37,24.7,23,0,528.95,0
TEL-11437,East,Prepaid,Annual,9,30.0,Smartphone-Budget,0,0,34.9,122,6,420.57,5163.77,1,3.2,1.73,25.5,4,0,566.7,0
TEL-11438,North,Postpaid,Two-Year,47,36.0,Smartphone-Budget,0,0,12.2,389,13,362.74,17394.22,1,26.4,1.45,17.9,5,0,390.47,0
TEL-11439,South,Prepaid,Monthly,57,36.0,Smartphone-Premium,0,0,15.1,360,15,297.71,15833.75,3,24.1,3.49,20.3,8,0,279.74,0
TEL-11440,North,Postpaid,Annual,18,23.0,Smartphone-Premium,1,0,27.6,150,7,467.09,8995.34,0,0.0,0.69,25.6,11,0,492.58,0
TEL-11441,Central,Postpaid,Annual,34,59.0,Smartphone-Budget,1,0,2.3,497,33,238.1,8821.85,1,10.8,1.67,20.4,30,0,277.28,0
TEL-11442,Central,Prepaid,Monthly,51,45.0,Smartphone-Budget,0,0,16.5,331,21,292.27,17193.1,0,0.0,5.4,13.9,39,0,328.13,0
TEL-11443,Central,Postpaid,Annual,43,24.0,Smartphone-Budget,1,0,17.4,365,19,412.16,18980.2,1,17.7,1.84,,14,0,445.0,0
TEL-11444,East,Postpaid,Annual,9,43.0,Smartphone-Premium,1,0,25.1,245,6,487.23,4824.8,1,11.9,7.48,24.4,9,0,537.85,0
TEL-11445,North,Postpaid,Monthly,67,64.0,Smartphone-Budget,1,0,1.8,591,33,282.63,21115.89,2,33.8,5.8,27.7,7,0,325.4,0
TEL-11446,West,Postpaid,Two-Year,49,49.0,Smartphone-Budget,0,1,10.6,295,12,500.06,36215.31,0,0.0,2.99,38.5,3,0,675.22,0
TEL-11447,West,Postpaid,Two-Year,15,22.0,Smartphone-Premium,0,0,1.5,161,11,260.38,4303.16,1,20.1,3.36,21.1,9,0,305.84,0
TEL-11448,West,Prepaid,Monthly,20,24.0,Smartphone-Premium,0,0,23.6,171,6,285.85,6409.86,0,0.0,4.02,39.4,6,0,328.55,0
TEL-11449,West,Prepaid,Monthly,1,34.0,Smartphone-Budget,0,0,2.8,231,10,148.9,165.45,0,0.0,4.29,28.6,37,1,161.13,1
TEL-11450,North,Prepaid,Monthly,29,29.0,Smartphone-Budget,0,0,24.8,226,5,325.81,11505.98,2,9.6,1.79,20.7,23,0,376.57,0
TEL-11451,North,Prepaid,Monthly,17,18.0,Smartphone-Premium,1,0,14.6,156,10,229.49,3602.61,0,0.0,6.8,33.1,10,1,220.54,1
TEL-11452,East,Prepaid,Monthly,28,52.0,Smartphone-Premium,0,0,13.4,435,14,309.42,8936.26,1,22.2,4.22,24.4,5,1,316.86,1
TEL-11453,Central,Prepaid,Monthly,10,26.0,Smartphone-Premium,0,0,5.1,63,6,173.73,1985.17,2,55.6,1.46,16.3,6,1,187.05,1
TEL-11454,North,Prepaid,Annual,40,40.0,Smartphone-Budget,1,0,2.2,464,29,173.95,8617.48,0,0.0,1.23,37.0,11,0,228.28,0
TEL-11455,Central,Postpaid,Annual,1,52.0,Feature,1,0,1.9,709,25,250.45,279.32,0,0.0,8.23,19.7,13,0,271.16,0
TEL-11456,Central,Prepaid,Monthly,53,29.0,Smartphone-Premium,0,0,11.6,318,21,221.94,12014.05,2,20.0,3.39,12.8,12,0,236.36,0
TEL-11457,West,Postpaid,Monthly,4,64.0,Feature,0,0,2.0,524,34,245.85,1349.25,2,8.5,1.42,34.0,12,0,347.42,0
TEL-11458,West,Postpaid,Monthly,45,41.0,Smartphone-Budget,1,0,2.0,458,33,311.22,15069.64,2,28.3,2.1,27.5,15,0,330.6,0
TEL-11459,Central,Prepaid,Monthly,69,60.0,Feature,1,1,2.4,467,32,311.01,22029.16,0,0.0,1.97,17.7,5,0,340.72,0
TEL-11460,West,Postpaid,Monthly,10,38.0,Smartphone-Budget,0,0,3.3,228,11,319.41,3081.0,1,9.7,1.27,24.4,13,0,305.66,0
TEL-11461,Central,Postpaid,Monthly,4,21.0,Smartphone-Budget,0,0,4.3,146,8,294.55,1212.61,0,0.0,0.44,7.3,25,0,308.74,0
TEL-11462,West,Postpaid,Two-Year,24,36.0,Smartphone-Budget,0,0,18.8,474,21,468.48,13946.73,0,0.0,3.64,36.0,2,0,583.24,0
TEL-11463,East,Prepaid,Monthly,20,19.0,Smartphone-Premium,0,0,35.9,127,7,390.21,7826.23,0,0.0,2.53,41.8,1,0,379.95,0
TEL-11464,Central,Prepaid,Monthly,22,31.0,Smartphone-Premium,0,0,21.1,215,5,361.01,7697.83,0,0.0,2.32,3.1,20,1,389.22,0
TEL-11465,West,Prepaid,Monthly,17,43.0,Smartphone-Premium,0,0,15.6,163,9,215.11,3824.3,0,0.0,1.13,22.3,13,0,236.22,0
TEL-11466,East,Postpaid,Annual,11,33.0,Smartphone-Budget,1,0,4.0,144,12,268.2,2923.84,1,7.4,0.53,29.0,12,1,274.64,1
TEL-11467,North,Prepaid,Annual,3,29.0,Smartphone-Premium,0,0,3.4,110,4,141.71,327.5,0,0.0,3.25,25.4,7,0,114.24,0
TEL-11468,North,Prepaid,Monthly,12,34.0,Smartphone-Budget,0,1,2.9,115,7,270.91,3959.22,0,0.0,4.9,20.3,39,1,314.75,1
TEL-11469,West,Postpaid,Monthly,53,38.0,Feature,1,0,17.9,330,24,422.48,22721.27,0,0.0,4.63,21.9,10,0,440.06,0
TEL-11470,North,Prepaid,Monthly,15,26.0,Smartphone-Budget,0,1,3.7,130,7,316.09,7691.39,1,18.8,4.52,21.4,10,1,522.52,1
TEL-11471,East,Prepaid,Monthly,18,26.0,Smartphone-Budget,0,0,5.5,128,12,156.86,4153.05,0,0.0,8.59,21.2,23,1,235.46,1
TEL-11472,South,Prepaid,Monthly,35,43.0,Feature,0,0,17.1,384,17,341.95,12894.92,1,17.3,4.0,31.9,5,0,382.4,0
TEL-11473,South,Postpaid,Annual,12,19.0,Feature,1,0,3.7,135,10,362.49,4288.4,3,48.1,0.32,29.2,9,1,361.7,1
TEL-11474,North,Prepaid,Monthly,36,60.0,Feature,1,0,1.8,453,32,141.25,6403.97,0,0.0,0.74,16.3,16,0,178.12,0
TEL-11475,East,Prepaid,Monthly,13,32.0,Smartphone-Premium,1,0,28.0,145,5,338.55,4887.76,1,5.1,2.36,29.6,7,0,354.18,0
TEL-11476,West,Postpaid,Annual,2,27.0,Smartphone-Budget,1,0,2.7,153,8,273.99,558.88,1,61.2,3.99,32.7,11,0,277.08,0
TEL-11477,West,Prepaid,Annual,5,23.0,Smartphone-Premium,0,1,3.5,184,10,295.53,1606.35,3,46.7,4.77,19.4,3,1,329.11,1
TEL-11478,Central,Prepaid,Monthly,7,35.0,Smartphone-Budget,0,0,3.9,179,10,202.42,1234.55,0,0.0,7.67,4.4,1,0,184.82,0
TEL-11479,South,Postpaid,Monthly,55,37.0,Smartphone-Premium,1,0,20.1,379,14,409.79,25059.29,3,26.1,2.34,28.5,13,0,456.0,0
TEL-11480,North,Postpaid,Annual,7,18.0,Smartphone-Budget,1,0,3.9,167,8,320.67,2188.66,2,8.0,4.06,41.3,29,0,309.33,0
TEL-11481,Central,Prepaid,Monthly,10,40.0,Smartphone-Budget,0,0,4.6,160,8,194.68,1968.46,0,,5.44,1.2,18,1,201.02,1
TEL-11482,East,Postpaid,Two-Year,15,21.0,Smartphone-Budget,1,0,21.7,165,6,430.96,7170.12,0,0.0,1.15,19.7,22,0,487.69,0
TEL-11483,West,Postpaid,Annual,8,37.0,Smartphone-Budget,0,0,5.8,196,8,355.19,2731.69,0,0.0,4.3,38.1,9,1,355.97,1
TEL-11484,East,Prepaid,Monthly,7,22.0,Smartphone-Budget,0,0,4.7,133,5,198.39,2010.03,0,0.0,9.24,32.3,12,1,291.76,1
TEL-11485,West,Prepaid,Annual,1,22.0,Smartphone-Premium,0,1,31.4,218,3,568.92,652.71,0,0.0,0.81,14.3,14,0,636.28,0
TEL-11486,South,Prepaid,Monthly,12,25.0,Smartphone-Budget,0,1,3.6,135,6,283.16,3489.4,1,14.4,4.34,19.0,6,0,291.22,0
TEL-11487,South,Prepaid,Monthly,5,28.0,Smartphone-Premium,1,0,3.7,168,4,120.62,759.25,1,16.8,8.58,16.3,27,0,141.17,0
TEL-11488,South,Prepaid,Monthly,58,56.0,Feature,0,0,1.1,639,36,167.76,9601.77,1,24.5,2.63,30.0,3,1,161.09,1
TEL-11489,Central,Prepaid,Monthly,18,23.0,Smartphone-Premium,0,1,42.3,145,2,656.97,13038.38,1,5.4,8.66,9.9,34,1,711.55,1
TEL-11490,South,Prepaid,Monthly,15,55.0,Smartphone-Budget,1,0,2.3,576,32,175.62,2803.38,1,16.5,1.76,25.2,11,0,191.24,0
TEL-11491,West,Postpaid,Monthly,4,31.0,Smartphone-Budget,0,0,4.6,106,10,258.1,1133.02,2,27.4,6.25,19.3,2,0,280.2,1
TEL-11492,West,Prepaid,Monthly,35,43.0,Smartphone-Budget,0,0,2.5,748,26,253.76,8525.85,0,0.0,1.59,45.7,6,0,241.91,0
TEL-11493,South,Prepaid,Monthly,2,35.0,Smartphone-Premium,0,0,3.2,82,7,241.99,460.79,2,21.3,2.2,26.6,12,0,236.94,0
TEL-11494,South,Prepaid,Monthly,40,53.0,Smartphone-Budget,0,0,16.5,262,12,280.16,10234.63,0,0.0,1.42,18.1,4,0,248.32,0
TEL-11495,East,Prepaid,Monthly,13,30.0,Smartphone-Premium,0,0,21.9,214,4,278.82,4700.94,0,0.0,4.07,32.8,9,0,353.0,0
TEL-11496,East,Prepaid,Monthly,27,27.0,Smartphone-Budget,0,0,18.8,259,15,283.49,8875.46,2,7.8,0.99,24.7,37,0,329.9,0
TEL-11497,East,Prepaid,Monthly,16,18.0,Smartphone-Premium,0,0,31.6,272,5,322.28,5871.05,0,0.0,4.42,30.8,12,0,365.44,0
TEL-11498,Central,Postpaid,Annual,26,26.0,Smartphone-Budget,0,0,37.9,143,5,566.61,14016.58,1,14.3,4.08,20.4,7,1,559.18,1
TEL-11499,East,Prepaid,Annual,13,37.0,Smartphone-Budget,0,0,3.5,188,6,116.66,1728.31,2,19.2,4.95,32.7,10,0,139.73,0
TEL-11500,North,Prepaid,Monthly,12,30.0,Smartphone-Budget,0,0,4.9,155,9,101.85,1414.08,1,60.0,0.95,27.2,4,1,119.94,1
TEL-11501,Central,Prepaid,Monthly,12,23.0,Smartphone-Premium,0,1,2.9,105,7,329.54,4601.63,0,0.0,2.26,11.6,13,0,416.4,0
TEL-11502,West,Prepaid,Monthly,44,33.0,Smartphone-Premium,0,0,29.5,277,18,459.21,23058.29,1,28.3,1.35,28.0,5,0,556.94,0
TEL-11503,East,Postpaid,Annual,33,59.0,Smartphone-Budget,0,0,2.6,436,33,304.29,12483.73,0,0.0,0.46,32.9,6,0,372.89,0
TEL-11504,Central,Prepaid,Annual,72,54.0,Smartphone-Budget,1,0,2.6,577,30,276.86,20233.38,2,9.0,2.53,11.0,3,0,283.7,0
TEL-11505,West,Postpaid,Monthly,7,27.0,Smartphone-Premium,1,0,4.1,151,9,280.84,1979.78,1,31.7,4.8,30.0,8,1,289.35,1
TEL-11506,West,Prepaid,Monthly,15,38.0,Smartphone-Budget,0,0,28.3,166,10,390.58,6220.1,2,12.8,2.11,27.6,8,1,404.58,1
TEL-11507,North,Prepaid,Monthly,23,24.0,Smartphone-Premium,0,0,45.3,169,4,527.26,12491.4,0,0.0,3.26,16.8,14,0,556.73,0
TEL-11508,North,Prepaid,Monthly,13,29.0,Smartphone-Budget,0,0,3.5,110,8,119.58,2028.46,0,0.0,1.23,28.4,15,1,158.17,1
TEL-11509,Central,Prepaid,Monthly,8,43.0,Smartphone-Budget,0,1,3.0,261,6,258.8,2434.36,3,81.9,2.31,32.6,3,1,297.57,1
TEL-11510,South,Postpaid,Annual,65,40.0,Smartphone-Budget,1,0,21.9,461,8,453.0,46472.5,0,0.0,4.96,34.2,27,0,677.88,0
TEL-11511,South,Postpaid,Monthly,9,29.0,Smartphone-Budget,0,0,3.4,169,12,290.82,3134.98,1,6.1,3.67,29.5,19,0,338.92,0
TEL-11512,Central,Postpaid,Two-Year,26,46.0,Feature,0,0,3.2,544,43,290.5,7939.62,1,22.4,8.38,22.4,21,0,309.53,1
TEL-11513,Central,Prepaid,Annual,15,48.0,Smartphone-Budget,0,0,2.7,349,36,120.62,2577.07,0,0.0,5.39,14.7,7,0,163.17,0
TEL-11514,Central,Postpaid,Monthly,17,18.0,Smartphone-Premium,1,0,34.7,176,5,519.2,10488.6,1,44.2,2.75,13.8,8,0,607.43,0
TEL-11515,East,Prepaid,Monthly,10,42.0,Smartphone-Budget,0,0,4.9,209,8,211.06,2443.61,1,25.0,2.18,32.0,11,1,225.06,1
TEL-11516,Central,Prepaid,Monthly,40,35.0,Smartphone-Premium,0,0,11.7,510,12,218.98,13156.39,1,21.6,2.98,1.2,14,0,321.49,0
TEL-11517,West,Prepaid,Annual,8,28.0,Smartphone-Budget,1,0,2.8,122,6,163.74,1111.12,1,40.1,3.03,48.6,3,0,136.02,0
TEL-11518,East,Prepaid,Annual,21,23.0,Smartphone-Budget,0,0,16.6,424,12,323.98,7203.56,1,37.7,5.16,27.1,28,0,359.65,0
TEL-11519,Central,Prepaid,Annual,8,39.0,Smartphone-Budget,0,1,23.9,295,15,486.37,4563.09,2,21.3,1.33,4.2,7,0,575.01,0
TEL-11520,North,Prepaid,Monthly,7,18.0,Smartphone-Premium,0,0,48.7,207,7,535.02,3863.45,0,0.0,5.44,24.0,8,0,549.3,0
TEL-11521,North,Postpaid,Annual,2,36.0,Smartphone-Premium,1,0,32.4,77,8,489.19,888.35,2,19.2,4.5,35.1,4,0,475.72,0
TEL-11522,West,Postpaid,Monthly,60,53.0,Smartphone-Budget,1,0,1.8,358,37,281.13,19108.74,0,0.0,2.28,25.2,11,0,299.47,0
TEL-11523,East,Prepaid,Monthly,29,31.0,Smartphone-Budget,0,0,18.4,497,8,254.28,7812.68,0,0.0,4.05,30.3,4,0,252.85,0
TEL-11524,North,Prepaid,Monthly,7,36.0,Smartphone-Premium,0,0,4.1,134,4,187.01,1243.69,0,0.0,2.44,25.6,24,0,188.61,0
TEL-11525,North,Postpaid,Annual,18,35.0,Smartphone-Budget,0,0,3.9,148,8,197.97,3379.52,2,16.5,3.16,23.4,11,0,180.78,0
TEL-11526,Central,Postpaid,Annual,19,24.0,Smartphone-Premium,1,0,25.3,191,8,408.49,7163.73,4,18.1,6.54,12.9,5,0,431.46,0
TEL-11527,North,Prepaid,Monthly,16,58.0,Smartphone-Budget,0,1,2.2,689,30,354.63,10456.79,0,0.0,4.42,14.6,2,1,664.9,1
TEL-11528,North,Postpaid,Two-Year,23,31.0,Smartphone-Budget,1,0,41.6,179,4,590.33,12705.22,2,4.3,4.38,35.5,17,0,559.41,0
TEL-11529,Central,Postpaid,Annual,5,18.0,Smartphone-Budget,1,0,35.7,144,5,506.9,2620.33,1,11.2,1.78,10.4,39,0,555.14,0
TEL-11530,West,Postpaid,Two-Year,10,38.0,Smartphone-Premium,0,0,25.9,174,6,409.89,4306.8,0,0.0,2.97,38.1,4,0,422.5,0
TEL-11531,North,Postpaid,Monthly,1,52.0,Smartphone-Budget,1,0,3.0,598,39,332.92,318.89,1,63.9,1.07,42.3,11,0,324.82,0
TEL-11532,South,Prepaid,Monthly,13,45.0,Feature,0,0,3.5,669,31,183.44,2553.09,1,22.6,1.61,26.0,5,0,206.35,0
TEL-11533,Central,Prepaid,Monthly,14,33.0,Smartphone-Budget,0,0,2.3,139,12,79.0,2969.69,0,0.0,4.75,19.7,9,1,217.19,1
TEL-11534,South,Postpaid,Annual,13,26.0,Smartphone-Premium,1,0,37.9,282,6,599.72,8396.62,1,25.4,1.29,31.9,30,0,641.54,0
TEL-11535,Central,Prepaid,Monthly,3,31.0,Smartphone-Premium,0,0,5.1,405,17,203.67,578.2,0,0.0,5.73,16.6,12,0,190.86,0
TEL-11536,North,Postpaid,Monthly,7,,Smartphone-Budget,1,0,31.7,195,6,505.24,3541.28,1,16.6,0.1,15.1,19,0,539.82,0
TEL-11537,West,Postpaid,Annual,38,57.0,Feature,1,1,2.3,601,29,453.0,32505.04,0,0.0,0.24,4.4,18,0,809.6,0
TEL-11538,East,Prepaid,Monthly,39,41.0,Smartphone-Budget,1,0,16.3,258,18,256.05,11868.76,0,0.0,10.28,28.8,21,0,293.63,0
TEL-11539,Central,Prepaid,Monthly,50,33.0,Smartphone-Budget,0,0,14.2,260,18,255.27,11964.18,0,0.0,5.13,10.7,3,1,238.12,1
TEL-11540,South,Prepaid,Annual,11,23.0,Smartphone-Budget,0,0,32.0,136,7,429.72,4551.78,2,13.2,4.58,13.0,10,1,418.3,1
TEL-11541,West,Postpaid,Two-Year,16,24.0,Smartphone-Premium,1,0,33.2,90,3,538.93,10037.49,0,0.0,5.11,23.4,20,0,570.5,0
TEL-11542,North,Postpaid,Monthly,4,27.0,Smartphone-Budget,0,0,2.9,173,8,232.93,1139.53,2,25.3,9.55,19.2,20,0,284.22,0
TEL-11543,South,Postpaid,Monthly,72,63.0,Smartphone-Budget,0,0,2.6,663,26,241.29,16521.37,2,10.4,4.91,11.0,18,1,235.91,1
TEL-11544,North,Postpaid,Monthly,8,36.0,Smartphone-Premium,1,1,4.8,156,16,372.6,3935.28,1,35.7,0.83,,21,0,512.87,0
TEL-11545,West,Prepaid,Annual,8,23.0,Smartphone-Budget,0,0,3.9,239,10,153.91,1602.77,2,53.6,9.39,25.1,12,1,197.15,1
TEL-11546,South,Postpaid,Two-Year,6,36.0,Smartphone-Budget,1,0,4.4,117,5,344.3,2101.59,3,8.5,1.03,36.3,14,0,352.19,0
TEL-11547,South,Postpaid,Two-Year,39,54.0,Feature,0,1,1.6,617,33,508.21,26230.49,1,36.4,0.83,18.0,29,0,654.93,0
TEL-11548,North,Prepaid,Monthly,20,18.0,Smartphone-Premium,0,0,24.8,206,4,372.7,8700.88,0,0.0,7.03,30.8,3,0,428.63,0
TEL-11549,North,Prepaid,Monthly,15,26.0,Smartphone-Premium,1,0,31.0,136,3,358.07,5299.59,2,36.8,2.21,32.3,7,0,360.7,0
TEL-11550,Central,Postpaid,Monthly,11,41.0,Smartphone-Premium,0,0,2.6,149,10,287.23,3003.07,2,9.2,4.58,17.9,6,1,262.4,1
TEL-11551,West,Postpaid,Monthly,23,49.0,Smartphone-Premium,1,0,18.7,404,11,443.49,13657.01,2,29.0,3.22,24.1,13,0,600.46,0
TEL-11552,East,Prepaid,Monthly,45,30.0,Smartphone-Budget,0,0,14.0,290,17,288.68,14649.1,1,31.8,4.57,20.2,14,0,319.16,0
TEL-11553,North,Postpaid,Annual,43,45.0,Smartphone-Budget,1,1,21.3,285,14,567.55,26340.29,1,38.6,2.95,30.6,8,0,634.47,0
TEL-11554,West,Prepaid,Monthly,36,66.0,Feature,0,0,2.9,660,30,188.08,8438.79,1,12.3,2.94,17.3,24,1,233.95,1
TEL-11555,West,Prepaid,Monthly,6,34.0,Smartphone-Budget,0,0,3.5,128,8,93.17,431.95,1,23.5,7.05,,9,1,70.8,1
TEL-11556,South,Prepaid,Annual,11,32.0,Smartphone-Premium,0,0,4.0,172,5,174.49,2388.26,0,0.0,4.22,30.3,12,0,207.49,0
TEL-11557,West,Postpaid,Annual,1,27.0,Smartphone-Premium,1,0,3.1,203,10,335.97,337.32,0,0.0,1.08,23.8,13,1,358.84,1
TEL-11558,North,Prepaid,Monthly,53,37.0,Smartphone-Budget,0,0,22.2,349,14,295.71,17151.2,0,0.0,1.67,30.0,11,0,294.08,0
TEL-11559,West,Prepaid,Monthly,15,34.0,Smartphone-Budget,1,0,4.8,118,10,174.16,3872.3,0,0.0,2.05,32.7,30,0,247.58,0
TEL-11560,East,Prepaid,Monthly,30,41.0,Smartphone-Budget,0,0,18.3,413,13,267.99,7077.62,0,0.0,6.08,29.9,9,1,239.11,1
TEL-11561,South,Postpaid,Annual,6,37.0,Smartphone-Premium,1,0,5.4,134,10,216.29,1239.69,0,0.0,2.9,20.6,10,0,224.41,0
TEL-11562,South,Prepaid,Monthly,9,26.0,Smartphone-Budget,0,1,6.7,203,2,338.59,3363.79,0,0.0,2.24,22.6,15,0,368.4,0
TEL-11563,West,Postpaid,Monthly,8,23.0,Smartphone-Premium,0,0,4.7,106,10,216.94,1795.64,2,30.5,0.22,21.3,27,1,225.56,1
TEL-11564,West,Prepaid,Monthly,29,35.0,Smartphone-Premium,0,0,22.3,394,9,342.02,10505.44,0,0.0,2.59,32.8,16,0,369.85,0
TEL-11565,North,Prepaid,Annual,6,21.0,Smartphone-Budget,0,0,25.1,112,4,337.81,1913.42,0,0.0,2.27,26.7,28,1,290.87,1
TEL-11566,South,Postpaid,Monthly,10,33.0,Smartphone-Budget,0,0,4.2,170,5,194.78,2321.69,0,0.0,1.59,23.1,15,0,251.9,0
TEL-11567,West,Prepaid,Monthly,33,43.0,Smartphone-Budget,1,0,2.6,471,37,141.6,5266.22,2,46.5,2.19,16.7,7,0,160.5,0
TEL-11568,North,Postpaid,Monthly,13,29.0,Smartphone-Budget,0,1,25.7,103,5,614.07,9433.47,0,0.0,1.67,28.1,18,0,667.46,0
TEL-11569,East,Postpaid,Monthly,6,18.0,Smartphone-Premium,0,0,2.8,123,12,299.19,1764.8,1,14.2,1.05,28.4,11,0,282.3,0
TEL-11570,West,Postpaid,Two-Year,48,44.0,Smartphone-Budget,1,0,14.1,310,22,367.07,19652.64,3,32.6,5.0,36.2,17,0,376.63,0
TEL-11571,East,Prepaid,Monthly,13,35.0,Smartphone-Budget,0,0,5.5,199,11,143.82,2070.21,0,0.0,2.13,34.4,16,0,156.37,0
TEL-11572,West,Postpaid,Monthly,23,39.0,Smartphone-Budget,1,0,3.7,267,26,282.87,8629.32,2,1.5,1.82,20.2,16,0,384.1,0
TEL-11573,South,Prepaid,Annual,31,34.0,Smartphone-Premium,1,0,22.0,218,16,269.7,8235.96,0,0.0,4.41,40.7,11,0,266.08,0
TEL-11574,South,Postpaid,Two-Year,67,37.0,Smartphone-Premium,1,0,11.7,406,16,407.57,29129.57,1,6.1,2.83,24.9,8,0,429.25,0
TEL-11575,South,Prepaid,Annual,9,31.0,Smartphone-Premium,0,0,3.5,87,10,79.0,739.96,0,0.0,0.91,23.9,13,0,81.63,0
TEL-11576,South,Postpaid,Two-Year,1,18.0,Smartphone-Premium,1,0,2.6,172,9,257.88,264.25,0,0.0,3.71,37.3,5,0,273.12,0
TEL-11577,North,Postpaid,Annual,28,31.0,Smartphone-Premium,0,0,9.4,213,17,343.72,12513.15,1,9.7,3.13,31.2,21,0,435.82,0
TEL-11578,Central,Prepaid,Annual,19,28.0,Smartphone-Budget,0,0,5.2,126,5,143.16,2662.84,1,38.0,3.45,1.2,22,1,146.28,1
TEL-11579,East,Postpaid,Two-Year,7,41.0,Smartphone-Premium,1,0,4.9,198,8,249.7,1493.94,0,0.0,0.51,20.8,19,1,221.5,1
TEL-11580,South,Postpaid,Monthly,8,32.0,Smartphone-Budget,1,0,2.9,143,5,224.59,2287.32,2,11.1,3.04,30.2,16,0,286.6,0
TEL-11581,East,Postpaid,Annual,11,18.0,Smartphone-Budget,1,0,25.7,182,4,426.58,5741.72,1,39.7,4.47,19.9,6,0,488.04,0
TEL-11582,South,Postpaid,Annual,72,66.0,Feature,1,0,2.6,453,35,300.33,23499.53,1,27.5,5.8,29.6,25,0,327.14,0
TEL-11583,South,Postpaid,Annual,8,35.0,Smartphone-Budget,0,0,6.3,182,5,332.35,2647.02,1,70.8,2.93,25.5,4,0,354.21,0
TEL-11584,Central,Prepaid,Monthly,17,34.0,Smartphone-Budget,0,0,33.9,75,4,399.78,6714.23,0,0.0,6.26,33.3,10,0,411.64,0
TEL-11585,North,Prepaid,Monthly,3,22.0,Smartphone-Budget,0,0,4.5,213,11,167.94,572.28,0,0.0,2.35,34.7,17,0,192.57,0
TEL-11586,North,Postpaid,Annual,36,35.0,Smartphone-Budget,0,0,21.7,410,15,365.91,17244.48,1,7.6,1.31,22.9,4,0,462.77,0
TEL-11587,East,Postpaid,Annual,7,24.0,Smartphone-Premium,1,0,31.8,157,5,539.06,3696.4,0,0.0,2.67,10.0,10,0,542.92,0
TEL-11588,North,Prepaid,Monthly,13,30.0,Smartphone-Budget,1,0,4.5,207,5,136.4,1619.86,1,38.3,0.45,22.5,13,0,123.54,0
TEL-11589,West,Prepaid,Monthly,8,45.0,Smartphone-Premium,0,0,5.0,190,5,169.75,1854.83,2,26.3,1.66,44.4,10,1,233.76,1
TEL-11590,East,Postpaid,Monthly,40,48.0,Feature,1,0,2.0,675,39,223.54,11214.53,2,42.9,3.35,28.5,5,0,268.79,0
TEL-11591,Central,Postpaid,Monthly,55,31.0,Smartphone-Premium,0,0,14.9,258,10,365.25,20154.88,3,7.9,3.39,16.1,18,0,360.09,0
TEL-11592,East,Prepaid,Monthly,33,30.0,Smartphone-Premium,0,1,12.0,420,16,418.18,15346.34,2,19.6,3.57,41.4,9,0,482.88,0
TEL-11593,East,Prepaid,Monthly,9,21.0,Smartphone-Premium,0,0,45.7,130,7,507.1,5282.0,1,12.7,1.86,24.7,17,0,548.13,0
TEL-11594,South,Prepaid,Monthly,20,43.0,Smartphone-Budget,0,0,10.1,324,17,183.58,3390.43,2,19.7,3.27,30.6,19,0,171.37,0
TEL-11595,West,Postpaid,Two-Year,8,25.0,Smartphone-Budget,0,1,2.8,184,13,451.63,4977.38,1,24.7,1.0,26.6,9,0,585.61,0
TEL-11596,Central,Prepaid,Monthly,10,38.0,Smartphone-Budget,0,0,4.6,142,8,200.09,1927.2,1,93.1,3.18,15.7,33,0,193.67,0
TEL-11597,West,Postpaid,Annual,13,39.0,Smartphone-Budget,1,0,11.0,388,21,370.37,5497.24,1,21.8,4.48,35.2,2,0,404.2,0
TEL-11598,Central,Prepaid,Monthly,18,18.0,Smartphone-Premium,0,0,38.0,161,1,452.67,8099.93,0,0.0,8.52,15.8,19,1,456.6,1
TEL-11599,North,Prepaid,Monthly,41,30.0,Smartphone-Budget,0,1,17.5,530,16,485.54,22851.42,0,0.0,1.42,30.4,14,0,559.23,0
TEL-11600,Central,Prepaid,Monthly,72,50.0,Smartphone-Budget,0,0,2.2,162,43,142.5,11830.13,0,0.0,6.53,9.9,19,0,165.25,0
TEL-11601,Central,Postpaid,Monthly,37,41.0,Smartphone-Budget,0,0,13.9,413,16,458.8,17875.32,2,10.9,1.19,32.9,7,0,462.36,0
TEL-11602,North,Prepaid,Monthly,1,69.0,Feature,0,0,2.3,407,36,181.48,163.06,0,0.0,1.13,33.5,12,0,154.78,0
TEL-11603,East,Prepaid,Monthly,58,43.0,Smartphone-Budget,1,0,18.9,359,13,285.02,15727.66,3,9.6,2.66,20.7,5,0,280.49,0
TEL-11604,West,Prepaid,Monthly,4,28.0,Smartphone-Budget,0,0,44.8,226,5,514.95,2201.04,2,56.7,3.91,40.6,31,1,520.33,1
TEL-11605,West,Postpaid,Monthly,14,,Feature,0,0,1.7,316,37,253.09,3455.8,2,21.7,3.69,23.2,19,0,238.03,0
TEL-11606,West,Prepaid,Annual,19,42.0,Smartphone-Budget,0,1,26.1,454,9,512.88,10564.44,1,18.4,3.86,31.7,25,0,589.99,0
TEL-11607,North,Prepaid,Monthly,72,70.0,Smartphone-Budget,0,0,2.1,163,31,203.17,14986.28,1,13.8,3.29,27.6,26,0,211.28,0
TEL-11608,West,Postpaid,Two-Year,2,26.0,Smartphone-Budget,1,0,4.2,125,9,289.68,546.5,4,32.1,8.45,12.8,8,0,296.78,1
TEL-11609,South,Prepaid,Monthly,9,34.0,Smartphone-Premium,1,0,4.3,93,10,155.47,1476.58,0,0.0,1.02,35.4,28,0,159.94,0
TEL-11610,North,Postpaid,Two-Year,37,18.0,Smartphone-Premium,0,0,6.1,251,9,292.29,11179.14,4,49.9,0.57,19.7,3,0,289.19,0
TEL-11611,West,Prepaid,Monthly,1,64.0,Smartphone-Budget,0,1,17.8,335,15,503.73,745.26,2,37.8,1.38,10.5,24,0,704.6,0
TEL-11612,North,Postpaid,Monthly,28,45.0,Smartphone-Budget,0,1,14.0,509,17,507.91,15840.35,1,9.8,0.6,23.0,3,1,553.19,1
TEL-11613,South,Postpaid,Annual,3,18.0,Smartphone-Premium,1,0,17.5,174,3,405.54,1227.01,0,0.0,0.69,31.9,10,0,424.76,0
TEL-11614,West,Prepaid,Monthly,72,42.0,Smartphone-Premium,0,0,11.4,296,12,195.17,20333.95,2,39.6,2.09,16.8,4,0,271.07,0
TEL-11615,South,Postpaid,Two-Year,34,52.0,Smartphone-Budget,1,0,1.5,818,24,278.76,9654.96,0,0.0,1.95,19.3,5,0,286.88,0
TEL-11616,East,Prepaid,Monthly,9,33.0,Smartphone-Budget,0,0,2.0,219,10,134.35,1414.13,1,19.4,4.77,19.9,16,0,161.26,0
TEL-11617,South,Prepaid,Monthly,10,44.0,Smartphone-Budget,0,0,4.1,163,9,155.36,1804.0,0,0.0,2.61,17.9,11,0,182.93,0
TEL-11618,North,Prepaid,Monthly,24,18.0,Smartphone-Premium,0,1,42.1,147,5,650.32,16482.27,1,30.5,1.85,38.5,11,0,714.16,0
TEL-11619,West,Postpaid,Two-Year,12,32.0,Smartphone-Budget,0,0,3.8,171,15,245.98,2743.9,0,0.0,4.74,19.9,25,0,233.36,0
TEL-11620,South,Postpaid,Monthly,1,24.0,Smartphone-Budget,0,0,4.4,170,10,290.39,356.02,0,0.0,2.17,22.4,13,1,336.02,1
TEL-11621,East,Prepaid,Monthly,11,23.0,Feature,0,0,5.2,128,8,157.62,1954.68,1,18.1,0.57,27.5,6,1,174.3,1
TEL-11622,South,Postpaid,Monthly,17,32.0,Smartphone-Budget,1,0,34.4,127,7,518.35,8747.62,1,5.3,0.91,27.5,10,0,522.02,0
TEL-11623,Central,Postpaid,Monthly,15,24.0,Smartphone-Premium,1,0,21.7,202,8,423.79,6230.08,1,15.4,2.2,10.1,5,0,423.26,0
TEL-11624,North,Postpaid,Annual,51,39.0,Smartphone-Premium,0,0,14.3,163,19,370.22,20806.64,0,0.0,0.71,12.2,7,0,406.0,0
TEL-11625,Central,Prepaid,Monthly,8,20.0,Feature,0,0,3.9,133,8,118.79,1466.94,2,70.5,4.41,26.5,75,1,185.0,1
TEL-11626,South,Prepaid,Annual,4,26.0,Smartphone-Premium,0,1,3.1,92,8,354.48,1797.9,1,36.6,3.57,36.7,7,0,445.47,0
TEL-11627,West,Prepaid,Monthly,59,45.0,Feature,0,0,1.6,382,34,153.14,10213.58,2,60.1,4.75,31.7,7,0,168.88,0
TEL-11628,West,Prepaid,Monthly,44,40.0,Smartphone-Budget,0,0,15.6,383,17,289.69,13972.25,0,0.0,4.98,32.0,34,0,316.52,0
TEL-11629,South,Prepaid,Monthly,4,21.0,Smartphone-Premium,0,0,53.1,216,3,561.23,2404.55,2,23.7,7.76,29.4,30,1,617.1,1
TEL-11630,South,Postpaid,Monthly,15,42.0,Smartphone-Premium,1,0,15.8,457,16,434.57,6730.56,2,3.7,7.22,28.7,4,0,449.56,1
TEL-11631,West,Prepaid,Monthly,31,55.0,Smartphone-Budget,0,0,2.8,258,36,176.93,5190.05,0,0.0,3.08,16.9,6,0,159.12,0
TEL-11632,South,Prepaid,Monthly,45,49.0,Feature,0,0,1.9,504,35,133.24,7961.97,1,34.8,4.85,33.5,3,0,189.65,0
TEL-11633,West,Prepaid,Monthly,11,28.0,Smartphone-Budget,0,0,39.0,249,6,481.45,5461.27,2,36.2,0.98,31.5,19,0,487.91,0
TEL-11634,North,Prepaid,Monthly,6,31.0,Smartphone-Budget,0,0,4.2,162,7,150.4,1035.52,0,0.0,5.21,20.0,15,1,169.71,1
TEL-11635,North,Prepaid,Monthly,9,34.0,Smartphone-Budget,1,0,4.6,95,6,133.77,1421.33,1,75.5,3.07,15.8,32,0,157.08,0
TEL-11636,East,Prepaid,Monthly,6,39.0,Smartphone-Budget,0,0,31.0,197,4,342.87,2268.92,2,29.1,2.48,10.9,20,0,393.78,0
TEL-11637,North,Prepaid,Monthly,5,20.0,Smartphone-Budget,1,0,2.7,107,5,96.58,666.9,1,63.1,0.15,28.9,18,0,122.12,0
TEL-11638,North,Postpaid,Two-Year,22,43.0,Smartphone-Budget,0,0,4.0,135,10,254.65,6802.53,2,19.6,6.58,19.5,7,0,285.33,0
TEL-11639,West,Postpaid,Annual,15,35.0,Smartphone-Budget,0,0,3.9,117,12,238.46,4019.16,2,68.8,2.33,14.4,3,1,263.75,1
TEL-11640,North,Postpaid,Annual,15,23.0,Smartphone-Budget,1,0,36.9,318,6,550.35,9512.07,2,30.6,3.42,41.9,10,0,604.48,0
TEL-11641,Central,Postpaid,Two-Year,41,62.0,Smartphone-Budget,0,0,2.0,698,34,360.44,15129.13,2,20.7,0.9,15.3,4,0,375.42,0
TEL-11642,Central,Postpaid,Annual,17,20.0,Smartphone-Premium,1,0,9.9,201,3,327.79,5119.15,0,0.0,2.72,14.6,11,0,313.86,0
TEL-11643,South,Postpaid,Annual,11,29.0,Smartphone-Premium,1,0,26.8,222,8,460.82,5061.27,0,0.0,3.14,41.4,23,0,493.09,0
TEL-11644,South,Prepaid,Monthly,9,20.0,Smartphone-Budget,0,1,5.5,161,9,303.36,7295.7,0,0.0,2.89,28.1,15,0,789.04,0
TEL-11645,East,Postpaid,Monthly,72,52.0,Feature,1,0,2.8,513,36,313.36,22297.3,2,17.2,8.56,29.2,4,0,314.41,0
TEL-11646,North,Postpaid,Monthly,12,22.0,Smartphone-Budget,1,1,3.8,127,11,395.89,6427.18,0,0.0,6.33,19.4,4,0,556.09,0
TEL-11647,North,Prepaid,Monthly,46,47.0,Smartphone-Budget,0,0,24.6,248,12,371.46,14853.49,0,0.0,2.56,28.3,8,0,315.59,0
TEL-11648,South,Postpaid,Monthly,8,50.0,Smartphone-Budget,1,0,4.5,92,9,253.16,1568.41,1,7.3,2.67,28.7,6,0,191.14,0
TEL-11649,West,Postpaid,Monthly,25,18.0,Smartphone-Premium,0,0,44.6,281,7,591.66,14169.49,4,143.9,2.77,21.5,12,1,583.27,1
TEL-11650,West,Postpaid,Annual,32,18.0,Smartphone-Premium,0,0,42.0,184,4,610.17,23408.92,1,6.6,5.15,19.0,6,0,713.09,0
TEL-11651,Central,Prepaid,Monthly,11,39.0,Smartphone-Premium,0,0,3.1,142,9,162.74,2740.75,1,9.7,4.01,9.0,12,0,241.02,0
TEL-11652,West,Prepaid,Monthly,46,43.0,Smartphone-Budget,0,0,14.2,238,13,258.0,9907.43,0,0.0,2.03,36.3,11,0,223.63,0
TEL-11653,East,Prepaid,Monthly,50,53.0,Feature,0,0,1.8,573,33,164.67,10576.95,1,56.1,1.26,33.8,5,0,205.79,0
TEL-11654,East,Postpaid,Annual,17,47.0,Feature,0,1,2.2,550,30,451.17,7832.38,4,18.9,5.08,12.9,7,1,482.29,1
TEL-11655,South,Prepaid,Monthly,39,40.0,Smartphone-Budget,0,0,1.7,690,33,196.65,9010.06,0,0.0,2.67,16.7,3,1,225.76,1
TEL-11656,East,Postpaid,Two-Year,1,36.0,Smartphone-Premium,1,0,12.6,280,17,373.51,366.45,1,24.3,3.42,21.5,27,0,371.64,0
TEL-11657,West,Prepaid,Annual,19,39.0,Smartphone-Premium,0,0,16.3,300,15,200.96,3992.08,1,82.2,12.72,13.5,14,0,210.91,0
TEL-11658,North,Prepaid,Monthly,49,51.0,Smartphone-Budget,0,0,11.1,260,20,174.6,14538.39,1,41.9,5.45,36.0,10,1,288.55,1
TEL-11659,South,Postpaid,Two-Year,38,66.0,Smartphone-Budget,0,0,1.4,656,27,287.73,12640.34,2,48.7,3.97,31.5,14,1,339.04,0
TEL-11660,North,Prepaid,Annual,13,33.0,Smartphone-Budget,1,0,2.2,204,8,131.95,1431.38,0,0.0,1.49,35.8,6,0,117.24,1
TEL-11661,North,Postpaid,Annual,11,33.0,Smartphone-Premium,0,0,27.8,147,5,490.14,5822.72,2,39.0,1.51,24.1,12,0,542.18,0
TEL-11662,East,Prepaid,Monthly,23,40.0,Smartphone-Budget,0,0,21.1,291,14,314.17,7720.31,1,10.6,1.18,40.8,7,0,324.47,0
TEL-11663,South,Prepaid,Monthly,44,40.0,Smartphone-Premium,1,0,21.2,257,15,291.33,17815.15,0,0.0,2.59,22.5,2,0,398.18,0
TEL-11664,South,Postpaid,Monthly,50,68.0,Smartphone-Budget,1,0,2.8,507,42,320.78,17095.6,0,0.0,3.62,29.6,7,0,336.89,0
TEL-11665,South,Postpaid,Annual,7,29.0,Smartphone-Budget,1,0,3.3,171,8,206.45,1694.22,2,7.9,3.06,39.7,6,0,254.59,0
TEL-11666,East,Postpaid,Monthly,51,53.0,Smartphone-Budget,1,0,21.8,264,17,434.86,24502.46,1,20.8,1.88,10.0,15,0,462.02,0
TEL-11667,North,Postpaid,Monthly,11,39.0,Smartphone-Premium,1,0,34.0,184,6,556.98,6683.05,0,0.0,2.72,17.9,2,0,570.73,0
TEL-11668,West,Prepaid,Monthly,29,61.0,Smartphone-Budget,0,0,1.7,656,24,225.33,6779.97,0,0.0,0.74,27.1,4,0,238.03,0
TEL-11669,South,Prepaid,Monthly,55,54.0,Feature,0,0,2.0,559,35,226.97,12884.27,1,24.4,1.88,24.2,8,0,239.11,0
TEL-11670,East,Prepaid,Monthly,23,44.0,Smartphone-Budget,0,0,13.3,291,11,256.7,6677.64,0,0.0,7.76,22.9,9,0,268.94,0
TEL-11671,West,Postpaid,Monthly,29,29.0,Smartphone-Premium,0,0,17.5,307,17,371.39,9186.49,0,0.0,3.42,26.1,12,0,331.47,0
TEL-11672,East,Prepaid,Monthly,1,25.0,Smartphone-Budget,0,0,3.8,174,7,125.26,121.13,1,30.8,2.33,29.6,16,0,123.34,0
TEL-11673,South,Prepaid,Monthly,8,35.0,Smartphone-Premium,0,0,4.2,198,6,123.99,1256.9,1,40.1,1.12,27.5,1,0,152.16,0
TEL-11674,Central,Postpaid,Monthly,16,39.0,Smartphone-Budget,0,0,15.3,206,6,352.2,8243.97,1,16.3,0.38,15.8,2,1,499.52,1
TEL-11675,Central,Prepaid,Monthly,48,40.0,Smartphone-Budget,0,0,18.9,324,11,266.36,11476.36,0,0.0,1.45,15.2,13,0,243.18,0
TEL-11676,South,Prepaid,Monthly,10,30.0,Smartphone-Budget,0,0,6.5,196,8,184.53,1729.56,1,22.5,5.21,,15,1,178.86,1
TEL-11677,South,Postpaid,Two-Year,2,34.0,Smartphone-Budget,1,0,37.3,120,6,558.7,1216.08,0,0.0,3.35,27.9,13,0,577.48,0
TEL-11678,South,Prepaid,Monthly,6,35.0,Feature,0,1,3.3,165,7,264.39,1887.96,0,0.0,1.64,22.2,16,0,323.25,0
TEL-11679,East,Prepaid,Monthly,45,46.0,Feature,0,0,2.7,618,29,233.68,12097.25,1,11.3,3.05,26.3,9,1,256.16,0
TEL-11680,North,Prepaid,Monthly,15,32.0,Smartphone-Budget,0,0,4.1,171,13,160.8,2249.16,0,0.0,4.16,21.7,7,0,159.65,0
TEL-11681,Central,Prepaid,Monthly,11,19.0,Smartphone-Budget,0,0,21.6,202,7,301.54,3368.4,1,36.7,4.5,36.2,8,1,302.98,1
TEL-11682,West,Prepaid,Monthly,5,45.0,Smartphone-Budget,0,0,4.8,161,14,165.0,980.37,2,26.4,0.7,16.9,25,0,187.52,0
TEL-11683,West,Prepaid,Monthly,15,26.0,Smartphone-Premium,1,0,4.8,183,8,175.88,4003.0,2,25.3,4.09,27.0,5,0,265.64,0
TEL-11684,Central,Prepaid,Monthly,5,46.0,Smartphone-Budget,0,0,3.6,156,10,146.09,968.89,3,45.2,3.93,20.9,11,1,192.39,1
TEL-11685,East,Prepaid,Monthly,6,18.0,Smartphone-Budget,0,0,4.6,120,9,165.01,902.05,1,58.0,0.37,27.3,13,1,153.18,1
TEL-11686,West,Prepaid,Monthly,18,24.0,Smartphone-Budget,1,0,5.3,153,6,123.36,2570.95,3,22.7,3.47,24.3,12,1,136.87,1
TEL-11687,North,Postpaid,Monthly,26,39.0,Smartphone-Premium,1,0,10.4,356,20,335.2,8271.88,0,0.0,2.85,39.4,18,0,308.98,0
TEL-11688,West,Postpaid,Monthly,52,65.0,Feature,1,0,1.4,552,34,320.24,17431.03,3,40.5,2.39,28.1,32,0,352.8,0
TEL-11689,East,Prepaid,Monthly,27,29.0,Smartphone-Premium,0,0,34.7,175,4,415.07,11837.03,1,5.0,4.21,24.3,14,0,461.44,0
TEL-11690,West,Prepaid,Monthly,33,18.0,Smartphone-Premium,0,0,26.2,220,6,395.65,12188.47,0,0.0,9.83,32.0,5,0,387.96,0
TEL-11691,South,Postpaid,Annual,26,55.0,Smartphone-Budget,1,0,2.0,427,38,311.91,6930.05,1,8.5,12.79,27.1,20,0,259.81,0
TEL-11692,North,Postpaid,Annual,6,36.0,Smartphone-Premium,0,0,3.9,130,8,303.91,1771.75,0,0.0,1.48,24.8,8,0,279.87,0
TEL-11693,North,Prepaid,Monthly,38,24.0,Smartphone-Premium,0,0,15.4,365,15,253.23,18674.47,1,10.6,3.84,24.0,16,0,514.53,0
TEL-11694,East,Prepaid,Monthly,18,28.0,Smartphone-Premium,0,0,45.4,157,9,519.95,9750.15,0,0.0,2.46,15.0,4,0,536.26,0
TEL-11695,East,Prepaid,Monthly,30,38.0,Feature,0,1,17.6,16,9,425.06,18537.18,1,5.7,3.47,27.2,3,0,579.72,0
TEL-11696,Central,Postpaid,Monthly,3,21.0,Smartphone-Premium,1,0,15.6,210,5,393.71,1174.71,0,0.0,0.29,16.2,6,0,388.68,0
TEL-11697,South,Postpaid,Monthly,11,31.0,Feature,0,0,4.2,166,10,321.39,3706.64,2,6.4,6.1,23.9,6,1,320.61,1
TEL-11698,East,Postpaid,Annual,10,28.0,Smartphone-Premium,0,0,34.0,186,7,528.9,5972.19,1,9.3,4.49,28.7,7,0,586.12,0
TEL-11699,West,Prepaid,Monthly,72,47.0,Smartphone-Budget,0,0,13.0,253,15,222.93,17426.47,0,0.0,3.29,19.5,7,0,229.3,0
TEL-11700,West,Postpaid,Monthly,4,29.0,Smartphone-Premium,1,0,5.3,100,7,192.43,1113.82,1,21.4,1.26,31.7,14,1,255.68,1
TEL-11701,North,Prepaid,Monthly,12,36.0,Smartphone-Budget,0,0,4.9,124,6,181.08,2631.64,1,11.4,1.0,28.7,8,0,212.91,0
TEL-11702,West,Prepaid,Monthly,54,39.0,Smartphone-Budget,0,0,24.4,358,14,347.97,20891.24,0,0.0,5.4,28.7,31,0,381.1,0
TEL-11703,Central,Prepaid,Monthly,10,18.0,Smartphone-Budget,1,0,4.6,188,11,231.24,3590.22,1,20.7,2.27,12.2,2,0,357.77,0
TEL-11704,West,Prepaid,Monthly,14,54.0,Smartphone-Budget,0,0,2.6,358,30,133.72,2001.16,0,0.0,3.27,21.5,16,0,129.16,0
TEL-11705,East,Prepaid,Monthly,51,57.0,Smartphone-Budget,0,0,1.5,424,48,196.99,12420.4,0,0.0,5.69,28.6,31,1,238.88,1
TEL-11706,North,Prepaid,Monthly,5,31.0,Smartphone-Budget,0,0,2.3,144,3,142.29,908.72,1,21.7,0.31,22.7,5,0,177.67,0
TEL-11707,West,Postpaid,Two-Year,20,50.0,Feature,1,0,1.9,405,33,305.14,7126.24,0,0.0,2.66,20.1,15,0,330.53,0
TEL-11708,South,Postpaid,Monthly,4,22.0,Smartphone-Budget,1,0,49.7,140,7,707.3,2954.25,3,28.1,6.23,46.1,18,1,759.7,1
TEL-11709,South,Postpaid,Monthly,10,30.0,Smartphone-Budget,1,0,5.3,64,8,234.68,2082.37,2,6.2,5.93,28.5,14,1,224.92,1
TEL-11710,South,Postpaid,Two-Year,4,53.0,Smartphone-Budget,1,0,9.7,305,14,348.81,1584.99,2,8.9,1.77,29.3,26,0,383.92,0
TEL-11711,West,Prepaid,Monthly,8,39.0,Smartphone-Budget,0,1,7.0,109,5,341.9,2688.17,0,0.0,3.19,28.1,33,0,352.18,0
TEL-11712,South,Postpaid,Monthly,72,58.0,Feature,0,0,1.9,580,26,300.68,23567.4,2,18.6,2.78,25.0,3,0,310.22,0
TEL-11713,South,Prepaid,Monthly,46,50.0,Feature,0,0,0.7,506,32,132.98,5390.0,3,18.6,2.2,18.8,12,0,113.32,0
TEL-11714,North,Prepaid,Monthly,12,26.0,Smartphone-Budget,0,0,34.7,221,7,481.96,5876.75,0,0.0,1.93,25.3,15,0,511.28,0
TEL-11715,South,Prepaid,Monthly,9,25.0,Smartphone-Budget,0,0,44.4,243,8,519.84,5275.47,2,18.7,2.04,22.9,14,1,602.95,1
TEL-11716,South,Prepaid,Monthly,8,27.0,Smartphone-Premium,0,0,37.0,117,2,412.47,3030.25,0,0.0,1.44,23.6,12,1,389.71,1
TEL-11717,North,Prepaid,Monthly,12,30.0,Smartphone-Premium,0,0,34.9,203,1,416.05,5415.01,2,40.5,1.86,27.3,21,0,458.88,0
TEL-11718,South,Prepaid,Monthly,20,34.0,Smartphone-Budget,0,0,15.9,248,12,279.52,7800.64,0,0.0,2.4,27.1,25,0,393.39,0
TEL-11719,South,Postpaid,Annual,10,20.0,Smartphone-Premium,1,0,4.2,154,12,305.35,3186.21,0,0.0,6.82,8.2,9,0,316.11,0
TEL-11720,North,Prepaid,Annual,58,37.0,Smartphone-Budget,0,0,9.6,276,19,209.12,13124.97,0,0.0,6.53,23.1,10,0,212.67,0
TEL-11721,North,Prepaid,Monthly,10,32.0,Smartphone-Premium,0,0,3.6,142,6,133.17,1673.22,0,0.0,1.26,32.1,26,0,176.24,0
TEL-11722,West,Postpaid,Two-Year,23,34.0,Smartphone-Premium,0,0,38.9,166,5,544.53,12405.9,3,12.3,1.08,32.3,7,0,586.81,0
TEL-11723,Central,Postpaid,Annual,29,33.0,Smartphone-Premium,0,0,25.1,344,16,536.15,15749.91,0,0.0,1.03,18.8,5,0,541.62,0
TEL-11724,East,Postpaid,Monthly,30,23.0,Smartphone-Budget,0,0,34.7,71,6,566.25,16641.52,1,1.8,2.06,36.5,3,1,547.25,1
TEL-11725,North,Prepaid,Annual,41,36.0,Smartphone-Budget,0,1,22.0,322,10,439.55,29471.41,0,0.0,1.35,25.1,6,0,645.61,0
TEL-11726,East,Postpaid,Annual,13,50.0,Smartphone-Budget,1,0,24.1,243,16,494.12,6603.3,2,12.8,3.52,31.2,11,0,496.17,0
TEL-11727,South,Prepaid,Monthly,1,28.0,Smartphone-Premium,0,0,2.0,174,9,133.94,158.24,0,0.0,3.09,26.6,9,0,153.76,0
TEL-11728,East,Prepaid,Monthly,32,46.0,Smartphone-Budget,0,0,19.0,305,8,312.87,16380.57,1,8.3,2.62,27.8,24,0,508.24,0
TEL-11729,East,Prepaid,Monthly,15,21.0,Smartphone-Budget,0,0,37.5,188,4,463.78,8335.16,0,0.0,2.9,12.3,4,1,528.06,1
TEL-11730,Central,Postpaid,Monthly,15,49.0,Feature,1,0,2.3,544,34,275.39,4535.84,1,17.1,0.75,17.5,18,0,325.13,0
TEL-11731,Central,Prepaid,Monthly,39,47.0,Feature,0,0,2.2,461,30,218.61,8248.8,1,41.0,2.37,11.1,3,0,215.96,0
TEL-11732,Central,Prepaid,Monthly,63,53.0,Feature,0,0,2.5,520,38,177.36,11274.06,2,34.2,1.51,1.2,8,1,177.82,1
TEL-11733,South,Prepaid,Monthly,3,44.0,Feature,0,0,5.7,122,6,158.6,659.83,0,0.0,0.94,26.5,7,0,198.96,0
TEL-11734,East,Prepaid,Monthly,37,61.0,Smartphone-Budget,0,0,2.7,489,33,164.7,7147.15,0,0.0,4.26,26.0,26,0,185.89,0
TEL-11735,West,Postpaid,Monthly,15,21.0,Smartphone-Budget,1,0,29.9,110,5,490.99,8211.44,1,32.6,3.28,29.5,17,0,504.56,0
TEL-11736,South,Prepaid,Monthly,7,48.0,Smartphone-Budget,0,0,5.1,139,9,104.67,963.46,0,0.0,0.84,31.6,29,0,139.08,0
TEL-11737,North,Postpaid,Annual,47,44.0,Smartphone-Budget,0,1,13.7,316,17,560.9,30911.08,0,0.0,5.12,33.4,5,0,645.09,0
TEL-11738,East,Prepaid,Monthly,2,18.0,Smartphone-Premium,0,0,3.0,160,11,151.87,371.96,0,0.0,1.82,20.6,21,1,182.91,1
TEL-11739,East,Prepaid,Monthly,3,26.0,Smartphone-Budget,0,0,5.6,138,14,87.47,215.97,1,,1.88,14.0,39,0,70.0,0
TEL-11740,South,Postpaid,Annual,27,62.0,Smartphone-Budget,0,0,2.2,622,39,284.24,7778.33,2,33.3,5.11,45.8,12,0,288.56,0
TEL-11741,West,Prepaid,Monthly,7,36.0,Smartphone-Budget,0,0,4.3,170,8,183.08,1212.57,0,0.0,1.58,33.1,9,0,184.15,0
TEL-11742,Central,Postpaid,Monthly,46,45.0,Smartphone-Premium,1,0,7.1,529,15,383.66,19137.56,1,31.0,10.22,17.9,11,1,398.97,1
TEL-11743,South,Prepaid,Monthly,2,30.0,Smartphone-Budget,0,0,4.3,142,3,153.26,311.26,1,84.2,0.51,28.6,17,0,153.91,0
TEL-11744,East,Prepaid,Monthly,18,28.0,Smartphone-Premium,0,0,25.7,194,4,254.82,5820.15,2,72.4,1.76,35.5,16,0,328.45,1
TEL-11745,North,Prepaid,Annual,2,42.0,Smartphone-Budget,0,0,20.6,357,17,267.05,491.67,1,57.4,0.47,7.8,5,0,258.16,0
TEL-11746,South,Prepaid,Monthly,18,40.0,Feature,0,0,19.3,637,17,258.48,4363.36,0,0.0,3.55,30.2,12,0,248.73,0
TEL-11747,West,Prepaid,Monthly,3,19.0,Smartphone-Budget,0,0,34.5,214,2,405.72,1241.36,0,0.0,2.58,34.3,9,0,397.55,0
TEL-11748,South,Prepaid,Monthly,6,50.0,Smartphone-Budget,0,0,3.0,86,6,136.71,821.59,0,0.0,6.67,35.2,8,1,139.39,1
TEL-11749,West,Prepaid,Annual,1,40.0,Smartphone-Budget,0,0,21.6,174,3,309.27,315.38,1,17.2,5.34,28.0,6,0,320.08,0
TEL-11750,South,Postpaid,Monthly,20,18.0,Smartphone-Premium,1,1,25.5,186,10,599.06,12116.05,2,10.4,6.19,34.9,12,0,597.47,0
TEL-11751,North,Prepaid,Monthly,57,43.0,Smartphone-Budget,0,0,19.5,383,11,330.43,22074.76,0,0.0,4.75,33.6,6,0,390.38,0
TEL-11752,South,Postpaid,Annual,42,32.0,Smartphone-Budget,1,1,16.5,214,14,569.67,25468.87,2,48.1,4.79,31.7,7,0,614.65,0
TEL-11753,North,Prepaid,Monthly,19,30.0,Smartphone-Premium,0,1,40.8,216,3,584.73,10538.92,0,0.0,7.85,21.9,12,0,587.44,0
TEL-11754,North,Prepaid,Monthly,31,57.0,Smartphone-Budget,1,0,1.5,473,28,164.09,7429.63,1,47.6,4.44,8.1,7,0,244.56,0
TEL-11755,Central,Postpaid,Annual,16,26.0,Smartphone-Premium,0,0,40.0,103,7,511.44,8962.14,1,39.4,1.95,24.5,5,0,550.67,0
TEL-11756,North,Prepaid,Monthly,11,18.0,Smartphone-Premium,0,0,28.7,151,4,407.74,4832.36,1,5.2,0.61,41.1,5,0,433.28,0
TEL-11757,East,Postpaid,Two-Year,72,41.0,Smartphone-Budget,0,0,2.6,450,25,251.89,21286.09,0,0.0,1.33,16.2,9,0,312.7,0
TEL-11758,Central,Prepaid,Monthly,62,44.0,Smartphone-Budget,0,0,9.4,271,19,209.44,10118.86,2,3.3,5.95,11.4,9,0,164.29,0
TEL-11759,Central,Prepaid,Monthly,8,27.0,Smartphone-Premium,0,0,5.4,140,13,195.27,2228.34,0,0.0,6.56,4.8,18,0,291.94,0
TEL-11760,South,Prepaid,Annual,14,31.0,Smartphone-Budget,0,0,2.9,72,10,104.35,1651.84,0,0.0,4.13,28.1,55,1,115.91,1
TEL-11761,South,Postpaid,Two-Year,61,61.0,Smartphone-Budget,1,0,2.7,395,28,309.13,22737.05,0,0.0,5.78,26.5,9,0,388.25,0
TEL-11762,West,Postpaid,Monthly,11,22.0,Smartphone-Premium,1,0,33.5,190,10,534.89,6179.74,1,56.1,1.75,15.8,22,0,537.51,0
TEL-11763,North,Prepaid,Monthly,12,26.0,Smartphone-Budget,0,0,4.6,96,11,143.67,2444.88,0,0.0,3.68,32.7,5,0,207.34,0
TEL-11764,North,Postpaid,Monthly,46,59.0,Smartphone-Budget,1,0,2.5,729,30,318.98,15117.34,2,60.4,7.25,45.6,15,0,347.23,0
TEL-11765,East,Postpaid,Monthly,32,53.0,Smartphone-Budget,1,0,14.0,332,10,366.35,12393.0,2,26.4,1.05,26.5,16,0,380.2,0
TEL-11766,North,Postpaid,Annual,13,28.0,Smartphone-Premium,0,1,5.9,78,7,487.68,8113.6,0,0.0,1.53,28.0,4,0,620.2,0
TEL-11767,Central,Prepaid,Monthly,49,39.0,Smartphone-Budget,0,0,15.5,371,17,285.52,14481.38,3,11.0,6.18,3.7,5,1,293.99,1
TEL-11768,North,Postpaid,Monthly,72,32.0,Smartphone-Budget,0,0,11.4,311,12,373.94,28517.42,3,38.2,3.52,27.7,6,0,382.49,0
TEL-11769,Central,Prepaid,Monthly,7,18.0,Smartphone-Budget,0,0,4.2,120,8,98.93,920.99,0,0.0,2.45,14.4,15,0,138.14,0
TEL-11770,North,Postpaid,Monthly,45,27.0,Feature,1,0,15.3,210,15,335.39,15422.35,1,17.8,1.18,27.5,7,0,344.81,0
TEL-11771,East,Prepaid,Monthly,4,32.0,Smartphone-Budget,1,0,2.8,194,9,209.52,972.68,1,20.0,3.37,13.8,6,0,234.6,0
TEL-11772,East,Prepaid,Monthly,12,37.0,Smartphone-Premium,0,0,5.6,124,10,106.05,1733.08,1,20.9,1.52,12.5,11,0,150.17,0
TEL-11773,East,Prepaid,Monthly,26,35.0,Smartphone-Budget,0,0,41.8,158,6,483.73,13894.89,1,9.3,6.28,17.9,30,0,561.46,0
TEL-11774,West,Prepaid,Monthly,48,61.0,Feature,0,0,0.6,461,35,184.3,8660.19,0,0.0,0.56,19.1,20,0,179.57,0
TEL-11775,West,Postpaid,Monthly,72,43.0,Smartphone-Budget,1,0,18.8,327,13,378.45,28214.16,1,7.9,0.59,43.3,21,0,415.82,0
TEL-11776,West,Prepaid,Monthly,46,47.0,Smartphone-Premium,0,1,15.9,169,10,378.53,21179.44,0,0.0,1.17,17.3,14,0,482.98,0
TEL-11777,East,Prepaid,Monthly,72,62.0,Smartphone-Budget,0,0,2.0,569,43,173.9,12402.64,0,0.0,0.39,30.1,3,0,188.65,0
TEL-11778,West,Prepaid,Monthly,31,35.0,Smartphone-Premium,0,0,12.9,304,18,275.1,9488.86,1,23.7,5.38,33.0,8,0,305.41,0
TEL-11779,South,Prepaid,Monthly,9,24.0,Feature,0,0,3.6,166,13,90.97,1112.82,0,0.0,3.06,22.9,6,0,130.22,0
TEL-11780,North,Postpaid,Annual,27,31.0,Smartphone-Budget,1,0,25.5,263,4,458.25,13052.93,1,15.5,1.97,34.2,14,1,457.46,0
TEL-11781,South,Postpaid,Two-Year,72,74.0,Smartphone-Budget,1,0,2.6,534,39,255.34,20770.17,1,19.6,1.88,44.9,21,0,299.9,0
TEL-11782,North,Prepaid,Monthly,7,18.0,Smartphone-Premium,0,0,4.2,179,10,152.47,1294.2,0,0.0,2.98,43.2,13,0,181.43,0
TEL-11783,East,Prepaid,Monthly,27,27.0,Smartphone-Budget,0,0,30.4,206,9,458.53,13315.65,1,8.2,2.58,33.9,10,0,496.27,0
TEL-11784,South,Prepaid,Monthly,15,43.0,Feature,0,0,1.7,750,28,196.85,3380.62,1,41.2,3.27,29.0,12,1,218.73,1
TEL-11785,East,Prepaid,Monthly,13,18.0,Smartphone-Premium,0,0,30.4,208,5,346.58,5327.75,2,23.2,7.08,35.9,20,0,429.18,1
TEL-11786,West,Postpaid,Annual,22,41.0,Smartphone-Budget,0,0,12.3,330,26,327.1,6719.82,1,47.4,1.32,15.3,8,0,316.67,0
TEL-11787,East,Postpaid,Monthly,8,23.0,Feature,0,0,4.0,140,10,289.45,2245.25,0,0.0,3.46,30.1,2,0,267.47,0
TEL-11788,North,Prepaid,Annual,5,18.0,Smartphone-Budget,0,1,4.6,130,10,260.55,1431.08,3,53.8,6.35,19.6,1,1,290.35,1
TEL-11789,South,Postpaid,Two-Year,15,22.0,Smartphone-Premium,1,0,28.8,187,6,418.19,8919.99,1,28.0,3.54,26.0,14,0,570.32,0
TEL-11790,West,Postpaid,Monthly,24,36.0,Smartphone-Premium,0,0,33.3,160,5,456.7,12318.75,0,0.0,6.13,32.1,12,0,511.71,0
TEL-11791,West,Prepaid,Monthly,3,39.0,Smartphone-Budget,0,0,4.0,103,14,111.7,416.61,2,33.2,2.54,18.5,15,0,133.48,0
TEL-11792,East,Prepaid,Monthly,1,32.0,Smartphone-Premium,0,0,2.6,173,15,190.11,174.18,2,8.5,2.46,23.3,17,1,173.48,1
TEL-11793,South,Prepaid,Annual,63,42.0,Smartphone-Budget,0,0,17.1,425,19,311.58,19237.27,1,5.7,1.92,20.6,2,0,312.11,0
TEL-11794,South,Prepaid,Monthly,7,18.0,Smartphone-Budget,0,1,29.4,281,2,519.4,3816.61,0,0.0,0.38,19.8,17,1,587.8,1
TEL-11795,East,Prepaid,Monthly,20,38.0,Smartphone-Premium,0,0,18.7,387,22,363.2,8079.52,0,0.0,5.12,14.8,13,0,414.0,0
TEL-11796,West,Postpaid,Monthly,10,39.0,Smartphone-Premium,0,0,4.0,189,9,289.98,3299.47,0,0.0,7.71,22.3,11,0,299.55,0
TEL-11797,West,Prepaid,Annual,22,18.0,Smartphone-Budget,0,0,24.9,72,8,357.41,11607.68,0,0.0,0.3,18.2,7,0,503.84,0
TEL-11798,East,Prepaid,Monthly,28,36.0,Smartphone-Premium,0,0,35.0,230,4,435.35,13525.78,1,11.2,1.72,23.9,19,1,457.08,1
TEL-11799,West,Postpaid,Monthly,13,25.0,Smartphone-Budget,1,0,6.4,49,6,363.47,4704.64,2,30.5,0.2,21.2,7,0,355.8,0
TEL-11800,West,Postpaid,Two-Year,6,39.0,Smartphone-Budget,0,0,4.3,94,9,263.01,2454.99,1,15.3,1.74,18.7,9,0,409.74,0
TEL-11801,North,Postpaid,Two-Year,13,34.0,Smartphone-Premium,1,1,2.9,165,12,415.47,5432.59,2,29.5,5.97,8.7,3,0,426.92,0
TEL-11802,West,Postpaid,Annual,11,27.0,Smartphone-Budget,1,1,3.7,128,8,460.87,5117.32,0,0.0,9.01,,18,0,491.62,0
TEL-11803,Central,Postpaid,Two-Year,13,24.0,Smartphone-Budget,0,0,2.9,135,13,313.15,3993.21,1,25.7,3.53,2.9,20,0,323.41,1
TEL-11804,North,Prepaid,Monthly,14,18.0,Smartphone-Premium,0,0,25.7,290,7,403.05,7462.65,1,22.4,1.73,28.3,9,0,515.85,0
TEL-11805,South,Prepaid,Monthly,8,19.0,Smartphone-Premium,0,0,20.8,175,7,286.2,2181.01,2,7.1,0.73,33.1,0,0,274.67,0
TEL-11806,East,Prepaid,Monthly,23,45.0,Smartphone-Premium,0,0,11.8,414,16,271.38,7171.15,0,0.0,8.45,26.1,7,1,309.99,1
TEL-11807,East,Postpaid,Monthly,15,18.0,Smartphone-Budget,0,0,32.7,160,6,540.26,8278.28,1,47.7,2.04,42.8,2,0,564.19,0
TEL-11808,East,Prepaid,Monthly,1,35.0,Smartphone-Budget,0,0,3.2,168,9,109.89,99.36,0,0.0,3.11,44.9,29,0,97.74,0
TEL-11809,South,Prepaid,Monthly,72,37.0,Smartphone-Budget,0,0,15.6,251,19,255.61,16477.0,0,0.0,2.19,29.6,21,0,244.47,0
TEL-11810,Central,Prepaid,Annual,8,34.0,Smartphone-Premium,1,1,3.6,110,13,273.39,3150.49,1,26.4,1.28,9.5,7,0,371.82,0
TEL-11811,East,Postpaid,Monthly,3,22.0,Smartphone-Premium,1,0,3.1,108,11,277.69,1178.85,1,33.9,3.09,34.0,8,1,372.75,1
TEL-11812,North,Prepaid,Monthly,63,45.0,Smartphone-Budget,0,0,10.1,357,18,195.81,8975.58,0,0.0,2.28,22.2,7,0,139.24,0
TEL-11813,East,Prepaid,Annual,60,27.0,Smartphone-Premium,0,0,20.9,309,20,380.95,24132.76,0,0.0,2.25,30.8,5,0,397.02,0
TEL-11814,West,Postpaid,Annual,6,24.0,Smartphone-Budget,1,0,5.7,204,8,278.64,2037.55,0,0.0,1.85,23.6,6,0,303.3,0
TEL-11815,West,Postpaid,Annual,55,55.0,Feature,1,0,2.2,548,36,318.03,19092.54,4,33.8,0.99,35.8,5,0,349.32,0
TEL-11816,North,Prepaid,Annual,7,23.0,Smartphone-Premium,0,0,4.7,119,11,157.78,1184.63,0,0.0,1.52,32.5,12,1,181.6,1
TEL-11817,South,Prepaid,Monthly,22,29.0,Smartphone-Budget,0,0,30.5,254,5,360.31,7396.6,0,0.0,1.59,16.4,11,0,356.34,0
TEL-11818,West,Postpaid,Monthly,35,72.0,Feature,0,0,1.5,444,34,275.48,13387.77,3,38.2,1.45,24.4,13,0,381.96,0
TEL-11819,North,Prepaid,Monthly,21,18.0,Smartphone-Premium,0,0,40.7,140,5,425.97,8650.79,0,0.0,0.51,36.7,28,0,420.69,0
TEL-11820,North,Prepaid,Monthly,31,56.0,Feature,0,0,1.5,498,39,179.92,6408.03,0,0.0,2.61,19.0,4,0,200.13,0
TEL-11821,East,Prepaid,Monthly,14,40.0,Smartphone-Budget,0,0,2.2,63,12,123.08,1858.15,2,20.7,4.22,10.3,9,1,126.94,1
TEL-11822,East,Postpaid,Monthly,18,49.0,Smartphone-Premium,1,0,19.2,341,12,462.13,8829.9,0,0.0,0.32,20.2,11,0,486.59,0
TEL-11823,East,Prepaid,Monthly,14,20.0,Smartphone-Premium,1,0,2.6,153,11,130.17,1627.56,0,0.0,0.55,42.5,8,0,115.48,0
TEL-11824,North,Postpaid,Annual,1,25.0,Feature,0,0,4.6,125,10,240.54,256.94,2,21.2,1.53,30.1,24,1,249.52,1
TEL-11825,North,Prepaid,Annual,1,35.0,Smartphone-Budget,0,0,5.3,129,11,97.91,138.04,0,0.0,2.29,30.3,14,0,131.77,0
TEL-11826,North,Prepaid,Monthly,6,26.0,Smartphone-Budget,0,0,4.2,133,9,116.71,617.24,1,20.0,5.61,40.4,8,1,105.88,1
TEL-11827,South,Prepaid,Monthly,30,36.0,Smartphone-Premium,0,0,15.9,415,9,319.47,9782.36,0,0.0,5.67,33.4,22,0,314.61,0
TEL-11828,East,Prepaid,Monthly,14,32.0,Smartphone-Budget,1,0,26.9,145,7,357.65,4397.8,0,0.0,3.33,18.3,5,0,313.32,0
TEL-11829,Central,Postpaid,Monthly,18,28.0,Smartphone-Budget,1,0,4.4,188,12,223.11,6089.54,0,0.0,6.45,4.0,3,0,316.4,0
TEL-11830,East,Postpaid,Annual,13,18.0,Smartphone-Premium,1,0,15.4,207,22,359.33,4369.57,4,53.1,2.01,36.9,8,0,342.54,0
TEL-11831,Central,Prepaid,Monthly,46,42.0,Smartphone-Budget,0,0,20.2,381,10,265.59,10719.5,0,0.0,3.79,,12,0,248.09,0
TEL-11832,West,Postpaid,Monthly,22,27.0,Smartphone-Premium,1,0,35.5,276,7,562.76,12183.16,0,0.0,7.63,22.0,30,1,572.35,1
TEL-11833,North,Prepaid,Monthly,7,,Smartphone-Budget,0,0,6.2,159,5,151.31,1352.05,2,47.0,5.82,33.4,11,0,182.93,0
TEL-11834,Central,Prepaid,Monthly,11,32.0,Smartphone-Premium,1,0,32.2,190,8,442.32,5496.42,0,0.0,1.84,3.3,15,1,509.1,1
TEL-11835,North,Postpaid,Monthly,9,29.0,Smartphone-Premium,0,0,2.8,123,13,179.1,2048.77,0,0.0,0.67,13.4,12,0,219.6,0
TEL-11836,West,Postpaid,Monthly,13,24.0,Smartphone-Budget,0,0,4.8,197,10,303.48,5723.95,0,0.0,0.49,27.8,17,1,439.81,1
TEL-11837,South,Postpaid,Monthly,42,36.0,Smartphone-Budget,1,0,2.5,603,33,255.66,13654.92,2,7.8,2.87,27.4,21,0,307.32,0
TEL-11838,Central,Prepaid,Monthly,45,53.0,Smartphone-Budget,0,0,5.9,329,16,171.66,6496.0,2,5.2,7.03,19.0,8,1,152.32,1
TEL-11839,South,Prepaid,Monthly,66,65.0,Smartphone-Budget,0,0,1.9,527,35,132.71,5251.31,0,0.0,1.74,28.9,17,0,84.28,0
TEL-11840,East,Prepaid,Monthly,13,48.0,Feature,1,0,2.3,593,34,151.37,1891.52,1,35.5,7.85,29.2,10,1,154.28,1
TEL-11841,North,Postpaid,Two-Year,47,43.0,Feature,0,0,19.2,350,16,417.2,21124.65,6,36.8,1.82,27.6,9,0,435.24,0
TEL-11842,East,Postpaid,Monthly,6,18.0,Smartphone-Budget,1,0,3.1,198,6,263.24,1658.04,1,15.1,4.23,24.1,9,0,262.49,0
TEL-11843,West,Prepaid,Monthly,1,23.0,Smartphone-Premium,0,0,3.6,130,11,159.68,197.78,1,30.5,5.24,21.4,17,1,201.75,1
TEL-11844,Central,Prepaid,Monthly,72,59.0,Smartphone-Budget,0,0,1.4,360,38,176.51,12699.12,1,7.4,1.79,20.3,20,0,169.48,0
TEL-11845,North,Prepaid,Monthly,16,24.0,Smartphone-Budget,1,0,41.6,126,8,432.97,6683.09,0,0.0,6.17,28.3,27,0,437.44,0
TEL-11846,South,Postpaid,Monthly,8,18.0,Smartphone-Budget,0,1,40.9,213,5,754.12,6533.4,1,54.1,4.2,27.4,13,0,850.2,0
TEL-11847,West,Prepaid,Monthly,45,48.0,Feature,0,0,2.6,510,45,186.89,7922.15,0,0.0,3.96,40.9,20,0,173.64,0
TEL-11848,North,Postpaid,Annual,22,19.0,Smartphone-Premium,1,0,36.8,215,2,550.6,12714.66,1,49.9,1.58,20.2,5,0,575.12,0
TEL-11849,South,Postpaid,Annual,8,31.0,Smartphone-Budget,1,0,4.1,198,10,307.05,2581.39,0,0.0,5.55,30.3,4,0,340.73,0
TEL-11850,North,Prepaid,Monthly,19,18.0,Smartphone-Premium,0,0,39.0,92,2,398.96,7679.24,0,0.0,3.93,34.5,14,0,397.26,0
TEL-11851,South,Prepaid,Monthly,14,18.0,Smartphone-Premium,0,0,26.4,144,7,305.03,5717.4,0,0.0,4.51,32.9,6,0,422.68,0
TEL-11852,East,Prepaid,Monthly,1,40.0,Smartphone-Premium,0,0,3.0,151,10,205.42,273.03,1,10.7,1.98,26.2,2,1,296.77,1
TEL-11853,South,Prepaid,Monthly,19,35.0,Smartphone-Budget,1,0,13.7,381,12,248.23,5230.27,0,0.0,2.11,35.6,6,0,279.45,0
TEL-11854,South,Postpaid,Annual,10,41.0,Smartphone-Budget,1,0,4.0,225,6,258.96,3003.62,1,22.2,6.42,29.2,22,0,305.16,0
TEL-11855,East,Postpaid,Two-Year,60,49.0,Smartphone-Budget,1,0,2.1,422,38,252.15,13033.67,0,0.0,0.52,37.2,2,0,223.4,0
TEL-11856,West,Postpaid,Annual,11,46.0,Feature,1,0,3.2,212,9,280.84,3287.8,2,8.4,4.42,42.9,8,0,286.44,0
TEL-11857,Central,Prepaid,Monthly,72,30.0,Smartphone-Budget,0,0,10.8,263,14,183.58,16784.86,1,7.7,2.04,20.2,12,0,237.95,0
TEL-11858,North,Prepaid,Monthly,27,39.0,Smartphone-Budget,1,0,15.1,296,13,282.11,8975.62,1,21.4,1.32,34.6,9,0,333.1,0
TEL-11859,East,Prepaid,Monthly,7,35.0,Smartphone-Premium,0,0,5.0,112,10,174.5,1499.36,0,0.0,5.86,24.5,10,0,196.5,0
TEL-11860,East,Postpaid,Monthly,4,,Smartphone-Premium,0,0,14.3,318,2,429.0,1597.75,1,16.5,3.46,22.6,26,0,399.28,0
TEL-11861,West,Prepaid,Annual,72,54.0,Smartphone-Budget,0,0,2.2,445,32,182.77,17328.98,3,22.7,11.17,20.2,14,1,243.43,1
TEL-11862,South,Prepaid,Monthly,16,32.0,Smartphone-Budget,0,0,33.0,154,6,352.01,5353.12,1,45.5,4.77,12.8,2,1,336.69,1
TEL-11863,West,Postpaid,Annual,45,41.0,Smartphone-Premium,1,0,15.3,233,13,339.11,16135.77,0,0.0,5.06,41.9,4,0,370.45,0
TEL-11864,South,Prepaid,Annual,39,65.0,Feature,0,0,2.7,610,39,217.66,9378.34,4,23.9,6.79,25.5,8,1,247.58,1
TEL-11865,South,Prepaid,Monthly,66,44.0,Smartphone-Budget,0,0,18.0,390,6,347.13,26214.96,1,13.5,2.06,36.3,17,0,388.62,0
TEL-11866,Central,Prepaid,Monthly,19,40.0,Smartphone-Budget,0,1,13.2,342,14,405.68,10531.06,0,0.0,7.05,27.6,10,0,566.5,0
TEL-11867,North,Prepaid,Annual,3,37.0,Smartphone-Budget,0,0,37.5,259,5,345.48,1154.18,2,18.9,0.62,22.0,17,0,396.61,0
TEL-11868,North,Postpaid,Two-Year,17,35.0,Smartphone-Budget,1,0,3.1,150,6,232.63,4250.12,2,35.2,10.8,26.4,14,1,252.31,1
TEL-11869,West,Prepaid,Monthly,29,52.0,Smartphone-Budget,0,1,24.8,127,19,478.56,14036.59,1,21.1,0.69,22.9,8,0,492.56,0
TEL-11870,East,Postpaid,Monthly,41,49.0,Feature,1,1,11.2,270,15,555.91,23410.8,1,8.5,4.75,49.6,15,0,555.66,0
TEL-11871,East,Prepaid,Monthly,14,25.0,Smartphone-Premium,0,0,28.9,188,6,354.58,5839.06,0,0.0,4.32,23.2,8,1,411.87,1
TEL-11872,South,Prepaid,Monthly,21,30.0,Feature,1,0,4.1,167,11,142.27,2850.13,1,22.6,1.96,25.0,18,1,134.79,1
TEL-11873,North,Prepaid,Monthly,14,39.0,Smartphone-Premium,0,0,14.9,408,14,245.75,3632.84,1,51.8,5.37,35.4,22,0,270.18,1
TEL-11874,South,Prepaid,Monthly,9,19.0,Smartphone-Budget,0,1,31.0,150,3,539.49,5871.18,0,0.0,3.36,37.1,2,0,636.65,0
TEL-11875,North,Postpaid,Annual,72,50.0,Smartphone-Budget,1,0,15.1,264,21,391.66,30283.03,2,24.8,5.98,40.1,15,0,387.27,0
TEL-11876,East,Prepaid,Monthly,67,60.0,Feature,1,0,2.0,600,36,199.82,14261.7,1,13.3,1.44,28.0,3,0,222.47,0
TEL-11877,East,Prepaid,Annual,36,20.0,Smartphone-Premium,1,0,38.5,232,5,512.83,21746.41,0,0.0,3.23,29.9,15,0,555.2,0
TEL-11878,West,Postpaid,Monthly,1,27.0,Smartphone-Premium,1,1,3.4,179,12,384.49,579.41,0,0.0,2.41,21.0,11,1,549.22,1
TEL-11879,West,Prepaid,Monthly,41,49.0,Smartphone-Budget,0,0,25.0,432,17,354.09,14264.43,0,0.0,3.06,15.9,3,0,359.07,0
TEL-11880,North,Postpaid,Annual,43,40.0,Smartphone-Budget,0,0,22.6,430,14,501.26,21979.2,2,11.7,1.28,,29,0,492.38,0
TEL-11881,Central,Prepaid,Monthly,65,64.0,Feature,0,0,2.8,546,21,179.39,13812.57,1,22.3,1.48,20.4,4,0,202.38,0
TEL-11882,South,Postpaid,Monthly,1,40.0,Smartphone-Budget,1,0,11.1,303,9,381.79,428.41,2,2.4,1.23,25.3,25,0,425.91,0
TEL-11883,North,Prepaid,Monthly,15,28.0,Smartphone-Budget,0,0,5.2,207,14,147.27,2599.36,1,17.7,2.57,31.0,15,0,177.45,0
TEL-11884,West,Postpaid,Monthly,10,18.0,Smartphone-Budget,1,0,2.3,147,9,257.27,2534.93,0,0.0,1.69,14.2,4,0,245.76,0
TEL-11885,West,Postpaid,Annual,19,39.0,Smartphone-Budget,1,0,27.1,187,18,409.1,7507.72,0,0.0,1.52,19.4,9,0,418.92,0
TEL-11886,North,Postpaid,Monthly,19,36.0,Smartphone-Premium,0,0,4.1,206,10,303.9,6236.14,1,18.9,4.66,29.0,13,0,323.43,0
TEL-11887,West,Prepaid,Monthly,7,27.0,Smartphone-Premium,0,0,26.7,190,6,382.47,2898.17,1,22.7,2.77,32.6,8,1,392.02,1
TEL-11888,South,Prepaid,Monthly,17,26.0,Smartphone-Budget,0,1,24.5,107,8,534.52,11736.23,1,23.3,0.76,33.4,7,0,710.22,0
TEL-11889,South,Prepaid,Annual,21,35.0,Smartphone-Premium,1,0,41.8,266,6,456.69,8768.49,1,2.4,3.95,31.3,13,0,418.71,0
TEL-11890,West,Prepaid,Annual,32,64.0,Feature,0,0,2.4,481,41,193.86,10908.2,2,33.0,2.46,28.0,46,0,320.74,0
TEL-11891,West,Prepaid,Monthly,52,35.0,Smartphone-Budget,0,0,12.3,348,12,291.76,17688.16,0,0.0,4.89,25.3,12,0,322.24,0
TEL-11892,North,Prepaid,Monthly,43,39.0,Feature,0,0,16.9,369,8,300.34,16705.75,0,0.0,1.22,33.3,5,1,394.55,1
TEL-11893,North,Prepaid,Monthly,15,25.0,Smartphone-Premium,0,0,28.3,225,1,305.37,4685.22,0,0.0,2.12,7.0,14,0,314.19,0
TEL-11894,North,Postpaid,Two-Year,11,18.0,Smartphone-Premium,0,0,2.6,129,9,296.83,3294.02,2,9.2,2.65,36.9,11,0,304.74,0
TEL-11895,North,Postpaid,Monthly,8,33.0,Smartphone-Budget,0,0,2.6,287,13,270.61,2502.37,1,14.1,3.71,18.1,18,0,303.08,0
TEL-11896,East,Prepaid,Annual,16,29.0,Smartphone-Budget,0,0,4.7,98,9,133.84,1815.42,1,40.8,3.83,19.6,30,0,111.08,1
TEL-11897,Central,Prepaid,Annual,40,55.0,Smartphone-Budget,1,0,16.1,456,12,312.54,11624.67,2,37.0,0.93,14.0,2,0,292.41,0
TEL-11898,South,Prepaid,Monthly,8,37.0,Smartphone-Budget,0,0,4.5,219,14,166.91,1328.62,3,40.0,0.12,43.1,25,1,163.87,1
TEL-11899,East,Postpaid,Two-Year,13,24.0,Smartphone-Premium,1,0,27.6,269,5,570.84,7792.75,0,0.0,2.08,25.5,11,0,580.97,1
TEL-11900,East,Prepaid,Monthly,10,27.0,Smartphone-Premium,0,0,5.7,165,9,160.76,1706.12,0,0.0,2.18,32.3,15,0,173.52,0
TEL-11901,South,Postpaid,Annual,19,22.0,Smartphone-Premium,0,0,23.5,225,4,413.78,9328.26,2,11.0,0.66,28.3,16,0,475.61,0
TEL-11902,North,Prepaid,Monthly,15,25.0,Smartphone-Budget,0,0,4.1,163,9,188.17,3141.54,1,15.2,3.87,12.1,2,1,195.67,1
TEL-11903,South,Prepaid,Monthly,8,35.0,Smartphone-Budget,0,0,2.8,69,8,128.62,883.82,0,0.0,0.89,29.4,10,0,111.4,1
TEL-11904,South,Prepaid,Monthly,63,48.0,Smartphone-Budget,0,0,19.7,304,11,290.18,15249.09,1,7.3,0.62,43.3,10,0,250.78,0
TEL-11905,North,Prepaid,Monthly,4,32.0,Smartphone-Budget,0,0,5.3,65,10,183.85,840.8,1,25.1,1.54,18.8,13,0,205.92,0
TEL-11906,South,Prepaid,Annual,10,18.0,Smartphone-Premium,0,0,5.9,264,9,231.83,2062.27,0,0.0,0.28,32.9,9,0,205.65,0
TEL-11907,Central,Prepaid,Monthly,9,38.0,Smartphone-Premium,0,0,4.0,195,9,146.55,1143.84,1,11.5,1.24,18.1,24,1,128.18,1
TEL-11908,East,Prepaid,Monthly,8,33.0,Smartphone-Budget,0,0,6.5,130,6,159.78,1305.16,1,48.5,7.64,28.4,14,0,167.52,0
TEL-11909,East,Prepaid,Annual,13,40.0,Smartphone-Budget,0,0,5.1,164,10,132.95,1845.96,0,0.0,1.46,30.2,1,0,134.75,0
TEL-11910,Central,Prepaid,Monthly,12,36.0,Smartphone-Budget,0,0,5.2,183,12,162.96,2075.0,0,0.0,2.97,16.2,5,0,178.15,0
TEL-11911,West,Prepaid,Monthly,11,35.0,Feature,0,0,4.1,104,4,158.77,1809.5,0,0.0,2.88,41.8,15,1,156.71,1
TEL-11912,South,Postpaid,Two-Year,8,26.0,Smartphone-Premium,1,0,4.1,192,9,294.06,3039.71,1,19.5,3.05,28.0,18,0,382.77,0
TEL-11913,East,Prepaid,Monthly,9,23.0,Smartphone-Premium,0,0,30.9,189,6,367.13,3304.79,1,4.6,2.48,15.2,17,0,364.21,0
TEL-11914,South,Prepaid,Monthly,16,22.0,Smartphone-Budget,0,0,4.0,136,6,135.31,4817.37,2,39.7,1.03,25.9,19,1,294.06,1
TEL-11915,Central,Prepaid,Annual,64,55.0,Smartphone-Budget,0,1,15.5,347,15,406.01,24905.72,1,32.8,1.82,17.8,15,0,402.88,0
TEL-11916,East,Prepaid,Monthly,16,35.0,Smartphone-Premium,0,0,30.6,215,10,400.69,6594.87,1,7.8,5.26,21.5,11,0,414.05,0
TEL-11917,North,Prepaid,Monthly,72,55.0,Smartphone-Budget,0,0,1.3,658,33,179.19,15862.68,0,0.0,4.47,36.1,15,0,219.37,0
TEL-11918,West,Postpaid,Annual,22,18.0,Smartphone-Budget,0,1,20.3,125,7,495.15,12779.93,1,34.3,0.47,21.7,3,0,606.11,0
TEL-11919,South,Postpaid,Monthly,57,64.0,Feature,1,0,1.9,293,31,214.95,11488.34,1,11.4,3.11,26.8,5,0,204.72,0
TEL-11920,Central,Prepaid,Annual,64,41.0,Smartphone-Budget,0,1,16.1,317,17,366.08,26039.53,0,0.0,1.97,9.5,8,0,411.56,0
TEL-11921,North,Prepaid,Monthly,72,43.0,Smartphone-Budget,0,0,12.0,253,14,250.39,20933.36,4,97.7,4.35,36.5,5,0,287.77,0
TEL-11922,South,Prepaid,Monthly,15,25.0,Feature,0,0,3.0,202,8,109.48,2389.38,1,14.9,0.96,21.1,10,1,151.3,1
TEL-11923,South,Prepaid,Monthly,22,18.0,Smartphone-Premium,0,0,28.9,302,7,338.93,8185.38,0,0.0,2.73,21.6,9,0,381.36,0
TEL-11924,East,Prepaid,Monthly,12,37.0,Smartphone-Premium,0,0,4.7,93,9,106.84,2211.55,0,0.0,1.28,30.6,9,0,187.74,0
TEL-11925,South,Prepaid,Monthly,24,33.0,Smartphone-Premium,0,0,34.5,244,6,449.46,10344.52,1,8.6,1.74,30.6,3,0,422.34,0
TEL-11926,Central,Prepaid,Monthly,10,34.0,Smartphone-Budget,0,0,3.3,133,14,83.35,933.69,1,35.4,4.37,8.3,23,1,95.75,1
TEL-11927,North,Postpaid,Annual,32,52.0,Feature,1,1,1.0,213,47,416.03,14509.42,2,33.9,4.67,26.8,1,0,484.99,0
TEL-11928,West,Prepaid,Monthly,21,55.0,Smartphone-Budget,0,0,2.8,317,34,181.24,4060.9,0,0.0,0.76,34.1,1,0,199.07,0
TEL-11929,West,Prepaid,Monthly,6,29.0,Smartphone-Budget,0,0,12.8,501,15,229.02,1551.06,0,0.0,1.3,26.8,25,1,260.17,1
TEL-11930,West,Postpaid,Two-Year,18,26.0,Smartphone-Budget,0,1,41.5,150,3,716.37,13476.56,0,0.0,3.71,29.1,22,0,757.41,0
TEL-11931,East,Prepaid,Monthly,33,35.0,Smartphone-Budget,0,0,16.7,387,14,338.38,11000.85,0,0.0,1.46,17.7,11,0,330.0,0
TEL-11932,South,Postpaid,Annual,5,31.0,Smartphone-Budget,0,0,33.5,167,9,533.55,2864.06,1,25.3,3.95,24.0,10,0,554.05,0
TEL-11933,North,Prepaid,Monthly,24,48.0,Feature,0,0,2.9,690,35,190.17,5011.85,2,33.8,2.51,27.3,4,1,216.21,1
TEL-11934,East,Prepaid,Monthly,5,51.0,Smartphone-Premium,0,0,21.8,216,9,298.54,1936.84,1,5.7,2.25,38.8,4,1,398.05,1
TEL-11935,East,Postpaid,Annual,6,27.0,Smartphone-Budget,1,0,18.5,163,10,418.25,3001.4,0,0.0,4.73,36.6,6,0,501.73,0
TEL-11936,East,Prepaid,Monthly,72,61.0,Smartphone-Budget,0,0,1.9,491,22,218.82,14424.38,2,8.4,2.98,21.5,30,0,194.54,0
TEL-11937,East,Prepaid,Monthly,8,32.0,Smartphone-Premium,1,0,4.0,101,8,166.97,1589.1,0,0.0,2.6,26.7,15,0,198.0,0
TEL-11938,South,Prepaid,Monthly,9,31.0,Feature,0,0,5.0,158,9,144.58,1218.04,0,0.0,2.73,32.7,33,0,139.6,0
TEL-11939,West,Prepaid,Monthly,36,45.0,Smartphone-Premium,0,0,17.0,408,14,288.1,8299.03,0,0.0,2.43,27.8,11,0,236.89,0
TEL-11940,South,Postpaid,Two-Year,8,29.0,Smartphone-Premium,1,0,31.3,150,4,515.29,4300.38,1,18.5,1.66,35.8,26,0,529.27,0
TEL-11941,North,Postpaid,Annual,25,28.0,Smartphone-Budget,1,0,10.7,425,23,371.4,9467.21,1,41.7,2.75,5.7,8,0,370.96,0
TEL-11942,North,Postpaid,Annual,9,25.0,Smartphone-Budget,0,0,4.2,91,7,248.65,2238.04,1,9.3,3.43,32.7,16,0,252.58,0
TEL-11943,North,Postpaid,Monthly,4,18.0,Smartphone-Premium,1,0,3.5,104,10,246.44,931.09,3,43.4,1.12,15.3,9,0,246.62,1
TEL-11944,Central,Prepaid,Monthly,13,30.0,Smartphone-Budget,0,0,3.4,175,10,85.36,1508.23,0,0.0,3.99,12.4,15,0,120.94,0
TEL-11945,South,Postpaid,Monthly,1,38.0,Smartphone-Budget,1,0,16.8,377,16,418.37,422.95,1,4.6,4.81,34.6,5,0,457.66,0
TEL-11946,West,Prepaid,Annual,37,50.0,Smartphone-Premium,0,0,5.9,285,12,168.22,6191.35,2,16.6,2.07,13.9,10,1,168.48,1
TEL-11947,South,Prepaid,Monthly,5,29.0,Smartphone-Budget,0,0,2.5,164,13,92.29,564.56,0,0.0,4.68,27.4,6,1,118.72,1
TEL-11948,North,Prepaid,Annual,11,23.0,Smartphone-Budget,0,0,28.1,182,0,370.39,4532.48,0,0.0,2.41,39.3,1,0,391.08,0
TEL-11949,East,Prepaid,Monthly,13,65.0,Smartphone-Budget,0,0,3.2,449,46,234.07,2817.54,1,19.0,1.56,26.4,21,1,221.47,1
TEL-11950,South,Prepaid,Monthly,6,28.0,Smartphone-Budget,0,0,3.3,158,5,155.85,992.55,0,0.0,1.17,26.2,21,0,156.79,1
TEL-11951,West,Prepaid,Monthly,7,30.0,Smartphone-Budget,1,0,18.8,243,5,300.58,2170.46,1,11.0,6.71,19.9,11,0,310.35,0
TEL-11952,Central,Postpaid,Monthly,6,26.0,Smartphone-Premium,1,0,36.9,199,10,574.09,3400.97,2,13.4,3.2,22.8,5,1,557.93,1
TEL-11953,North,Prepaid,Monthly,31,31.0,Smartphone-Budget,0,0,19.6,345,20,243.29,9016.93,1,9.4,6.8,15.6,2,0,289.25,0
TEL-11954,West,Prepaid,Monthly,10,19.0,Smartphone-Premium,1,1,22.0,210,7,457.62,4999.17,1,28.5,1.23,32.3,2,0,499.43,0
TEL-11955,West,Postpaid,Annual,20,22.0,Smartphone-Budget,0,0,13.2,315,14,325.9,6920.78,2,33.5,1.76,21.1,11,0,349.19,0
TEL-11956,South,Prepaid,Monthly,16,22.0,Smartphone-Premium,0,0,40.4,219,3,492.3,7103.63,3,21.4,3.13,19.4,19,0,489.03,0
TEL-11957,South,Postpaid,Monthly,6,46.0,Smartphone-Budget,1,0,24.3,246,19,470.09,2800.19,4,4.5,2.3,31.4,3,0,487.46,0
TEL-11958,North,Prepaid,Monthly,50,34.0,Smartphone-Budget,0,0,22.3,264,23,268.9,15054.89,1,11.9,2.94,20.0,3,0,296.68,0
TEL-11959,South,Prepaid,Monthly,1,47.0,Smartphone-Budget,0,1,9.2,307,16,320.95,337.53,1,25.2,1.38,33.9,5,1,331.85,0
TEL-11960,Central,Postpaid,Annual,39,54.0,Smartphone-Budget,1,0,22.7,323,12,460.06,20021.47,0,0.0,3.3,8.6,2,0,493.41,0
TEL-11961,West,Postpaid,Monthly,17,26.0,Smartphone-Budget,1,0,31.3,256,8,552.05,9373.77,2,7.0,2.51,10.0,12,0,570.9,0
TEL-11962,West,Prepaid,Monthly,13,28.0,Smartphone-Budget,0,0,6.2,137,15,182.95,2107.06,1,17.5,9.0,39.2,10,0,166.95,0
TEL-11963,East,Prepaid,Monthly,12,20.0,Smartphone-Premium,1,0,50.6,258,6,596.79,7445.76,0,0.0,2.72,13.6,6,0,634.12,0
TEL-11964,South,Postpaid,Monthly,17,49.0,Smartphone-Budget,1,1,8.3,336,13,441.43,10107.81,0,0.0,1.59,37.0,13,0,619.25,0
TEL-11965,West,Postpaid,Annual,16,40.0,Smartphone-Premium,1,0,40.2,223,4,655.02,11022.11,1,20.7,3.18,46.4,11,0,708.03,0
TEL-11966,North,Prepaid,Monthly,7,28.0,Smartphone-Premium,1,0,31.9,221,6,348.79,2602.44,1,4.0,1.16,35.3,1,0,384.97,0
TEL-11967,North,Prepaid,Monthly,27,25.0,Smartphone-Budget,0,0,31.9,161,5,338.86,8983.25,1,8.6,1.22,28.1,8,1,353.91,1
TEL-11968,South,Postpaid,Annual,25,54.0,Smartphone-Budget,0,0,1.7,544,32,276.97,6879.04,1,18.9,4.42,19.0,5,0,276.34,0
TEL-11969,West,Postpaid,Monthly,20,35.0,Smartphone-Premium,1,0,2.0,196,9,292.01,5652.08,1,9.1,6.14,29.2,11,1,275.84,1
TEL-11970,North,Postpaid,Monthly,62,35.0,Smartphone-Premium,0,0,23.2,404,8,405.9,25931.34,0,0.0,5.89,28.6,10,0,417.46,0
TEL-11971,South,Postpaid,Annual,72,37.0,Smartphone-Premium,0,0,10.9,374,17,375.34,28886.42,1,94.5,5.26,13.0,15,0,414.3,0
TEL-11972,North,Postpaid,Annual,20,24.0,Smartphone-Premium,1,1,15.9,203,10,579.63,15254.74,1,20.6,5.97,23.0,6,0,735.4,0
TEL-11973,Central,Postpaid,Annual,24,21.0,Smartphone-Premium,0,0,26.3,115,7,385.18,13907.53,0,0.0,0.98,13.8,3,0,565.36,0
TEL-11974,Central,Prepaid,Annual,11,41.0,Smartphone-Premium,0,0,3.9,141,6,121.43,1549.05,0,0.0,2.19,12.0,6,0,148.41,0
TEL-11975,North,Prepaid,Monthly,41,25.0,Smartphone-Budget,0,1,12.4,416,10,407.07,16154.65,0,0.0,0.6,32.2,26,0,384.5,0
TEL-11976,North,Postpaid,Annual,1,18.0,Smartphone-Budget,1,0,47.5,292,8,663.66,793.6,2,14.8,2.64,11.6,8,0,728.82,0
TEL-11977,North,Postpaid,Monthly,4,18.0,Smartphone-Budget,1,0,3.5,217,6,183.88,809.57,2,18.6,8.51,20.9,9,0,207.13,0
TEL-11978,North,Postpaid,Annual,45,64.0,Feature,1,0,2.4,456,42,296.44,12524.8,2,80.8,6.58,36.1,6,0,284.82,0
TEL-11979,East,Postpaid,Two-Year,1,28.0,Smartphone-Premium,0,0,35.1,260,5,538.11,535.59,3,8.5,1.54,19.4,30,1,528.65,1
TEL-11980,East,Postpaid,Monthly,1,34.0,Smartphone-Premium,0,0,3.5,161,9,255.39,407.42,0,0.0,2.14,30.6,20,1,386.02,1
TEL-11981,West,Prepaid,Monthly,10,23.0,Smartphone-Premium,0,0,51.6,255,7,551.92,5350.61,0,0.0,0.81,15.5,15,1,550.78,1
TEL-11982,Central,Prepaid,Monthly,25,54.0,Smartphone-Budget,0,0,22.3,340,20,325.03,10135.51,0,0.0,3.59,4.0,33,0,397.87,0
TEL-11983,West,Prepaid,Monthly,25,47.0,Smartphone-Premium,0,1,17.6,299,18,426.91,10730.17,1,31.4,2.94,23.7,7,0,445.08,0
TEL-11984,West,Prepaid,Monthly,4,32.0,Smartphone-Budget,0,0,3.0,92,6,140.39,462.2,1,47.0,0.85,34.4,10,0,119.38,0
TEL-11985,North,Prepaid,Monthly,23,30.0,Smartphone-Budget,0,0,26.0,262,3,363.03,7915.12,0,0.0,2.03,31.6,10,0,358.02,0
TEL-11986,North,Postpaid,Monthly,21,31.0,Smartphone-Budget,1,0,38.6,168,4,562.44,12544.57,5,15.9,1.1,33.7,24,0,589.51,0
TEL-11987,South,Postpaid,Annual,5,37.0,Smartphone-Budget,1,0,4.5,136,11,317.03,1366.01,1,28.4,3.03,21.9,18,0,280.97,0
TEL-11988,East,Postpaid,Monthly,23,58.0,Smartphone-Budget,0,0,2.7,432,36,311.05,8081.82,0,0.0,0.52,28.8,7,0,358.61,0
TEL-11989,Central,Prepaid,Monthly,11,23.0,Smartphone-Budget,0,1,3.3,199,7,308.12,8340.09,0,0.0,4.46,13.3,18,1,757.31,1
TEL-11990,Central,Postpaid,Two-Year,28,18.0,Smartphone-Premium,1,0,29.8,110,6,474.31,13896.09,3,14.9,4.02,5.8,15,0,492.63,0
TEL-11991,North,Postpaid,Annual,72,40.0,Smartphone-Budget,0,0,25.4,420,19,530.59,42094.64,0,0.0,0.97,16.4,18,0,574.01,0
TEL-11992,South,Prepaid,Monthly,23,,Smartphone-Budget,0,0,36.5,217,5,417.86,8818.87,2,10.2,3.58,28.7,11,1,385.41,1
TEL-11993,East,Prepaid,Monthly,1,32.0,Smartphone-Budget,0,0,23.9,241,4,334.83,329.84,0,0.0,6.04,29.4,10,0,334.11,0
TEL-11994,South,Prepaid,Monthly,12,19.0,Smartphone-Budget,0,0,40.4,162,6,408.5,4785.32,0,0.0,1.1,28.1,8,0,409.83,0
TEL-11995,North,Prepaid,Monthly,22,23.0,Smartphone-Premium,0,0,38.1,257,5,417.69,9486.74,2,62.1,6.37,18.8,8,1,443.36,1
TEL-11996,East,Postpaid,Two-Year,18,21.0,Feature,1,0,5.8,208,10,226.75,4817.06,1,13.1,3.57,24.6,32,0,273.64,0
TEL-11997,West,Prepaid,Monthly,7,40.0,Smartphone-Premium,1,0,5.1,162,7,178.16,1663.73,0,0.0,2.74,20.7,33,0,243.91,0
TEL-11998,East,Prepaid,Monthly,12,28.0,Smartphone-Budget,1,1,5.2,67,16,297.07,4115.68,0,0.0,4.1,34.5,7,1,344.43,1
TEL-11999,North,Postpaid,Monthly,29,51.0,Smartphone-Premium,0,1,17.6,393,10,528.49,23741.02,0,0.0,5.66,33.0,20,0,781.73,0
TEL-12000,East,Prepaid,Monthly,21,18.0,Smartphone-Premium,0,0,33.3,169,7,396.74,8299.04,1,53.1,1.42,,14,0,404.24,0
TEL-12001,North,Postpaid,Monthly,8,18.0,Smartphone-Budget,1,0,4.3,113,8,264.29,3091.05,0,0.0,1.03,34.2,14,0,374.58,0
TEL-12002,South,Postpaid,Monthly,42,37.0,Smartphone-Premium,0,1,13.9,321,14,520.62,24092.22,2,16.6,3.0,35.4,5,0,555.57,0
TEL-12003,North,Postpaid,Annual,7,31.0,Smartphone-Premium,1,0,31.3,235,7,479.73,3447.82,0,0.0,2.29,36.4,4,0,517.31,0
TEL-12004,East,Postpaid,Monthly,54,38.0,Smartphone-Budget,1,1,17.2,348,17,575.15,40022.0,1,18.0,2.66,35.3,14,0,721.28,0
TEL-12005,South,Postpaid,Monthly,71,35.0,Smartphone-Budget,0,0,15.4,337,13,410.94,29096.66,0,0.0,2.13,32.3,25,0,413.85,0
TEL-12006,East,Prepaid,Annual,30,22.0,Smartphone-Premium,0,0,27.6,199,3,354.22,9587.51,1,1.0,3.84,30.3,7,0,328.31,0
TEL-12007,Central,Postpaid,Monthly,21,27.0,Smartphone-Premium,1,0,23.0,186,6,440.19,10352.17,0,0.0,4.25,16.9,7,0,472.13,0
TEL-12008,Central,Prepaid,Annual,33,27.0,Smartphone-Budget,0,0,37.7,236,6,441.31,16510.59,0,0.0,1.77,13.5,6,0,530.97,1
TEL-12009,South,Prepaid,Monthly,4,32.0,Smartphone-Premium,0,0,5.0,148,11,222.48,1092.52,4,33.0,0.76,30.5,2,1,283.14,1
TEL-12010,South,Prepaid,Monthly,13,36.0,Smartphone-Premium,0,0,3.7,101,5,166.21,2720.57,0,0.0,1.49,43.3,70,0,197.42,0
TEL-12011,West,Prepaid,Monthly,1,30.0,Smartphone-Budget,0,0,3.5,157,7,152.51,187.24,1,16.0,1.73,49.3,13,0,177.93,0
TEL-12012,West,Prepaid,Monthly,10,35.0,Smartphone-Budget,0,0,14.6,328,22,253.57,3211.84,2,1.1,0.76,26.3,11,0,318.63,0
TEL-12013,Central,Prepaid,Monthly,17,29.0,Smartphone-Premium,1,0,31.3,232,8,374.76,6316.42,0,0.0,3.4,1.8,2,0,394.5,0
TEL-12014,South,Postpaid,Monthly,19,38.0,Smartphone-Premium,0,1,18.8,191,8,500.55,11648.72,1,63.7,2.81,30.3,10,0,576.74,0
TEL-12015,North,Postpaid,Monthly,48,49.0,Smartphone-Budget,0,0,19.7,239,14,414.91,19450.37,1,6.2,1.74,24.4,16,0,418.69,0
TEL-12016,South,Postpaid,Monthly,38,63.0,Feature,1,0,3.3,438,34,292.2,24777.51,1,65.8,2.28,30.0,6,0,646.49,0
TEL-12017,Central,Postpaid,Monthly,14,40.0,Smartphone-Budget,1,0,5.7,121,11,300.75,5234.01,2,56.2,3.58,2.3,24,1,386.1,1
TEL-12018,Central,Prepaid,Monthly,27,56.0,Smartphone-Budget,0,0,0.9,436,36,121.77,3198.38,1,8.8,3.18,20.5,3,0,115.79,0
TEL-12019,South,Postpaid,Monthly,33,42.0,Smartphone-Premium,0,0,16.7,47,11,302.69,9130.24,0,0.0,0.22,43.0,41,0,285.13,0
TEL-12020,Central,Prepaid,Monthly,46,65.0,Feature,0,0,3.0,494,44,175.81,9779.98,2,11.9,2.41,27.5,7,0,208.25,0
TEL-12021,West,Prepaid,Annual,10,29.0,Smartphone-Budget,0,0,2.5,176,10,108.83,1300.21,1,33.3,2.97,27.6,6,0,135.2,0
TEL-12022,North,Prepaid,Monthly,29,33.0,Smartphone-Budget,1,0,45.1,243,7,472.41,14176.11,1,39.5,6.21,33.9,20,1,484.97,1
TEL-12023,East,Postpaid,Two-Year,14,27.0,Smartphone-Premium,1,0,46.7,152,9,616.3,9003.28,0,0.0,1.06,25.2,7,0,606.85,0
TEL-12024,South,Postpaid,Monthly,58,35.0,Smartphone-Premium,0,0,18.5,178,13,366.84,25523.08,3,38.3,5.09,21.1,7,0,462.37,0
TEL-12025,West,Prepaid,Monthly,9,31.0,Smartphone-Premium,0,0,13.0,158,8,263.99,2486.01,1,33.2,2.64,21.6,13,1,288.82,1
TEL-12026,Central,Prepaid,Monthly,71,26.0,Smartphone-Budget,0,1,24.2,502,12,514.32,44939.06,3,36.7,3.2,10.6,16,0,644.39,0
TEL-12027,North,Prepaid,Monthly,10,40.0,Smartphone-Premium,0,0,1.7,122,9,156.17,1690.46,3,7.0,0.63,28.4,3,0,169.21,0
TEL-12028,West,Postpaid,Monthly,2,29.0,Smartphone-Premium,0,0,4.4,101,12,286.0,673.78,0,0.0,0.89,40.9,23,0,333.82,0
TEL-12029,North,Postpaid,Monthly,12,18.0,Smartphone-Budget,1,0,41.2,214,5,618.71,8003.81,0,0.0,1.23,29.6,32,1,651.15,1
TEL-12030,Central,Postpaid,Monthly,11,30.0,Smartphone-Premium,1,0,38.2,154,8,535.96,7005.9,1,33.8,5.46,1.2,10,0,631.72,0
TEL-12031,North,Prepaid,Annual,15,31.0,Smartphone-Budget,0,0,4.5,136,9,92.38,2074.41,1,18.2,2.13,17.1,10,0,134.61,0
TEL-12032,West,Postpaid,Monthly,28,67.0,Smartphone-Budget,0,0,1.6,742,40,312.0,9839.1,2,64.8,8.19,20.5,16,0,351.21,0
TEL-12033,South,Prepaid,Monthly,52,51.0,Feature,0,0,2.6,533,35,207.05,17068.33,2,28.1,5.76,22.9,4,0,345.38,0
TEL-12034,East,Prepaid,Monthly,69,44.0,Feature,0,0,3.1,642,33,230.51,16751.5,0,0.0,1.0,25.9,6,0,237.95,0
TEL-12035,West,Postpaid,Annual,7,25.0,Smartphone-Budget,0,0,4.9,144,7,229.16,1944.82,2,14.0,0.42,30.2,10,0,279.11,0
TEL-12036,South,Prepaid,Monthly,8,23.0,Smartphone-Premium,0,0,25.5,97,10,373.31,2692.03,0,0.0,2.72,20.9,2,1,377.21,1
TEL-12037,East,Prepaid,Monthly,29,18.0,Smartphone-Premium,0,0,36.7,177,6,448.37,13332.69,0,0.0,3.82,33.6,39,0,458.55,0
TEL-12038,West,Prepaid,Monthly,9,26.0,Smartphone-Budget,0,0,4.7,135,6,147.13,1563.34,0,0.0,0.81,22.0,46,0,174.17,0
TEL-12039,South,Postpaid,Annual,18,18.0,Smartphone-Budget,1,0,6.4,70,5,306.12,5158.58,2,32.0,2.22,9.6,9,0,309.63,0
TEL-12040,Central,Prepaid,Monthly,72,48.0,Smartphone-Budget,0,0,2.4,671,28,189.65,10299.89,1,18.7,3.78,32.0,25,0,142.35,0
TEL-12041,East,Prepaid,Monthly,14,18.0,Smartphone-Budget,1,0,5.5,101,11,169.74,2632.09,0,0.0,4.09,31.6,8,0,189.15,0
TEL-12042,North,Postpaid,Annual,18,34.0,Smartphone-Premium,0,0,35.1,94,6,510.56,9087.2,1,13.9,1.23,27.3,8,0,533.34,0
TEL-12043,North,Prepaid,Monthly,44,45.0,Smartphone-Budget,0,0,20.0,355,14,321.57,16323.01,2,26.8,3.1,18.9,16,0,360.78,0
TEL-12044,West,Postpaid,Two-Year,52,58.0,Feature,1,0,1.6,214,41,288.55,17487.29,1,33.6,1.67,19.6,31,0,336.16,0
TEL-12045,North,Postpaid,Two-Year,2,20.0,Smartphone-Budget,1,0,3.5,192,8,286.72,605.84,1,37.3,1.65,37.4,11,0,299.99,0
TEL-12046,North,Postpaid,Two-Year,9,22.0,Smartphone-Premium,0,0,31.3,222,5,464.89,3887.4,0,0.0,5.19,32.1,2,0,441.28,0
TEL-12047,Central,Prepaid,Monthly,20,18.0,Smartphone-Budget,0,0,25.7,254,8,320.18,5855.29,0,0.0,4.41,14.9,16,0,311.68,0
TEL-12048,South,Postpaid,Two-Year,10,31.0,Smartphone-Budget,1,0,4.6,204,7,285.25,3007.37,1,23.8,2.69,26.6,8,0,292.08,0
TEL-12049,Central,Prepaid,Monthly,10,30.0,Smartphone-Budget,0,0,4.6,106,13,180.79,2036.96,0,0.0,1.28,10.8,4,1,217.97,1
TEL-12050,North,Prepaid,Monthly,32,40.0,Feature,1,0,6.8,313,10,162.24,6241.35,0,0.0,4.38,20.0,5,0,199.7,0
TEL-12051,South,Prepaid,Monthly,2,36.0,Smartphone-Premium,0,0,3.9,160,16,197.24,448.48,0,0.0,1.77,22.3,16,0,228.06,0
TEL-12052,East,Prepaid,Annual,9,37.0,Smartphone-Premium,0,0,4.8,182,6,134.25,2256.85,2,27.6,0.43,36.8,22,0,246.75,0
TEL-12053,West,Prepaid,Monthly,6,26.0,Smartphone-Premium,0,0,4.3,151,8,203.49,1512.37,1,16.7,0.44,21.4,9,0,255.55,1
TEL-12054,North,Prepaid,Monthly,62,48.0,Smartphone-Premium,0,1,20.0,300,14,447.32,38337.93,1,23.1,2.95,30.3,32,0,597.58,0
TEL-12055,North,Prepaid,Monthly,16,18.0,Smartphone-Premium,0,0,22.1,152,7,299.43,5672.65,0,0.0,0.72,27.4,15,0,345.87,0
TEL-12056,South,Postpaid,Annual,21,27.0,Smartphone-Premium,0,0,47.0,193,10,630.94,12994.89,1,18.6,1.98,,9,0,612.42,0
TEL-12057,West,Postpaid,Annual,20,29.0,Smartphone-Premium,0,0,35.3,242,8,537.87,15406.84,1,61.8,0.19,27.9,17,0,792.02,0
TEL-12058,North,Postpaid,Monthly,35,50.0,Smartphone-Budget,0,0,1.1,572,42,393.02,13877.79,1,17.2,1.89,20.7,11,0,412.39,0
TEL-12059,South,Prepaid,Monthly,55,40.0,Smartphone-Premium,0,0,25.0,301,11,323.23,19628.65,1,38.0,2.03,12.4,10,0,386.85,0
TEL-12060,North,Prepaid,Monthly,72,43.0,Feature,0,0,2.0,559,33,221.41,22429.87,0,0.0,1.59,34.3,13,0,299.08,0
TEL-12061,South,Prepaid,Monthly,42,40.0,Smartphone-Budget,1,1,19.1,228,14,418.87,20012.53,0,0.0,8.59,22.0,13,0,455.95,0
TEL-12062,West,Postpaid,Monthly,52,71.0,Feature,0,0,1.8,737,34,349.61,16944.93,1,75.7,2.94,34.9,2,0,344.79,0
TEL-12063,Central,Prepaid,Monthly,11,36.0,Smartphone-Budget,0,0,3.7,139,7,117.18,1724.17,0,0.0,3.89,8.4,2,1,157.31,1
TEL-12064,West,Prepaid,Monthly,8,20.0,Smartphone-Budget,0,0,7.0,122,9,197.65,1569.54,1,1.8,2.99,36.7,5,0,195.05,0
TEL-12065,South,Postpaid,Two-Year,13,47.0,Feature,1,0,2.4,623,43,293.54,3974.75,1,2.1,3.12,24.7,8,0,304.52,0
TEL-12066,North,Prepaid,Monthly,18,26.0,Feature,0,1,3.4,182,9,341.0,8545.6,1,11.9,3.29,29.9,11,1,493.22,1
TEL-12067,South,Postpaid,Annual,13,25.0,Smartphone-Budget,1,0,5.1,167,13,295.65,3876.84,1,12.5,7.43,24.2,9,0,300.45,0
TEL-12068,North,Prepaid,Monthly,15,20.0,Smartphone-Premium,0,0,3.5,171,5,102.69,2789.1,4,15.9,3.2,17.7,10,0,191.39,1
TEL-12069,North,Prepaid,Monthly,34,29.0,Smartphone-Budget,0,0,10.7,368,20,214.51,8099.18,1,25.3,3.97,28.6,45,1,234.89,1
TEL-12070,East,Prepaid,Monthly,11,20.0,Smartphone-Budget,0,0,4.2,125,12,227.68,3574.27,1,4.4,7.08,44.7,10,1,306.22,1
TEL-12071,Central,Prepaid,Annual,18,18.0,Smartphone-Budget,0,0,38.1,198,3,463.67,11235.57,0,0.0,0.96,21.6,26,0,571.41,0
TEL-12072,North,Prepaid,Monthly,8,22.0,Smartphone-Budget,0,1,55.5,161,8,767.35,6074.34,4,5.9,2.68,32.3,3,0,786.51,0
TEL-12073,North,Prepaid,Monthly,12,44.0,Smartphone-Premium,0,0,3.9,130,11,127.65,1471.74,0,0.0,2.27,8.1,20,0,113.15,0
TEL-12074,South,Postpaid,Annual,46,58.0,Smartphone-Budget,1,1,2.7,486,31,428.84,34513.04,0,0.0,3.38,27.9,6,0,741.3,0
TEL-12075,West,Prepaid,Monthly,19,49.0,Smartphone-Budget,0,0,3.0,422,30,167.23,2825.55,0,0.0,1.86,27.8,5,0,149.56,0
TEL-12076,South,Prepaid,Monthly,11,21.0,Smartphone-Budget,0,1,3.7,173,12,357.53,3959.67,0,0.0,2.17,28.1,37,1,374.94,1
TEL-12077,South,Prepaid,Monthly,4,29.0,Smartphone-Budget,0,0,26.2,326,6,358.33,1356.21,0,0.0,1.9,29.9,22,1,346.24,1
TEL-12078,South,Prepaid,Monthly,13,25.0,Smartphone-Budget,0,0,4.6,93,7,116.38,1382.61,1,2.8,2.84,11.5,6,0,109.38,0
TEL-12079,North,Postpaid,Annual,15,28.0,Smartphone-Premium,1,0,3.8,123,11,262.72,3862.07,0,0.0,0.86,35.2,10,0,258.17,0
TEL-12080,South,Postpaid,Annual,55,50.0,Smartphone-Budget,0,1,18.9,239,16,531.79,32036.38,0,0.0,1.86,13.4,11,0,554.95,0
TEL-12081,North,Prepaid,Annual,10,19.0,Smartphone-Premium,0,0,2.8,166,10,173.48,1656.06,3,52.7,4.65,28.5,39,0,159.35,0
TEL-12082,East,Postpaid,Annual,10,32.0,Smartphone-Budget,1,0,4.0,102,4,273.54,2678.29,0,0.0,3.81,16.9,23,0,286.21,0
TEL-12083,South,Postpaid,Monthly,30,47.0,Feature,1,0,3.2,516,32,357.86,12523.76,0,0.0,5.6,45.7,12,0,391.17,0
TEL-12084,North,Postpaid,Two-Year,20,18.0,Smartphone-Premium,1,0,31.0,208,7,510.64,11067.74,1,15.5,3.15,40.8,9,0,577.98,0
TEL-12085,South,Prepaid,Monthly,18,23.0,Smartphone-Budget,0,1,3.5,112,2,344.69,6750.07,0,0.0,5.37,21.2,4,0,393.27,0
TEL-12086,Central,Prepaid,Monthly,11,18.0,Smartphone-Premium,0,0,38.1,288,5,459.14,4968.02,0,0.0,0.29,8.3,11,0,444.55,0
TEL-12087,West,Prepaid,Monthly,14,47.0,Smartphone-Budget,0,1,2.7,100,13,292.95,4732.09,0,0.0,0.44,27.0,11,0,355.69,0
TEL-12088,North,Postpaid,Monthly,59,63.0,Smartphone-Budget,1,0,3.3,589,33,305.81,16306.4,0,0.0,3.5,28.6,5,0,293.02,0
TEL-12089,North,Postpaid,Annual,11,24.0,Smartphone-Budget,0,0,3.8,103,13,259.07,3047.6,0,0.0,0.96,21.7,40,1,253.43,1
TEL-12090,West,Prepaid,Monthly,28,39.0,Smartphone-Budget,0,0,40.9,182,7,500.46,15297.22,0,0.0,3.59,29.6,21,0,528.43,0
TEL-12091,South,Prepaid,Monthly,60,54.0,Smartphone-Budget,0,0,3.5,421,37,83.44,4512.99,1,1.6,0.18,35.8,12,0,70.0,0
TEL-12092,South,Prepaid,Monthly,72,46.0,Feature,0,0,2.8,474,30,180.3,12958.23,1,9.4,1.64,29.5,34,0,168.52,0
TEL-12093,North,Prepaid,Monthly,5,21.0,Smartphone-Premium,1,0,33.2,219,6,376.21,2076.31,2,43.1,2.25,35.3,24,0,401.46,0
TEL-12094,Central,Postpaid,Annual,7,18.0,Smartphone-Premium,0,0,43.6,267,2,642.67,5345.04,2,19.6,4.45,1.2,17,0,785.65,0
TEL-12095,North,Prepaid,Monthly,14,39.0,Smartphone-Premium,0,0,35.0,260,6,417.92,5967.06,1,49.5,2.0,17.0,12,0,444.52,0
TEL-12096,North,Prepaid,Monthly,32,34.0,Smartphone-Budget,0,0,17.6,345,19,322.4,12313.5,0,0.0,2.26,16.0,9,0,390.75,0
TEL-12097,East,Prepaid,Monthly,35,42.0,Feature,0,0,13.9,195,12,331.56,17009.63,0,0.0,2.7,50.1,6,0,473.81,0
TEL-12098,North,Prepaid,Monthly,30,62.0,Feature,0,0,2.5,526,41,205.72,5864.59,1,29.9,1.7,31.0,17,0,189.68,0
TEL-12099,West,Postpaid,Annual,15,46.0,Smartphone-Budget,1,0,13.1,242,14,347.04,5271.38,1,47.7,3.11,31.4,24,0,350.94,0
TEL-12100,Central,Postpaid,Two-Year,9,36.0,Smartphone-Budget,1,0,5.3,166,7,194.22,2024.7,1,21.6,2.61,12.3,14,0,220.47,0
TEL-12101,Central,Prepaid,Monthly,3,27.0,Feature,0,0,4.9,180,15,228.8,632.06,0,0.0,1.16,4.7,10,1,220.95,1
TEL-12102,East,Prepaid,Monthly,9,35.0,Smartphone-Budget,0,0,3.8,171,10,123.72,1851.57,0,0.0,3.1,17.5,26,0,223.8,0
TEL-12103,South,Prepaid,Monthly,58,53.0,Feature,0,0,2.0,775,32,205.42,11540.63,2,50.6,2.03,23.6,12,0,229.07,0
TEL-12104,South,Prepaid,Monthly,8,37.0,Smartphone-Budget,0,0,3.8,144,8,125.98,1080.4,0,,7.12,15.3,2,0,129.29,1
TEL-12105,North,Prepaid,Monthly,11,37.0,Smartphone-Budget,0,0,0.5,73,9,131.13,1966.43,1,58.2,2.89,10.6,3,0,172.31,0
TEL-12106,Central,Prepaid,Monthly,19,21.0,Smartphone-Budget,0,0,36.6,238,3,422.19,8580.69,2,28.0,3.96,23.8,9,0,448.63,0
TEL-12107,West,Prepaid,Monthly,8,19.0,Smartphone-Budget,0,0,4.8,139,11,182.03,1361.75,0,0.0,1.57,32.9,13,0,161.13,1
TEL-12108,Central,Postpaid,Annual,53,58.0,Feature,1,0,1.2,572,39,209.29,12555.65,1,45.0,3.16,4.8,4,0,224.46,0
TEL-12109,Central,Postpaid,Monthly,32,54.0,Smartphone-Premium,0,0,16.9,206,21,406.38,15197.03,1,2.8,1.49,12.7,49,0,478.5,0
TEL-12110,South,Prepaid,Monthly,24,37.0,Smartphone-Budget,1,0,7.7,365,12,138.23,3024.8,2,37.9,1.77,29.8,2,0,131.29,0
TEL-12111,Central,Prepaid,Monthly,20,24.0,Smartphone-Premium,0,0,35.3,132,3,439.57,8425.28,1,47.3,2.72,26.3,7,1,468.83,1
TEL-12112,South,Postpaid,Two-Year,63,34.0,Smartphone-Budget,1,1,2.0,274,11,431.88,31341.54,1,11.0,1.87,8.7,1,0,490.17,0
TEL-12113,East,Prepaid,Monthly,44,35.0,Smartphone-Budget,0,1,19.2,185,11,473.83,22627.06,0,0.0,4.22,36.0,29,0,497.44,0
TEL-12114,South,Prepaid,Monthly,10,33.0,Smartphone-Premium,0,0,3.4,176,13,173.35,2075.25,0,0.0,3.11,24.2,3,1,220.85,1
TEL-12115,South,Prepaid,Monthly,47,35.0,Smartphone-Budget,0,0,18.2,209,21,284.36,14341.22,0,0.0,5.82,35.1,11,0,304.35,0
TEL-12116,East,Prepaid,Monthly,3,41.0,Smartphone-Budget,0,0,4.6,129,16,164.97,725.2,3,2.9,0.77,23.1,12,0,227.28,0
TEL-12117,South,Postpaid,Annual,17,18.0,Smartphone-Budget,1,0,2.6,258,5,276.2,7285.52,0,0.0,4.46,25.2,18,0,407.61,0
TEL-12118,North,Postpaid,Monthly,16,27.0,Smartphone-Budget,0,0,23.0,312,7,446.54,10247.46,1,43.2,0.9,24.9,21,0,632.08,0
TEL-12119,West,Prepaid,Monthly,10,26.0,Smartphone-Budget,1,0,6.0,76,9,124.39,1492.43,1,18.6,1.3,36.4,20,0,148.01,0
TEL-12120,South,Postpaid,Annual,25,36.0,Smartphone-Premium,1,0,14.4,406,15,447.14,11772.48,1,15.6,0.26,20.3,8,0,483.64,0
TEL-12121,North,Prepaid,Monthly,18,23.0,Smartphone-Premium,0,0,1.8,234,16,116.07,1451.07,0,0.0,2.46,,19,1,85.29,1
TEL-12122,North,Prepaid,Monthly,1,28.0,Smartphone-Premium,0,0,32.1,125,9,425.8,471.96,0,0.0,4.24,27.8,8,0,460.65,0
TEL-12123,South,Prepaid,Annual,1,37.0,Smartphone-Budget,0,0,24.8,303,18,354.04,424.29,0,0.0,4.15,24.1,33,1,408.77,1
TEL-12124,South,Postpaid,Two-Year,20,35.0,Smartphone-Budget,0,0,5.0,142,12,331.36,6512.34,3,54.4,1.65,32.3,27,0,330.47,0
TEL-12125,Central,Prepaid,Monthly,10,24.0,Smartphone-Premium,0,0,37.4,147,5,420.07,3718.35,1,43.8,1.9,19.8,21,0,404.35,0
TEL-12126,South,Prepaid,Monthly,9,34.0,Smartphone-Budget,0,0,28.6,388,19,391.3,4338.14,0,0.0,2.63,20.1,10,0,460.42,1
TEL-12127,North,Prepaid,Monthly,13,35.0,Smartphone-Budget,0,1,42.1,143,8,623.74,10170.41,1,4.4,8.16,25.5,7,0,814.35,1
TEL-12128,South,Prepaid,Monthly,68,35.0,Smartphone-Budget,0,0,18.9,296,12,371.62,23619.72,0,0.0,6.94,30.5,32,0,358.3,0
TEL-12129,North,Postpaid,Monthly,23,24.0,Smartphone-Budget,0,0,48.1,158,8,619.51,15734.52,0,0.0,7.41,24.3,13,1,640.89,1
TEL-12130,West,Prepaid,Annual,72,58.0,Feature,0,0,2.7,514,44,221.46,17288.6,0,0.0,2.73,35.1,7,0,238.66,0
TEL-12131,East,Prepaid,Monthly,28,20.0,Smartphone-Budget,0,0,41.2,55,3,424.44,12580.86,0,0.0,1.55,26.0,12,0,444.29,0
TEL-12132,East,Prepaid,Monthly,29,39.0,Smartphone-Budget,0,0,18.1,420,8,287.73,7451.54,1,38.6,2.91,32.2,7,1,268.79,1
TEL-12133,West,Prepaid,Monthly,20,45.0,Smartphone-Budget,0,0,17.0,265,10,257.6,8084.08,1,27.3,2.26,40.8,7,0,402.4,0
TEL-12134,North,Postpaid,Annual,37,40.0,Smartphone-Budget,0,0,15.3,462,21,405.09,17413.32,1,12.4,3.98,11.1,14,1,460.17,1
TEL-12135,North,Prepaid,Monthly,47,49.0,Smartphone-Budget,0,0,1.9,395,31,96.87,4056.66,0,0.0,3.11,19.6,9,0,88.47,0
TEL-12136,East,Prepaid,Monthly,11,32.0,Smartphone-Premium,0,0,26.6,301,5,297.93,3854.28,0,0.0,4.24,32.8,2,0,340.65,0
TEL-12137,Central,Prepaid,Monthly,66,31.0,Smartphone-Budget,0,0,20.1,451,11,255.31,16810.19,0,0.0,2.73,15.0,17,0,277.29,0
TEL-12138,West,Postpaid,Monthly,42,36.0,Smartphone-Premium,1,0,17.2,278,12,384.76,15149.7,0,0.0,3.62,32.6,7,0,361.6,0
TEL-12139,West,Postpaid,Two-Year,18,32.0,Smartphone-Premium,1,0,26.3,201,4,381.72,7773.93,2,8.2,5.86,14.0,16,0,428.94,0
TEL-12140,South,Prepaid,Monthly,12,35.0,Smartphone-Budget,0,0,3.6,135,9,138.72,2327.01,1,30.4,6.68,22.6,10,0,195.34,1
TEL-12141,North,Postpaid,Annual,7,19.0,Smartphone-Premium,0,0,35.1,182,7,587.23,4426.15,3,38.0,1.18,33.1,7,0,617.7,0
TEL-12142,North,Prepaid,Monthly,17,24.0,Smartphone-Budget,1,0,2.4,117,7,190.78,3396.07,0,0.0,8.72,10.6,4,1,206.54,1
TEL-12143,South,Postpaid,Annual,1,27.0,Smartphone-Premium,1,0,32.2,173,4,545.45,613.58,1,15.6,1.03,18.6,8,0,591.83,0
TEL-12144,Central,Postpaid,Monthly,72,,Smartphone-Budget,1,0,11.0,273,16,398.52,44902.72,0,0.0,3.38,10.7,21,0,633.2,0
TEL-12145,North,Prepaid,Monthly,29,54.0,Smartphone-Budget,0,1,24.5,162,15,470.58,16266.06,0,0.0,11.78,38.3,13,0,572.08,0
TEL-12146,South,Prepaid,Monthly,9,33.0,Smartphone-Budget,1,0,4.3,141,6,159.04,1497.28,4,42.7,9.41,29.4,6,1,164.54,1
TEL-12147,South,Postpaid,Two-Year,1,33.0,Smartphone-Budget,1,0,4.4,127,15,246.06,224.45,1,25.5,6.14,37.7,27,0,250.64,0
TEL-12148,North,Prepaid,Monthly,7,39.0,Feature,0,0,5.3,61,9,79.0,2129.36,1,45.5,3.52,22.5,14,0,307.94,0
TEL-12149,Central,Postpaid,Annual,61,47.0,Smartphone-Budget,1,0,2.1,637,38,318.54,21041.07,0,0.0,5.27,16.2,7,0,350.16,0
TEL-12150,West,Prepaid,Monthly,48,36.0,Smartphone-Budget,0,0,21.5,367,14,315.38,14805.39,2,28.2,2.99,18.8,30,0,317.0,0
TEL-12151,North,Prepaid,Monthly,14,18.0,Smartphone-Budget,0,0,36.8,77,7,478.2,7527.58,2,36.3,4.04,27.4,5,0,531.52,0
TEL-12152,North,Prepaid,Monthly,11,30.0,Smartphone-Premium,0,0,2.2,176,14,142.55,1631.44,0,0.0,2.44,26.3,20,0,144.07,0
TEL-12153,East,Prepaid,Monthly,11,28.0,Smartphone-Budget,0,0,5.9,117,14,113.97,1062.92,0,0.0,1.51,41.0,10,0,97.34,0
TEL-12154,East,Prepaid,Monthly,57,60.0,Smartphone-Budget,1,0,2.2,598,31,114.09,8352.19,1,19.3,9.21,27.8,4,0,144.8,1
TEL-12155,South,Prepaid,Monthly,8,34.0,Smartphone-Premium,0,0,7.2,182,5,264.18,1959.96,1,16.3,1.26,34.8,5,0,245.24,0
TEL-12156,South,Prepaid,Monthly,8,36.0,Smartphone-Budget,0,0,3.0,156,8,104.17,991.9,0,0.0,2.16,30.7,8,0,119.26,1
TEL-12157,South,Prepaid,Monthly,45,62.0,Feature,0,0,1.7,497,27,146.91,7269.81,0,0.0,2.09,15.2,8,0,171.85,0
TEL-12158,North,Postpaid,Monthly,5,33.0,Smartphone-Budget,1,1,2.3,154,8,418.29,2504.9,2,41.9,2.24,27.0,14,1,505.02,1
TEL-12159,West,Prepaid,Monthly,6,28.0,Feature,1,0,3.6,227,11,166.26,714.61,1,8.9,3.03,24.8,5,0,123.98,0
TEL-12160,Central,Postpaid,Annual,4,33.0,Smartphone-Premium,1,0,2.4,154,11,330.19,1570.34,2,5.1,7.12,11.2,5,1,387.12,1
TEL-12161,North,Postpaid,Monthly,72,56.0,Smartphone-Budget,1,0,3.2,477,37,291.39,21209.35,1,13.8,2.58,36.2,7,0,307.07,0
TEL-12162,East,Prepaid,Monthly,3,46.0,Smartphone-Budget,0,0,5.3,98,14,242.13,869.27,1,13.8,6.11,41.2,2,1,279.43,1
TEL-12163,West,Postpaid,Two-Year,72,40.0,Smartphone-Budget,0,0,21.0,379,8,489.13,33213.87,1,9.0,4.22,26.9,6,0,467.37,0
TEL-12164,West,Prepaid,Monthly,21,28.0,Smartphone-Premium,0,0,2.8,129,8,121.03,2709.9,0,0.0,3.86,27.9,13,0,131.15,0
TEL-12165,South,Postpaid,Annual,12,34.0,Smartphone-Budget,1,0,2.8,171,9,281.31,3140.36,0,0.0,5.04,28.5,5,0,271.11,0
TEL-12166,North,Postpaid,Monthly,41,58.0,Feature,1,0,1.3,582,27,298.3,11757.92,0,0.0,2.0,20.0,3,0,285.18,0
TEL-12167,North,Prepaid,Monthly,25,49.0,Smartphone-Budget,0,1,18.8,244,15,416.65,10692.14,0,0.0,0.81,39.3,3,0,434.46,0
TEL-12168,South,Postpaid,Two-Year,10,30.0,Smartphone-Premium,0,0,3.0,79,13,256.25,2903.12,1,36.4,2.06,16.0,7,0,296.47,0
TEL-12169,East,Postpaid,Monthly,3,21.0,Smartphone-Premium,1,0,5.3,148,16,324.32,997.28,0,0.0,9.47,21.3,15,0,324.81,0
TEL-12170,South,Prepaid,Monthly,43,53.0,Smartphone-Budget,0,0,24.8,375,15,374.21,18439.17,0,0.0,2.55,27.4,4,0,407.5,0
TEL-12171,South,Prepaid,Monthly,46,40.0,Feature,0,1,1.3,374,39,296.01,14956.84,1,48.3,2.35,32.9,3,0,338.29,0
TEL-12172,West,Prepaid,Monthly,20,20.0,Smartphone-Budget,0,0,19.3,186,6,314.26,5831.54,1,34.9,4.8,38.6,5,0,291.81,0
TEL-12173,South,Prepaid,Monthly,16,28.0,Smartphone-Budget,0,0,2.0,135,8,121.08,2489.67,1,24.5,2.83,38.7,9,0,157.12,0
TEL-12174,East,Prepaid,Annual,7,33.0,Smartphone-Budget,0,0,3.0,142,12,90.71,818.01,2,17.2,2.18,24.2,8,0,112.93,0
TEL-12175,South,Prepaid,Monthly,15,36.0,Smartphone-Premium,0,0,4.4,146,6,206.14,3198.83,1,15.3,1.92,24.8,22,1,218.75,1
TEL-12176,East,Prepaid,Annual,10,30.0,Smartphone-Budget,0,0,4.1,98,9,101.59,2046.8,1,2.1,10.21,27.6,12,1,208.63,1
TEL-12177,Central,Postpaid,Monthly,72,39.0,Smartphone-Budget,0,0,13.9,178,16,365.66,27612.78,1,27.7,1.7,12.8,3,0,394.33,0
TEL-12178,North,Prepaid,Monthly,11,19.0,Smartphone-Budget,0,0,3.9,76,8,88.47,1534.47,0,0.0,5.04,17.7,45,1,142.79,1
TEL-12179,North,Postpaid,Two-Year,50,44.0,Feature,0,0,2.8,516,37,292.17,15696.55,1,52.1,7.82,36.3,9,0,305.58,0
TEL-12180,Central,Postpaid,Monthly,22,42.0,Smartphone-Premium,0,0,31.9,251,13,546.87,15209.6,1,10.1,7.42,3.7,13,1,673.54,1
TEL-12181,South,Postpaid,Monthly,8,18.0,Smartphone-Premium,0,0,3.9,111,12,297.9,2419.35,0,0.0,1.38,21.9,11,0,302.39,0
TEL-12182,North,Postpaid,Annual,12,21.0,Smartphone-Premium,1,0,29.6,201,5,496.37,6821.09,1,18.1,2.05,27.4,7,0,571.52,0
TEL-12183,East,Postpaid,Two-Year,15,49.0,Smartphone-Premium,1,1,17.9,443,10,572.09,14156.29,0,0.0,4.93,29.4,19,0,960.94,0
TEL-12184,South,Prepaid,Monthly,69,57.0,Smartphone-Budget,0,0,1.5,626,35,150.86,13125.24,0,0.0,4.61,30.9,11,0,190.43,0
TEL-12185,North,Prepaid,Monthly,39,46.0,Smartphone-Premium,0,0,24.0,349,13,346.51,15993.59,0,0.0,3.59,21.1,25,0,410.02,0
TEL-12186,South,Postpaid,Annual,12,30.0,Smartphone-Premium,1,0,3.3,146,6,228.99,2572.59,1,16.4,1.44,33.6,3,0,217.25,0
TEL-12187,West,Postpaid,Monthly,60,64.0,Feature,1,0,2.6,386,35,264.41,22548.77,0,0.0,3.88,34.9,35,0,360.69,0
TEL-12188,South,Prepaid,Monthly,10,28.0,Feature,0,0,4.3,160,8,142.35,2068.85,1,33.2,0.69,24.5,6,0,210.02,0
TEL-12189,South,Prepaid,Monthly,10,25.0,Smartphone-Premium,0,0,4.4,146,7,162.34,2116.31,1,48.5,11.96,41.0,0,0,217.06,0
TEL-12190,East,Prepaid,Monthly,4,39.0,Smartphone-Premium,1,0,18.0,199,10,290.32,1196.36,0,0.0,2.33,36.0,9,0,305.77,0
TEL-12191,East,Prepaid,Monthly,40,63.0,Feature,0,0,1.7,610,25,157.31,5747.1,0,0.0,3.76,26.1,5,0,151.48,0
TEL-12192,South,Prepaid,Monthly,11,32.0,Smartphone-Premium,0,0,3.0,62,6,147.73,1994.62,2,23.6,5.54,19.0,28,0,183.09,1
TEL-12193,West,Prepaid,Monthly,3,35.0,Smartphone-Premium,0,0,3.0,177,10,176.38,587.28,1,23.1,4.11,34.8,6,0,188.83,0
TEL-12194,East,Postpaid,Monthly,19,58.0,Smartphone-Budget,1,0,2.3,624,36,355.53,6627.02,1,67.0,9.64,19.1,12,0,365.96,0
TEL-12195,North,Prepaid,Monthly,1,22.0,Smartphone-Premium,0,0,32.2,194,7,396.1,357.28,0,0.0,1.35,19.5,2,0,393.58,0
TEL-12196,South,Prepaid,Monthly,48,38.0,Smartphone-Budget,0,0,17.2,371,11,256.18,14706.8,0,0.0,3.11,33.1,23,0,312.19,0
TEL-12197,South,Prepaid,Monthly,17,32.0,Smartphone-Budget,0,0,1.7,118,6,81.76,1945.73,0,0.0,1.85,26.8,23,1,114.57,1
TEL-12198,West,Prepaid,Monthly,35,40.0,Feature,1,0,2.5,473,22,153.37,5858.37,1,22.8,5.69,28.4,16,1,179.8,1
TEL-12199,North,Prepaid,Monthly,44,45.0,Feature,1,0,1.7,663,29,166.87,12868.48,0,0.0,2.38,17.0,5,0,283.71,0
TEL-12200,Central,Prepaid,Monthly,19,18.0,Smartphone-Premium,1,0,20.3,200,3,309.77,7277.84,2,49.1,0.21,10.6,50,0,383.59,0
TEL-12201,Central,Prepaid,Annual,38,54.0,Smartphone-Budget,1,0,2.2,497,29,119.52,4282.35,0,0.0,1.68,3.0,17,0,114.62,0
TEL-12202,North,Prepaid,Monthly,28,36.0,Smartphone-Budget,0,0,7.5,318,21,194.51,6285.66,1,11.7,2.87,22.4,16,1,233.89,1
TEL-12203,South,Postpaid,Two-Year,59,35.0,Smartphone-Premium,0,0,8.7,500,17,401.55,22138.26,1,14.8,1.44,34.9,19,0,389.05,0
TEL-12204,Central,Prepaid,Monthly,5,44.0,Smartphone-Premium,0,1,7.5,274,19,363.95,2070.23,0,0.0,4.34,18.5,30,0,407.34,0
TEL-12205,South,Prepaid,Monthly,6,30.0,Smartphone-Premium,0,0,25.1,238,3,296.47,1837.19,0,0.0,1.53,31.6,3,1,328.39,1
TEL-12206,North,Postpaid,Monthly,54,46.0,Smartphone-Premium,0,0,15.6,376,13,360.42,20456.43,1,20.9,1.89,22.8,25,1,387.23,0
TEL-12207,West,Prepaid,Monthly,5,36.0,Smartphone-Budget,0,0,2.0,194,11,120.61,1123.0,1,17.4,5.9,21.4,5,1,218.85,1
TEL-12208,East,Postpaid,Two-Year,43,38.0,Smartphone-Premium,0,0,21.4,237,6,440.46,20080.53,0,0.0,5.21,14.8,8,0,459.6,0
TEL-12209,South,Prepaid,Annual,49,57.0,Smartphone-Budget,0,0,1.7,615,25,178.87,11483.04,1,54.5,4.35,26.9,7,0,231.95,0
TEL-12210,South,Prepaid,Monthly,46,47.0,Smartphone-Budget,0,0,12.9,286,9,251.19,10231.38,0,0.0,6.01,18.4,10,1,219.32,1
TEL-12211,East,Postpaid,Monthly,50,35.0,Smartphone-Premium,1,0,17.0,252,12,341.36,16701.62,0,0.0,0.67,18.6,11,0,338.72,0
TEL-12212,West,Prepaid,Monthly,10,30.0,Smartphone-Budget,0,0,5.7,159,7,109.94,1001.35,0,0.0,2.0,30.3,12,1,102.43,1
TEL-12213,West,Prepaid,Monthly,9,28.0,Smartphone-Budget,0,0,28.9,141,3,392.76,4520.9,0,0.0,5.78,23.4,14,1,483.86,0
TEL-12214,South,Postpaid,Monthly,11,31.0,Smartphone-Premium,0,0,3.1,159,7,270.25,3179.1,1,28.5,2.68,21.3,19,1,270.8,1
TEL-12215,West,Prepaid,Monthly,24,24.0,Smartphone-Budget,0,0,20.3,157,8,260.87,6002.77,1,24.4,1.69,27.5,11,0,233.94,0
TEL-12216,West,Postpaid,Annual,14,29.0,Smartphone-Budget,1,0,3.3,142,10,285.94,4302.77,1,91.5,3.01,26.0,20,0,296.26,0
TEL-12217,Central,Prepaid,Monthly,9,44.0,Smartphone-Budget,0,0,3.8,151,9,128.48,1333.87,0,0.0,2.65,4.7,5,0,155.37,0
TEL-12218,North,Postpaid,Two-Year,7,19.0,Smartphone-Budget,1,0,2.9,89,10,228.67,1371.82,0,0.0,4.98,41.7,15,0,201.33,0
TEL-12219,North,Prepaid,Monthly,67,34.0,Feature,0,0,2.8,613,29,195.75,13914.94,2,1.4,1.82,21.9,20,0,210.58,0
TEL-12220,Central,Prepaid,Annual,15,31.0,Smartphone-Premium,0,0,25.6,271,9,309.96,5248.98,0,0.0,6.17,7.3,9,0,338.16,0
TEL-12221,East,Prepaid,Monthly,4,39.0,Smartphone-Premium,0,0,3.1,191,13,156.07,547.49,0,0.0,1.71,22.4,4,0,149.8,0
TEL-12222,West,Prepaid,Annual,63,51.0,Smartphone-Budget,1,0,2.2,398,31,185.31,15325.46,1,3.4,4.42,24.4,14,0,227.38,0
TEL-12223,North,Postpaid,Monthly,25,37.0,Smartphone-Budget,1,0,31.9,184,8,504.51,12899.93,2,2.9,5.51,26.5,3,0,537.83,0
TEL-12224,East,Prepaid,Monthly,35,27.0,Smartphone-Premium,0,0,17.9,303,19,199.53,6612.24,0,0.0,3.06,24.2,1,1,186.4,1
TEL-12225,West,Prepaid,Monthly,3,24.0,Smartphone-Budget,1,1,43.7,99,9,582.22,2081.76,0,0.0,4.11,34.0,2,0,689.53,0
TEL-12226,Central,Postpaid,Annual,8,31.0,Smartphone-Premium,0,0,3.4,109,11,265.24,2451.93,0,0.0,4.07,19.6,20,0,300.7,0
TEL-12227,West,Prepaid,Monthly,72,39.0,Smartphone-Budget,0,0,14.5,340,16,256.78,28070.13,0,0.0,13.04,14.3,13,0,357.1,0
TEL-12228,North,Prepaid,Monthly,50,51.0,Smartphone-Budget,1,0,1.8,677,33,153.5,6241.95,0,0.0,3.89,31.2,35,0,127.29,0
TEL-12229,East,Prepaid,Monthly,27,18.0,Smartphone-Premium,0,0,45.5,151,6,520.44,15630.85,0,0.0,4.06,30.1,23,0,557.91,0
TEL-12230,East,Postpaid,Two-Year,5,21.0,Smartphone-Premium,1,0,31.6,284,9,517.71,2561.03,1,13.9,3.12,34.7,18,0,540.39,0
TEL-12231,North,Prepaid,Monthly,4,37.0,Smartphone-Budget,0,0,5.0,143,5,145.27,561.71,1,22.9,2.23,14.6,10,1,135.89,1
TEL-12232,North,Postpaid,Two-Year,6,20.0,Smartphone-Budget,0,0,4.0,113,12,225.55,1292.38,1,19.0,0.69,24.5,13,0,213.15,0
TEL-12233,West,Prepaid,Monthly,44,48.0,Smartphone-Budget,0,0,13.5,436,12,260.43,13903.85,1,39.4,2.19,17.5,17,1,314.56,1
TEL-12234,East,Prepaid,Monthly,61,66.0,Smartphone-Budget,1,0,1.5,336,33,172.68,11516.31,1,23.1,3.94,21.6,2,0,184.41,0
TEL-12235,North,Prepaid,Monthly,34,32.0,Smartphone-Budget,0,0,0.9,312,8,157.94,8652.76,0,0.0,6.47,22.0,4,0,266.39,0
TEL-12236,East,Prepaid,Monthly,59,44.0,Feature,0,0,2.0,705,32,152.56,9125.19,0,0.0,1.26,36.5,32,0,155.37,0
TEL-12237,West,Prepaid,Monthly,8,19.0,Smartphone-Premium,0,0,3.0,127,5,156.53,1199.35,1,39.0,3.31,40.9,25,1,161.65,1
TEL-12238,East,Postpaid,Monthly,1,23.0,Smartphone-Budget,0,0,4.0,103,5,352.84,359.53,0,0.0,2.4,25.2,2,0,367.25,0
TEL-12239,West,Postpaid,Two-Year,54,58.0,Feature,0,0,1.3,280,33,235.66,20948.17,0,0.0,1.28,24.1,21,0,373.12,0
TEL-12240,North,Prepaid,Monthly,36,26.0,Smartphone-Budget,1,1,12.5,296,12,432.47,16931.57,1,32.5,11.88,,18,1,511.91,1
TEL-12241,North,Prepaid,Monthly,10,42.0,Feature,0,0,3.7,148,11,196.94,1680.91,0,0.0,2.75,17.0,2,0,175.75,0
TEL-12242,North,Prepaid,Monthly,4,33.0,Smartphone-Premium,0,0,3.5,150,7,137.38,461.69,0,0.0,3.39,37.7,7,0,121.01,0
TEL-12243,North,Prepaid,Monthly,15,18.0,Smartphone-Budget,0,0,34.4,167,7,395.15,5680.56,0,0.0,6.16,39.7,6,1,380.53,1
TEL-12244,South,Prepaid,Monthly,7,27.0,Smartphone-Premium,0,0,3.1,154,12,82.55,448.14,1,10.1,3.36,23.9,24,0,70.0,0
TEL-12245,South,Postpaid,Annual,37,52.0,Smartphone-Budget,1,0,19.2,524,12,493.12,17182.74,2,20.1,1.18,28.6,6,0,485.5,0
TEL-12246,West,Prepaid,Monthly,16,21.0,Smartphone-Budget,0,0,19.1,235,6,306.52,4503.13,1,13.7,1.21,32.0,1,0,285.21,0
TEL-12247,North,Prepaid,Monthly,9,32.0,Smartphone-Premium,0,0,18.4,258,2,268.02,2477.97,3,24.8,2.72,37.1,3,0,262.92,0
TEL-12248,South,Prepaid,Monthly,8,25.0,Smartphone-Budget,0,1,3.5,131,10,194.54,2144.47,0,0.0,3.02,22.0,7,1,255.65,1
TEL-12249,North,Postpaid,Monthly,7,18.0,Smartphone-Budget,0,0,16.1,69,3,401.09,2965.43,1,54.0,1.13,26.8,25,0,430.25,0
TEL-12250,Central,Postpaid,Monthly,19,51.0,Feature,1,0,2.5,555,29,363.62,7311.55,0,0.0,6.98,18.4,34,1,395.81,1
TEL-12251,East,Prepaid,Annual,1,27.0,Smartphone-Budget,0,0,4.4,104,7,173.51,193.69,3,5.8,2.06,21.0,12,0,196.51,0
TEL-12252,Central,Postpaid,Monthly,20,41.0,Smartphone-Budget,0,0,21.8,280,13,441.85,8726.28,1,12.8,0.51,23.2,7,1,423.05,1
TEL-12253,Central,Prepaid,Monthly,38,46.0,Smartphone-Premium,0,1,26.7,279,14,555.27,25512.88,0,0.0,3.15,20.1,5,0,658.06,0
TEL-12254,West,Prepaid,Monthly,17,22.0,Smartphone-Budget,0,0,2.7,170,11,123.53,2421.89,1,17.3,5.95,17.2,3,1,139.96,1
TEL-12255,East,Postpaid,Annual,9,29.0,Smartphone-Budget,0,0,10.7,325,13,335.24,3158.94,1,5.7,0.9,34.4,4,0,327.51,0
TEL-12256,North,Postpaid,Monthly,8,27.0,Smartphone-Premium,1,0,3.7,163,12,272.05,2686.94,0,0.0,5.96,32.5,20,1,314.08,1
TEL-12257,North,Prepaid,Annual,21,52.0,Smartphone-Budget,1,0,16.8,387,17,337.62,8497.44,0,0.0,3.38,22.8,39,0,396.11,0
TEL-12258,West,Postpaid,Annual,8,31.0,Smartphone-Budget,1,0,2.4,151,13,289.08,2287.1,1,9.1,8.78,11.1,27,0,289.22,0
TEL-12259,North,Prepaid,Monthly,35,39.0,Smartphone-Budget,0,0,17.5,362,14,309.29,11369.86,2,25.1,3.13,40.2,19,0,305.41,0
TEL-12260,Central,Postpaid,Two-Year,11,36.0,Smartphone-Premium,0,0,4.2,126,7,338.41,3723.61,0,0.0,3.67,15.0,18,0,330.9,0
TEL-12261,East,Prepaid,Monthly,10,37.0,Smartphone-Budget,0,0,3.1,174,13,116.47,2261.08,1,15.9,3.66,21.6,8,0,239.94,0
TEL-12262,North,Prepaid,Monthly,7,29.0,Feature,0,0,4.1,79,4,79.0,558.05,2,56.6,3.9,29.8,13,1,82.32,1
TEL-12263,South,Postpaid,Annual,11,18.0,Smartphone-Premium,0,1,31.8,145,4,666.38,8062.15,1,6.1,1.08,16.8,12,0,734.06,1
TEL-12264,West,Prepaid,Monthly,13,32.0,Smartphone-Budget,0,0,21.9,171,8,278.16,3972.84,1,29.9,4.91,13.8,10,1,290.54,1
TEL-12265,South,Prepaid,Monthly,11,35.0,Smartphone-Premium,0,1,2.3,135,10,247.37,2947.47,2,13.7,1.25,16.3,22,1,272.64,1
TEL-12266,North,Prepaid,Monthly,67,48.0,Feature,0,0,19.8,375,13,233.41,15573.17,0,0.0,2.97,41.3,3,0,228.2,0
TEL-12267,West,Prepaid,Monthly,25,22.0,Smartphone-Premium,0,0,10.9,204,9,199.25,4829.06,0,0.0,3.99,26.0,9,0,206.29,0
TEL-12268,East,Prepaid,Monthly,34,45.0,Smartphone-Budget,0,0,11.0,437,15,251.53,8259.9,1,45.5,2.75,24.4,35,0,254.42,0
TEL-12269,North,Prepaid,Monthly,72,41.0,Smartphone-Premium,0,0,20.0,409,23,304.04,20775.75,0,0.0,2.05,31.2,10,0,291.72,0
TEL-12270,South,Prepaid,Monthly,6,25.0,Smartphone-Premium,0,0,3.5,128,9,146.59,925.46,1,21.6,1.16,37.8,13,0,156.72,0
TEL-12271,Central,Prepaid,Monthly,39,32.0,Smartphone-Budget,0,0,10.9,304,23,225.19,14465.09,0,0.0,1.7,10.2,5,1,376.91,0
TEL-12272,West,Prepaid,Annual,54,63.0,Smartphone-Budget,0,0,2.4,261,31,156.9,7345.06,0,0.0,2.69,19.9,11,0,136.16,0
TEL-12273,South,Prepaid,Monthly,31,43.0,Smartphone-Budget,0,0,22.0,402,8,308.05,10631.68,1,8.6,4.69,21.7,2,0,355.71,0
TEL-12274,Central,Prepaid,Monthly,10,22.0,Feature,0,0,15.1,366,18,276.94,2737.23,3,70.3,1.4,16.4,8,0,276.35,1
TEL-12275,Central,Prepaid,Monthly,3,39.0,Smartphone-Premium,1,0,1.7,153,11,160.42,887.06,0,0.0,3.54,15.5,14,0,282.7,0
TEL-12276,North,Postpaid,Monthly,30,52.0,Feature,1,0,2.9,490,49,284.64,8666.83,0,0.0,3.95,15.3,4,0,283.35,0
TEL-12277,North,Postpaid,Annual,33,18.0,Smartphone-Premium,1,0,25.7,74,4,467.3,17436.83,2,32.7,5.96,30.8,5,0,528.01,0
TEL-12278,South,Postpaid,Two-Year,9,22.0,Smartphone-Budget,0,0,3.0,197,9,296.46,2858.22,2,22.1,0.5,32.1,5,1,307.7,0
TEL-12279,East,Prepaid,Monthly,12,24.0,Smartphone-Budget,0,0,4.4,161,5,196.41,2807.6,3,52.5,2.0,36.8,14,1,232.66,1
TEL-12280,West,Postpaid,Monthly,16,28.0,Smartphone-Budget,1,0,3.8,141,11,283.06,3807.05,1,13.6,0.53,37.1,9,0,250.79,0
TEL-12281,Central,Prepaid,Monthly,7,30.0,Smartphone-Premium,0,1,3.8,137,13,321.11,3004.66,0,0.0,2.6,9.4,0,1,423.27,0
TEL-12282,Central,Postpaid,Two-Year,11,18.0,Smartphone-Budget,0,0,29.1,208,9,503.81,5792.05,0,0.0,3.39,20.3,17,0,533.78,0
TEL-12283,West,Prepaid,Monthly,46,56.0,Smartphone-Budget,0,0,2.5,460,53,164.34,9829.97,0,0.0,0.58,45.7,10,0,215.08,0
TEL-12284,South,Postpaid,Annual,7,28.0,Smartphone-Budget,0,0,4.9,127,10,316.28,1876.66,1,26.6,4.2,7.3,13,0,279.41,0
TEL-12285,Central,Postpaid,Two-Year,9,18.0,Smartphone-Budget,1,0,4.0,141,13,172.7,1348.39,0,0.0,1.41,18.7,10,0,156.9,0
TEL-12286,West,Prepaid,Monthly,1,18.0,Smartphone-Budget,0,0,4.2,106,12,182.28,135.88,0,0.0,3.2,19.6,38,1,140.32,1
TEL-12287,West,Postpaid,Two-Year,5,38.0,Smartphone-Budget,0,0,5.2,95,20,317.04,1846.7,2,22.7,1.8,28.9,11,0,345.75,0
TEL-12288,North,Prepaid,Monthly,41,39.0,Feature,0,0,21.8,399,12,322.31,14587.44,1,21.9,6.92,42.5,9,0,345.85,0
TEL-12289,Central,Prepaid,Monthly,30,39.0,Smartphone-Budget,0,0,17.0,396,18,275.4,7627.9,1,10.3,2.22,19.7,21,0,270.96,0
TEL-12290,North,Prepaid,Monthly,11,28.0,Smartphone-Budget,0,0,2.3,125,8,79.0,775.9,1,39.3,2.81,19.2,28,1,70.0,0
TEL-12291,North,Prepaid,Monthly,44,43.0,Smartphone-Budget,0,0,12.1,365,13,209.92,11506.29,0,0.0,5.22,23.6,6,0,247.91,0
TEL-12292,East,Prepaid,Monthly,23,18.0,Smartphone-Premium,0,1,22.1,280,11,425.09,11829.33,1,28.2,0.36,18.6,34,0,489.39,0
TEL-12293,North,Postpaid,Two-Year,14,36.0,Smartphone-Premium,0,0,23.0,154,5,439.09,5717.54,2,39.9,3.31,37.8,21,0,424.37,0
TEL-12294,East,Prepaid,Monthly,10,19.0,Smartphone-Budget,0,0,4.3,150,9,177.9,1601.43,0,0.0,5.42,17.7,5,1,161.88,1
TEL-12295,West,Postpaid,Annual,46,39.0,Smartphone-Premium,1,0,20.6,371,19,405.85,16105.97,1,28.7,8.43,31.7,5,0,356.44,0
TEL-12296,East,Prepaid,Monthly,9,21.0,Smartphone-Premium,0,1,2.4,164,10,282.54,2727.41,0,0.0,4.32,36.1,18,0,309.87,0
TEL-12297,Central,Prepaid,Annual,24,43.0,Smartphone-Budget,0,0,10.9,246,15,225.38,5411.75,2,29.8,1.31,6.0,8,0,230.91,0
TEL-12298,Central,Postpaid,Annual,22,18.0,Smartphone-Budget,1,0,29.2,253,5,469.22,9456.37,0,0.0,2.2,6.6,13,0,423.56,0
TEL-12299,North,Prepaid,Monthly,61,60.0,Feature,1,0,2.8,348,39,193.09,17396.96,2,44.9,2.86,26.6,7,0,274.91,0
TEL-12300,North,Postpaid,Annual,10,19.0,Smartphone-Budget,0,0,4.5,203,9,297.43,3516.89,1,42.4,2.2,28.7,2,0,340.47,0
TEL-12301,Central,Postpaid,Monthly,11,34.0,Smartphone-Premium,0,0,4.7,160,7,298.53,3383.66,1,19.8,3.52,24.2,27,1,296.19,1
TEL-12302,North,Prepaid,Monthly,20,18.0,Smartphone-Premium,1,0,33.5,183,6,365.04,8192.35,0,0.0,2.55,18.6,17,0,424.58,0
TEL-12303,North,Prepaid,Monthly,13,27.0,Smartphone-Premium,0,0,36.7,113,9,342.38,4846.45,2,11.1,3.39,28.0,13,0,360.5,1
TEL-12304,North,Prepaid,Monthly,24,26.0,Smartphone-Budget,0,0,23.2,370,13,310.37,6693.19,1,20.4,0.88,12.3,9,0,271.47,0
TEL-12305,North,Postpaid,Monthly,57,46.0,Smartphone-Premium,0,0,14.1,292,11,287.44,18857.64,1,21.0,1.34,1.2,19,0,344.41,0
TEL-12306,South,Postpaid,Monthly,10,33.0,Smartphone-Budget,0,0,3.5,162,7,246.63,3054.45,0,0.0,6.47,23.8,9,0,294.65,0
TEL-12307,North,Prepaid,Annual,20,39.0,Smartphone-Budget,0,1,14.1,468,6,362.73,12157.95,1,33.7,7.4,19.9,2,0,626.61,0
TEL-12308,South,Postpaid,Monthly,11,24.0,Feature,0,0,3.2,186,9,214.92,2900.61,2,29.1,3.29,23.7,1,0,272.6,0
TEL-12309,West,Postpaid,Annual,1,38.0,Smartphone-Budget,1,0,6.1,95,4,334.64,334.18,0,0.0,4.76,24.5,10,0,333.99,0
TEL-12310,Central,Prepaid,Monthly,50,44.0,Smartphone-Budget,0,0,19.6,331,20,342.79,18930.24,0,0.0,7.63,27.2,3,0,388.22,0
TEL-12311,West,Prepaid,Annual,4,29.0,Smartphone-Budget,0,0,10.8,458,17,257.5,1080.13,0,0.0,1.71,25.6,4,0,267.66,0
TEL-12312,North,Postpaid,Monthly,5,30.0,Smartphone-Budget,0,0,4.2,163,11,234.73,1231.93,3,7.2,1.66,31.0,10,0,247.65,0
TEL-12313,East,Prepaid,Monthly,33,32.0,Smartphone-Budget,0,1,21.6,437,9,463.78,17992.65,0,0.0,0.26,25.3,6,1,544.01,0
TEL-12314,Central,Prepaid,Monthly,14,29.0,Smartphone-Premium,1,0,24.8,312,20,287.13,5472.36,1,43.2,2.72,4.0,2,1,407.87,1
TEL-12315,West,Postpaid,Annual,41,51.0,Feature,0,0,14.0,337,9,369.93,14858.35,4,15.2,2.3,31.9,8,1,376.85,1
TEL-12316,South,Prepaid,Monthly,7,30.0,Smartphone-Premium,0,0,3.3,117,9,110.78,673.33,0,0.0,1.76,20.8,10,0,96.3,0
TEL-12317,East,Prepaid,Monthly,23,53.0,Smartphone-Budget,0,0,10.9,359,12,216.05,4746.57,1,39.4,4.19,23.5,7,1,204.03,1
TEL-12318,North,Prepaid,Monthly,10,22.0,Smartphone-Budget,1,0,4.0,116,9,85.62,1395.03,0,0.0,3.43,35.7,7,0,136.45,0
TEL-12319,Central,Prepaid,Monthly,22,23.0,Smartphone-Premium,0,0,3.6,85,9,123.98,2728.87,1,8.7,4.51,16.5,2,1,125.95,1
TEL-12320,Central,Prepaid,Monthly,13,18.0,Smartphone-Premium,0,0,2.9,213,8,189.01,3245.18,1,12.6,2.1,17.0,13,0,249.23,0
TEL-12321,Central,Postpaid,Monthly,8,31.0,Smartphone-Premium,0,0,27.1,248,6,488.41,3964.19,0,0.0,3.06,15.4,2,0,482.55,0
TEL-12322,West,Postpaid,Monthly,13,35.0,Smartphone-Premium,0,0,4.5,137,13,309.64,3974.97,1,23.1,0.92,24.3,14,1,301.79,1
TEL-12323,East,Postpaid,Monthly,2,25.0,Smartphone-Budget,0,0,39.5,199,8,591.94,1347.62,2,12.2,1.0,24.7,28,0,626.57,0
TEL-12324,South,Postpaid,Monthly,63,34.0,Smartphone-Budget,1,0,17.7,263,14,459.48,28256.89,3,16.1,2.99,33.9,12,0,432.41,0
TEL-12325,Central,Prepaid,Annual,5,22.0,Smartphone-Premium,0,0,1.5,211,7,79.0,404.35,2,4.1,4.27,14.2,3,0,87.93,0
TEL-12326,North,Prepaid,Monthly,47,29.0,Smartphone-Premium,0,0,11.3,238,22,242.83,10614.06,1,58.7,3.92,25.4,13,1,211.43,1
TEL-12327,West,Prepaid,Annual,1,58.0,Smartphone-Budget,0,0,1.0,611,30,188.4,256.54,3,5.4,1.14,,19,1,255.93,1
TEL-12328,North,Prepaid,Annual,26,42.0,Smartphone-Budget,0,0,1.7,268,39,123.47,2527.39,1,17.9,0.68,25.3,1,0,99.87,0
TEL-12329,North,Prepaid,Monthly,17,44.0,Smartphone-Budget,0,0,11.0,201,10,232.96,4870.01,2,37.5,6.14,28.5,5,0,283.25,0
TEL-12330,South,Prepaid,Monthly,63,38.0,Smartphone-Budget,0,0,9.0,337,12,190.68,11093.03,1,5.4,1.65,28.5,8,0,174.81,0
TEL-12331,East,Postpaid,Monthly,50,68.0,Smartphone-Budget,0,0,2.0,764,30,408.32,25304.6,0,0.0,3.66,23.6,57,0,526.72,0
TEL-12332,North,Prepaid,Annual,71,29.0,Smartphone-Budget,0,0,14.3,272,20,216.46,17511.24,0,0.0,15.36,20.0,6,0,240.71,0
TEL-12333,Central,Prepaid,Annual,12,34.0,Smartphone-Budget,0,1,45.4,164,11,649.35,8341.03,1,39.1,2.5,17.6,20,0,693.15,0
TEL-12334,South,Prepaid,Monthly,29,37.0,Smartphone-Budget,0,0,19.0,361,7,271.58,8378.86,0,0.0,3.67,31.9,21,0,277.76,0
TEL-12335,West,Prepaid,Monthly,61,56.0,Smartphone-Budget,0,1,3.1,345,30,352.42,24543.01,1,26.4,5.39,29.9,25,1,405.52,1
TEL-12336,South,Prepaid,Annual,29,19.0,Smartphone-Premium,0,1,16.2,204,8,422.18,17606.52,1,3.8,3.14,25.2,21,0,599.66,0
TEL-12337,South,Prepaid,Monthly,9,18.0,Feature,1,0,4.1,153,9,142.03,1428.36,0,0.0,1.13,27.5,14,0,161.89,0
TEL-12338,Central,Prepaid,Monthly,29,32.0,Smartphone-Budget,0,0,12.9,291,12,224.76,7660.27,2,18.4,5.14,17.4,13,0,254.56,0
TEL-12339,East,Prepaid,Monthly,10,18.0,Smartphone-Budget,0,0,5.0,226,11,174.74,3244.61,1,8.9,1.94,43.0,5,1,321.04,1
TEL-12340,Central,Prepaid,Monthly,31,35.0,Smartphone-Budget,0,0,18.0,213,15,250.29,8478.6,1,23.3,0.76,6.6,10,0,271.52,0
TEL-12341,South,Prepaid,Monthly,18,34.0,Smartphone-Premium,0,0,37.5,258,3,530.2,9309.0,0,0.0,7.77,32.3,1,1,516.15,1
TEL-12342,North,Postpaid,Two-Year,9,18.0,Smartphone-Premium,1,0,40.2,213,1,604.44,5356.89,1,18.0,4.49,30.8,4,0,601.25,0
TEL-12343,West,Prepaid,Monthly,26,52.0,Smartphone-Budget,1,0,2.1,691,31,166.95,5029.56,3,7.8,3.84,20.5,29,1,208.37,1
TEL-12344,South,Prepaid,Annual,6,34.0,Smartphone-Budget,0,1,4.8,177,8,334.19,2937.93,2,60.6,4.24,20.3,8,1,512.97,0
TEL-12345,West,Postpaid,Annual,17,58.0,Feature,0,0,2.1,511,35,306.12,4726.23,2,,8.28,29.4,6,0,270.54,0
TEL-12346,North,Postpaid,Monthly,20,28.0,Smartphone-Budget,1,0,29.0,156,5,477.08,10224.64,3,50.0,5.15,30.1,4,0,479.53,0
TEL-12347,West,Prepaid,Monthly,23,44.0,Smartphone-Budget,0,0,16.8,276,12,332.69,9959.6,1,41.1,5.13,33.4,19,1,434.16,1
TEL-12348,South,Prepaid,Annual,30,46.0,Smartphone-Budget,0,0,2.7,356,37,154.35,7125.73,0,0.0,2.15,27.5,7,0,231.81,0
TEL-12349,South,Prepaid,Annual,28,37.0,Smartphone-Budget,0,0,7.2,385,15,260.21,6852.29,0,0.0,6.34,29.5,9,0,248.06,0
TEL-12350,South,Prepaid,Annual,8,43.0,Smartphone-Premium,0,0,40.0,277,3,493.55,3933.7,1,40.5,10.45,27.6,30,0,503.17,0
TEL-12351,North,Prepaid,Monthly,72,58.0,Feature,0,0,1.9,850,33,177.48,13487.61,1,32.0,1.73,13.2,11,1,176.64,1
TEL-12352,North,Prepaid,Annual,57,42.0,Smartphone-Premium,1,0,20.9,243,11,399.24,28155.07,1,41.3,0.97,24.1,12,0,476.06,0
TEL-12353,West,Postpaid,Two-Year,45,31.0,Smartphone-Budget,0,0,20.2,389,14,425.2,22488.22,2,14.0,3.35,21.5,3,0,506.37,0
TEL-12354,North,Prepaid,Monthly,63,48.0,Smartphone-Premium,0,0,15.0,414,10,247.67,14667.11,1,11.3,2.27,,12,0,214.47,0
TEL-12355,South,Prepaid,Annual,1,51.0,Smartphone-Budget,0,0,1.9,637,38,190.57,243.76,0,0.0,4.18,23.4,3,0,252.5,0
TEL-12356,South,Postpaid,Annual,53,44.0,Smartphone-Premium,1,0,18.3,308,18,446.49,26031.29,0,0.0,1.11,41.9,40,0,506.04,0
TEL-12357,South,Postpaid,Two-Year,4,48.0,Smartphone-Budget,0,0,2.3,392,35,266.78,1170.41,0,0.0,4.6,24.0,7,0,286.81,0
TEL-12358,East,Prepaid,Monthly,2,44.0,Smartphone-Budget,0,0,19.2,370,20,278.04,655.71,1,40.2,3.81,32.4,14,0,309.48,0
TEL-12359,Central,Postpaid,Two-Year,56,28.0,Smartphone-Premium,0,1,7.9,274,18,477.57,27289.36,1,26.9,5.58,6.7,8,0,489.91,0
TEL-12360,East,Prepaid,Monthly,10,42.0,Smartphone-Budget,0,0,12.4,302,10,274.08,2730.5,1,14.3,3.48,33.9,16,1,262.69,1
TEL-12361,West,Prepaid,Monthly,1,47.0,Smartphone-Budget,0,1,18.1,189,10,424.01,432.29,1,37.0,0.49,33.0,4,0,440.57,0
TEL-12362,Central,Postpaid,Monthly,10,48.0,Smartphone-Premium,1,0,3.2,182,16,294.52,3649.51,1,14.7,6.48,8.5,17,1,363.84,1
TEL-12363,Central,Prepaid,Monthly,16,26.0,Smartphone-Premium,0,0,25.9,201,9,270.3,4265.97,1,41.6,4.57,23.1,21,0,263.78,0
TEL-12364,West,Postpaid,Annual,7,39.0,Smartphone-Premium,0,0,3.1,181,9,274.1,2560.98,1,25.5,1.54,23.4,14,0,355.97,0
TEL-12365,Central,Prepaid,Monthly,15,29.0,Smartphone-Budget,0,0,37.2,75,6,477.27,7351.54,0,0.0,1.49,12.8,8,0,491.02,0
TEL-12366,East,Prepaid,Monthly,21,70.0,Smartphone-Budget,0,0,2.6,643,34,175.19,4704.2,0,0.0,1.56,32.5,11,0,218.92,0
TEL-12367,South,Postpaid,Monthly,27,39.0,Smartphone-Premium,1,0,12.9,454,12,343.27,10601.01,3,27.1,9.41,36.3,3,0,368.87,0
TEL-12368,Central,Prepaid,Annual,2,33.0,Smartphone-Premium,0,0,4.3,103,10,106.1,262.31,0,0.0,8.33,,23,1,134.64,1
TEL-12369,Central,Postpaid,Two-Year,21,38.0,Smartphone-Premium,0,0,37.1,227,8,526.06,14042.65,0,0.0,0.83,9.8,3,0,660.82,0
TEL-12370,Central,Postpaid,Monthly,72,64.0,Smartphone-Budget,1,0,1.4,469,23,267.07,22459.19,1,10.9,5.0,15.1,33,0,294.62,0
TEL-12371,North,Prepaid,Monthly,7,40.0,Smartphone-Premium,0,0,2.3,89,8,93.76,801.77,0,0.0,3.89,19.8,17,0,111.77,0
TEL-12372,South,Prepaid,Monthly,36,41.0,Feature,1,0,2.4,773,34,267.61,10622.29,0,0.0,0.53,37.4,1,0,285.95,0
TEL-12373,East,Prepaid,Monthly,15,62.0,Feature,0,0,2.5,413,30,157.7,2565.15,1,26.7,0.53,20.9,16,0,172.77,0
TEL-12374,South,Postpaid,Annual,12,18.0,Smartphone-Budget,1,0,6.0,113,11,292.75,3285.71,0,0.0,1.15,25.3,5,1,290.26,1
TEL-12375,West,Postpaid,Annual,54,35.0,Smartphone-Premium,1,0,16.3,335,10,329.63,17023.34,2,55.0,2.16,16.6,8,0,321.92,0
TEL-12376,North,Prepaid,Monthly,10,31.0,Smartphone-Budget,0,0,5.0,144,9,98.68,670.81,1,9.5,0.87,32.7,3,0,70.0,0
TEL-12377,South,Prepaid,Monthly,14,19.0,Smartphone-Premium,0,0,3.5,152,18,172.52,2947.52,0,0.0,1.49,,30,0,211.25,0
TEL-12378,East,Prepaid,Monthly,4,31.0,Smartphone-Budget,0,0,37.6,194,9,451.72,1783.53,1,54.9,3.07,26.6,15,1,466.72,1
TEL-12379,North,Prepaid,Monthly,72,57.0,Smartphone-Budget,0,0,2.2,564,32,159.14,21042.69,1,10.2,0.75,37.5,10,0,284.39,0
TEL-12380,South,Postpaid,Monthly,17,31.0,Smartphone-Budget,1,0,4.9,194,6,262.7,4686.14,2,2.0,1.05,33.0,31,0,256.44,0
TEL-12381,East,Prepaid,Monthly,8,26.0,Smartphone-Budget,0,0,1.7,154,11,127.44,1171.82,0,0.0,2.44,33.3,12,0,141.56,0
TEL-12382,West,Postpaid,Two-Year,13,23.0,Smartphone-Budget,1,0,3.6,139,7,288.26,4573.69,1,64.2,1.16,26.5,8,1,341.46,1
TEL-12383,Central,Postpaid,Annual,3,23.0,Smartphone-Premium,0,0,3.6,93,7,268.23,1252.62,1,27.1,2.16,8.0,16,0,440.83,1
TEL-12384,North,Prepaid,Annual,27,18.0,Smartphone-Budget,0,0,22.3,311,4,303.94,9123.07,0,0.0,4.9,32.9,18,0,324.39,0
TEL-12385,North,Prepaid,Monthly,44,68.0,Smartphone-Budget,1,0,1.6,536,34,251.69,10652.94,0,0.0,8.73,38.2,9,1,253.01,1
TEL-12386,South,Postpaid,Monthly,48,40.0,Smartphone-Budget,0,0,22.1,249,18,428.5,25544.15,1,33.0,0.88,32.8,12,0,529.85,0
TEL-12387,Central,Prepaid,Monthly,14,33.0,Feature,0,0,6.4,177,7,137.81,2626.49,1,20.8,8.42,23.0,9,0,178.14,0
TEL-12388,Central,Postpaid,Two-Year,50,45.0,Smartphone-Premium,1,0,13.7,203,15,300.69,16691.27,1,8.8,2.74,7.8,10,0,334.63,0
TEL-12389,South,Prepaid,Monthly,24,19.0,Smartphone-Premium,1,0,39.7,109,8,407.37,11350.91,0,0.0,7.56,22.1,16,0,425.98,0
TEL-12390,West,Prepaid,Monthly,37,45.0,Smartphone-Budget,0,0,19.2,333,9,326.63,10948.38,2,33.3,7.49,24.3,8,1,323.58,1
TEL-12391,South,Prepaid,Monthly,9,46.0,Smartphone-Budget,0,0,16.1,259,16,245.78,2633.73,0,0.0,1.67,44.3,11,0,293.7,0
TEL-12392,East,Prepaid,Monthly,2,18.0,Smartphone-Budget,0,0,26.8,183,4,382.18,817.88,1,52.5,3.03,29.8,10,1,419.59,1
TEL-12393,North,Prepaid,Monthly,33,62.0,Feature,0,0,2.7,112,30,166.22,5470.63,2,22.0,2.79,24.1,13,1,176.81,1
TEL-12394,North,Postpaid,Two-Year,33,72.0,Feature,0,0,4.5,273,41,267.83,9229.63,0,0.0,4.09,35.5,6,0,281.26,0
TEL-12395,East,Prepaid,Monthly,5,38.0,Smartphone-Premium,0,0,3.9,121,17,193.1,921.17,1,26.7,1.13,39.9,36,0,184.24,0
TEL-12396,East,Postpaid,Monthly,17,26.0,Smartphone-Premium,1,0,33.6,35,5,485.21,10034.94,0,0.0,0.29,43.2,6,0,565.06,0
TEL-12397,Central,Postpaid,Annual,7,18.0,Smartphone-Budget,1,0,50.3,204,7,695.14,5510.88,0,0.0,1.44,10.6,7,0,746.99,0
TEL-12398,North,Prepaid,Monthly,28,31.0,Smartphone-Budget,0,1,42.1,180,12,614.58,16928.98,1,73.7,3.66,16.9,1,1,608.91,0
TEL-12399,North,Postpaid,Monthly,22,26.0,Smartphone-Premium,0,0,31.5,248,4,467.09,11217.94,2,3.7,2.63,33.4,1,0,512.5,0
TEL-12400,East,Postpaid,Monthly,32,70.0,Smartphone-Budget,0,0,0.9,473,22,271.16,10117.53,1,20.5,1.76,23.0,8,1,294.86,1
TEL-12401,West,Prepaid,Monthly,28,26.0,Smartphone-Budget,0,0,25.4,199,9,310.92,9261.5,2,13.2,0.6,32.0,25,0,315.3,0
TEL-12402,North,Prepaid,Monthly,1,38.0,Smartphone-Premium,1,0,4.7,180,8,123.43,155.32,0,0.0,3.24,26.4,1,0,150.69,0
TEL-12403,Central,Prepaid,Monthly,14,28.0,Smartphone-Budget,0,0,4.5,204,9,140.33,2191.05,0,0.0,1.65,11.8,5,0,163.83,0
TEL-12404,West,Prepaid,Monthly,8,26.0,Smartphone-Premium,1,0,4.2,181,11,179.22,1347.18,0,0.0,3.5,32.9,8,0,162.86,0
TEL-12405,South,Prepaid,Monthly,55,42.0,Smartphone-Budget,0,0,20.3,415,17,333.91,20257.13,0,0.0,10.41,25.4,13,0,370.85,0
TEL-12406,East,Prepaid,Monthly,18,52.0,Feature,0,0,1.9,475,34,186.62,2757.18,1,8.1,3.68,16.8,20,1,148.52,1
TEL-12407,Central,Prepaid,Monthly,15,29.0,Smartphone-Premium,0,0,26.7,218,7,329.15,5172.87,0,0.0,2.93,20.6,3,0,354.18,0
TEL-12408,South,Prepaid,Monthly,72,30.0,Smartphone-Budget,1,0,9.7,139,10,176.79,17870.49,1,68.9,6.57,15.4,4,0,251.4,0
TEL-12409,West,Postpaid,Monthly,11,,Smartphone-Premium,0,0,4.3,151,4,209.19,2916.53,2,11.4,1.61,16.4,5,0,268.75,0
TEL-12410,Central,Prepaid,Annual,20,37.0,Smartphone-Premium,0,0,37.4,187,8,359.58,6798.48,0,0.0,1.66,12.8,14,1,328.61,1
TEL-12411,East,Postpaid,Two-Year,69,57.0,Feature,0,0,3.4,300,33,297.62,20073.58,2,24.5,0.2,24.0,3,0,299.09,0
TEL-12412,West,Prepaid,Monthly,16,36.0,Smartphone-Budget,1,0,22.9,309,26,343.74,5357.37,1,21.1,3.36,32.6,8,0,353.5,0
TEL-12413,Central,Prepaid,Monthly,11,27.0,Feature,0,0,5.7,146,6,177.43,1784.87,2,40.7,4.88,12.2,22,0,162.8,1
TEL-12414,Central,Prepaid,Monthly,43,39.0,Smartphone-Premium,0,1,25.3,327,11,470.79,22943.95,1,10.8,5.13,20.6,10,0,535.98,0
TEL-12415,South,Prepaid,Monthly,2,31.0,Smartphone-Budget,0,0,5.3,163,6,153.87,327.15,1,22.9,3.14,20.9,13,0,155.59,1
TEL-12416,South,Prepaid,Monthly,27,61.0,Smartphone-Premium,0,0,17.2,413,18,329.72,10185.55,0,0.0,0.42,27.8,26,0,364.23,0
TEL-12417,East,Postpaid,Annual,72,27.0,Smartphone-Premium,1,0,13.6,324,16,463.63,35352.91,4,24.8,4.38,10.1,1,0,478.22,0
TEL-12418,South,Postpaid,Annual,23,26.0,Smartphone-Budget,0,0,28.5,184,6,499.86,12313.94,2,9.5,0.8,33.5,36,0,514.09,0
TEL-12419,East,Prepaid,Monthly,10,23.0,Smartphone-Budget,0,0,2.6,172,12,145.91,2024.32,0,0.0,1.83,17.4,6,1,209.47,1
TEL-12420,West,Prepaid,Monthly,5,23.0,Smartphone-Budget,0,0,2.6,149,14,191.88,1085.8,0,0.0,0.58,19.3,11,0,224.81,0
TEL-12421,West,Postpaid,Annual,33,18.0,Smartphone-Premium,1,0,30.7,214,8,503.91,15216.52,2,14.0,3.01,26.5,7,0,493.24,0
TEL-12422,East,Prepaid,Monthly,22,34.0,Smartphone-Budget,0,0,23.9,400,19,364.79,8368.03,0,0.0,1.88,21.7,14,0,397.6,0
TEL-12423,East,Prepaid,Monthly,1,44.0,Feature,0,0,11.7,171,15,169.91,169.76,0,0.0,1.0,33.2,4,0,175.75,0
TEL-12424,Central,Postpaid,Monthly,1,63.0,Feature,1,0,2.5,648,31,334.05,475.59,1,6.4,8.31,1.2,12,0,462.45,0
TEL-12425,East,Prepaid,Annual,60,50.0,Smartphone-Budget,0,0,17.3,219,15,261.67,16395.67,0,0.0,2.55,35.1,8,0,264.74,0
TEL-12426,South,Postpaid,Two-Year,26,40.0,Smartphone-Budget,1,0,20.0,373,14,436.81,11167.19,1,34.1,0.46,32.8,2,0,441.39,0
TEL-12427,South,Prepaid,Monthly,19,38.0,Smartphone-Premium,1,1,3.6,178,9,313.93,6948.44,0,0.0,3.14,33.8,3,0,335.25,0
TEL-12428,West,Prepaid,Monthly,59,40.0,Smartphone-Budget,0,1,9.5,248,16,388.82,28350.1,1,56.6,2.75,20.4,11,0,486.32,0
TEL-12429,South,Prepaid,Monthly,56,42.0,Smartphone-Budget,0,0,13.6,222,17,266.21,15656.84,0,0.0,3.38,26.9,29,0,276.02,0
TEL-12430,Central,Postpaid,Annual,2,18.0,Smartphone-Premium,1,0,40.5,120,6,519.99,1227.92,1,41.8,4.86,3.3,8,0,570.87,0
TEL-12431,South,Postpaid,Monthly,29,51.0,Feature,1,0,1.6,545,21,311.17,11348.56,1,30.8,1.29,38.3,2,0,388.23,0
TEL-12432,South,Postpaid,Two-Year,5,31.0,Smartphone-Budget,0,0,3.6,78,11,226.94,994.56,1,30.9,3.03,23.9,6,0,202.5,0
TEL-12433,Central,Prepaid,Monthly,14,43.0,Smartphone-Budget,0,0,4.2,218,12,205.52,2806.89,0,0.0,0.68,24.9,41,0,204.83,0
TEL-12434,Central,Postpaid,Annual,9,26.0,Smartphone-Budget,1,0,3.9,153,10,326.61,3097.79,0,0.0,0.5,3.0,10,0,337.69,0
TEL-12435,North,Postpaid,Annual,72,57.0,Feature,1,0,2.6,514,39,267.74,18641.01,0,0.0,2.12,37.9,5,0,271.31,0
TEL-12436,Central,Postpaid,Monthly,1,24.0,Smartphone-Budget,0,0,2.6,96,12,270.99,253.8,0,0.0,0.61,3.3,2,1,261.37,1
TEL-12437,South,Prepaid,Annual,7,31.0,Smartphone-Budget,0,1,13.0,356,20,436.87,3538.54,1,14.0,3.44,21.5,18,0,546.52,0
TEL-12438,West,Prepaid,Monthly,9,23.0,Smartphone-Premium,0,0,24.6,108,4,279.18,2265.96,1,13.1,3.03,23.4,4,0,253.6,0
TEL-12439,East,Postpaid,Monthly,10,34.0,Smartphone-Budget,1,0,23.5,153,3,484.28,5446.41,2,13.1,2.22,23.9,17,0,539.18,0
TEL-12440,South,Postpaid,Monthly,12,38.0,Smartphone-Premium,1,0,6.4,175,13,217.55,2600.45,0,0.0,3.42,27.3,12,0,235.67,0
TEL-12441,West,Prepaid,Monthly,1,18.0,Smartphone-Budget,0,0,4.6,104,10,141.92,128.8,0,0.0,3.84,32.0,6,0,133.13,0
TEL-12442,North,Postpaid,Monthly,10,32.0,Feature,1,0,3.8,135,5,343.45,3308.86,0,0.0,3.14,38.3,8,0,311.39,0
TEL-12443,Central,Prepaid,Monthly,2,35.0,Smartphone-Premium,0,0,30.3,194,7,384.12,777.48,0,0.0,6.3,22.1,10,0,389.98,0
TEL-12444,West,Prepaid,Monthly,29,38.0,Feature,0,0,13.8,484,15,281.58,9211.39,2,12.9,2.17,22.3,0,0,298.84,0
TEL-12445,South,Postpaid,Monthly,72,52.0,Smartphone-Budget,0,0,3.1,380,36,294.21,18322.46,0,0.0,4.66,30.0,17,0,261.1,0
TEL-12446,South,Postpaid,Annual,6,55.0,Smartphone-Budget,0,1,12.7,212,16,501.71,3241.63,2,14.7,1.33,33.6,17,0,561.66,0
TEL-12447,West,Prepaid,Monthly,8,32.0,Smartphone-Premium,0,0,4.7,212,9,140.74,1608.65,0,0.0,10.05,24.3,10,1,200.36,1
TEL-12448,West,Prepaid,Monthly,24,41.0,Smartphone-Budget,0,0,17.3,332,25,274.69,8572.89,2,10.1,0.65,30.7,4,0,344.18,0
TEL-12449,North,Prepaid,Monthly,53,53.0,Smartphone-Premium,0,0,21.1,249,12,329.14,17947.6,1,9.3,0.4,18.4,12,0,335.83,0
TEL-12450,North,Postpaid,Monthly,10,28.0,Smartphone-Budget,0,0,4.7,165,9,277.33,2981.28,3,15.9,7.35,24.3,12,0,296.78,1
TEL-12451,East,Postpaid,Monthly,72,42.0,Feature,1,0,19.3,250,15,375.3,27489.56,1,20.4,2.3,35.9,21,0,389.12,0
TEL-12452,West,Prepaid,Monthly,70,50.0,Smartphone-Budget,0,1,2.8,517,29,307.74,34176.98,1,22.9,1.38,30.2,6,0,449.73,1
TEL-12453,North,Postpaid,Monthly,15,26.0,Smartphone-Premium,0,0,34.8,306,12,514.6,8811.16,0,0.0,0.95,33.7,12,0,573.62,0
TEL-12454,North,Postpaid,Two-Year,57,39.0,Smartphone-Budget,1,0,18.9,346,21,474.63,28230.41,1,11.5,4.13,17.2,6,0,489.67,0
TEL-12455,East,Postpaid,Monthly,23,25.0,Smartphone-Premium,0,0,29.8,259,5,486.93,11760.75,1,25.8,0.58,19.1,18,0,545.09,0
TEL-12456,East,Postpaid,Monthly,33,30.0,Smartphone-Premium,1,0,5.7,383,22,283.61,9539.59,0,0.0,0.96,21.9,2,0,298.58,0
TEL-12457,West,Postpaid,Annual,22,43.0,Smartphone-Premium,0,0,8.3,383,12,298.9,6714.46,1,17.4,2.64,21.7,22,0,297.94,0
TEL-12458,East,Prepaid,Monthly,47,34.0,Feature,0,0,14.3,570,14,269.47,12854.92,0,0.0,0.86,35.5,5,0,279.96,0
TEL-12459,West,Prepaid,Monthly,39,40.0,Smartphone-Budget,0,0,14.9,260,19,325.17,12684.55,0,0.0,5.33,18.0,6,0,318.01,0
TEL-12460,South,Postpaid,Annual,20,28.0,Smartphone-Budget,0,0,28.6,216,12,540.05,10895.32,1,29.7,2.64,36.7,8,0,590.43,0
TEL-12461,North,Prepaid,Monthly,62,42.0,Feature,0,1,7.9,264,12,353.05,20775.12,2,26.3,1.72,32.6,5,0,338.8,0
TEL-12462,South,Prepaid,Monthly,67,52.0,Smartphone-Budget,0,0,12.7,250,15,204.67,16689.07,0,0.0,3.02,15.4,31,0,243.96,0
TEL-12463,West,Prepaid,Monthly,3,41.0,Smartphone-Budget,0,0,1.9,187,9,79.0,202.27,1,29.7,2.43,19.7,6,1,70.0,1
TEL-12464,East,Prepaid,Monthly,72,40.0,Smartphone-Premium,0,0,16.2,346,17,224.79,16465.59,0,0.0,2.55,24.1,7,0,222.42,0
TEL-12465,South,Prepaid,Annual,49,47.0,Smartphone-Budget,0,0,2.2,437,25,142.87,8351.66,0,0.0,1.58,28.5,3,0,162.7,0
TEL-12466,North,Postpaid,Monthly,36,28.0,Smartphone-Premium,0,0,15.8,384,16,389.79,14261.79,1,11.3,7.82,25.7,13,1,367.82,1
TEL-12467,Central,Prepaid,Monthly,22,18.0,Smartphone-Premium,0,0,30.6,178,7,394.99,8917.54,1,8.6,3.3,1.2,2,0,404.07,0
TEL-12468,West,Prepaid,Monthly,19,29.0,Smartphone-Premium,0,1,31.2,254,7,514.26,12121.18,4,39.8,1.59,12.2,13,0,650.61,0
TEL-12469,North,Prepaid,Monthly,36,66.0,Feature,0,0,2.6,384,39,156.94,10251.55,2,16.5,4.35,9.7,47,1,294.38,1
TEL-12470,Central,Prepaid,Monthly,45,47.0,Smartphone-Budget,0,0,20.9,425,12,278.67,11647.41,1,14.8,1.67,19.2,2,0,256.32,0
TEL-12471,South,Postpaid,Two-Year,14,58.0,Smartphone-Budget,1,0,17.0,222,16,402.55,6760.8,0,0.0,5.67,11.2,7,0,517.99,0
TEL-12472,East,Prepaid,Monthly,5,21.0,Smartphone-Budget,0,0,2.6,152,10,143.12,840.95,1,43.9,2.9,25.7,7,1,169.4,1
TEL-12473,East,Prepaid,Monthly,55,41.0,Smartphone-Budget,0,0,29.5,325,8,386.25,22896.13,1,34.3,2.62,31.5,11,0,402.63,0
TEL-12474,West,Prepaid,Monthly,20,27.0,Smartphone-Premium,1,0,24.2,130,8,311.01,6302.25,1,18.6,3.31,16.3,10,0,317.95,0
TEL-12475,North,Prepaid,Monthly,4,31.0,Smartphone-Budget,0,0,4.5,151,5,173.31,1083.52,0,0.0,2.37,35.4,19,0,269.07,0
TEL-12476,South,Postpaid,Two-Year,57,46.0,Feature,1,0,2.2,538,37,243.92,13122.69,3,38.5,0.87,17.2,26,0,238.63,0
TEL-12477,East,Prepaid,Monthly,72,52.0,Smartphone-Premium,0,0,16.3,389,16,254.95,16126.71,2,41.5,2.1,23.4,1,0,245.58,0
TEL-12478,North,Prepaid,Monthly,40,54.0,Smartphone-Budget,0,0,2.5,394,44,157.15,7983.65,1,15.7,5.39,24.1,8,0,202.1,0
TEL-12479,Central,Prepaid,Monthly,4,36.0,Smartphone-Premium,0,0,7.6,125,10,177.8,747.71,0,0.0,3.82,25.1,41,0,199.94,1
TEL-12480,North,Postpaid,Two-Year,4,42.0,Smartphone-Premium,0,0,49.0,241,6,679.85,2727.03,1,7.5,4.74,20.1,38,0,687.15,0
TEL-12481,East,Postpaid,Two-Year,13,48.0,Smartphone-Budget,1,0,5.2,152,12,296.81,5047.4,1,45.0,1.64,26.0,15,1,396.05,1
TEL-12482,South,Prepaid,Monthly,10,38.0,Smartphone-Budget,0,0,18.2,313,15,274.43,2833.05,1,37.9,5.11,37.0,21,1,275.15,1
TEL-12483,South,Prepaid,Monthly,9,45.0,Smartphone-Budget,0,0,3.7,136,11,158.48,2347.44,0,0.0,2.18,27.2,8,0,254.39,0
TEL-12484,South,Prepaid,Monthly,9,19.0,Smartphone-Premium,0,0,14.2,188,6,241.09,2294.51,0,0.0,2.0,20.8,13,0,251.78,0
TEL-12485,North,Prepaid,Monthly,36,61.0,Feature,0,0,1.7,635,43,187.18,6736.61,0,0.0,4.49,17.5,12,0,177.23,0
TEL-12486,North,Postpaid,Monthly,10,26.0,Smartphone-Budget,0,0,5.9,182,12,316.91,3911.77,1,32.0,1.76,29.4,18,0,367.55,0
TEL-12487,East,Postpaid,Two-Year,12,35.0,Smartphone-Budget,0,0,16.2,219,3,442.6,5457.09,2,4.3,5.92,32.6,9,0,484.36,0
TEL-12488,Central,Prepaid,Monthly,11,35.0,Smartphone-Budget,1,0,2.6,197,9,169.44,1869.61,0,0.0,2.09,6.9,16,1,172.44,1
TEL-12489,East,Postpaid,Monthly,72,38.0,Smartphone-Budget,0,0,14.6,345,9,375.93,24657.86,1,3.1,1.21,24.8,2,0,372.7,0
TEL-12490,North,Prepaid,Monthly,72,58.0,Smartphone-Budget,0,0,1.2,765,29,233.33,18620.42,0,0.0,1.3,26.8,14,0,246.44,0
TEL-12491,North,Postpaid,Monthly,21,20.0,Smartphone-Budget,0,0,31.7,198,3,529.59,10291.34,1,8.5,2.16,29.5,0,0,503.67,0
TEL-12492,West,Prepaid,Monthly,33,63.0,Feature,0,0,2.4,342,43,160.72,6573.48,1,39.5,3.04,34.2,2,0,195.03,0
TEL-12493,North,Prepaid,Annual,1,27.0,Feature,0,0,1.8,212,10,153.14,199.78,0,0.0,2.79,27.6,18,1,194.58,0
TEL-12494,North,Postpaid,Monthly,2,18.0,Feature,1,0,5.1,134,9,238.72,558.46,1,10.1,1.84,15.4,17,1,285.17,1
TEL-12495,North,Postpaid,Monthly,32,27.0,Smartphone-Premium,1,0,9.3,516,17,325.95,15306.7,1,31.4,1.78,24.7,8,0,472.16,0
TEL-12496,South,Prepaid,Monthly,56,42.0,Feature,1,0,2.7,452,36,124.82,7418.26,1,9.3,0.7,23.4,21,0,126.01,0
TEL-12497,South,Postpaid,Annual,16,18.0,Smartphone-Budget,0,0,27.8,199,4,497.38,8047.39,5,3.0,0.84,19.2,12,0,504.96,0
TEL-12498,South,Postpaid,Annual,40,35.0,Smartphone-Premium,1,0,6.5,303,19,269.77,12936.05,0,0.0,5.44,34.4,8,0,302.15,0
TEL-12499,East,Postpaid,Monthly,5,18.0,Smartphone-Budget,1,0,42.8,143,7,605.97,3650.69,1,37.7,4.19,33.4,17,0,680.63,0
TEL-12500,West,Prepaid,Annual,14,36.0,Smartphone-Budget,0,0,21.0,326,16,362.01,5993.6,0,0.0,2.33,30.2,7,0,436.96,0
TEL-12501,East,Prepaid,Monthly,6,23.0,Smartphone-Budget,0,0,2.7,219,12,137.08,747.38,0,0.0,0.64,38.6,3,1,132.52,1
TEL-12502,Central,Postpaid,Two-Year,7,38.0,Smartphone-Budget,1,0,2.9,230,11,234.89,1307.04,2,19.5,3.06,6.8,7,0,200.25,0
TEL-12503,West,Postpaid,Monthly,17,32.0,Smartphone-Budget,1,0,31.4,153,3,501.83,9339.02,0,0.0,2.2,24.1,6,0,575.72,0
TEL-12504,East,Postpaid,Two-Year,15,28.0,Smartphone-Premium,0,0,3.1,170,9,280.26,7090.49,1,16.5,1.55,27.9,14,0,469.14,0
TEL-12505,Central,Prepaid,Monthly,15,31.0,Smartphone-Budget,0,0,4.2,73,6,117.28,2485.95,1,32.8,0.35,20.5,8,0,154.96,0
TEL-12506,East,Prepaid,Monthly,11,40.0,Smartphone-Budget,1,0,2.8,148,4,188.84,3373.7,0,0.0,6.28,12.3,1,1,296.22,1
TEL-12507,Central,Prepaid,Monthly,45,51.0,Feature,0,0,1.5,670,37,166.44,8836.72,0,0.0,7.53,11.8,11,0,188.75,0
TEL-12508,South,Prepaid,Monthly,37,58.0,Smartphone-Budget,1,0,12.4,306,12,244.06,11599.69,1,6.8,0.54,22.6,19,0,301.76,0
TEL-12509,North,Postpaid,Annual,8,19.0,Smartphone-Premium,1,0,5.1,104,6,290.59,3834.13,0,0.0,2.44,30.3,8,0,466.54,0
TEL-12510,Central,Prepaid,Monthly,5,20.0,Smartphone-Premium,0,0,5.4,108,15,114.24,519.86,3,31.9,5.3,1.2,3,1,97.26,1
TEL-12511,South,Prepaid,Monthly,18,21.0,Smartphone-Premium,0,0,24.9,220,6,368.7,7363.12,0,0.0,5.2,36.0,11,0,419.56,0
TEL-12512,North,Postpaid,Monthly,30,34.0,Smartphone-Premium,0,1,33.8,175,5,668.4,22934.19,1,17.4,3.61,33.0,26,0,719.26,0
TEL-12513,North,Postpaid,Annual,40,41.0,Smartphone-Budget,0,0,1.6,515,41,321.93,12833.46,1,48.0,2.91,14.4,9,0,313.55,0
TEL-12514,South,Postpaid,Annual,14,18.0,Smartphone-Budget,1,0,28.8,147,3,496.58,8135.85,2,25.1,4.94,37.4,9,0,547.11,0
TEL-12515,West,Prepaid,Annual,11,19.0,Smartphone-Premium,0,0,37.4,213,8,420.64,5919.16,1,14.0,4.25,26.4,7,0,569.68,0
TEL-12516,West,Prepaid,Annual,7,20.0,Smartphone-Budget,0,0,30.5,146,8,403.52,3375.41,0,0.0,1.28,15.7,20,1,459.09,1
TEL-12517,East,Postpaid,Annual,22,38.0,Smartphone-Budget,0,1,11.6,324,12,457.03,11610.22,0,0.0,3.15,37.9,9,0,536.53,0
TEL-12518,East,Prepaid,Monthly,1,61.0,Feature,0,0,2.1,744,25,177.6,175.37,0,0.0,5.82,20.4,6,1,197.38,1
TEL-12519,North,Prepaid,Monthly,25,18.0,Smartphone-Premium,1,0,31.7,177,3,384.18,8596.02,0,0.0,3.66,19.9,19,1,357.56,0
TEL-12520,East,Postpaid,Annual,14,18.0,Smartphone-Premium,0,0,47.2,216,9,623.88,9172.71,0,0.0,5.47,14.3,2,0,670.67,0
TEL-12521,East,Postpaid,Annual,11,18.0,Smartphone-Premium,0,0,38.2,137,3,550.57,5263.01,0,0.0,3.05,24.9,4,0,513.47,0
TEL-12522,West,Prepaid,Monthly,1,42.0,Smartphone-Budget,0,0,4.3,162,5,222.04,242.73,0,0.0,4.78,27.7,6,0,245.04,0
TEL-12523,Central,Prepaid,Monthly,15,28.0,Smartphone-Premium,1,0,7.4,252,13,114.96,1194.34,0,0.0,1.07,11.8,13,1,77.96,1
TEL-12524,East,Prepaid,Monthly,55,50.0,Feature,1,0,3.1,393,36,136.64,7526.91,1,1.7,1.58,34.1,5,0,132.1,0
TEL-12525,North,Prepaid,Monthly,72,50.0,Smartphone-Budget,0,0,2.3,331,33,113.16,17179.56,0,0.0,4.96,33.6,12,0,235.51,0
TEL-12526,North,Postpaid,Two-Year,14,28.0,Smartphone-Budget,0,0,3.8,180,5,257.27,3752.34,0,0.0,2.79,33.3,4,0,273.99,0
TEL-12527,North,Prepaid,Monthly,36,38.0,Smartphone-Premium,0,0,23.9,411,17,324.85,12355.3,0,,6.0,37.3,29,0,346.54,0
TEL-12528,Central,Prepaid,Monthly,8,26.0,Smartphone-Premium,1,0,35.0,182,5,389.74,3066.2,1,11.5,2.49,15.3,8,1,383.06,1
TEL-12529,East,Prepaid,Monthly,2,31.0,Smartphone-Budget,0,1,2.8,197,4,218.22,517.42,1,8.0,4.6,25.6,8,0,263.18,0
TEL-12530,Central,Prepaid,Monthly,12,20.0,Smartphone-Budget,0,0,6.8,100,9,162.86,2226.81,1,9.5,2.75,26.1,13,1,176.63,1
TEL-12531,North,Postpaid,Two-Year,13,45.0,Smartphone-Budget,1,0,9.8,326,9,338.14,5066.73,0,0.0,3.37,33.7,11,0,371.35,0
TEL-12532,North,Postpaid,Two-Year,41,36.0,Smartphone-Budget,0,0,16.9,177,18,402.73,16068.48,0,0.0,1.03,26.4,15,0,391.96,0
TEL-12533,Central,Prepaid,Monthly,72,52.0,Feature,0,0,2.2,421,27,108.31,8837.44,0,0.0,2.94,17.6,13,0,123.16,0
TEL-12534,South,Postpaid,Annual,12,18.0,Smartphone-Premium,0,0,25.7,149,6,492.27,6054.47,0,0.0,1.28,23.4,9,0,517.25,0
TEL-12535,North,Prepaid,Monthly,22,56.0,Feature,0,0,1.6,78,36,137.91,5583.32,0,0.0,1.76,38.6,5,0,246.83,0
TEL-12536,North,Postpaid,Annual,25,33.0,Smartphone-Premium,0,0,42.9,267,8,624.92,19891.59,0,0.0,4.02,36.9,14,0,788.19,0
TEL-12537,South,Prepaid,Monthly,55,44.0,Smartphone-Budget,0,0,19.3,171,16,321.53,18895.3,0,0.0,2.0,19.1,12,0,354.85,0
TEL-12538,South,Postpaid,Annual,20,45.0,Smartphone-Premium,1,1,11.8,418,14,488.1,11345.22,3,14.3,1.23,15.3,7,0,512.53,0
TEL-12539,East,Prepaid,Monthly,15,23.0,Smartphone-Budget,0,0,21.6,136,3,264.82,4795.69,2,67.8,6.67,19.9,13,1,307.82,1
TEL-12540,Central,Prepaid,Monthly,23,41.0,Smartphone-Premium,0,0,12.9,242,20,217.51,5190.25,0,0.0,1.19,8.9,3,0,219.44,0
TEL-12541,North,Prepaid,Monthly,72,55.0,Feature,0,0,0.7,621,36,207.78,15246.13,1,44.9,5.16,32.8,6,0,224.23,0
TEL-12542,North,Postpaid,Annual,5,45.0,Smartphone-Premium,1,0,14.3,280,16,341.69,1994.64,1,17.6,1.06,32.6,18,0,396.78,0
TEL-12543,North,Prepaid,Monthly,7,34.0,Smartphone-Budget,0,0,3.4,228,9,104.01,886.06,0,0.0,5.72,28.0,36,1,132.24,0
TEL-12544,South,Postpaid,Two-Year,10,18.0,Smartphone-Budget,0,0,3.4,113,12,237.0,2860.33,1,17.9,3.15,22.0,10,0,300.83,0
TEL-12545,West,Prepaid,Monthly,72,48.0,Smartphone-Budget,0,0,2.2,205,30,107.1,6560.14,3,40.4,0.95,11.0,4,0,87.1,0
TEL-12546,East,Postpaid,Annual,14,41.0,Smartphone-Premium,1,0,15.7,274,5,422.14,6376.69,1,15.5,1.67,23.4,8,0,456.51,0
TEL-12547,East,Prepaid,Monthly,8,21.0,Smartphone-Budget,0,0,6.0,150,9,224.0,2215.0,0,0.0,2.89,21.4,4,1,280.89,1
TEL-12548,North,Postpaid,Monthly,11,28.0,Smartphone-Premium,1,1,3.4,173,9,415.1,5745.87,0,0.0,1.15,34.6,1,0,502.16,0
TEL-12549,West,Prepaid,Monthly,58,51.0,Feature,0,0,2.5,452,36,149.24,8168.41,1,4.1,8.6,17.6,2,1,148.63,1
TEL-12550,West,Prepaid,Monthly,57,44.0,Smartphone-Budget,0,0,3.0,654,38,174.41,13117.6,0,0.0,1.78,34.2,22,0,238.24,0
TEL-12551,East,Prepaid,Monthly,46,37.0,Smartphone-Budget,0,0,9.7,430,20,203.76,11212.67,0,0.0,2.41,33.7,9,0,245.23,0
TEL-12552,West,Prepaid,Monthly,8,18.0,Smartphone-Premium,0,0,30.5,208,10,419.2,2987.41,0,0.0,0.06,22.9,2,0,369.9,0
TEL-12553,West,Prepaid,Monthly,37,65.0,Feature,0,0,1.7,782,40,231.6,8454.6,2,39.6,0.63,32.8,29,0,219.01,0
TEL-12554,Central,Prepaid,Monthly,17,22.0,Smartphone-Premium,0,0,35.2,199,3,426.99,6793.51,0,0.0,2.22,17.7,4,0,413.99,0
TEL-12555,East,Prepaid,Monthly,8,25.0,Smartphone-Premium,1,0,4.9,94,6,148.05,1141.18,0,0.0,3.7,41.3,5,0,137.41,0
TEL-12556,South,Prepaid,Monthly,7,35.0,Smartphone-Budget,0,0,2.1,228,6,121.48,899.8,0,0.0,0.96,23.4,9,1,135.26,1
TEL-12557,East,Postpaid,Annual,44,66.0,Smartphone-Budget,1,0,1.9,482,45,241.7,12368.58,0,0.0,6.11,19.4,31,0,302.02,0
TEL-12558,North,Postpaid,Monthly,13,41.0,Smartphone-Premium,0,0,14.2,271,16,333.25,4673.25,2,14.5,1.47,27.2,12,1,350.44,1
TEL-12559,North,Prepaid,Annual,19,18.0,Smartphone-Premium,0,0,38.6,235,7,458.73,9171.09,0,0.0,3.82,28.6,20,0,480.48,0
TEL-12560,East,Prepaid,Monthly,12,33.0,Smartphone-Budget,0,0,3.8,113,7,105.76,1254.98,0,0.0,7.45,26.4,10,0,110.28,0
TEL-12561,North,Prepaid,Monthly,8,22.0,Smartphone-Premium,0,0,21.7,253,7,297.39,2423.94,2,7.0,4.45,7.6,7,1,301.35,1
TEL-12562,North,Postpaid,Monthly,1,31.0,Smartphone-Budget,0,0,1.7,173,4,262.11,299.53,1,29.9,0.3,19.6,2,0,271.65,0
TEL-12563,North,Postpaid,Two-Year,14,42.0,Smartphone-Budget,1,0,4.1,86,6,264.15,3337.49,3,20.4,1.14,33.6,3,0,242.93,0
TEL-12564,North,Prepaid,Monthly,45,37.0,Smartphone-Premium,0,0,18.1,411,18,326.57,13973.11,1,16.8,7.58,25.5,10,0,314.87,0
TEL-12565,North,Prepaid,Monthly,19,54.0,Smartphone-Budget,1,0,1.9,413,37,173.39,3334.96,0,0.0,0.88,26.2,8,0,182.71,0
TEL-12566,North,Prepaid,Monthly,55,36.0,Smartphone-Budget,0,0,10.8,489,18,198.11,13950.72,0,0.0,3.92,23.6,27,1,248.56,1
TEL-12567,East,Postpaid,Monthly,5,30.0,Smartphone-Budget,0,0,4.0,166,9,263.99,1466.89,1,20.5,6.22,23.4,8,1,286.13,1
TEL-12568,South,Postpaid,Monthly,6,35.0,Smartphone-Premium,0,0,2.1,258,8,229.03,1412.75,2,4.8,5.13,30.7,13,1,239.71,1
TEL-12569,South,Postpaid,Monthly,72,37.0,Smartphone-Budget,1,0,12.8,210,20,375.28,24300.96,4,20.8,1.09,33.3,6,0,344.93,0
TEL-12570,South,Prepaid,Annual,12,35.0,Smartphone-Budget,0,0,5.6,213,6,208.71,2427.9,0,0.0,4.76,26.4,14,1,191.49,1
TEL-12571,West,Prepaid,Monthly,51,39.0,Smartphone-Premium,0,1,20.7,273,17,444.97,25577.73,1,22.8,3.05,25.5,3,0,524.76,0
TEL-12572,South,Prepaid,Monthly,29,45.0,Smartphone-Budget,0,0,11.7,258,8,278.48,8813.02,0,0.0,3.82,34.8,1,0,296.0,0
TEL-12573,Central,Postpaid,Annual,32,46.0,Feature,0,0,15.3,438,14,398.79,12894.59,0,0.0,0.93,19.3,10,0,398.3,0
TEL-12574,Central,Postpaid,Monthly,13,18.0,Smartphone-Budget,0,0,20.2,250,7,422.06,5401.33,2,53.3,1.28,23.4,4,1,422.84,1
TEL-12575,North,Prepaid,Monthly,19,29.0,Smartphone-Premium,1,0,21.8,253,8,259.13,4768.15,1,14.9,1.6,18.0,12,0,273.94,0
TEL-12576,North,Prepaid,Monthly,61,62.0,Feature,0,0,1.7,441,28,180.07,11922.81,0,0.0,0.4,34.5,17,0,204.32,0
TEL-12577,West,Prepaid,Monthly,11,20.0,Smartphone-Budget,0,0,6.5,247,8,174.25,1831.62,0,0.0,0.86,,61,0,158.44,0
TEL-12578,Central,Prepaid,Monthly,48,30.0,Smartphone-Premium,0,0,14.5,311,16,303.31,17621.23,0,0.0,1.59,4.6,2,0,360.54,0
TEL-12579,East,Prepaid,Monthly,12,24.0,Smartphone-Premium,0,1,23.4,271,6,490.6,6950.43,0,0.0,4.62,10.7,7,0,543.63,0
TEL-12580,South,Postpaid,Annual,41,46.0,Smartphone-Budget,1,0,7.6,218,11,270.04,12628.68,0,0.0,2.89,35.1,9,0,317.62,0
TEL-12581,North,Prepaid,Monthly,7,25.0,Smartphone-Budget,0,0,4.8,137,10,153.03,1218.15,2,34.1,1.9,33.5,32,1,171.62,1
TEL-12582,North,Postpaid,Annual,2,20.0,Smartphone-Budget,1,0,5.2,211,8,241.0,589.88,1,36.8,4.78,26.5,13,1,302.02,1
TEL-12583,East,Postpaid,Two-Year,8,32.0,Smartphone-Budget,0,1,52.1,262,0,830.04,6284.32,1,9.1,3.16,28.8,23,0,860.06,0
TEL-12584,South,Prepaid,Monthly,18,18.0,Smartphone-Premium,0,1,40.3,175,6,611.65,13308.33,0,0.0,1.79,29.1,9,0,720.1,0
TEL-12585,East,Prepaid,Annual,30,62.0,Feature,0,0,2.6,487,30,154.68,6912.28,1,7.4,4.38,27.9,9,0,246.2,0
TEL-12586,South,Prepaid,Monthly,23,41.0,Smartphone-Budget,1,0,14.9,171,14,249.94,8796.23,0,0.0,10.75,24.2,12,0,367.19,0
TEL-12587,Central,Postpaid,Monthly,11,31.0,Smartphone-Premium,1,0,3.7,137,10,293.35,2899.03,1,39.3,5.89,11.4,12,1,251.39,1
TEL-12588,Central,Postpaid,Monthly,50,56.0,Feature,0,0,1.7,568,41,311.93,14561.71,0,0.0,3.17,28.8,39,0,310.27,0
TEL-12589,West,Prepaid,Monthly,16,34.0,Smartphone-Premium,0,0,1.8,230,13,127.2,4327.37,0,0.0,5.38,22.9,21,1,260.73,1
TEL-12590,South,Prepaid,Monthly,41,34.0,Smartphone-Budget,0,0,12.6,396,19,212.44,8845.4,1,40.4,2.08,31.8,21,0,229.84,0
TEL-12591,North,Prepaid,Monthly,67,40.0,Smartphone-Budget,0,1,12.6,301,14,427.37,33977.93,2,29.7,4.97,25.2,20,0,503.44,0
TEL-12592,South,Prepaid,Monthly,20,30.0,Smartphone-Premium,0,0,29.5,226,10,347.56,8063.86,0,0.0,2.79,12.6,12,0,363.8,0
TEL-12593,East,Prepaid,Monthly,12,26.0,Smartphone-Premium,0,0,6.0,175,8,184.19,2098.55,1,74.2,1.55,19.8,10,1,180.91,1
TEL-12594,South,Postpaid,Monthly,2,18.0,Smartphone-Budget,1,0,4.9,155,13,259.9,686.42,1,40.8,4.36,29.1,3,0,351.24,0
TEL-12595,East,Postpaid,Monthly,24,20.0,Smartphone-Budget,0,0,34.1,137,5,550.8,13145.12,1,34.5,9.92,45.2,15,0,566.87,0
TEL-12596,North,Prepaid,Monthly,8,18.0,Smartphone-Budget,0,0,4.0,169,5,216.05,1611.29,1,25.1,0.46,21.9,20,1,207.37,1
TEL-12597,North,Prepaid,Annual,9,23.0,Smartphone-Budget,0,0,3.6,102,10,79.78,609.19,0,0.0,0.79,24.0,8,0,70.0,0
TEL-12598,North,Postpaid,Two-Year,35,46.0,Smartphone-Premium,0,0,14.0,294,16,360.85,12960.41,1,,2.66,23.8,7,0,369.33,0
TEL-12599,East,Prepaid,Monthly,57,38.0,Feature,0,1,1.5,559,26,336.42,28623.91,0,0.0,2.46,30.7,13,0,487.69,0
TEL-12600,North,Postpaid,Annual,23,34.0,Smartphone-Premium,1,0,25.5,156,7,501.28,11978.26,2,6.2,5.11,25.7,10,0,522.45,0
TEL-12601,South,Prepaid,Monthly,59,57.0,Feature,0,0,1.4,328,25,148.41,7428.59,1,12.4,3.36,23.0,16,0,121.13,0
TEL-12602,South,Postpaid,Monthly,1,26.0,Smartphone-Budget,1,0,4.5,138,3,335.13,324.21,2,16.5,5.35,18.2,14,0,320.91,0
TEL-12603,South,Prepaid,Monthly,16,28.0,Smartphone-Premium,1,0,34.9,222,2,444.31,7222.65,0,0.0,9.29,21.7,11,0,462.13,0
TEL-12604,West,Prepaid,Monthly,11,37.0,Smartphone-Premium,0,0,5.8,175,11,170.5,2032.86,1,45.8,1.42,31.4,23,0,189.45,0
TEL-12605,East,Prepaid,Monthly,6,26.0,Feature,0,0,3.3,67,9,102.92,1416.35,2,37.8,1.47,30.6,8,1,245.12,1
TEL-12606,East,Prepaid,Monthly,14,39.0,Smartphone-Budget,1,0,2.8,199,8,143.96,2755.84,4,24.4,0.28,34.8,18,0,191.13,0
TEL-12607,South,Prepaid,Monthly,2,19.0,Smartphone-Budget,0,0,3.8,51,7,157.16,361.76,0,0.0,4.2,14.9,1,0,175.18,0
TEL-12608,East,Postpaid,Annual,31,53.0,Feature,1,1,2.2,663,27,448.05,17387.27,2,12.7,4.27,32.9,33,0,541.26,0
TEL-12609,East,Prepaid,Monthly,22,26.0,Smartphone-Budget,0,0,41.8,167,6,472.86,9037.16,0,0.0,2.98,33.4,9,0,422.91,0
TEL-12610,South,Postpaid,Two-Year,56,55.0,Feature,0,0,1.3,534,41,272.22,15970.69,1,9.9,3.32,20.0,20,0,292.91,0
TEL-12611,North,Prepaid,Monthly,15,28.0,Smartphone-Premium,0,0,22.4,183,2,285.33,5261.09,0,0.0,10.57,13.7,11,0,373.55,0
TEL-12612,North,Prepaid,Monthly,18,44.0,Smartphone-Budget,0,0,23.6,300,16,303.57,6376.71,1,13.2,2.12,28.0,17,0,348.24,0
TEL-12613,East,Prepaid,Monthly,67,46.0,Smartphone-Budget,0,0,20.3,294,9,354.5,23710.83,0,0.0,0.63,26.6,3,0,359.03,0
TEL-12614,East,Prepaid,Monthly,10,26.0,Smartphone-Budget,0,0,3.9,150,6,183.23,2479.8,0,0.0,4.27,36.6,23,0,243.75,0
TEL-12615,West,Prepaid,Monthly,66,43.0,Feature,0,0,8.2,425,13,218.92,16589.17,1,12.9,4.21,27.2,38,0,250.88,0
TEL-12616,South,Prepaid,Annual,34,55.0,Smartphone-Budget,0,0,2.2,714,35,201.18,7038.57,1,11.5,5.78,23.3,6,0,214.65,0
TEL-12617,North,Prepaid,Monthly,67,47.0,Smartphone-Premium,0,0,10.3,449,19,230.79,16832.17,0,0.0,9.6,28.9,4,1,251.08,1
TEL-12618,North,Postpaid,Annual,31,42.0,Smartphone-Budget,1,0,22.7,315,17,440.67,13899.57,1,31.8,8.7,26.4,25,1,451.23,0
TEL-12619,Central,Prepaid,Annual,12,29.0,Smartphone-Budget,0,0,4.1,178,5,155.39,2414.45,2,52.3,5.44,26.2,20,0,201.01,0
TEL-12620,West,Prepaid,Monthly,3,29.0,Smartphone-Budget,0,0,3.8,175,7,204.83,799.62,3,33.6,2.39,30.4,4,1,261.33,1
TEL-12621,East,Prepaid,Monthly,52,47.0,Smartphone-Premium,0,0,14.8,280,17,231.22,11885.93,1,25.5,1.47,21.0,9,0,237.48,0
TEL-12622,South,Prepaid,Monthly,49,43.0,Smartphone-Premium,0,0,4.9,352,17,175.72,9703.61,0,0.0,3.49,39.6,4,0,207.77,0
TEL-12623,Central,Prepaid,Monthly,47,44.0,Feature,0,0,2.2,639,32,146.15,8197.43,1,27.6,3.08,14.6,19,0,189.97,0
TEL-12624,West,Prepaid,Monthly,9,39.0,Smartphone-Budget,0,0,6.2,241,8,198.87,1877.41,0,0.0,2.78,34.5,18,0,212.48,0
TEL-12625,East,Prepaid,Monthly,21,20.0,Smartphone-Premium,0,0,4.7,106,13,159.46,4108.65,1,3.7,4.0,22.3,11,0,190.0,0
TEL-12626,South,Postpaid,Monthly,23,52.0,Feature,1,0,1.8,677,30,319.85,7526.79,1,34.6,3.0,15.5,20,0,301.5,0
TEL-12627,West,Prepaid,Monthly,38,56.0,Feature,0,0,19.7,446,13,370.87,15883.52,0,0.0,3.05,42.4,3,0,409.66,0
TEL-12628,West,Prepaid,Monthly,49,42.0,Smartphone-Budget,0,0,2.8,434,43,220.12,15899.89,1,19.6,3.7,36.7,7,0,307.24,0
TEL-12629,North,Prepaid,Monthly,24,55.0,Smartphone-Budget,0,0,19.4,201,15,235.09,5373.94,0,0.0,5.76,31.8,6,1,237.11,1
TEL-12630,South,Prepaid,Monthly,1,32.0,Smartphone-Premium,0,0,3.6,128,12,79.0,68.53,0,0.0,4.67,47.0,2,0,70.0,0
TEL-12631,South,Postpaid,Monthly,58,39.0,Feature,1,1,11.6,317,9,512.8,33945.2,0,0.0,3.47,,11,0,567.05,0
TEL-12632,North,Prepaid,Monthly,28,38.0,Smartphone-Premium,0,0,6.7,531,20,228.71,7752.1,1,1.0,3.32,30.2,13,0,259.34,0
TEL-12633,North,Postpaid,Monthly,32,23.0,Feature,0,0,9.9,316,12,362.72,11017.44,2,21.1,2.17,32.9,18,1,357.39,1
TEL-12634,North,Postpaid,Annual,16,19.0,Smartphone-Premium,1,1,40.0,272,8,806.68,13048.31,0,0.0,1.4,33.4,5,0,826.84,0
TEL-12635,South,Prepaid,Monthly,18,30.0,Smartphone-Premium,0,0,4.7,159,9,128.45,2155.73,1,25.6,0.26,12.9,0,0,120.7,0
TEL-12636,North,Postpaid,Two-Year,62,,Smartphone-Budget,0,1,7.2,334,11,557.18,39858.38,1,19.4,1.84,19.9,5,0,617.96,0
TEL-12637,West,Postpaid,Two-Year,14,19.0,Smartphone-Budget,1,0,4.2,160,6,244.4,3639.57,0,0.0,2.64,16.5,5,0,249.15,0
TEL-12638,North,Postpaid,Two-Year,2,36.0,Smartphone-Budget,1,0,5.1,182,11,297.36,569.32,1,8.4,3.37,29.7,13,1,294.52,0
TEL-12639,East,Prepaid,Monthly,32,46.0,Smartphone-Budget,0,0,19.2,310,18,272.06,11176.14,2,21.6,3.68,27.5,7,0,334.8,0
TEL-12640,North,Prepaid,Monthly,15,18.0,Smartphone-Budget,0,0,4.6,145,8,141.42,2466.32,1,16.3,1.08,13.8,2,0,162.77,0
TEL-12641,Central,Prepaid,Monthly,9,24.0,Smartphone-Budget,0,0,2.4,147,9,139.31,1729.87,0,0.0,0.91,25.7,6,0,192.36,0
TEL-12642,West,Prepaid,Monthly,22,23.0,Smartphone-Budget,0,0,28.9,252,7,393.26,7937.27,0,0.0,2.14,36.2,18,0,375.84,1
TEL-12643,North,Postpaid,Annual,4,46.0,Smartphone-Premium,0,0,3.7,71,9,216.05,883.84,1,8.0,0.96,30.9,14,0,222.88,0
TEL-12644,North,Prepaid,Monthly,55,38.0,Smartphone-Budget,0,0,19.9,286,17,275.58,16249.61,1,19.5,6.28,21.6,2,0,306.76,0
TEL-12645,West,Prepaid,Monthly,49,53.0,Feature,1,0,1.6,597,32,158.08,8788.32,1,35.3,2.24,24.1,7,0,177.88,0
TEL-12646,South,Postpaid,Two-Year,7,26.0,Smartphone-Premium,1,0,4.1,158,4,227.99,1713.26,1,16.5,1.95,18.3,6,0,241.32,0
TEL-12647,South,Postpaid,Annual,6,33.0,Smartphone-Budget,0,0,21.9,206,9,468.98,2910.34,1,55.5,2.28,25.0,20,0,459.79,0
TEL-12648,East,Postpaid,Annual,11,18.0,Smartphone-Premium,0,0,3.3,135,11,303.39,4824.3,3,39.0,1.89,28.8,18,0,456.9,0
TEL-12649,West,Prepaid,Monthly,40,35.0,Smartphone-Budget,0,1,15.0,440,12,437.14,16514.65,2,36.0,3.58,34.7,11,0,432.22,0
TEL-12650,South,Prepaid,Monthly,12,40.0,Smartphone-Premium,0,0,19.7,346,18,276.76,3687.5,0,0.0,0.95,41.2,21,0,296.12,0
TEL-12651,North,Postpaid,Annual,22,28.0,Smartphone-Premium,1,0,24.4,198,5,429.74,10224.1,1,26.1,1.39,37.7,2,0,462.52,0
TEL-12652,North,Prepaid,Monthly,32,46.0,Smartphone-Budget,0,0,17.8,466,18,289.06,12381.62,1,34.4,4.68,45.1,23,0,371.59,0
TEL-12653,Central,Prepaid,Monthly,1,34.0,Smartphone-Budget,1,0,2.8,245,10,156.42,152.44,0,0.0,3.51,11.5,13,1,147.73,1
TEL-12654,North,Prepaid,Monthly,57,45.0,Feature,0,0,2.3,533,41,175.43,8283.14,0,0.0,2.09,28.8,12,0,141.17,0
TEL-12655,South,Prepaid,Monthly,11,33.0,Smartphone-Premium,0,0,26.7,153,7,370.65,4478.51,0,0.0,4.2,32.9,5,1,398.72,1
TEL-12656,Central,Prepaid,Monthly,9,18.0,Smartphone-Premium,0,0,40.6,294,5,463.63,3982.03,1,21.8,1.21,32.7,22,0,446.11,1
TEL-12657,North,Postpaid,Annual,72,49.0,Smartphone-Budget,1,0,2.6,264,29,387.21,32132.89,2,18.1,0.8,22.2,8,0,438.95,0
TEL-12658,West,Prepaid,Monthly,9,31.0,Smartphone-Budget,0,0,3.1,196,12,224.86,1858.79,0,0.0,4.43,30.3,1,0,201.67,0
TEL-12659,West,Postpaid,Monthly,12,37.0,Smartphone-Budget,0,0,2.6,116,7,232.83,3077.83,1,30.6,1.33,20.8,7,1,262.32,1
TEL-12660,North,Prepaid,Monthly,11,29.0,Smartphone-Budget,0,1,6.4,171,8,319.98,3904.15,1,14.6,2.05,34.6,13,0,351.1,0
TEL-12661,West,Postpaid,Monthly,54,26.0,Smartphone-Premium,1,0,6.5,478,14,345.13,18541.76,0,0.0,1.92,34.5,4,1,352.43,0
TEL-12662,North,Postpaid,Monthly,9,23.0,Smartphone-Budget,0,0,3.7,122,5,272.42,2779.83,0,0.0,4.1,28.3,6,1,295.96,1
TEL-12663,South,Postpaid,Monthly,5,31.0,Smartphone-Premium,0,0,4.1,144,6,312.29,1833.66,1,8.2,0.85,31.0,10,0,364.03,0
TEL-12664,West,Postpaid,Annual,1,34.0,Smartphone-Budget,1,0,4.9,138,10,236.22,283.39,3,23.6,5.15,30.4,7,0,289.06,0
TEL-12665,North,Prepaid,Monthly,10,42.0,Smartphone-Budget,0,0,2.9,157,12,169.0,1761.24,0,0.0,8.5,27.8,14,1,181.03,1
TEL-12666,North,Postpaid,Two-Year,31,46.0,Smartphone-Budget,1,1,13.3,213,15,499.45,19363.18,0,0.0,3.51,28.8,27,0,621.78,0
TEL-12667,East,Prepaid,Monthly,1,27.0,Smartphone-Budget,0,0,5.9,135,10,98.83,106.98,0,0.0,1.48,32.8,16,0,103.92,0
TEL-12668,South,Postpaid,Annual,53,38.0,Smartphone-Premium,0,1,7.9,319,19,444.59,34875.86,0,0.0,1.34,38.3,1,0,678.89,0
TEL-12669,West,Prepaid,Monthly,34,31.0,Smartphone-Budget,0,0,16.5,217,12,275.34,11327.05,0,0.0,5.12,26.2,10,0,327.81,0
TEL-12670,East,Prepaid,Monthly,57,52.0,Smartphone-Premium,0,0,7.2,244,12,276.42,16973.47,0,0.0,4.31,18.0,4,0,320.78,0
TEL-12671,West,Prepaid,Annual,12,35.0,Smartphone-Budget,0,1,4.3,145,9,216.58,3242.16,1,22.4,3.37,31.2,5,0,269.29,0
TEL-12672,East,Prepaid,Monthly,65,67.0,Smartphone-Budget,0,0,1.7,452,29,201.91,10807.0,0,0.0,2.77,25.1,5,0,151.32,0
TEL-12673,North,Prepaid,Monthly,7,32.0,Smartphone-Premium,0,0,31.3,108,5,416.46,2972.13,0,0.0,2.73,25.8,9,0,409.73,0
TEL-12674,South,Postpaid,Monthly,36,34.0,Smartphone-Budget,1,1,19.3,275,8,586.88,23682.57,3,9.6,3.27,12.3,3,0,660.34,0
TEL-12675,West,Prepaid,Monthly,56,44.0,Smartphone-Premium,0,0,12.9,316,16,308.15,18508.05,1,3.9,2.48,25.2,22,0,311.33,0
TEL-12676,North,Postpaid,Annual,10,32.0,Smartphone-Budget,0,0,3.0,167,5,256.29,3075.91,0,0.0,3.13,22.1,19,0,309.62,0
TEL-12677,Central,Prepaid,Monthly,9,32.0,Feature,0,0,3.1,135,6,141.13,1620.16,0,0.0,3.26,13.8,19,0,182.32,1
TEL-12678,South,Prepaid,Monthly,6,32.0,Smartphone-Premium,0,0,17.7,176,5,236.31,1822.55,0,0.0,2.15,28.8,13,1,297.01,1
TEL-12679,West,Prepaid,Monthly,72,38.0,Smartphone-Budget,0,0,1.3,412,36,228.85,16861.69,1,53.7,0.75,29.1,15,0,274.23,0
TEL-12680,Central,Postpaid,Monthly,14,50.0,Smartphone-Budget,0,0,2.4,718,32,292.36,4281.18,1,30.0,2.47,18.0,33,0,284.18,0
TEL-12681,South,Prepaid,Monthly,21,27.0,Smartphone-Budget,0,0,29.8,194,3,369.41,7830.07,1,49.2,4.84,30.8,4,0,394.14,0
TEL-12682,East,Prepaid,Monthly,15,28.0,Smartphone-Premium,1,0,3.3,171,8,79.0,1424.08,1,53.1,1.07,28.5,11,0,90.15,0
TEL-12683,Central,Postpaid,Two-Year,37,20.0,Smartphone-Budget,1,1,11.0,445,14,548.3,22738.34,0,0.0,0.69,11.4,1,0,593.08,0
TEL-12684,North,Prepaid,Annual,7,36.0,Smartphone-Premium,0,0,34.7,156,7,413.83,2682.44,0,0.0,2.07,20.1,5,0,391.27,0
TEL-12685,Central,Prepaid,Monthly,72,75.0,Smartphone-Budget,0,0,2.3,785,26,212.12,19019.62,1,21.2,4.63,20.2,5,0,263.93,0
TEL-12686,South,Postpaid,Annual,10,26.0,Smartphone-Budget,0,1,2.1,75,8,383.69,5025.17,0,0.0,1.3,32.4,6,0,515.73,0
TEL-12687,South,Postpaid,Annual,5,32.0,Smartphone-Budget,1,0,3.2,146,9,256.43,1380.62,0,0.0,3.46,27.6,20,0,269.92,0
TEL-12688,West,Prepaid,Monthly,8,37.0,Smartphone-Budget,0,0,3.1,159,13,164.68,1288.89,1,11.0,7.22,17.7,11,0,160.92,0
TEL-12689,South,Prepaid,Monthly,4,18.0,Smartphone-Budget,0,0,3.9,153,13,170.22,632.57,2,44.3,4.42,21.7,19,0,155.33,0
TEL-12690,East,Postpaid,Annual,11,18.0,Smartphone-Premium,0,0,41.6,165,7,610.63,6557.88,0,0.0,1.4,25.7,7,0,605.32,0
TEL-12691,North,Postpaid,Monthly,45,,Smartphone-Budget,1,0,3.1,675,37,232.68,12040.78,0,0.0,4.37,5.6,13,0,257.83,0
TEL-12692,North,Postpaid,Monthly,72,69.0,Smartphone-Budget,0,0,2.3,660,33,334.45,21373.52,1,10.8,4.52,20.2,31,1,302.31,1
TEL-12693,East,Prepaid,Monthly,8,27.0,Smartphone-Budget,0,0,2.8,103,7,122.97,609.65,2,23.9,2.57,16.2,21,1,77.3,1
TEL-12694,East,Prepaid,Monthly,69,62.0,Smartphone-Budget,0,0,1.0,606,31,169.22,11082.21,0,0.0,3.66,30.3,17,0,175.7,0
TEL-12695,West,Prepaid,Annual,21,26.0,Smartphone-Budget,0,0,3.4,113,12,127.44,2486.29,1,11.5,5.66,32.4,8,0,118.58,0
TEL-12696,Central,Postpaid,Monthly,13,30.0,Smartphone-Budget,1,0,47.3,211,4,640.29,8837.69,1,13.2,5.26,2.4,1,1,667.78,1
TEL-12697,South,Prepaid,Annual,38,48.0,Smartphone-Premium,0,0,13.2,436,17,275.23,10179.75,0,0.0,4.88,22.6,31,0,273.61,0
TEL-12698,North,Postpaid,Annual,63,42.0,Smartphone-Budget,0,0,2.3,252,29,284.71,19905.99,1,54.8,3.87,33.4,25,0,305.26,0
TEL-12699,South,Prepaid,Annual,14,40.0,Smartphone-Budget,0,0,11.5,373,18,208.9,2663.98,1,29.5,2.43,29.6,1,0,199.86,0
TEL-12700,North,Postpaid,Annual,62,53.0,Smartphone-Premium,1,0,21.5,293,8,452.01,30557.59,2,24.4,6.5,39.7,23,0,465.27,0
TEL-12701,North,Postpaid,Two-Year,11,34.0,Feature,1,1,5.7,140,7,466.98,5247.22,0,0.0,4.04,29.3,12,0,484.15,0
TEL-12702,West,Prepaid,Annual,54,49.0,Smartphone-Budget,0,0,18.0,464,18,279.13,19028.41,0,0.0,3.71,25.7,10,0,370.07,0
TEL-12703,North,Prepaid,Monthly,16,36.0,Smartphone-Premium,0,0,12.5,367,16,226.54,4655.92,0,0.0,4.99,29.4,16,1,277.51,1
TEL-12704,North,Prepaid,Monthly,15,36.0,Smartphone-Budget,0,0,4.7,126,8,147.8,2872.73,1,33.2,1.03,29.7,14,0,185.15,0
TEL-12705,South,Prepaid,Monthly,16,27.0,Smartphone-Budget,0,1,3.2,131,8,259.0,5286.61,0,0.0,4.79,27.9,7,0,344.33,0
TEL-12706,East,Postpaid,Two-Year,8,20.0,Smartphone-Premium,0,0,4.7,144,15,272.87,2191.15,2,36.1,5.23,25.3,14,0,271.5,1
TEL-12707,Central,Prepaid,Monthly,31,,Smartphone-Budget,0,0,23.0,378,16,340.2,12042.28,0,0.0,5.49,13.9,5,0,394.93,0
TEL-12708,South,Postpaid,Monthly,40,55.0,Feature,0,0,1.4,554,36,362.97,14422.4,1,18.7,0.88,33.7,4,0,348.21,1
TEL-12709,West,Prepaid,Monthly,15,26.0,Smartphone-Premium,1,0,3.7,130,13,159.04,2536.55,0,0.0,7.74,25.0,7,0,165.22,0
TEL-12710,South,Prepaid,Monthly,9,34.0,Smartphone-Premium,0,0,30.7,289,7,348.67,3170.08,2,11.7,2.76,16.7,13,1,366.93,1
TEL-12711,West,Prepaid,Monthly,48,64.0,Smartphone-Budget,0,0,2.9,384,40,168.68,13477.8,0,0.0,3.86,28.2,27,0,283.36,0
TEL-12712,East,Prepaid,Annual,14,43.0,Smartphone-Premium,1,0,4.6,145,12,142.6,1960.64,1,2.5,9.09,23.0,7,1,134.52,1
TEL-12713,Central,Postpaid,Annual,4,28.0,Smartphone-Premium,1,0,4.5,168,9,318.17,1362.81,2,18.1,2.44,13.6,8,0,366.15,0
TEL-12714,West,Prepaid,Annual,52,42.0,Smartphone-Budget,0,0,19.5,336,14,284.15,16891.71,0,0.0,3.49,43.4,11,0,310.4,0
TEL-12715,North,Postpaid,Annual,57,37.0,Smartphone-Premium,0,0,20.6,505,15,456.34,28848.18,2,51.9,4.84,34.9,16,0,487.81,0
TEL-12716,East,Prepaid,Monthly,8,26.0,Smartphone-Premium,0,0,16.6,104,4,318.14,2638.97,3,36.1,1.55,30.3,42,0,320.85,1
TEL-12717,North,Postpaid,Annual,1,26.0,Smartphone-Budget,1,0,31.0,225,5,493.77,593.73,0,0.0,1.19,18.1,25,0,543.73,0
TEL-12718,East,Prepaid,Annual,49,56.0,Feature,0,1,4.1,580,33,372.28,22172.94,2,40.4,5.18,33.7,3,0,462.99,0
TEL-12719,North,Prepaid,Monthly,11,33.0,Smartphone-Budget,0,0,16.1,295,12,201.87,4711.89,2,18.1,2.17,31.6,52,0,414.06,0
TEL-12720,North,Postpaid,Annual,14,24.0,Smartphone-Premium,1,0,3.9,163,8,262.07,3795.73,2,1.9,2.71,11.3,4,0,262.44,0
TEL-12721,North,Prepaid,Monthly,16,23.0,Smartphone-Budget,0,1,2.0,248,17,264.21,6004.78,0,0.0,3.79,23.0,18,1,401.91,1
TEL-12722,North,Postpaid,Annual,21,59.0,Feature,1,0,1.6,464,30,227.0,3684.61,0,0.0,2.75,33.2,29,0,184.75,0
TEL-12723,South,Postpaid,Two-Year,13,20.0,Smartphone-Budget,1,0,4.4,116,12,242.4,2751.24,0,0.0,6.47,21.0,4,0,223.96,0
TEL-12724,Central,Prepaid,Monthly,17,27.0,Feature,0,0,1.2,180,8,105.87,4065.6,1,5.8,4.77,18.8,19,0,253.36,0
TEL-12725,East,Prepaid,Annual,15,19.0,Smartphone-Premium,0,0,4.0,124,13,106.53,1163.72,0,0.0,2.34,26.4,13,0,76.69,0
TEL-12726,East,Prepaid,Monthly,11,20.0,Smartphone-Premium,1,0,13.3,125,4,168.95,1942.66,1,16.8,2.44,39.3,4,1,170.17,1
TEL-12727,North,Prepaid,Annual,20,27.0,Smartphone-Budget,0,1,38.1,174,4,606.48,15407.25,0,0.0,1.96,29.3,15,0,783.98,0
TEL-12728,North,Prepaid,Monthly,9,34.0,Smartphone-Premium,1,0,3.3,199,11,114.28,1132.41,2,9.1,2.84,32.3,21,1,122.54,1
TEL-12729,East,Prepaid,Monthly,15,33.0,Smartphone-Premium,0,0,3.4,136,9,185.37,2865.53,1,57.0,1.34,20.1,20,1,186.54,1
TEL-12730,North,Postpaid,Annual,10,18.0,Smartphone-Premium,1,0,3.4,164,7,245.01,2426.32,0,0.0,3.66,21.6,38,0,243.69,0
TEL-12731,East,Prepaid,Monthly,8,27.0,Smartphone-Budget,0,0,3.8,246,7,122.74,1113.83,0,0.0,2.1,16.2,9,0,133.64,0
TEL-12732,South,Postpaid,Annual,27,21.0,Feature,0,0,24.5,274,13,448.94,13343.07,2,44.8,2.02,24.9,25,0,492.61,0
TEL-12733,South,Prepaid,Monthly,6,30.0,Smartphone-Premium,0,0,26.0,199,8,279.95,1628.42,0,0.0,2.09,29.0,47,0,276.1,0
TEL-12734,North,Prepaid,Monthly,32,28.0,Smartphone-Premium,1,0,18.4,217,11,284.5,10572.51,1,29.3,2.36,34.6,14,0,334.88,0
TEL-12735,North,Prepaid,Monthly,20,36.0,Feature,1,1,17.3,242,11,405.54,11142.46,3,24.5,4.64,45.0,9,0,563.36,0
TEL-12736,West,Prepaid,Monthly,5,26.0,Smartphone-Budget,0,0,3.9,137,9,126.87,528.17,1,25.2,4.85,23.5,8,1,114.62,1
TEL-12737,South,Prepaid,Monthly,2,32.0,Smartphone-Premium,0,0,3.3,235,6,94.7,252.54,1,34.6,1.43,22.2,10,0,129.88,0
TEL-12738,Central,Postpaid,Two-Year,27,39.0,Smartphone-Premium,1,0,18.8,524,12,480.81,13879.12,0,0.0,0.24,15.5,10,0,512.64,0
TEL-12739,West,Postpaid,Two-Year,32,56.0,Feature,1,0,3.7,702,38,291.72,11876.13,2,9.0,5.77,29.5,7,0,376.68,0
TEL-12740,North,Prepaid,Monthly,18,18.0,Smartphone-Premium,0,0,41.0,195,5,443.76,8364.15,0,0.0,2.81,10.4,7,0,468.48,0
TEL-12741,South,Postpaid,Annual,12,37.0,Smartphone-Budget,1,0,4.5,185,3,299.41,4013.2,0,0.0,12.35,38.2,12,1,327.65,1
TEL-12742,West,Prepaid,Monthly,29,54.0,Feature,0,0,1.8,359,27,229.72,6391.67,2,18.7,3.49,26.5,2,0,233.43,0
TEL-12743,South,Prepaid,Annual,7,29.0,Smartphone-Premium,0,0,38.7,207,5,451.87,3124.5,0,0.0,0.86,18.1,4,0,469.67,0
TEL-12744,Central,Prepaid,Monthly,19,18.0,Smartphone-Premium,0,0,41.6,154,9,484.41,9106.0,0,0.0,5.25,11.4,5,0,505.25,0
TEL-12745,North,Prepaid,Monthly,67,42.0,Smartphone-Premium,0,0,15.5,341,20,276.57,19360.93,1,26.5,0.94,25.2,4,1,293.79,1
TEL-12746,North,Prepaid,Monthly,69,48.0,Smartphone-Premium,0,1,22.1,407,17,427.97,30405.23,0,0.0,1.3,36.3,23,0,444.74,0
TEL-12747,West,Prepaid,Monthly,26,21.0,Smartphone-Budget,0,0,39.1,176,9,416.16,11080.8,0,0.0,0.96,16.3,8,0,436.24,0
TEL-12748,West,Prepaid,Monthly,2,30.0,Smartphone-Budget,0,0,4.1,183,13,112.0,459.32,0,0.0,2.87,29.5,15,1,229.01,1
TEL-12749,South,Postpaid,Monthly,11,24.0,Smartphone-Budget,0,0,6.7,163,5,271.31,3072.88,0,0.0,1.16,19.1,14,0,254.82,0
TEL-12750,North,Prepaid,Annual,2,28.0,Smartphone-Premium,1,0,44.0,167,12,479.3,959.79,1,24.2,2.75,6.6,6,0,470.07,0
TEL-12751,South,Postpaid,Annual,1,35.0,Smartphone-Premium,0,0,34.4,99,9,498.16,512.23,0,0.0,6.81,22.5,19,0,518.03,0
TEL-12752,South,Prepaid,Monthly,9,18.0,Smartphone-Premium,0,0,42.2,190,4,437.69,3937.17,1,60.7,1.99,38.5,11,0,463.73,0
TEL-12753,West,Prepaid,Monthly,1,20.0,Smartphone-Budget,0,0,3.3,157,8,165.38,175.49,0,0.0,3.97,20.8,8,0,177.53,1
TEL-12754,East,Prepaid,Monthly,59,47.0,Smartphone-Budget,1,1,26.9,282,17,526.51,36585.01,1,35.9,6.01,28.2,15,0,589.89,0
TEL-12755,West,Postpaid,Monthly,64,63.0,Feature,0,0,1.4,384,20,284.62,19000.49,2,16.4,5.23,40.8,2,0,296.39,0
TEL-12756,Central,Prepaid,Monthly,6,19.0,Smartphone-Budget,0,0,2.5,169,10,81.36,566.93,1,11.8,2.92,29.8,22,0,97.28,0
TEL-12757,South,Prepaid,Monthly,66,32.0,Smartphone-Budget,0,0,15.4,525,13,272.12,17236.42,0,0.0,3.43,21.7,27,0,254.58,0
TEL-12758,East,Postpaid,Monthly,15,27.0,Smartphone-Premium,0,0,2.5,161,12,277.75,4216.23,1,28.8,5.68,14.7,20,1,273.48,1
TEL-12759,North,Prepaid,Monthly,50,61.0,Feature,0,1,2.0,689,27,327.46,19760.59,0,0.0,4.56,26.9,5,0,405.7,0
TEL-12760,West,Postpaid,Monthly,20,39.0,Smartphone-Budget,1,0,4.0,166,7,271.24,5443.01,1,42.6,3.97,38.9,10,0,270.89,0
TEL-12761,North,Postpaid,Monthly,58,39.0,Feature,1,0,1.0,460,21,347.32,18466.42,3,15.0,6.06,28.9,23,0,335.9,0
TEL-12762,West,Postpaid,Monthly,5,53.0,Feature,1,0,3.2,549,27,313.39,1525.34,1,14.1,1.43,19.7,7,0,332.25,0
TEL-12763,Central,Postpaid,Two-Year,11,27.0,Smartphone-Premium,0,0,5.3,121,5,299.35,3950.06,0,0.0,7.68,13.5,5,0,348.56,0
TEL-12764,South,Postpaid,Annual,35,41.0,Smartphone-Budget,0,0,16.3,360,10,394.29,13877.32,1,9.7,8.36,22.6,19,0,430.41,0
TEL-12765,South,Postpaid,Annual,1,55.0,Feature,0,0,1.0,690,29,287.89,310.08,1,32.0,6.41,29.1,19,0,318.9,0
TEL-12766,East,Prepaid,Monthly,8,25.0,Smartphone-Premium,0,0,58.9,202,5,689.01,5961.18,1,17.3,5.06,17.7,8,1,733.2,1
TEL-12767,Central,Prepaid,Monthly,3,39.0,Smartphone-Budget,0,0,4.4,153,6,138.92,568.22,0,0.0,1.35,15.0,4,1,189.69,1
TEL-12768,South,Postpaid,Two-Year,7,29.0,Smartphone-Budget,0,0,3.7,192,8,249.91,3080.0,1,26.9,2.93,32.6,11,0,430.17,0
TEL-12769,East,Prepaid,Monthly,16,18.0,Smartphone-Budget,1,0,23.3,223,10,353.6,4998.02,1,22.5,1.37,35.2,10,0,326.93,0
TEL-12770,Central,Prepaid,Monthly,5,45.0,Smartphone-Premium,0,0,18.1,302,12,210.81,887.47,1,9.9,2.8,12.0,10,0,170.96,0
TEL-12771,West,Prepaid,Monthly,12,27.0,Smartphone-Budget,0,0,4.0,182,6,210.95,2370.75,0,0.0,3.99,29.8,12,0,191.6,0
TEL-12772,North,Prepaid,Monthly,37,53.0,Smartphone-Budget,0,0,1.2,674,30,121.51,3985.67,1,42.2,0.64,27.8,5,0,108.92,0
TEL-12773,North,Postpaid,Annual,15,19.0,Smartphone-Premium,1,1,66.7,198,6,963.64,15055.93,2,38.7,7.16,34.8,3,0,1006.58,0
TEL-12774,West,Prepaid,Annual,67,46.0,Feature,0,0,2.8,515,41,161.19,14490.57,1,24.5,0.23,26.6,35,0,217.51,0
TEL-12775,North,Postpaid,Monthly,27,55.0,Feature,0,0,1.2,568,28,292.25,6833.28,4,23.7,1.62,20.8,6,0,252.99,0
TEL-12776,South,Prepaid,Monthly,72,52.0,Feature,0,0,3.2,304,32,111.69,8576.26,2,14.4,4.67,34.4,20,0,126.38,0
TEL-12777,West,Prepaid,Annual,46,,Smartphone-Budget,0,0,18.7,303,17,330.09,21088.62,1,35.2,0.34,33.0,8,0,453.01,0
TEL-12778,East,Postpaid,Two-Year,43,38.0,Smartphone-Budget,1,0,28.5,252,13,553.88,23095.8,0,0.0,0.49,25.7,8,0,555.54,0
TEL-12779,West,Postpaid,Annual,11,36.0,Smartphone-Premium,1,1,39.0,176,4,700.87,7974.33,1,23.4,0.69,24.1,17,0,739.03,0
TEL-12780,East,Prepaid,Monthly,3,26.0,Smartphone-Premium,0,0,5.7,211,11,96.51,318.52,2,13.0,1.47,22.9,35,1,111.0,1
TEL-12781,North,Postpaid,Monthly,9,29.0,Smartphone-Premium,1,0,4.9,176,12,240.95,2103.29,1,5.9,1.73,37.9,10,1,245.26,1
TEL-12782,East,Prepaid,Monthly,63,64.0,Smartphone-Budget,0,0,17.9,321,12,247.82,22001.29,4,2.2,1.91,23.5,2,0,327.6,0
TEL-12783,West,Postpaid,Monthly,48,43.0,Smartphone-Budget,1,0,18.8,222,16,370.25,17333.64,1,11.3,0.83,42.6,6,0,355.84,0
TEL-12784,North,Postpaid,Monthly,60,34.0,Smartphone-Premium,0,0,13.7,248,20,379.41,23975.58,2,34.4,3.07,26.3,17,0,398.12,0
TEL-12785,West,Postpaid,Two-Year,36,44.0,Smartphone-Budget,0,0,19.4,373,16,413.35,14406.31,2,24.5,3.47,22.1,10,0,404.1,0
TEL-12786,West,Prepaid,Monthly,62,47.0,Smartphone-Budget,0,0,1.9,518,33,193.95,14031.62,0,0.0,1.2,17.5,22,0,224.19,0
TEL-12787,West,Postpaid,Two-Year,12,35.0,Smartphone-Premium,1,0,3.4,221,12,294.86,3658.12,0,0.0,2.11,32.9,4,0,326.77,0
TEL-12788,West,Postpaid,Annual,61,44.0,Smartphone-Premium,1,1,11.8,374,10,506.7,38394.82,0,0.0,4.11,31.1,3,1,644.5,0
TEL-12789,South,Postpaid,Annual,1,30.0,Smartphone-Premium,1,0,38.6,168,7,586.4,621.91,0,0.0,2.7,20.7,17,0,632.64,0
TEL-12790,South,Prepaid,Monthly,42,30.0,Smartphone-Premium,0,0,17.8,417,16,287.26,20115.61,0,0.0,2.09,20.1,8,0,467.33,0
TEL-12791,East,Prepaid,Monthly,2,30.0,Smartphone-Budget,0,0,3.6,151,6,189.54,437.49,0,0.0,3.34,19.6,1,0,210.59,0
TEL-12792,North,Prepaid,Monthly,8,29.0,Smartphone-Budget,0,0,4.6,122,7,167.31,2439.89,2,25.5,3.07,20.8,18,0,317.54,0
TEL-12793,East,Prepaid,Annual,38,39.0,Smartphone-Budget,0,0,25.5,167,16,345.21,14792.24,0,0.0,1.12,22.3,3,0,380.42,0
TEL-12794,North,Postpaid,Monthly,12,34.0,Smartphone-Premium,1,0,12.1,299,14,382.64,4164.75,1,31.9,1.82,30.9,3,0,370.29,0
TEL-12795,North,Prepaid,Monthly,13,27.0,Smartphone-Premium,0,0,4.9,119,12,114.69,1132.93,0,0.0,11.09,21.9,3,0,90.55,1
TEL-12796,East,Prepaid,Monthly,40,54.0,Smartphone-Budget,0,1,12.1,251,19,443.11,25835.22,0,0.0,3.84,34.6,16,0,623.84,0
TEL-12797,West,Postpaid,Annual,1,28.0,Smartphone-Budget,0,0,4.6,141,11,246.97,234.21,0,0.0,1.81,32.0,10,0,233.1,0
TEL-12798,West,Prepaid,Monthly,14,31.0,Smartphone-Budget,0,0,3.6,168,14,171.71,1917.41,0,0.0,5.74,25.5,13,0,146.89,0
TEL-12799,West,Postpaid,Annual,22,34.0,Smartphone-Premium,0,0,43.2,166,5,590.58,14589.29,1,10.9,5.31,21.5,4,0,653.84,0
TEL-12800,South,Postpaid,Monthly,32,69.0,Feature,1,0,4.1,667,25,384.96,15740.85,0,0.0,4.44,33.4,8,0,489.4,0
TEL-12801,North,Prepaid,Monthly,14,18.0,Smartphone-Budget,0,0,4.2,87,10,88.45,1049.01,1,17.3,1.8,23.4,5,0,76.88,0
TEL-12802,Central,Prepaid,Monthly,24,31.0,Smartphone-Premium,0,0,41.5,136,4,498.69,13026.47,1,11.7,0.73,5.9,34,0,561.67,0
TEL-12803,Central,Postpaid,Monthly,72,60.0,Smartphone-Budget,0,0,2.2,539,34,272.44,17263.04,2,11.8,1.83,6.0,20,0,262.14,0
TEL-12804,East,Prepaid,Monthly,56,68.0,Feature,0,0,1.9,308,38,157.72,12523.54,1,15.4,1.9,19.9,25,0,212.36,0
TEL-12805,Central,Prepaid,Annual,24,27.0,Smartphone-Budget,0,0,19.0,206,4,294.42,10284.28,0,0.0,1.43,7.3,23,0,451.24,0
TEL-12806,North,Prepaid,Monthly,31,45.0,Feature,0,1,1.7,282,32,304.3,11408.01,1,6.0,1.42,33.6,30,0,376.38,0
TEL-12807,North,Postpaid,Two-Year,31,56.0,Feature,1,0,2.9,465,31,256.19,9321.52,0,0.0,1.94,28.2,10,0,307.1,0
TEL-12808,East,Prepaid,Monthly,16,64.0,Smartphone-Budget,1,0,1.9,580,30,194.75,3432.23,1,28.3,2.02,29.9,15,1,201.78,1
TEL-12809,North,Prepaid,Monthly,2,33.0,Smartphone-Budget,0,1,11.7,326,17,370.76,875.16,1,8.5,4.35,42.8,35,1,460.74,1
TEL-12810,East,Prepaid,Monthly,6,21.0,Smartphone-Budget,0,0,22.8,195,4,314.64,1898.67,1,32.9,4.0,41.4,4,0,319.33,0
TEL-12811,East,Prepaid,Monthly,12,32.0,Smartphone-Premium,0,1,4.2,154,7,352.24,4857.42,1,36.2,1.95,26.1,7,0,378.91,0
TEL-12812,North,Postpaid,Monthly,23,27.0,Smartphone-Budget,1,0,1.6,185,10,205.6,5800.23,0,0.0,5.15,17.7,21,0,245.72,0
TEL-12813,South,Postpaid,Monthly,25,40.0,Smartphone-Premium,1,0,27.0,362,11,555.64,15332.93,0,0.0,1.18,32.1,14,0,629.5,0
TEL-12814,South,Prepaid,Monthly,39,37.0,Smartphone-Premium,0,0,14.5,266,17,272.3,13239.21,2,18.4,3.34,36.7,0,0,323.41,0
TEL-12815,South,Postpaid,Two-Year,21,45.0,Smartphone-Budget,1,0,5.3,236,26,336.31,7507.23,3,54.1,0.52,35.6,7,0,357.95,0
TEL-12816,South,Prepaid,Monthly,62,,Smartphone-Premium,0,1,7.4,328,15,359.63,29471.0,1,26.6,4.41,28.5,6,1,482.6,1
TEL-12817,Central,Prepaid,Annual,43,47.0,Smartphone-Budget,1,1,7.4,284,10,317.94,27989.5,1,8.7,7.91,6.3,11,0,646.02,0
TEL-12818,West,Prepaid,Monthly,40,61.0,Feature,0,0,1.9,731,39,201.44,7058.9,0,0.0,2.62,30.7,17,0,177.31,0
TEL-12819,East,Prepaid,Monthly,72,60.0,Smartphone-Budget,0,0,2.6,529,36,187.38,20261.48,0,0.0,1.29,16.4,14,0,272.73,0
TEL-12820,West,Prepaid,Monthly,36,54.0,Smartphone-Budget,0,0,16.9,254,13,252.88,6605.59,0,0.0,1.51,26.2,15,0,203.16,0
TEL-12821,West,Prepaid,Annual,11,55.0,Smartphone-Premium,1,1,10.6,322,17,354.26,5397.7,0,0.0,3.69,34.1,24,0,481.04,0
TEL-12822,West,Postpaid,Monthly,5,35.0,Smartphone-Budget,0,0,5.5,156,16,289.35,1489.15,1,18.7,2.01,23.2,11,1,301.81,1
TEL-12823,East,Postpaid,Monthly,66,59.0,Smartphone-Budget,0,0,3.0,603,34,280.63,20416.24,1,89.0,3.2,35.0,8,0,306.92,0
TEL-12824,South,Prepaid,Monthly,1,54.0,Smartphone-Budget,1,1,18.8,548,15,437.44,430.18,1,42.6,11.61,27.9,1,1,440.93,1
TEL-12825,West,Postpaid,Monthly,11,32.0,Smartphone-Budget,1,0,4.5,111,10,331.6,4352.13,1,19.4,5.11,15.6,13,0,403.06,0
TEL-12826,East,Postpaid,Annual,42,42.0,Smartphone-Budget,0,1,12.7,339,13,534.69,36611.29,0,0.0,4.81,31.1,2,0,847.3,0
TEL-12827,East,Prepaid,Monthly,25,59.0,Smartphone-Budget,1,0,3.2,500,28,183.03,4841.95,0,0.0,1.12,28.7,13,0,197.01,0
TEL-12828,East,Prepaid,Monthly,15,40.0,Smartphone-Budget,0,0,1.7,618,37,231.32,3328.52,0,0.0,3.1,19.4,11,0,229.16,0
TEL-12829,South,Prepaid,Monthly,32,49.0,Smartphone-Premium,0,0,17.2,324,7,261.88,7796.54,0,0.0,3.04,31.1,12,0,237.32,0
TEL-12830,North,Prepaid,Monthly,7,35.0,Smartphone-Premium,0,0,51.7,222,8,569.01,4352.76,1,22.2,1.35,24.6,23,0,649.05,0
TEL-12831,East,Prepaid,Monthly,9,21.0,Smartphone-Budget,0,0,5.5,196,11,132.59,1729.44,0,0.0,4.2,24.6,14,0,194.03,0
TEL-12832,South,Prepaid,Monthly,56,42.0,Smartphone-Premium,0,0,24.7,236,18,280.17,17833.61,1,34.1,2.45,35.0,5,0,319.25,0
TEL-12833,Central,Prepaid,Monthly,13,25.0,Smartphone-Premium,0,1,1.3,136,9,251.44,3478.99,0,0.0,2.31,24.6,12,0,265.67,0
TEL-12834,West,Postpaid,Monthly,5,27.0,Smartphone-Premium,1,0,5.4,78,9,267.79,1245.39,2,5.4,4.31,43.2,19,0,250.45,0
TEL-12835,Central,Prepaid,Monthly,10,40.0,Smartphone-Premium,0,0,5.6,163,3,178.56,1944.45,2,7.1,1.49,10.9,10,1,192.12,1
TEL-12836,North,Postpaid,Annual,5,44.0,Smartphone-Budget,1,0,3.0,157,7,303.99,1469.2,1,15.3,3.36,15.1,30,1,315.76,1
TEL-12837,West,Prepaid,Annual,27,52.0,Feature,1,0,1.9,599,35,170.03,4568.59,1,27.4,2.35,34.2,18,0,170.03,0
TEL-12838,West,Prepaid,Monthly,9,35.0,Feature,0,0,4.8,135,11,165.61,1450.41,0,0.0,6.4,27.3,11,1,171.7,1
TEL-12839,North,Prepaid,Annual,7,18.0,Smartphone-Premium,1,0,17.4,231,4,320.01,2273.58,1,26.7,3.85,28.5,1,0,313.4,0
TEL-12840,West,Prepaid,Monthly,21,30.0,Smartphone-Premium,0,1,29.0,136,6,487.01,12674.89,0,0.0,1.46,25.5,4,0,600.17,0
TEL-12841,West,Postpaid,Annual,1,19.0,Smartphone-Premium,1,0,43.2,202,3,635.34,676.15,1,11.7,9.8,13.0,39,1,662.08,1
TEL-12842,Central,Prepaid,Annual,9,18.0,Smartphone-Premium,0,0,36.7,90,4,406.23,3465.39,0,0.0,4.52,12.3,12,0,389.09,0
TEL-12843,South,Postpaid,Annual,1,35.0,Smartphone-Budget,1,1,16.7,259,16,534.66,641.93,0,0.0,3.58,29.3,3,0,628.43,0
TEL-12844,West,Prepaid,Monthly,25,18.0,Smartphone-Budget,0,0,40.9,265,3,490.37,12759.14,1,22.7,3.55,13.2,12,0,522.74,0
TEL-12845,East,Prepaid,Monthly,41,51.0,Feature,0,0,2.3,385,35,190.66,6761.27,1,46.1,2.6,13.6,9,0,171.39,0
TEL-12846,West,Prepaid,Monthly,26,35.0,Smartphone-Budget,1,0,19.7,303,15,280.11,7126.41,0,0.0,2.55,38.0,12,0,263.76,0
TEL-12847,East,Postpaid,Monthly,12,24.0,Smartphone-Budget,0,0,4.7,87,9,185.84,2194.43,2,70.0,4.94,30.9,14,1,189.62,1
TEL-12848,South,Postpaid,Monthly,35,63.0,Smartphone-Premium,1,0,14.6,425,12,424.22,16343.68,0,0.0,3.68,27.3,1,0,462.25,0
TEL-12849,West,Prepaid,Monthly,72,41.0,Smartphone-Premium,0,0,20.6,476,12,284.74,22006.79,0,0.0,1.4,24.7,10,0,295.36,0
TEL-12850,South,Postpaid,Annual,14,59.0,Feature,0,0,1.5,587,39,324.05,5113.16,1,38.6,7.61,34.5,7,0,354.84,0
TEL-12851,North,Prepaid,Monthly,13,30.0,Smartphone-Premium,0,0,2.0,251,7,159.83,2427.97,1,33.4,2.39,16.5,15,0,185.95,0
TEL-12852,Central,Prepaid,Annual,40,31.0,Smartphone-Premium,0,0,7.8,454,13,300.7,15876.2,1,5.5,1.3,5.5,16,0,391.7,0
TEL-12853,South,Prepaid,Annual,7,29.0,Smartphone-Budget,1,0,2.7,107,5,79.0,882.79,0,0.0,4.13,25.0,16,1,125.82,1
TEL-12854,North,Prepaid,Monthly,72,56.0,Feature,1,0,2.9,510,43,129.15,15627.28,0,0.0,1.54,32.7,13,0,201.54,0
TEL-12855,Central,Prepaid,Monthly,66,59.0,Feature,1,0,3.2,451,37,241.57,15019.98,1,13.5,2.21,19.0,11,0,236.25,0
TEL-12856,East,Prepaid,Annual,34,54.0,Feature,0,1,2.6,299,35,329.44,10519.97,0,0.0,2.07,27.9,14,0,318.68,0
TEL-12857,Central,Prepaid,Monthly,72,37.0,Smartphone-Premium,0,0,7.8,175,13,169.2,11438.0,2,7.9,1.73,29.9,4,0,155.61,0
TEL-12858,South,Prepaid,Monthly,9,39.0,Smartphone-Budget,0,0,1.6,93,10,117.61,1080.78,2,19.7,4.97,36.2,7,0,113.13,0
TEL-12859,East,Postpaid,Monthly,16,39.0,Smartphone-Premium,0,0,47.7,163,7,662.08,11088.17,2,35.9,7.64,28.8,16,1,696.71,1
TEL-12860,South,Postpaid,Monthly,52,42.0,Smartphone-Premium,1,0,27.7,282,19,543.1,34493.81,1,14.8,4.45,29.5,33,0,574.0,0
TEL-12861,South,Prepaid,Monthly,5,32.0,Smartphone-Budget,1,0,40.5,236,6,437.29,2338.54,0,0.0,1.02,28.0,3,0,476.17,0
TEL-12862,South,Prepaid,Monthly,11,18.0,Smartphone-Premium,0,0,36.5,166,9,402.96,4557.44,1,28.1,0.65,29.1,14,0,404.68,0
TEL-12863,North,Postpaid,Monthly,10,19.0,Smartphone-Budget,0,1,3.6,101,15,422.85,5554.88,2,45.6,3.23,22.4,5,0,532.52,0
TEL-12864,North,Prepaid,Monthly,47,34.0,Smartphone-Premium,0,0,15.6,246,16,256.05,14661.38,0,0.0,5.85,37.7,11,0,295.94,0
TEL-12865,West,Prepaid,Monthly,15,25.0,Smartphone-Premium,1,0,6.9,109,6,178.03,2753.88,1,11.1,2.21,22.6,9,0,183.8,0
TEL-12866,East,Postpaid,Two-Year,8,32.0,Smartphone-Premium,0,0,5.4,100,13,291.88,2526.35,2,21.3,2.26,32.8,3,0,307.54,0
TEL-12867,South,Prepaid,Monthly,4,44.0,Smartphone-Budget,0,0,31.0,252,4,471.88,2376.04,0,0.0,2.8,22.5,2,1,612.56,1
TEL-12868,North,Prepaid,Monthly,24,52.0,Smartphone-Budget,0,0,26.6,270,11,341.89,7977.87,1,18.4,7.83,21.4,13,1,365.6,1
TEL-12869,South,Prepaid,Monthly,9,40.0,Smartphone-Budget,0,1,5.5,177,8,303.53,3351.65,2,8.5,5.9,36.6,13,1,367.8,1
TEL-12870,East,Postpaid,Monthly,5,21.0,Smartphone-Premium,0,0,31.9,177,10,519.52,2653.11,1,75.7,3.0,33.4,11,0,535.34,0
TEL-12871,West,Prepaid,Monthly,7,44.0,Smartphone-Budget,0,0,3.3,132,8,121.87,944.67,1,44.3,4.18,22.3,13,0,133.98,1
TEL-12872,North,Prepaid,Monthly,32,34.0,Feature,0,0,14.7,337,10,254.08,7867.0,1,5.8,2.27,,18,0,242.19,0
TEL-12873,North,Prepaid,Monthly,19,50.0,Feature,0,0,2.1,641,32,162.53,4008.81,2,21.0,3.52,26.3,19,0,201.14,0
TEL-12874,West,Prepaid,Annual,11,32.0,Smartphone-Budget,0,1,35.3,182,5,558.78,6142.47,1,19.5,2.28,29.1,9,0,562.42,0
TEL-12875,North,Postpaid,Two-Year,13,33.0,Smartphone-Budget,0,0,3.4,153,5,299.01,5934.79,2,20.7,1.04,13.4,14,0,441.99,0
TEL-12876,South,Prepaid,Monthly,12,35.0,Feature,0,0,3.1,148,7,170.77,2120.38,1,44.2,0.79,,19,0,185.33,0
TEL-12877,North,Postpaid,Monthly,18,32.0,Smartphone-Budget,0,0,44.6,162,6,641.38,11452.1,1,19.2,4.74,28.1,2,0,630.42,0
TEL-12878,North,Postpaid,Annual,57,55.0,Feature,1,0,2.8,573,31,291.17,25066.66,2,26.4,1.1,23.7,4,0,434.11,0
TEL-12879,Central,Postpaid,Monthly,5,18.0,Smartphone-Premium,0,0,9.5,209,5,269.08,1617.05,0,0.0,2.74,9.2,20,1,309.78,1
TEL-12880,Central,Prepaid,Annual,8,32.0,Smartphone-Budget,0,0,4.8,142,9,173.59,1581.59,0,0.0,1.55,17.9,1,0,192.44,0
TEL-12881,Central,Postpaid,Annual,72,49.0,Smartphone-Budget,0,0,1.8,501,31,328.28,27789.71,1,29.8,7.87,13.6,10,0,389.58,0
TEL-12882,East,Prepaid,Monthly,15,22.0,Smartphone-Premium,0,0,3.9,176,14,200.65,3430.3,0,0.0,1.76,24.0,32,0,240.17,0
TEL-12883,West,Prepaid,Monthly,54,57.0,Smartphone-Budget,0,0,3.2,737,35,203.69,13093.56,0,0.0,1.48,26.5,15,0,256.48,0
TEL-12884,North,Postpaid,Monthly,12,33.0,Smartphone-Premium,1,1,5.5,166,9,410.94,5512.41,1,33.0,3.96,28.6,8,1,456.37,1
TEL-12885,West,Postpaid,Two-Year,10,24.0,Smartphone-Premium,1,0,3.3,188,10,250.12,2425.26,3,16.0,2.81,29.4,12,0,253.51,0
TEL-12886,North,Postpaid,Annual,22,18.0,Smartphone-Budget,1,1,18.2,283,4,520.83,12964.71,0,0.0,1.95,38.7,20,0,545.81,0
TEL-12887,Central,Prepaid,Monthly,5,21.0,Smartphone-Premium,0,0,3.7,100,5,101.86,399.36,1,21.8,0.6,7.5,22,1,79.42,1
TEL-12888,West,Postpaid,Monthly,7,35.0,Smartphone-Budget,0,0,5.9,98,11,248.39,1765.52,0,0.0,1.49,29.8,11,0,258.26,0
TEL-12889,Central,Prepaid,Monthly,1,31.0,Smartphone-Premium,0,0,16.0,200,7,214.59,249.26,0,0.0,6.36,2.6,7,0,251.08,0
TEL-12890,East,Prepaid,Monthly,4,20.0,Smartphone-Budget,0,0,3.5,157,11,116.93,505.77,2,14.3,4.43,19.1,5,1,126.48,1
TEL-12891,West,Prepaid,Monthly,68,40.0,Smartphone-Premium,0,0,11.5,365,16,274.37,22613.83,0,0.0,3.47,24.6,10,0,327.31,0
TEL-12892,North,Postpaid,Two-Year,1,21.0,Smartphone-Budget,1,0,3.8,194,12,336.82,381.52,0,0.0,3.72,31.3,13,0,383.86,0
TEL-12893,North,Prepaid,Monthly,16,18.0,Smartphone-Budget,0,0,3.6,138,8,112.52,2828.4,1,12.8,1.15,28.4,33,1,182.68,1
TEL-12894,West,Prepaid,Monthly,11,31.0,Smartphone-Premium,0,0,18.7,360,18,360.1,4183.15,0,0.0,6.75,46.9,8,0,384.9,0
TEL-12895,South,Prepaid,Monthly,16,18.0,Smartphone-Budget,1,1,4.0,115,6,296.46,5244.68,1,35.0,5.26,28.5,12,0,346.51,0
TEL-12896,East,Postpaid,Monthly,56,37.0,Smartphone-Premium,1,0,11.3,341,15,377.72,19088.7,0,0.0,2.62,36.6,7,0,372.39,0
TEL-12897,South,Prepaid,Monthly,10,18.0,Smartphone-Premium,1,0,37.0,181,6,393.61,3934.33,0,0.0,8.78,9.7,13,0,396.94,0
TEL-12898,South,Prepaid,Monthly,8,29.0,Smartphone-Premium,0,0,38.7,141,8,450.72,3746.6,0,0.0,2.88,21.4,8,0,489.81,0
TEL-12899,West,Prepaid,Monthly,13,32.0,Smartphone-Budget,0,0,2.7,231,5,127.66,1588.22,0,0.0,0.61,22.3,20,0,130.16,0
TEL-12900,South,Postpaid,Monthly,14,18.0,Smartphone-Premium,1,0,15.9,193,6,375.53,5063.07,0,0.0,2.62,21.3,6,0,375.55,0
TEL-12901,North,Postpaid,Two-Year,8,19.0,Smartphone-Premium,1,0,25.1,226,4,455.61,4312.08,0,0.0,1.69,19.0,13,1,543.88,0
TEL-12902,South,Prepaid,Monthly,11,40.0,Smartphone-Premium,0,0,3.9,210,10,173.29,2835.09,0,0.0,3.31,35.2,7,0,247.48,0
TEL-12903,South,Postpaid,Monthly,10,18.0,Smartphone-Budget,1,0,4.2,160,10,299.88,3149.57,1,27.4,2.01,20.2,5,0,306.57,0
TEL-12904,West,Prepaid,Monthly,34,51.0,Feature,0,0,13.2,289,15,288.05,9999.06,4,16.5,2.69,24.4,7,0,311.16,0
TEL-12905,East,Postpaid,Annual,11,36.0,Smartphone-Budget,1,0,42.1,74,7,611.89,6973.64,1,10.2,2.47,2.6,39,0,637.6,0
TEL-12906,North,Prepaid,Monthly,11,41.0,Smartphone-Budget,0,0,17.9,300,24,284.71,3035.64,0,0.0,0.89,23.7,2,1,267.44,0
TEL-12907,West,Postpaid,Monthly,17,24.0,Smartphone-Budget,0,0,15.7,259,2,361.98,6947.75,1,87.9,3.63,27.0,1,1,387.72,1
TEL-12908,Central,Prepaid,Annual,23,46.0,Feature,0,0,19.9,351,18,286.45,7564.14,0,0.0,2.32,14.8,22,0,313.44,0
TEL-12909,West,Postpaid,Monthly,13,60.0,Feature,1,0,2.8,489,40,322.47,4803.27,1,15.7,1.87,20.2,16,0,366.42,0
TEL-12910,North,Prepaid,Annual,27,38.0,Smartphone-Budget,0,0,1.4,539,31,140.59,3690.36,0,0.0,4.03,34.8,7,0,131.61,0
TEL-12911,East,Prepaid,Monthly,34,59.0,Smartphone-Budget,0,0,1.4,342,30,186.43,5920.46,1,16.2,3.24,38.4,16,1,172.17,1
TEL-12912,North,Prepaid,Monthly,17,45.0,Smartphone-Premium,0,0,3.8,86,6,113.39,3548.14,1,7.8,7.95,22.2,9,0,212.85,0
TEL-12913,North,Postpaid,Annual,1,24.0,Smartphone-Budget,0,0,2.0,89,8,196.48,262.51,0,0.0,3.3,30.1,8,0,255.33,0
TEL-12914,East,Prepaid,Monthly,2,52.0,Smartphone-Premium,0,0,5.8,190,7,211.36,364.48,0,0.0,1.86,23.6,7,1,188.88,1
TEL-12915,South,Postpaid,Monthly,22,33.0,Smartphone-Budget,0,1,13.4,298,18,508.79,10689.06,1,24.0,9.02,28.2,18,1,485.52,1
TEL-12916,South,Postpaid,Annual,12,28.0,Smartphone-Premium,0,0,7.4,128,12,249.21,3428.66,0,0.0,4.89,34.1,9,0,287.08,0
TEL-12917,South,Prepaid,Annual,49,43.0,Smartphone-Premium,0,1,23.2,268,19,481.2,23903.41,1,58.9,2.46,33.0,12,1,495.24,1
TEL-12918,North,Prepaid,Monthly,10,40.0,Smartphone-Premium,0,0,3.1,120,3,88.01,1148.62,2,27.2,5.76,18.6,13,1,115.14,1
TEL-12919,South,Postpaid,Annual,9,25.0,Smartphone-Budget,1,0,4.4,120,11,346.48,3658.88,2,26.1,2.94,27.7,17,0,398.04,0
TEL-12920,East,Prepaid,Monthly,65,47.0,Smartphone-Budget,0,0,10.5,231,15,202.2,16884.86,2,60.6,0.9,30.9,11,0,250.83,0
TEL-12921,East,Prepaid,Monthly,11,18.0,Smartphone-Premium,0,0,21.8,178,9,381.59,4332.42,0,0.0,8.58,22.4,20,0,402.54,1
TEL-12922,West,Prepaid,Monthly,14,44.0,Smartphone-Budget,0,0,19.1,423,7,319.62,4272.69,1,21.9,4.48,32.7,7,0,324.75,1
TEL-12923,West,Prepaid,Monthly,10,22.0,Smartphone-Budget,0,0,4.1,166,6,122.17,1557.29,3,21.6,2.56,17.4,10,0,152.43,0
TEL-12924,South,Prepaid,Monthly,72,54.0,Feature,1,0,1.6,910,31,224.76,20340.87,0,0.0,3.13,14.4,25,0,274.11,0
TEL-12925,Central,Postpaid,Two-Year,31,60.0,Feature,1,0,1.9,638,34,317.28,12843.98,1,14.2,5.62,16.4,11,0,406.97,0
TEL-12926,West,Prepaid,Monthly,1,33.0,Feature,0,0,3.9,121,7,138.37,121.81,0,0.0,2.36,34.0,26,0,127.82,0
TEL-12927,Central,Prepaid,Monthly,10,25.0,Smartphone-Premium,0,0,6.0,159,5,139.76,1701.47,0,0.0,1.77,1.2,22,0,168.28,0
TEL-12928,West,Prepaid,Monthly,18,26.0,Smartphone-Budget,0,0,4.2,181,5,177.25,5271.68,0,0.0,0.36,14.0,6,1,265.21,1
TEL-12929,West,Prepaid,Monthly,42,47.0,Smartphone-Premium,0,0,19.9,317,13,269.59,11625.09,1,19.5,1.5,33.8,33,0,284.74,0
TEL-12930,East,Postpaid,Two-Year,15,39.0,Smartphone-Budget,0,0,2.4,166,8,198.28,4379.02,1,23.1,1.13,20.9,23,0,285.03,0
TEL-12931,North,Prepaid,Monthly,14,37.0,Smartphone-Budget,0,0,4.2,221,8,146.26,2018.55,0,0.0,3.57,25.9,22,1,149.11,1
TEL-12932,Central,Prepaid,Annual,9,25.0,Feature,0,1,1.0,180,5,254.59,2825.77,1,24.4,7.38,7.8,34,0,317.43,0
TEL-12933,Central,Postpaid,Monthly,72,64.0,Smartphone-Budget,1,0,1.4,417,34,279.68,19785.27,2,30.4,10.16,18.9,14,1,270.56,1
TEL-12934,East,Postpaid,Monthly,7,20.0,Smartphone-Budget,0,0,3.2,81,6,318.15,2202.35,1,55.9,0.98,7.2,8,0,316.46,0
TEL-12935,South,Prepaid,Monthly,24,25.0,Smartphone-Premium,0,0,19.0,163,4,254.06,6525.8,0,0.0,8.09,25.7,4,0,257.69,1
TEL-12936,Central,Prepaid,Monthly,6,24.0,Smartphone-Premium,0,0,3.7,213,7,94.55,984.83,1,9.5,3.35,18.7,13,0,167.55,0
TEL-12937,South,Prepaid,Monthly,26,18.0,Smartphone-Premium,1,0,16.6,177,4,303.31,7428.7,1,28.6,4.59,13.1,18,1,297.62,1
TEL-12938,North,Postpaid,Monthly,10,30.0,Smartphone-Premium,1,0,39.3,268,3,672.47,6390.0,1,11.0,1.23,26.1,23,0,646.87,0
TEL-12939,East,Postpaid,Two-Year,31,54.0,Smartphone-Budget,1,0,2.8,532,33,301.67,10496.65,2,63.1,0.73,25.1,19,1,335.42,1
TEL-12940,West,Prepaid,Monthly,6,30.0,Smartphone-Budget,0,0,31.7,159,4,380.87,2375.0,3,15.7,2.55,15.3,7,1,373.54,1
TEL-12941,North,Prepaid,Monthly,38,40.0,Smartphone-Budget,0,0,15.7,473,12,319.91,12561.99,0,0.0,0.66,30.6,2,0,341.7,0
TEL-12942,South,Postpaid,Two-Year,58,43.0,Smartphone-Budget,1,0,1.7,631,28,366.55,28676.23,0,0.0,0.43,13.9,12,0,489.95,0
TEL-12943,South,Postpaid,Annual,42,47.0,Smartphone-Budget,1,0,2.7,547,36,270.33,10903.39,0,0.0,2.7,28.0,12,0,256.22,0
TEL-12944,East,Postpaid,Two-Year,36,39.0,Smartphone-Budget,0,0,20.0,316,15,327.23,16559.98,1,17.8,2.66,27.3,6,0,454.41,0
TEL-12945,West,Prepaid,Monthly,13,36.0,Smartphone-Premium,0,0,3.2,130,12,135.44,2388.27,0,0.0,9.5,15.4,9,1,179.03,1
TEL-12946,West,Prepaid,Monthly,12,21.0,Smartphone-Premium,0,0,4.1,139,7,183.39,2057.31,0,0.0,4.31,37.7,4,0,176.65,0
TEL-12947,North,Prepaid,Monthly,18,18.0,Smartphone-Premium,0,0,25.8,227,6,352.84,8763.16,0,0.0,5.79,33.6,11,0,490.43,0
TEL-12948,South,Prepaid,Monthly,6,41.0,Smartphone-Budget,0,0,24.9,145,7,335.54,1918.11,0,0.0,10.03,20.5,9,0,318.9,0
TEL-12949,East,Postpaid,Annual,22,45.0,Smartphone-Premium,0,1,18.5,407,18,629.92,20193.99,1,49.0,0.44,27.6,16,0,877.81,0
TEL-12950,West,Prepaid,Monthly,11,37.0,Smartphone-Premium,0,0,18.3,216,4,297.72,3977.9,0,0.0,2.72,33.8,10,0,364.72,0
TEL-12951,South,Prepaid,Monthly,22,18.0,Smartphone-Budget,0,0,28.5,142,5,388.59,11106.8,0,0.0,2.29,29.8,18,0,477.14,0
TEL-12952,West,Postpaid,Monthly,31,60.0,Smartphone-Premium,0,0,10.4,396,17,359.23,10817.97,3,38.2,2.4,30.4,7,0,346.54,0
TEL-12953,East,Prepaid,Monthly,30,28.0,Smartphone-Premium,1,0,41.7,205,2,511.26,14791.72,1,10.6,5.83,28.4,18,1,518.61,1
TEL-12954,East,Postpaid,Monthly,72,30.0,Feature,0,0,12.6,345,13,397.24,32300.0,2,101.5,5.08,33.2,12,0,451.84,1
TEL-12955,West,Postpaid,Two-Year,20,25.0,Smartphone-Premium,1,0,4.7,155,10,305.53,9984.24,2,30.1,2.95,26.6,2,0,485.26,0
TEL-12956,South,Prepaid,Monthly,5,40.0,Smartphone-Budget,0,1,38.4,234,9,680.95,3795.89,4,13.7,5.38,34.4,13,1,749.22,1
TEL-12957,West,Postpaid,Monthly,9,24.0,Smartphone-Premium,0,0,4.1,141,11,244.93,2328.77,0,0.0,3.34,22.0,17,0,248.68,0
TEL-12958,West,Postpaid,Annual,44,50.0,Smartphone-Budget,1,0,0.9,571,42,273.48,12647.77,3,14.2,0.57,32.7,14,0,294.04,0
TEL-12959,North,Prepaid,Monthly,10,18.0,Smartphone-Budget,0,0,1.6,154,7,152.32,1429.6,1,63.2,1.35,16.9,18,1,135.63,1
TEL-12960,West,Prepaid,Monthly,4,34.0,Smartphone-Budget,0,0,4.6,131,11,120.93,505.64,1,3.2,1.34,27.8,38,0,125.21,0
TEL-12961,Central,Prepaid,Monthly,17,48.0,Smartphone-Budget,0,0,3.2,544,28,163.25,3409.67,0,0.0,5.59,9.2,5,0,192.82,0
TEL-12962,South,Postpaid,Monthly,15,46.0,Smartphone-Premium,1,0,44.9,223,9,604.42,9621.3,2,32.3,3.31,29.2,17,0,664.5,0
TEL-12963,North,Postpaid,Annual,15,18.0,Smartphone-Budget,1,0,38.9,163,5,551.89,8043.99,3,29.0,6.29,25.1,7,1,552.61,1
TEL-12964,West,Prepaid,Monthly,21,21.0,Smartphone-Budget,0,0,25.6,158,5,363.11,7095.69,1,10.9,1.2,29.9,8,0,340.07,0
TEL-12965,North,Prepaid,Monthly,72,63.0,Smartphone-Budget,0,0,2.6,799,32,213.97,18326.79,0,0.0,1.45,27.4,6,0,239.21,0
TEL-12966,East,Postpaid,Annual,44,28.0,Smartphone-Budget,0,0,16.7,486,15,390.01,17689.43,2,27.7,0.51,22.8,3,0,422.51,0
TEL-12967,North,Prepaid,Monthly,37,47.0,Smartphone-Budget,0,1,2.8,409,30,337.57,13970.27,0,0.0,0.55,23.3,9,0,384.18,0
TEL-12968,North,Prepaid,Monthly,13,36.0,Smartphone-Budget,0,0,2.9,155,6,146.41,2788.25,0,0.0,4.07,21.0,5,0,216.04,0
TEL-12969,Central,Postpaid,Monthly,49,29.0,Smartphone-Budget,0,0,13.6,338,17,413.58,20113.7,2,40.0,1.48,27.6,26,0,435.32,0
TEL-12970,South,Prepaid,Monthly,29,61.0,Feature,1,0,1.7,322,42,158.87,4747.2,2,51.5,4.75,35.3,15,0,170.17,0
TEL-12971,North,Postpaid,Monthly,29,47.0,Smartphone-Budget,0,1,6.2,427,21,435.78,20804.89,1,14.5,0.97,21.3,22,0,702.18,0
TEL-12972,North,Postpaid,Annual,40,41.0,Smartphone-Budget,0,0,18.1,474,16,397.31,16239.99,2,30.7,2.24,46.2,3,0,411.21,0
TEL-12973,East,Prepaid,Monthly,38,39.0,Smartphone-Budget,1,0,16.8,458,13,304.87,13116.95,0,0.0,4.7,34.2,12,0,338.55,0
TEL-12974,East,Postpaid,Two-Year,12,18.0,Smartphone-Premium,0,0,4.8,171,8,250.69,3006.7,1,18.2,5.62,17.3,16,0,242.78,0
TEL-12975,West,Prepaid,Monthly,4,34.0,Smartphone-Budget,0,0,3.2,193,4,133.5,835.46,0,0.0,3.05,19.2,9,1,209.38,1
TEL-12976,East,Postpaid,Annual,20,46.0,Smartphone-Budget,1,0,30.1,245,14,479.31,10241.0,2,76.9,1.47,17.2,31,0,492.08,0
TEL-12977,South,Prepaid,Monthly,10,37.0,Smartphone-Premium,0,0,4.1,180,8,162.47,1615.98,0,0.0,7.86,29.8,10,0,171.57,0
TEL-12978,East,Prepaid,Monthly,15,34.0,Smartphone-Premium,0,0,5.9,163,8,160.2,2826.28,0,0.0,6.42,19.1,31,0,182.53,0
TEL-12979,Central,Prepaid,Monthly,12,43.0,Smartphone-Premium,0,0,27.2,118,7,369.46,4740.78,0,0.0,1.26,20.6,6,1,413.3,1
TEL-12980,North,Prepaid,Annual,48,38.0,Smartphone-Budget,0,0,18.0,224,17,237.5,12172.37,2,71.6,1.51,18.2,6,0,256.9,0
TEL-12981,South,Prepaid,Annual,72,52.0,Feature,1,0,1.3,493,41,157.89,38153.82,0,0.0,4.06,17.5,9,0,512.79,0
TEL-12982,North,Prepaid,Annual,11,21.0,Smartphone-Premium,0,0,51.3,221,9,538.13,6096.55,3,17.0,1.88,42.8,7,0,537.19,0
TEL-12983,Central,Prepaid,Monthly,19,36.0,Smartphone-Premium,0,0,29.0,102,5,362.41,8431.79,1,12.1,2.88,19.4,43,0,408.4,0
TEL-12984,South,Postpaid,Monthly,8,18.0,Feature,1,0,6.1,156,6,291.34,2357.96,2,18.6,3.64,30.0,27,0,279.17,0
TEL-12985,West,Prepaid,Monthly,23,22.0,Smartphone-Premium,0,0,35.5,305,9,430.01,11574.75,0,0.0,4.65,26.5,6,0,472.05,0
TEL-12986,East,Postpaid,Monthly,12,36.0,Smartphone-Premium,0,0,2.8,172,13,250.7,3299.17,0,0.0,6.83,19.3,11,0,270.23,0
TEL-12987,North,Postpaid,Monthly,1,36.0,Smartphone-Premium,1,0,2.2,136,9,285.35,304.4,0,0.0,2.56,25.6,18,0,291.77,0
TEL-12988,East,Postpaid,Monthly,52,37.0,Smartphone-Budget,1,0,13.5,220,12,330.84,25166.69,1,34.2,4.05,3.5,14,0,479.08,0
TEL-12989,South,Postpaid,Two-Year,17,26.0,Smartphone-Budget,1,0,4.7,178,12,249.79,3854.18,2,23.2,1.18,30.9,5,0,221.25,0
TEL-12990,West,Prepaid,Monthly,8,27.0,Feature,0,0,3.5,131,6,152.3,1114.27,1,1.7,1.34,23.8,12,0,135.15,0
TEL-12991,North,Postpaid,Monthly,36,40.0,Smartphone-Budget,0,1,15.7,195,12,530.71,19827.79,0,0.0,1.62,22.5,9,0,557.49,0
TEL-12992,West,Prepaid,Monthly,23,31.0,Smartphone-Premium,0,0,4.7,136,8,197.88,5709.91,0,0.0,3.19,16.4,12,1,257.85,1
TEL-12993,West,Prepaid,Monthly,19,23.0,Smartphone-Budget,0,0,30.4,252,5,279.82,5162.54,1,43.5,0.74,23.3,11,0,265.03,0
TEL-12994,South,Postpaid,Monthly,35,63.0,Feature,1,0,1.7,584,24,252.13,10771.49,1,26.2,2.08,25.7,4,1,300.72,1
TEL-12995,Central,Prepaid,Monthly,11,44.0,Smartphone-Premium,1,0,5.2,144,9,220.17,2323.51,1,14.6,2.55,13.9,24,1,209.48,1
TEL-12996,East,Postpaid,Monthly,13,33.0,Smartphone-Budget,0,0,4.2,195,12,250.9,3601.2,0,0.0,4.48,33.7,13,0,274.49,0
TEL-12997,West,Prepaid,Monthly,26,57.0,Feature,0,0,1.3,441,34,187.9,5195.94,1,33.8,1.2,36.2,3,0,191.78,0
TEL-12998,North,Prepaid,Monthly,46,58.0,Smartphone-Budget,0,0,11.8,321,16,226.65,11068.56,1,42.0,1.44,28.3,21,0,236.76,0
TEL-12999,South,Prepaid,Annual,5,40.0,Smartphone-Premium,0,0,17.2,73,15,150.25,1330.64,0,0.0,6.64,30.4,10,0,266.14,0
TEL-13000,Central,Prepaid,Annual,31,40.0,Smartphone-Budget,1,0,18.9,536,13,248.83,10037.87,1,21.7,3.09,10.6,4,0,314.83,0
