customer_id,month,data_gb,voice_min,intl_min,sms_count,revenue_inr,recharge_count,failed_payment_count
TEL-10001,2026-01,1.82,144,0.3,11,327.0,3,0
TEL-10001,2026-02,2.01,223,0.4,16,312.27,4,0
TEL-10001,2026-03,1.72,114,0.7,15,270.08,4,0
TEL-10001,2026-04,1.81,175,1.2,14,237.77,4,0
TEL-10001,2026-05,1.99,112,1.1,14,342.97,4,0
TEL-10001,2026-06,2.02,133,0.6,8,257.16,2,0
TEL-10002,2026-01,15.26,433,2.0,16,466.81,1,0
TEL-10002,2026-02,19.3,468,21.1,15,475.15,1,0
TEL-10002,2026-03,31.46,516,35.5,23,548.93,3,0
TEL-10002,2026-04,28.68,398,19.2,15,535.48,3,0
TEL-10002,2026-05,26.36,400,20.8,16,484.96,3,0
TEL-10002,2026-06,25.0,402,8.2,15,467.7,1,0
TEL-10003,2026-01,3.99,148,0.1,5,175.15,2,0
TEL-10003,2026-02,3.34,77,3.8,13,174.47,3,0
TEL-10003,2026-03,4.42,146,0.1,13,178.48,1,0
TEL-10003,2026-04,3.49,149,0.8,12,161.31,3,0
TEL-10003,2026-05,3.73,124,1.1,11,210.01,2,0
TEL-10003,2026-06,3.32,88,1.3,8,160.78,1,0
TEL-10004,2026-01,2.26,732,1.6,30,203.6,1,0
TEL-10004,2026-02,3.73,354,0.4,22,200.11,4,0
TEL-10004,2026-03,1.81,778,2.4,38,166.33,1,0
TEL-10004,2026-04,2.83,670,0.4,43,180.14,4,0
TEL-10004,2026-05,2.74,390,0.9,28,199.5,4,0
TEL-10004,2026-06,2.96,774,1.1,33,239.59,1,0
TEL-10005,2026-01,3.31,184,1.1,11,108.13,4,0
TEL-10005,2026-02,2.77,150,0.4,5,136.61,3,0
TEL-10005,2026-03,2.74,211,1.5,9,122.69,2,0
TEL-10005,2026-04,3.7,171,0.6,11,119.89,4,0
TEL-10005,2026-05,1.78,158,0.6,8,109.87,1,0
TEL-10005,2026-06,2.24,117,0.1,7,121.65,2,0
TEL-10006,2026-01,5.7,273,0.5,16,386.24,1,0
TEL-10006,2026-02,2.3,248,2.6,17,385.05,3,0
TEL-10006,2026-03,5.17,178,0.3,30,495.61,2,0
TEL-10006,2026-04,5.73,121,0.4,9,445.99,3,0
TEL-10006,2026-05,7.15,213,0.1,12,380.99,1,0
TEL-10006,2026-06,7.85,293,0.6,16,446.98,1,0
TEL-10007,2026-01,1.41,287,1.1,33,330.18,4,0
TEL-10007,2026-02,2.2,337,1.3,46,257.21,1,0
TEL-10007,2026-03,2.12,342,0.2,41,309.56,3,0
TEL-10007,2026-04,0.94,348,0.0,45,323.76,4,0
TEL-10007,2026-05,1.73,581,0.1,45,277.52,3,0
TEL-10007,2026-06,1.58,399,0.1,28,313.38,3,0
TEL-10008,2026-01,5.45,151,0.7,20,199.37,3,0
TEL-10008,2026-02,4.22,209,0.3,14,183.64,1,0
TEL-10008,2026-03,7.16,208,0.9,14,209.32,1,0
TEL-10008,2026-04,4.84,174,0.3,17,194.03,2,0
TEL-10008,2026-05,6.47,154,0.7,19,198.09,2,0
TEL-10008,2026-06,7.12,206,0.1,15,201.98,3,0
TEL-10009,2026-01,18.98,168,1.7,1,295.49,2,0
TEL-10009,2026-02,17.64,90,2.7,1,270.4,3,0
TEL-10009,2026-03,28.85,64,1.0,0,276.51,2,0
TEL-10009,2026-04,25.54,168,0.2,0,319.44,1,0
TEL-10009,2026-05,14.67,113,0.9,2,328.24,4,0
TEL-10009,2026-06,27.82,124,0.8,3,331.75,1,0
TEL-10010,2026-01,26.97,176,0.1,5,380.19,4,0
TEL-10010,2026-02,25.99,200,0.5,15,454.09,4,0
TEL-10010,2026-03,25.72,183,0.2,13,426.63,1,0
TEL-10010,2026-04,16.19,153,2.6,11,495.74,1,0
TEL-10010,2026-05,31.62,164,0.7,9,451.76,1,0
TEL-10010,2026-06,16.28,96,0.5,9,406.95,3,0
TEL-10011,2026-01,14.41,207,0.3,17,317.23,2,0
TEL-10011,2026-02,17.22,315,0.5,13,231.44,4,0
TEL-10011,2026-03,12.27,405,1.2,28,306.81,4,0
TEL-10011,2026-04,17.07,268,0.1,17,278.13,4,0
TEL-10011,2026-05,9.85,309,0.3,18,295.37,2,0
TEL-10011,2026-06,15.75,300,1.9,22,307.58,3,0
TEL-10012,2026-01,6.1,153,1.1,8,246.49,3,0
TEL-10012,2026-02,6.41,124,0.4,13,287.74,1,0
TEL-10012,2026-03,5.27,150,1.5,15,236.5,2,0
TEL-10012,2026-04,4.69,143,2.4,6,239.6,3,0
TEL-10012,2026-05,6.86,127,0.3,10,252.91,1,0
TEL-10012,2026-06,4.67,126,0.1,8,263.61,1,0
TEL-10013,2026-01,2.61,268,6.0,41,413.26,2,0
TEL-10013,2026-02,2.02,391,9.4,32,434.3,2,0
TEL-10013,2026-03,2.63,392,0.9,35,483.07,4,0
TEL-10013,2026-04,2.39,362,33.2,28,462.54,1,0
TEL-10013,2026-05,3.33,406,8.6,41,381.87,4,0
TEL-10013,2026-06,2.42,415,50.7,28,537.3,4,0
TEL-10014,2026-01,6.58,199,1.1,11,209.15,3,0
TEL-10014,2026-02,5.43,107,2.2,15,207.03,3,0
TEL-10014,2026-03,7.25,189,1.2,15,191.48,4,0
TEL-10014,2026-04,7.2,164,0.7,16,212.39,1,0
TEL-10014,2026-05,6.54,111,0.4,12,189.96,4,0
TEL-10014,2026-06,7.84,169,0.4,13,202.26,4,0
TEL-10015,2026-01,1.56,105,1.5,7,241.7,3,0
TEL-10015,2026-02,1.67,157,0.8,16,216.84,3,0
TEL-10015,2026-03,3.1,111,0.4,12,234.54,3,0
TEL-10015,2026-04,2.12,129,0.3,13,176.9,1,0
TEL-10015,2026-05,2.76,89,0.7,18,226.8,3,0
TEL-10015,2026-06,3.27,83,0.3,8,233.76,1,0
TEL-10016,2026-01,4.68,101,0.3,11,210.77,3,0
TEL-10016,2026-02,3.58,127,1.0,9,213.3,1,0
TEL-10016,2026-03,3.01,147,0.3,12,194.73,2,0
TEL-10016,2026-04,1.81,92,0.9,8,210.94,1,0
TEL-10016,2026-05,3.65,86,1.3,6,194.24,3,0
TEL-10016,2026-06,4.13,99,0.0,7,228.86,2,0
TEL-10017,2026-01,3.81,209,0.6,7,269.79,2,0
TEL-10017,2026-02,4.85,215,0.8,5,265.89,3,0
TEL-10017,2026-03,4.08,225,0.7,9,261.96,1,0
TEL-10017,2026-04,2.84,194,0.2,18,229.3,2,0
TEL-10017,2026-05,4.77,201,0.4,9,265.74,2,0
TEL-10017,2026-06,4.09,246,1.5,8,267.44,2,0
TEL-10018,2026-01,3.19,177,2.0,14,158.39,1,0
TEL-10018,2026-02,2.92,136,1.0,10,178.48,3,0
TEL-10018,2026-03,2.06,145,0.1,12,150.31,1,0
TEL-10018,2026-04,2.85,153,0.5,11,188.71,4,0
TEL-10018,2026-05,3.97,110,1.0,16,140.94,4,0
TEL-10018,2026-06,2.05,171,0.3,11,156.59,3,0
TEL-10019,2026-01,22.42,222,1.6,7,436.7,4,0
TEL-10019,2026-02,23.15,275,0.3,6,402.35,4,0
TEL-10019,2026-03,41.29,222,0.9,8,337.75,3,0
TEL-10019,2026-04,31.89,247,1.2,6,449.36,1,0
TEL-10019,2026-05,23.63,204,1.4,12,424.21,1,0
TEL-10019,2026-06,20.96,222,0.2,6,376.26,2,0
TEL-10020,2026-01,2.56,159,0.4,7,334.5,2,0
TEL-10020,2026-02,1.68,146,0.7,3,342.07,4,0
TEL-10020,2026-03,2.09,168,1.6,6,308.2,4,0
TEL-10020,2026-04,2.48,98,1.1,9,247.35,1,0
TEL-10020,2026-05,1.76,142,0.6,7,267.92,1,0
TEL-10020,2026-06,1.44,151,0.1,3,324.78,3,0
TEL-10021,2026-01,29.34,163,0.5,2,392.12,2,0
TEL-10021,2026-02,25.69,155,0.5,2,329.51,2,0
TEL-10021,2026-03,16.59,198,2.3,2,317.58,3,0
TEL-10021,2026-04,21.22,157,0.2,0,296.14,4,0
TEL-10021,2026-05,37.57,116,0.2,0,340.37,3,0
TEL-10021,2026-06,24.53,202,0.3,2,349.74,2,0
TEL-10022,2026-01,2.91,191,0.6,5,319.33,4,0
TEL-10022,2026-02,3.31,191,2.0,12,319.66,3,0
TEL-10022,2026-03,3.37,271,0.0,8,373.97,4,0
TEL-10022,2026-04,3.88,163,0.4,10,320.62,1,0
TEL-10022,2026-05,4.02,64,0.2,9,302.54,4,0
TEL-10022,2026-06,5.12,289,1.3,8,296.41,1,0
TEL-10023,2026-01,8.33,85,0.1,4,206.88,3,0
TEL-10023,2026-02,5.61,41,0.9,5,160.74,3,0
TEL-10023,2026-03,8.18,129,0.1,8,184.22,1,0
TEL-10023,2026-04,5.62,118,4.5,13,199.5,3,0
TEL-10023,2026-05,7.32,103,0.1,9,212.02,4,0
TEL-10023,2026-06,7.39,108,0.4,10,199.85,3,0
TEL-10024,2026-01,4.22,144,0.2,8,129.43,4,0
TEL-10024,2026-02,2.58,208,0.1,7,116.82,3,0
TEL-10024,2026-03,5.64,146,1.4,5,137.91,2,0
TEL-10024,2026-04,3.46,173,0.0,6,137.06,2,0
TEL-10024,2026-05,1.98,249,1.1,11,114.53,4,0
TEL-10024,2026-06,3.34,179,0.7,7,129.89,1,0
TEL-10025,2026-01,3.75,621,0.1,31,341.35,4,0
TEL-10025,2026-02,2.75,910,0.3,26,310.36,1,0
TEL-10025,2026-03,2.59,695,0.1,21,337.96,3,0
TEL-10025,2026-04,2.45,637,0.1,26,265.01,4,0
TEL-10025,2026-05,3.13,507,1.5,23,351.84,1,0
TEL-10025,2026-06,1.54,863,0.1,26,314.56,2,0
TEL-10026,2026-01,1.74,478,1.2,37,209.34,1,0
TEL-10026,2026-02,2.18,424,0.2,35,219.51,4,0
TEL-10026,2026-03,1.96,447,0.4,39,223.41,2,0
TEL-10026,2026-04,3.17,523,0.6,37,193.5,2,0
TEL-10026,2026-05,2.72,447,0.7,46,225.29,3,0
TEL-10026,2026-06,3.37,522,0.8,43,209.91,3,0
TEL-10027,2026-01,48.64,237,0.1,12,515.24,4,0
TEL-10027,2026-02,45.42,276,0.3,4,573.56,2,0
TEL-10027,2026-03,42.15,273,0.8,4,620.88,1,0
TEL-10027,2026-04,33.24,366,1.3,6,657.94,4,0
TEL-10027,2026-05,40.54,233,0.0,5,585.99,4,0
TEL-10027,2026-06,35.54,193,0.3,6,642.6,3,0
TEL-10028,2026-01,16.72,323,0.3,18,436.91,4,0
TEL-10028,2026-02,19.33,322,1.0,13,414.54,1,0
TEL-10028,2026-03,15.75,407,0.5,13,345.29,4,0
TEL-10028,2026-04,18.4,335,0.1,12,307.37,3,0
TEL-10028,2026-05,19.33,377,0.2,17,404.24,1,0
TEL-10028,2026-06,11.06,330,0.9,14,393.36,4,0
TEL-10029,2026-01,8.42,160,1.5,10,412.49,4,0
TEL-10029,2026-02,13.29,127,1.0,10,429.18,2,0
TEL-10029,2026-03,11.5,284,0.3,14,417.8,4,0
TEL-10029,2026-04,15.67,180,0.6,18,475.4,1,0
TEL-10029,2026-05,10.54,180,0.0,17,443.58,1,0
TEL-10029,2026-06,13.71,252,1.1,16,382.29,3,0
TEL-10030,2026-01,4.03,137,0.4,12,294.99,1,0
TEL-10030,2026-02,2.22,128,0.2,16,285.28,4,0
TEL-10030,2026-03,4.15,114,0.8,11,247.88,1,0
TEL-10030,2026-04,4.37,134,2.0,14,282.66,3,0
TEL-10030,2026-05,4.08,104,0.2,12,230.46,1,0
TEL-10030,2026-06,4.13,108,0.4,19,266.1,1,0
TEL-10031,2026-01,27.54,133,0.2,8,469.64,3,0
TEL-10031,2026-02,12.52,194,0.1,12,491.2,1,0
TEL-10031,2026-03,30.23,165,0.3,7,392.06,3,0
TEL-10031,2026-04,25.13,160,0.4,3,486.29,4,0
TEL-10031,2026-05,41.93,220,3.5,10,572.27,2,0
TEL-10031,2026-06,25.79,104,0.8,9,513.17,1,0
TEL-10032,2026-01,6.31,267,1.2,9,205.02,4,0
TEL-10032,2026-02,5.62,157,0.3,11,246.07,2,0
TEL-10032,2026-03,6.15,274,0.6,6,262.72,2,0
TEL-10032,2026-04,3.86,338,0.7,9,232.95,2,0
TEL-10032,2026-05,4.08,147,0.4,5,236.41,2,0
TEL-10032,2026-06,5.5,242,0.1,7,207.97,2,0
TEL-10033,2026-01,21.54,385,0.6,13,357.0,4,0
TEL-10033,2026-02,22.89,357,0.2,16,312.74,1,0
TEL-10033,2026-03,21.38,423,1.9,16,358.65,2,0
TEL-10033,2026-04,14.04,337,0.2,19,320.37,4,0
TEL-10033,2026-05,27.46,289,2.0,21,337.75,4,0
TEL-10033,2026-06,23.87,209,1.6,16,310.14,1,0
TEL-10034,2026-01,2.17,562,1.0,29,279.7,3,0
TEL-10034,2026-02,2.44,803,0.3,33,344.36,4,0
TEL-10034,2026-03,2.55,372,0.5,26,264.21,3,0
TEL-10034,2026-04,1.92,715,1.4,35,344.84,2,0
TEL-10034,2026-05,3.42,628,0.2,45,308.93,3,0
TEL-10034,2026-06,3.15,734,0.5,41,315.06,1,0
TEL-10035,2026-01,1.42,110,0.0,3,118.61,3,0
TEL-10035,2026-02,4.16,117,0.5,2,143.29,3,0
TEL-10035,2026-03,3.89,83,1.0,5,121.58,4,0
TEL-10035,2026-04,4.02,103,1.3,6,114.41,1,0
TEL-10035,2026-05,2.38,173,0.5,6,151.36,3,0
TEL-10035,2026-06,4.07,84,0.6,3,136.97,3,0
TEL-10036,2026-01,6.47,452,0.7,19,309.49,4,0
TEL-10036,2026-02,6.97,356,0.3,18,334.8,3,0
TEL-10036,2026-03,5.67,239,1.1,13,274.1,4,0
TEL-10036,2026-04,8.06,347,0.0,13,262.89,4,0
TEL-10036,2026-05,6.44,438,1.6,15,305.22,1,0
TEL-10036,2026-06,5.74,295,0.0,20,290.63,4,0
TEL-10037,2026-01,1.16,227,0.9,11,107.14,4,0
TEL-10037,2026-02,0.9,136,0.1,11,112.83,4,0
TEL-10037,2026-03,2.67,266,0.7,14,131.72,4,0
TEL-10037,2026-04,2.22,213,0.3,14,119.3,1,0
TEL-10037,2026-05,1.87,219,0.3,12,140.76,3,0
TEL-10037,2026-06,1.92,236,0.2,8,132.02,1,0
TEL-10038,2026-01,5.23,184,1.2,12,276.55,1,0
TEL-10038,2026-02,4.18,188,0.4,13,263.71,1,0
TEL-10038,2026-03,3.53,180,0.1,11,261.44,3,0
TEL-10038,2026-04,5.33,160,0.9,8,321.39,2,0
TEL-10038,2026-05,6.18,254,0.9,7,319.1,1,0
TEL-10038,2026-06,5.47,124,0.5,12,324.86,3,0
TEL-10039,2026-01,5.87,101,0.7,11,172.68,2,0
TEL-10039,2026-02,2.7,105,2.9,8,195.53,3,0
TEL-10039,2026-03,5.97,93,0.6,10,198.27,3,0
TEL-10039,2026-04,5.24,127,1.1,6,216.09,1,0
TEL-10039,2026-05,9.05,72,0.4,8,211.32,3,0
TEL-10039,2026-06,6.62,88,0.7,13,176.57,2,0
TEL-10040,2026-01,3.75,182,1.2,8,381.76,3,0
TEL-10040,2026-02,4.53,300,0.1,4,343.9,2,0
TEL-10040,2026-03,4.29,203,1.6,9,363.96,2,0
TEL-10040,2026-04,4.02,215,1.7,4,366.4,2,0
TEL-10040,2026-05,4.66,215,0.2,5,314.39,4,0
TEL-10040,2026-06,4.31,303,0.5,3,371.76,1,0
TEL-10041,2026-01,2.29,127,4.1,10,400.4,4,0
TEL-10041,2026-02,2.89,208,0.2,9,316.24,3,0
TEL-10041,2026-03,2.24,142,0.1,12,344.54,4,0
TEL-10041,2026-04,2.9,201,0.5,10,329.32,3,0
TEL-10041,2026-05,2.26,148,0.5,8,340.22,2,0
TEL-10041,2026-06,1.39,181,1.2,14,288.09,2,0
TEL-10042,2026-01,5.8,117,0.4,7,362.4,1,0
TEL-10042,2026-02,5.12,103,0.9,12,280.79,4,0
TEL-10042,2026-03,5.7,208,1.0,10,292.88,1,0
TEL-10042,2026-04,2.2,82,0.0,14,386.34,4,0
TEL-10042,2026-05,3.93,118,0.2,11,334.18,4,0
TEL-10042,2026-06,5.53,166,0.3,10,271.52,3,0
TEL-10043,2026-01,17.12,223,0.2,9,329.92,4,0
TEL-10043,2026-02,18.95,289,0.2,8,311.12,3,0
TEL-10043,2026-03,21.54,193,0.9,11,302.58,2,0
TEL-10043,2026-04,14.04,332,0.1,10,302.72,1,0
TEL-10043,2026-05,13.41,255,0.7,12,331.31,1,0
TEL-10043,2026-06,11.64,278,0.2,12,275.84,3,0
TEL-10044,2026-01,3.7,235,0.1,44,425.5,1,0
TEL-10044,2026-02,2.72,312,0.2,39,382.04,2,0
TEL-10044,2026-03,2.84,255,0.3,31,330.59,4,0
TEL-10044,2026-04,3.21,273,0.2,31,414.35,4,0
TEL-10044,2026-05,2.82,208,1.1,33,409.62,2,0
TEL-10044,2026-06,3.22,418,1.0,28,363.26,4,0
TEL-10045,2026-01,23.64,137,0.3,2,556.12,4,0
TEL-10045,2026-02,18.46,138,0.0,1,527.45,2,0
TEL-10045,2026-03,29.52,130,0.5,2,526.77,2,0
TEL-10045,2026-04,23.58,130,0.8,6,493.99,2,0
TEL-10045,2026-05,16.97,109,0.9,2,523.93,4,0
TEL-10045,2026-06,17.61,97,0.4,3,663.42,2,0
TEL-10046,2026-01,5.45,128,0.4,6,238.14,1,0
TEL-10046,2026-02,3.07,143,0.3,11,213.88,4,0
TEL-10046,2026-03,3.09,127,0.8,7,253.0,2,0
TEL-10046,2026-04,4.61,100,0.3,7,197.47,2,0
TEL-10046,2026-05,4.53,120,0.6,7,201.66,1,0
TEL-10046,2026-06,2.95,125,0.4,7,228.28,1,0
TEL-10047,2026-01,19.0,308,0.1,10,268.62,4,0
TEL-10047,2026-02,16.38,309,0.7,9,297.28,3,0
TEL-10047,2026-03,17.42,63,0.4,12,258.78,1,0
TEL-10047,2026-04,14.25,207,1.4,13,283.59,1,0
TEL-10047,2026-05,20.4,247,0.1,7,322.06,4,0
TEL-10047,2026-06,12.26,165,0.5,9,311.28,1,0
TEL-10048,2026-01,1.08,472,1.0,16,335.31,1,0
TEL-10048,2026-02,1.5,367,0.4,27,312.67,4,0
TEL-10048,2026-03,1.9,464,0.5,21,336.93,1,0
TEL-10048,2026-04,1.45,374,1.5,22,318.79,3,0
TEL-10048,2026-05,1.65,457,0.1,25,331.28,2,0
TEL-10048,2026-06,1.69,600,0.5,35,329.98,2,0
TEL-10049,2026-01,26.83,157,1.2,14,284.36,1,0
TEL-10049,2026-02,20.41,169,1.1,24,294.92,2,0
TEL-10049,2026-03,24.54,146,0.5,11,269.32,1,0
TEL-10049,2026-04,30.39,141,0.2,19,269.45,4,0
TEL-10049,2026-05,21.06,100,0.1,21,295.86,4,0
TEL-10049,2026-06,18.27,120,0.1,15,225.6,1,0
TEL-10050,2026-01,1.16,63,0.5,16,141.57,4,0
TEL-10050,2026-02,1.07,110,0.1,18,164.31,4,0
TEL-10050,2026-03,1.17,117,0.3,10,139.43,4,0
TEL-10050,2026-04,1.38,140,0.2,12,153.9,2,0
TEL-10050,2026-05,1.27,103,0.2,17,141.8,4,0
TEL-10050,2026-06,0.93,155,0.2,10,117.33,4,0
TEL-10051,2026-01,8.33,561,0.4,16,524.77,4,0
TEL-10051,2026-02,9.88,280,0.7,8,409.17,4,0
TEL-10051,2026-03,6.69,372,1.4,9,430.08,2,0
TEL-10051,2026-04,8.51,337,1.3,11,353.52,4,0
TEL-10051,2026-05,6.7,222,0.1,20,476.89,4,0
TEL-10051,2026-06,6.91,263,1.9,16,423.54,2,0
TEL-10052,2026-01,16.91,318,6.6,18,416.78,3,0
TEL-10052,2026-02,14.57,404,16.0,21,542.95,3,0
TEL-10052,2026-03,14.16,296,4.7,20,638.76,4,0
TEL-10052,2026-04,14.64,292,0.8,25,614.23,1,0
TEL-10052,2026-05,12.39,421,15.4,12,569.65,3,0
TEL-10052,2026-06,16.86,354,16.2,26,552.52,4,0
TEL-10053,2026-01,4.7,215,1.9,6,324.34,2,0
TEL-10053,2026-02,7.0,200,1.3,6,315.41,1,0
TEL-10053,2026-03,5.9,228,2.0,8,299.27,2,0
TEL-10053,2026-04,5.5,263,12.0,9,287.79,4,0
TEL-10053,2026-05,6.09,167,0.6,7,295.99,1,0
TEL-10053,2026-06,6.62,146,22.5,5,263.96,2,0
TEL-10054,2026-01,1.8,617,0.3,49,343.9,1,0
TEL-10054,2026-02,3.07,892,1.8,39,399.32,4,0
TEL-10054,2026-03,1.95,693,1.0,40,395.86,2,0
TEL-10054,2026-04,1.83,740,0.7,48,348.25,1,0
TEL-10054,2026-05,3.57,1255,2.5,28,325.0,2,0
TEL-10054,2026-06,3.11,515,1.2,27,328.48,4,0
TEL-10055,2026-01,6.94,257,1.2,13,227.46,2,0
TEL-10055,2026-02,12.67,345,1.1,14,268.48,2,0
TEL-10055,2026-03,6.88,402,0.0,11,221.8,1,0
TEL-10055,2026-04,10.43,227,2.5,16,212.83,3,0
TEL-10055,2026-05,12.45,264,0.2,12,204.01,4,0
TEL-10055,2026-06,7.88,178,0.4,11,222.83,1,0
TEL-10056,2026-01,14.34,304,0.1,20,279.01,2,0
TEL-10056,2026-02,18.58,189,0.0,15,336.47,3,0
TEL-10056,2026-03,12.53,113,1.1,19,336.79,3,0
TEL-10056,2026-04,17.6,283,1.7,18,283.16,3,0
TEL-10056,2026-05,11.85,196,0.0,24,301.72,3,0
TEL-10056,2026-06,13.54,313,1.9,14,355.27,4,0
TEL-10057,2026-01,2.87,262,0.5,6,317.5,3,0
TEL-10057,2026-02,2.81,275,0.3,6,323.77,4,0
TEL-10057,2026-03,3.04,195,2.2,13,245.99,2,0
TEL-10057,2026-04,3.26,177,1.3,8,295.16,2,0
TEL-10057,2026-05,3.4,232,2.1,12,332.07,3,0
TEL-10057,2026-06,4.35,175,0.9,11,280.16,3,0
TEL-10058,2026-01,11.76,195,0.3,23,383.8,4,0
TEL-10058,2026-02,13.76,225,1.2,26,370.76,2,0
TEL-10058,2026-03,12.96,267,1.3,18,341.69,4,0
TEL-10058,2026-04,16.01,278,0.4,16,430.65,2,0
TEL-10058,2026-05,10.32,138,0.0,17,392.2,2,0
TEL-10058,2026-06,14.15,260,0.1,12,346.31,3,0
TEL-10059,2026-01,3.42,85,0.1,12,154.76,2,0
TEL-10059,2026-02,2.69,68,0.1,11,165.57,3,0
TEL-10059,2026-03,2.08,96,0.1,12,157.83,3,0
TEL-10059,2026-04,3.08,68,0.0,15,127.13,1,0
TEL-10059,2026-05,2.3,93,0.1,13,166.79,3,0
TEL-10059,2026-06,2.77,50,0.3,7,168.35,2,0
TEL-10060,2026-01,30.49,486,1.0,10,437.67,1,0
TEL-10060,2026-02,21.11,612,0.3,7,447.49,3,0
TEL-10060,2026-03,20.35,457,0.0,7,447.64,1,0
TEL-10060,2026-04,14.54,479,0.3,8,435.3,3,0
TEL-10060,2026-05,15.91,367,0.1,8,479.14,3,0
TEL-10060,2026-06,19.21,733,0.5,8,434.88,1,0
TEL-10061,2026-01,6.02,191,0.4,5,285.35,4,0
TEL-10061,2026-02,5.05,108,1.0,12,245.05,2,0
TEL-10061,2026-03,5.05,122,0.3,8,248.52,4,0
TEL-10061,2026-04,3.79,120,0.1,11,206.14,2,0
TEL-10061,2026-05,3.73,114,0.4,6,222.84,3,0
TEL-10061,2026-06,5.86,145,1.3,5,231.8,2,0
TEL-10062,2026-01,5.81,121,0.7,11,136.81,3,0
TEL-10062,2026-02,5.54,121,2.8,12,150.83,3,0
TEL-10062,2026-03,6.64,124,1.2,15,156.43,3,0
TEL-10062,2026-04,7.68,107,0.9,12,147.31,4,0
TEL-10062,2026-05,6.15,157,0.7,7,157.21,2,0
TEL-10062,2026-06,6.06,109,0.8,17,129.82,4,0
TEL-10063,2026-01,1.28,406,2.5,27,147.13,3,0
TEL-10063,2026-02,1.92,449,1.8,38,169.77,1,0
TEL-10063,2026-03,1.61,581,0.3,32,169.36,4,0
TEL-10063,2026-04,1.31,560,2.6,34,161.23,4,0
TEL-10063,2026-05,1.32,665,0.3,33,138.65,2,0
TEL-10063,2026-06,1.45,433,0.5,33,159.05,4,0
TEL-10064,2026-01,1.14,998,0.7,21,131.41,2,0
TEL-10064,2026-02,3.36,949,2.6,33,192.75,4,0
TEL-10064,2026-03,2.46,823,1.8,24,137.86,2,0
TEL-10064,2026-04,2.44,669,1.4,24,161.54,3,0
TEL-10064,2026-05,1.18,614,0.3,23,161.94,4,0
TEL-10064,2026-06,2.33,709,2.5,16,179.06,3,0
TEL-10065,2026-01,2.93,124,0.1,4,110.27,3,0
TEL-10065,2026-02,3.89,189,0.9,3,105.65,4,0
TEL-10065,2026-03,1.97,159,0.4,2,122.75,1,0
TEL-10065,2026-04,2.47,106,0.6,8,146.95,2,0
TEL-10065,2026-05,3.05,191,0.0,4,122.7,1,0
TEL-10065,2026-06,3.24,159,0.9,4,129.52,2,0
TEL-10066,2026-01,3.56,361,1.0,23,121.09,2,0
TEL-10066,2026-02,3.37,546,0.0,36,112.26,3,0
TEL-10066,2026-03,2.98,362,0.8,30,114.12,1,0
TEL-10066,2026-04,4.31,278,0.9,25,102.8,4,0
TEL-10066,2026-05,2.42,326,0.3,19,111.23,1,0
TEL-10066,2026-06,4.17,630,0.7,21,90.26,3,0
TEL-10067,2026-01,53.1,151,0.8,8,417.41,4,0
TEL-10067,2026-02,25.88,127,1.5,6,550.98,1,0
TEL-10067,2026-03,37.84,134,0.3,3,549.67,2,0
TEL-10067,2026-04,39.23,126,0.3,5,474.83,2,0
TEL-10067,2026-05,30.88,126,1.1,5,571.33,4,0
TEL-10067,2026-06,29.31,136,0.4,8,544.31,3,0
TEL-10068,2026-01,1.27,686,0.2,24,204.68,4,0
TEL-10068,2026-02,2.44,558,0.0,25,193.77,3,0
TEL-10068,2026-03,2.07,436,2.0,35,185.8,1,0
TEL-10068,2026-04,1.4,533,1.1,32,213.5,1,0
TEL-10068,2026-05,1.53,499,0.9,34,158.92,3,0
TEL-10068,2026-06,1.65,547,0.1,30,204.26,4,0
TEL-10069,2026-01,4.83,167,0.2,9,165.09,1,0
TEL-10069,2026-02,4.19,113,2.3,18,153.96,4,0
TEL-10069,2026-03,4.34,201,0.1,17,163.65,2,0
TEL-10069,2026-04,4.33,126,1.9,19,146.82,3,0
TEL-10069,2026-05,3.03,155,0.2,17,165.37,4,0
TEL-10069,2026-06,7.4,150,2.8,23,183.82,4,0
TEL-10070,2026-01,17.95,164,0.1,15,562.79,2,0
TEL-10070,2026-02,17.09,214,0.5,12,518.71,2,0
TEL-10070,2026-03,15.44,163,2.7,9,572.08,1,0
TEL-10070,2026-04,9.17,164,0.3,20,564.35,4,0
TEL-10070,2026-05,17.68,45,0.4,11,482.81,1,0
TEL-10070,2026-06,14.77,130,0.5,16,557.54,2,0
TEL-10071,2026-01,1.79,354,2.0,33,217.39,1,0
TEL-10071,2026-02,1.38,435,0.9,37,191.41,1,0
TEL-10071,2026-03,1.85,756,0.1,34,198.17,3,0
TEL-10071,2026-04,1.86,191,0.8,34,214.36,3,0
TEL-10071,2026-05,2.14,548,0.3,23,177.34,1,0
TEL-10071,2026-06,1.71,587,1.8,40,208.72,4,0
TEL-10072,2026-01,4.58,115,0.0,10,180.9,4,0
TEL-10072,2026-02,4.37,121,0.4,4,186.65,1,0
TEL-10072,2026-03,3.26,126,0.4,10,188.78,1,0
TEL-10072,2026-04,4.26,131,1.0,11,186.94,1,0
TEL-10072,2026-05,4.83,115,0.1,12,212.47,3,0
TEL-10072,2026-06,3.09,162,0.2,9,196.5,3,0
TEL-10073,2026-01,1.54,598,1.4,25,326.6,1,0
TEL-10073,2026-02,2.64,355,0.5,21,323.29,3,0
TEL-10073,2026-03,1.91,259,0.1,24,374.2,4,0
TEL-10073,2026-04,1.79,576,0.3,24,298.32,4,0
TEL-10073,2026-05,1.75,454,0.7,28,387.53,1,0
TEL-10073,2026-06,1.74,628,1.0,24,378.66,2,0
TEL-10074,2026-01,21.2,234,0.5,3,398.36,4,0
TEL-10074,2026-02,23.23,378,3.1,7,266.16,1,0
TEL-10074,2026-03,18.02,510,0.1,11,394.71,4,0
TEL-10074,2026-04,13.67,413,0.5,6,282.48,3,0
TEL-10074,2026-05,24.79,333,1.5,7,384.21,1,0
TEL-10074,2026-06,14.86,543,0.6,8,331.68,1,0
TEL-10075,2026-01,60.26,151,1.0,7,435.21,4,0
TEL-10075,2026-02,49.51,292,2.8,13,588.63,4,0
TEL-10075,2026-03,34.14,119,0.3,9,494.32,2,0
TEL-10075,2026-04,41.75,107,0.2,9,497.3,1,0
TEL-10075,2026-05,32.38,249,0.4,11,496.07,4,0
TEL-10075,2026-06,55.29,206,1.1,7,562.76,2,0
TEL-10076,2026-01,3.39,110,13.5,2,585.7,4,0
TEL-10076,2026-02,3.3,114,22.4,7,605.45,2,0
TEL-10076,2026-03,4.86,115,2.4,3,508.93,2,0
TEL-10076,2026-04,2.0,145,1.1,7,537.48,4,0
TEL-10076,2026-05,3.79,109,33.9,4,502.04,3,0
TEL-10076,2026-06,4.63,88,9.4,4,524.8,3,0
TEL-10077,2026-01,2.52,352,0.4,37,240.24,3,0
TEL-10077,2026-02,3.31,248,0.2,32,228.12,4,0
TEL-10077,2026-03,2.7,233,0.4,29,197.39,1,0
TEL-10077,2026-04,2.89,260,0.2,34,176.6,1,0
TEL-10077,2026-05,2.7,175,0.1,49,199.34,2,0
TEL-10077,2026-06,1.43,294,0.2,39,205.14,4,0
TEL-10078,2026-01,5.79,241,3.4,16,318.23,3,0
TEL-10078,2026-02,11.83,195,0.5,18,319.66,1,0
TEL-10078,2026-03,8.21,320,0.6,18,330.07,3,0
TEL-10078,2026-04,7.24,147,0.2,15,337.9,2,0
TEL-10078,2026-05,4.36,247,0.2,12,374.69,2,0
TEL-10078,2026-06,5.47,229,0.3,12,298.17,3,0
TEL-10079,2026-01,22.48,83,0.2,9,364.08,2,0
TEL-10079,2026-02,14.22,85,0.7,4,323.45,2,0
TEL-10079,2026-03,28.07,136,0.1,6,326.18,4,0
TEL-10079,2026-04,37.56,112,1.7,5,351.52,2,0
TEL-10079,2026-05,22.66,123,2.4,5,307.52,4,0
TEL-10079,2026-06,36.28,117,0.3,9,326.77,1,0
TEL-10080,2026-01,20.99,189,0.3,14,357.85,3,0
TEL-10080,2026-02,25.42,271,0.4,15,406.43,4,0
TEL-10080,2026-03,16.93,483,1.3,20,326.49,2,0
TEL-10080,2026-04,27.96,382,0.4,16,375.6,4,0
TEL-10080,2026-05,27.29,366,0.5,21,270.34,4,0
TEL-10080,2026-06,22.27,211,0.3,19,415.03,3,0
TEL-10081,2026-01,24.0,242,2.2,7,606.84,3,0
TEL-10081,2026-02,23.33,160,1.1,8,549.11,4,0
TEL-10081,2026-03,19.34,278,1.0,8,652.1,4,0
TEL-10081,2026-04,25.27,175,3.7,6,537.35,2,0
TEL-10081,2026-05,22.94,138,0.6,3,480.68,1,0
TEL-10081,2026-06,22.9,165,0.7,10,581.12,2,0
TEL-10082,2026-01,16.73,244,1.2,17,311.55,1,0
TEL-10082,2026-02,12.68,283,0.3,19,336.19,4,0
TEL-10082,2026-03,18.57,326,0.4,19,301.11,2,0
TEL-10082,2026-04,7.25,251,2.2,22,394.45,1,0
TEL-10082,2026-05,19.93,284,0.5,19,384.96,4,0
TEL-10082,2026-06,21.0,456,0.9,14,360.03,2,0
TEL-10083,2026-01,11.42,340,2.4,24,568.48,4,0
TEL-10083,2026-02,14.55,297,13.7,15,517.12,2,0
TEL-10083,2026-03,9.99,298,1.9,17,572.86,4,0
TEL-10083,2026-04,11.23,400,4.7,22,581.42,4,0
TEL-10083,2026-05,11.2,362,6.4,28,551.15,2,0
TEL-10083,2026-06,14.24,456,4.5,17,491.68,4,0
TEL-10084,2026-01,4.21,256,1.2,8,219.35,1,0
TEL-10084,2026-02,2.37,206,0.1,8,244.26,3,0
TEL-10084,2026-03,3.67,85,2.7,5,263.42,2,0
TEL-10084,2026-04,3.55,170,1.2,4,204.62,4,0
TEL-10084,2026-05,4.15,129,0.3,11,250.77,4,0
TEL-10084,2026-06,3.12,143,1.0,6,249.79,3,0
TEL-10085,2026-01,1.77,1210,0.6,19,240.99,1,0
TEL-10085,2026-02,0.78,778,0.8,21,242.98,1,0
TEL-10085,2026-03,1.56,999,1.8,27,229.87,2,0
TEL-10085,2026-04,1.8,586,0.0,26,270.33,2,0
TEL-10085,2026-05,1.32,1148,0.2,11,295.89,3,0
TEL-10085,2026-06,1.11,665,2.1,19,202.91,3,0
TEL-10086,2026-01,7.07,93,1.7,9,200.22,2,0
TEL-10086,2026-02,3.08,66,1.0,10,177.35,4,0
TEL-10086,2026-03,5.08,119,0.5,9,176.74,1,0
TEL-10086,2026-04,5.58,177,0.2,6,202.57,2,0
TEL-10086,2026-05,4.65,128,0.1,9,172.55,2,0
TEL-10086,2026-06,3.0,73,1.1,7,175.44,1,0
TEL-10087,2026-01,8.5,332,1.6,12,250.96,1,0
TEL-10087,2026-02,7.72,349,0.5,8,220.02,1,0
TEL-10087,2026-03,7.84,342,2.7,11,264.09,1,0
TEL-10087,2026-04,9.2,434,0.6,13,221.75,1,0
TEL-10087,2026-05,8.24,389,0.8,13,234.65,1,0
TEL-10087,2026-06,6.62,338,0.5,18,239.75,3,0
TEL-10088,2026-01,1.49,277,0.0,29,227.17,4,0
TEL-10088,2026-02,2.59,226,1.8,36,196.7,4,0
TEL-10088,2026-03,1.41,228,0.1,38,205.2,1,0
TEL-10088,2026-04,2.58,225,0.1,19,175.27,4,0
TEL-10088,2026-05,1.95,196,2.3,31,220.4,3,0
TEL-10088,2026-06,2.22,308,1.1,41,231.43,4,0
TEL-10089,2026-01,2.67,553,0.4,29,263.15,3,0
TEL-10089,2026-02,2.53,369,1.0,32,324.08,1,0
TEL-10089,2026-03,2.8,531,0.0,27,329.96,4,0
TEL-10089,2026-04,2.85,497,0.0,20,325.75,2,0
TEL-10089,2026-05,2.84,491,3.0,37,301.14,3,0
TEL-10089,2026-06,2.84,425,0.3,21,336.42,1,0
TEL-10090,2026-01,50.97,161,36.1,3,803.0,2,0
TEL-10090,2026-02,54.52,181,13.5,4,843.04,2,0
TEL-10090,2026-03,49.3,246,87.6,6,670.43,3,0
TEL-10090,2026-04,36.03,177,19.8,7,787.42,1,0
TEL-10090,2026-05,69.86,194,18.8,2,803.18,3,0
TEL-10090,2026-06,63.63,225,5.0,3,665.83,3,0
TEL-10091,2026-01,26.67,180,0.1,5,341.01,2,0
TEL-10091,2026-02,42.4,285,1.1,10,320.76,4,0
TEL-10091,2026-03,22.44,176,0.5,5,366.07,2,0
TEL-10091,2026-04,25.79,267,0.2,10,321.58,3,0
TEL-10091,2026-05,35.91,129,0.4,9,457.82,4,0
TEL-10091,2026-06,17.26,163,0.3,5,418.57,4,0
TEL-10092,2026-01,5.0,143,1.4,4,237.55,2,0
TEL-10092,2026-02,4.99,112,0.9,12,257.28,1,0
TEL-10092,2026-03,3.13,148,0.8,11,222.41,2,0
TEL-10092,2026-04,3.79,116,0.5,8,222.48,3,0
TEL-10092,2026-05,5.68,128,0.3,9,259.97,3,0
TEL-10092,2026-06,3.55,145,0.0,9,203.14,3,0
TEL-10093,2026-01,2.06,678,0.7,38,457.72,4,0
TEL-10093,2026-02,1.96,552,0.3,25,422.98,1,0
TEL-10093,2026-03,2.35,718,1.2,40,378.79,3,0
TEL-10093,2026-04,1.34,593,1.9,40,356.7,2,0
TEL-10093,2026-05,1.3,468,0.4,37,390.21,4,0
TEL-10093,2026-06,1.75,449,0.6,34,439.5,4,0
TEL-10094,2026-01,14.01,233,0.2,21,446.19,1,0
TEL-10094,2026-02,13.99,379,1.5,23,364.49,2,0
TEL-10094,2026-03,12.73,383,0.3,21,475.16,3,0
TEL-10094,2026-04,19.67,283,1.1,14,416.78,3,0
TEL-10094,2026-05,12.36,283,0.8,15,505.2,3,0
TEL-10094,2026-06,21.27,377,0.0,14,475.2,3,0
TEL-10095,2026-01,2.65,278,2.1,9,151.91,1,0
TEL-10095,2026-02,3.01,303,0.1,14,182.97,2,0
TEL-10095,2026-03,3.25,218,0.3,10,161.1,3,0
TEL-10095,2026-04,3.29,183,0.1,8,167.1,4,0
TEL-10095,2026-05,2.42,250,1.1,4,187.99,4,0
TEL-10095,2026-06,1.73,278,0.6,7,164.13,3,0
TEL-10096,2026-01,30.38,359,0.5,19,800.99,3,0
TEL-10096,2026-02,25.97,313,0.8,19,682.62,1,0
TEL-10096,2026-03,25.5,326,0.6,16,731.28,4,0
TEL-10096,2026-04,38.8,166,0.7,13,600.11,4,0
TEL-10096,2026-05,27.49,534,1.9,25,589.66,3,0
TEL-10096,2026-06,31.98,461,0.1,16,590.58,2,0
TEL-10097,2026-01,9.85,255,0.3,22,222.51,4,0
TEL-10097,2026-02,15.72,343,0.4,16,278.25,4,0
TEL-10097,2026-03,14.34,206,0.9,22,259.05,2,0
TEL-10097,2026-04,15.54,321,0.0,10,245.94,1,0
TEL-10097,2026-05,12.44,395,0.1,14,265.1,3,0
TEL-10097,2026-06,11.69,290,0.5,9,256.24,4,0
TEL-10098,2026-01,13.52,423,3.0,25,446.98,2,0
TEL-10098,2026-02,16.42,433,14.3,21,450.13,4,0
TEL-10098,2026-03,13.41,482,11.9,22,447.73,2,0
TEL-10098,2026-04,20.13,450,8.2,19,513.79,1,0
TEL-10098,2026-05,21.92,452,14.4,18,439.19,4,0
TEL-10098,2026-06,19.0,378,12.2,16,454.2,4,0
TEL-10099,2026-01,22.57,295,0.4,2,438.15,4,0
TEL-10099,2026-02,30.51,219,0.5,5,386.44,1,0
TEL-10099,2026-03,22.99,245,0.4,4,412.84,4,0
TEL-10099,2026-04,17.86,256,0.1,4,337.75,1,0
TEL-10099,2026-05,20.79,215,1.4,8,418.55,3,0
TEL-10099,2026-06,15.88,243,1.3,2,411.61,1,0
TEL-10100,2026-01,16.54,290,69.6,21,415.28,1,0
TEL-10100,2026-02,18.37,303,17.2,15,468.31,1,0
TEL-10100,2026-03,14.69,319,11.1,22,356.12,1,0
TEL-10100,2026-04,15.38,351,16.3,14,453.03,1,0
TEL-10100,2026-05,16.04,296,19.2,21,419.98,3,0
TEL-10100,2026-06,16.03,160,12.2,14,326.34,3,0
TEL-10101,2026-01,1.16,578,0.6,33,210.99,2,0
TEL-10101,2026-02,1.19,606,2.4,34,213.65,1,0
TEL-10101,2026-03,1.09,894,0.3,35,179.27,1,0
TEL-10101,2026-04,1.52,674,0.6,39,175.62,2,0
TEL-10101,2026-05,1.19,735,1.2,39,194.61,4,0
TEL-10101,2026-06,1.54,721,0.6,37,187.29,3,0
TEL-10102,2026-01,21.4,206,0.4,13,232.82,2,0
TEL-10102,2026-02,27.32,242,0.2,18,321.47,4,0
TEL-10102,2026-03,24.09,318,0.2,16,252.24,4,0
TEL-10102,2026-04,21.71,300,0.2,13,256.4,2,0
TEL-10102,2026-05,20.12,386,0.5,15,297.54,2,0
TEL-10102,2026-06,19.64,277,0.8,16,241.19,4,0
TEL-10103,2026-01,3.66,125,0.4,14,330.18,1,0
TEL-10103,2026-02,3.71,155,1.3,10,256.8,3,0
TEL-10103,2026-03,4.3,172,0.2,9,224.76,4,0
TEL-10103,2026-04,3.31,100,0.1,15,270.12,4,0
TEL-10103,2026-05,2.21,194,2.2,13,299.21,1,0
TEL-10103,2026-06,2.44,117,0.4,9,285.32,2,0
TEL-10104,2026-01,3.9,236,0.2,15,406.92,2,0
TEL-10104,2026-02,3.27,121,0.6,7,314.79,1,0
TEL-10104,2026-03,3.52,136,0.3,4,332.45,4,0
TEL-10104,2026-04,4.29,121,0.5,11,360.93,2,0
TEL-10104,2026-05,5.58,119,0.0,9,324.37,2,0
TEL-10104,2026-06,3.56,206,1.7,18,291.16,2,0
TEL-10105,2026-01,19.14,138,0.6,8,539.91,3,0
TEL-10105,2026-02,25.33,153,1.0,5,572.14,1,0
TEL-10105,2026-03,26.56,205,0.4,9,540.07,2,0
TEL-10105,2026-04,28.74,143,1.0,6,484.83,2,0
TEL-10105,2026-05,25.21,137,0.7,6,575.45,3,0
TEL-10105,2026-06,31.26,102,0.9,11,551.27,4,0
TEL-10106,2026-01,43.59,125,1.8,4,580.56,3,0
TEL-10106,2026-02,43.45,150,1.6,4,526.39,1,0
TEL-10106,2026-03,44.72,121,0.7,8,530.76,3,0
TEL-10106,2026-04,46.78,116,0.5,5,544.08,2,0
TEL-10106,2026-05,52.04,139,0.2,4,564.95,3,0
TEL-10106,2026-06,34.84,113,0.6,9,582.83,1,0
TEL-10107,2026-01,4.24,128,0.1,13,343.33,4,0
TEL-10107,2026-02,4.8,91,0.3,14,339.5,4,0
TEL-10107,2026-03,4.59,109,0.0,15,293.61,3,0
TEL-10107,2026-04,3.8,121,0.3,11,298.58,3,0
TEL-10107,2026-05,5.35,81,0.3,21,376.58,2,0
TEL-10107,2026-06,5.81,49,0.3,7,332.16,4,0
TEL-10108,2026-01,41.68,134,0.4,1,465.13,3,0
TEL-10108,2026-02,43.6,143,0.5,7,322.34,1,0
TEL-10108,2026-03,43.41,111,0.3,4,440.52,4,0
TEL-10108,2026-04,22.85,78,0.2,2,466.01,3,0
TEL-10108,2026-05,34.32,125,0.4,3,471.42,3,0
TEL-10108,2026-06,28.27,152,0.7,1,487.98,2,0
TEL-10109,2026-01,5.77,97,1.1,6,336.91,3,0
TEL-10109,2026-02,6.46,94,0.7,4,286.53,1,0
TEL-10109,2026-03,8.54,112,2.3,6,283.0,1,0
TEL-10109,2026-04,5.1,102,1.7,8,369.81,4,0
TEL-10109,2026-05,5.58,169,0.0,8,337.72,2,0
TEL-10109,2026-06,5.47,79,0.2,3,330.33,2,0
TEL-10110,2026-01,2.08,50,0.4,3,254.56,3,0
TEL-10110,2026-02,1.98,101,0.3,6,258.61,4,0
TEL-10110,2026-03,3.0,131,0.9,4,282.45,3,0
TEL-10110,2026-04,3.28,85,0.3,0,261.57,4,0
TEL-10110,2026-05,2.35,151,0.3,3,250.39,4,0
TEL-10110,2026-06,3.38,148,0.1,4,283.83,3,0
TEL-10111,2026-01,1.79,3,0.3,18,90.79,3,0
TEL-10111,2026-02,1.01,4,0.1,6,78.7,1,0
TEL-10111,2026-03,1.46,6,1.4,13,85.5,4,0
TEL-10111,2026-04,2.12,6,2.2,9,74.9,4,0
TEL-10111,2026-05,2.11,4,0.5,4,77.37,4,0
TEL-10111,2026-06,2.53,5,0.6,6,86.05,3,0
TEL-10112,2026-01,2.28,340,0.2,17,392.66,4,0
TEL-10112,2026-02,2.06,286,1.5,27,380.8,3,0
TEL-10112,2026-03,3.11,476,0.7,22,403.21,2,0
TEL-10112,2026-04,2.14,311,0.2,34,471.15,3,0
TEL-10112,2026-05,3.45,447,0.8,38,401.36,2,0
TEL-10112,2026-06,2.18,387,1.0,24,350.49,1,0
TEL-10113,2026-01,3.36,125,0.7,14,299.07,1,0
TEL-10113,2026-02,3.82,119,0.1,14,322.02,4,0
TEL-10113,2026-03,6.01,141,1.7,14,294.66,1,0
TEL-10113,2026-04,3.73,108,0.1,15,254.78,1,0
TEL-10113,2026-05,3.74,128,3.0,20,285.52,3,0
TEL-10113,2026-06,4.53,127,2.1,11,275.78,1,0
TEL-10114,2026-01,20.86,87,0.1,8,574.8,2,0
TEL-10114,2026-02,41.84,155,0.7,6,559.91,4,0
TEL-10114,2026-03,41.4,178,1.8,6,430.23,1,0
TEL-10114,2026-04,28.92,105,0.1,2,583.47,1,0
TEL-10114,2026-05,30.4,105,2.0,6,615.98,4,0
TEL-10114,2026-06,31.88,227,0.2,7,634.11,2,0
TEL-10115,2026-01,10.54,600,0.5,19,296.29,2,0
TEL-10115,2026-02,15.11,359,0.1,16,277.22,4,0
TEL-10115,2026-03,11.97,394,0.1,7,303.8,2,0
TEL-10115,2026-04,13.78,393,0.5,14,343.23,1,0
TEL-10115,2026-05,13.02,402,3.1,13,320.79,4,0
TEL-10115,2026-06,17.77,311,0.0,20,311.12,1,0
TEL-10116,2026-01,9.0,346,0.7,9,301.97,3,0
TEL-10116,2026-02,6.81,404,0.0,10,341.19,3,0
TEL-10116,2026-03,6.99,432,0.4,11,338.45,3,0
TEL-10116,2026-04,5.5,615,0.3,6,350.55,3,0
TEL-10116,2026-05,7.34,446,2.6,13,350.16,2,0
TEL-10116,2026-06,7.32,688,0.7,4,356.87,4,0
TEL-10117,2026-01,2.94,247,1.1,37,214.33,4,0
TEL-10117,2026-02,2.62,402,0.5,44,167.29,4,0
TEL-10117,2026-03,3.49,590,0.4,42,224.76,3,0
TEL-10117,2026-04,3.75,380,1.1,35,208.25,3,0
TEL-10117,2026-05,4.16,457,1.5,41,229.1,2,0
TEL-10117,2026-06,3.21,444,0.8,41,240.48,4,0
TEL-10118,2026-01,2.02,849,0.4,40,228.0,2,0
TEL-10118,2026-02,2.94,887,0.6,27,213.82,1,0
TEL-10118,2026-03,2.73,562,1.7,26,230.45,1,0
TEL-10118,2026-04,4.16,758,1.4,28,218.87,3,0
TEL-10118,2026-05,2.75,1000,0.5,26,208.57,1,0
TEL-10118,2026-06,2.39,748,0.0,32,201.37,2,0
TEL-10119,2026-01,8.0,256,6.5,7,523.88,4,0
TEL-10119,2026-02,5.85,121,15.9,17,546.22,3,0
TEL-10119,2026-03,7.89,243,3.7,20,433.19,2,0
TEL-10119,2026-04,5.35,117,24.9,10,590.35,1,0
TEL-10119,2026-05,4.44,225,15.7,17,455.3,1,0
TEL-10119,2026-06,6.88,242,1.0,13,512.38,3,0
TEL-10120,2026-01,3.05,88,0.1,17,159.17,2,0
TEL-10120,2026-02,3.48,88,0.1,16,165.11,1,0
TEL-10120,2026-03,3.93,43,0.1,8,153.87,1,0
TEL-10120,2026-04,4.7,73,0.4,17,178.4,1,0
TEL-10120,2026-05,2.91,77,1.3,14,151.26,3,0
TEL-10120,2026-06,2.87,71,0.6,6,194.05,4,0
TEL-10121,2026-01,4.75,163,0.1,10,262.55,4,0
TEL-10121,2026-02,3.04,164,0.1,8,318.14,2,0
TEL-10121,2026-03,4.4,187,0.5,4,275.53,3,0
TEL-10121,2026-04,3.82,172,0.4,9,285.02,4,0
TEL-10121,2026-05,4.3,262,0.5,9,307.07,2,0
TEL-10121,2026-06,4.68,193,0.7,11,279.85,4,0
TEL-10122,2026-01,5.38,151,0.4,14,275.94,4,0
TEL-10122,2026-02,3.48,252,0.8,9,294.02,4,0
TEL-10122,2026-03,3.33,178,1.9,12,345.56,4,0
TEL-10122,2026-04,4.7,182,0.1,10,311.54,3,0
TEL-10122,2026-05,3.59,198,0.4,7,319.72,2,0
TEL-10122,2026-06,5.93,126,2.1,8,293.89,4,0
TEL-10123,2026-01,16.46,384,0.1,14,429.95,2,0
TEL-10123,2026-02,18.27,279,2.6,14,428.24,2,0
TEL-10123,2026-03,20.11,386,1.4,11,450.41,2,0
TEL-10123,2026-04,15.32,497,0.6,15,366.56,1,0
TEL-10123,2026-05,13.41,422,4.1,11,517.54,2,0
TEL-10123,2026-06,11.96,406,0.2,15,374.4,3,0
TEL-10124,2026-01,28.41,298,0.9,0,354.79,2,0
TEL-10124,2026-02,23.12,418,0.5,5,457.26,4,0
TEL-10124,2026-03,31.58,371,0.5,5,446.56,3,0
TEL-10124,2026-04,32.64,409,1.7,2,507.79,1,0
TEL-10124,2026-05,22.67,529,3.2,10,507.5,3,0
TEL-10124,2026-06,19.84,382,0.8,5,484.4,4,0
TEL-10125,2026-01,5.46,92,1.8,8,223.69,2,0
TEL-10125,2026-02,5.25,131,0.4,4,215.96,1,0
TEL-10125,2026-03,6.09,172,0.9,7,180.42,3,0
TEL-10125,2026-04,6.46,126,0.5,6,208.71,2,0
TEL-10125,2026-05,5.82,147,1.3,4,152.15,2,0
TEL-10125,2026-06,5.02,104,0.0,2,191.65,4,0
TEL-10126,2026-01,33.36,154,0.6,7,489.01,3,0
TEL-10126,2026-02,43.65,243,1.6,8,535.77,2,0
TEL-10126,2026-03,25.87,217,1.5,7,474.29,2,0
TEL-10126,2026-04,31.92,234,0.3,3,411.82,3,0
TEL-10126,2026-05,24.32,303,0.1,5,420.2,3,0
TEL-10126,2026-06,28.41,248,0.0,8,427.6,2,0
TEL-10127,2026-01,21.23,185,0.7,4,741.39,2,0
TEL-10127,2026-02,29.41,138,0.1,1,817.42,4,0
TEL-10127,2026-03,25.26,112,0.8,4,670.48,3,0
TEL-10127,2026-04,41.65,186,0.2,4,675.72,4,0
TEL-10127,2026-05,41.02,174,0.2,9,709.82,2,0
TEL-10127,2026-06,37.5,203,0.2,5,631.97,1,0
TEL-10128,2026-01,5.42,74,1.9,9,337.9,1,0
TEL-10128,2026-02,3.83,99,0.8,6,301.67,4,0
TEL-10128,2026-03,4.9,93,0.6,9,307.65,4,0
TEL-10128,2026-04,5.52,82,0.5,10,322.47,2,0
TEL-10128,2026-05,6.8,164,1.1,5,320.47,3,0
TEL-10128,2026-06,2.03,79,2.3,10,366.46,4,0
TEL-10129,2026-01,21.77,314,0.7,2,329.66,1,0
TEL-10129,2026-02,16.75,120,0.7,1,349.97,2,0
TEL-10129,2026-03,13.01,299,1.8,2,339.54,4,0
TEL-10129,2026-04,11.02,231,0.6,4,357.12,1,0
TEL-10129,2026-05,21.44,315,0.9,4,326.22,1,0
TEL-10129,2026-06,17.34,195,0.7,3,330.47,4,0
TEL-10130,2026-01,3.19,410,0.5,30,165.28,1,0
TEL-10130,2026-02,2.35,848,0.9,29,213.1,3,0
TEL-10130,2026-03,1.21,699,0.6,34,212.02,3,0
TEL-10130,2026-04,3.2,824,0.3,40,191.91,2,0
TEL-10130,2026-05,2.03,709,0.2,28,199.18,2,0
TEL-10130,2026-06,3.73,707,0.1,36,170.24,3,0
TEL-10131,2026-01,29.36,170,0.8,7,832.41,2,0
TEL-10131,2026-02,64.29,156,1.3,2,672.71,3,0
TEL-10131,2026-03,44.5,160,0.1,3,724.62,1,0
TEL-10131,2026-04,27.15,208,0.2,2,757.79,2,0
TEL-10131,2026-05,49.86,211,0.3,3,713.86,3,0
TEL-10131,2026-06,18.31,237,0.3,4,758.26,1,0
TEL-10132,2026-01,9.26,285,0.1,14,222.06,2,0
TEL-10132,2026-02,11.73,414,0.6,23,237.92,3,0
TEL-10132,2026-03,10.53,378,2.8,11,253.89,1,0
TEL-10132,2026-04,11.34,411,1.1,14,197.76,3,0
TEL-10132,2026-05,9.41,448,1.4,13,256.92,3,0
TEL-10132,2026-06,9.97,253,0.1,14,255.63,4,0
TEL-10133,2026-01,22.83,210,0.9,15,288.52,4,0
TEL-10133,2026-02,26.48,403,0.7,11,345.09,4,0
TEL-10133,2026-03,20.53,414,1.4,23,366.54,2,0
TEL-10133,2026-04,24.56,299,0.8,24,344.79,2,0
TEL-10133,2026-05,22.17,367,1.1,16,354.12,3,0
TEL-10133,2026-06,19.47,423,0.6,18,336.52,4,0
TEL-10134,2026-01,23.94,223,0.9,3,537.59,2,0
TEL-10134,2026-02,10.58,166,0.3,3,509.35,2,0
TEL-10134,2026-03,23.26,187,1.1,2,498.21,1,0
TEL-10134,2026-04,26.19,235,1.4,4,513.64,2,0
TEL-10134,2026-05,27.74,251,1.9,11,526.32,2,0
TEL-10134,2026-06,30.98,341,0.1,5,536.33,2,0
TEL-10135,2026-01,18.79,347,16.5,9,591.74,2,0
TEL-10135,2026-02,15.09,293,2.4,4,618.15,3,0
TEL-10135,2026-03,11.83,145,43.3,11,672.41,1,0
TEL-10135,2026-04,14.63,294,4.9,5,672.48,1,0
TEL-10135,2026-05,12.19,295,2.7,9,651.19,4,0
TEL-10135,2026-06,14.72,316,2.6,8,508.26,2,0
TEL-10136,2026-01,1.43,520,0.2,39,306.22,3,0
TEL-10136,2026-02,1.36,399,0.6,38,288.09,4,0
TEL-10136,2026-03,1.05,385,1.6,34,304.34,4,0
TEL-10136,2026-04,1.75,530,0.3,36,302.13,4,0
TEL-10136,2026-05,1.13,516,1.9,32,318.09,4,0
TEL-10136,2026-06,1.54,353,0.8,40,289.59,2,0
TEL-10137,2026-01,36.93,166,0.0,6,553.48,2,0
TEL-10137,2026-02,39.48,159,0.2,4,640.07,4,0
TEL-10137,2026-03,32.97,189,0.3,4,513.3,1,0
TEL-10137,2026-04,46.04,89,1.0,5,690.94,2,0
TEL-10137,2026-05,34.25,162,1.5,2,636.53,2,0
TEL-10137,2026-06,19.08,179,1.9,4,585.4,3,0
TEL-10138,2026-01,9.46,301,0.7,14,287.74,2,0
TEL-10138,2026-02,14.01,257,0.4,16,295.28,1,0
TEL-10138,2026-03,13.74,188,0.0,20,317.62,3,0
TEL-10138,2026-04,11.58,242,1.7,14,375.33,1,0
TEL-10138,2026-05,15.02,210,0.2,15,277.06,4,0
TEL-10138,2026-06,17.35,344,0.7,16,316.44,1,0
TEL-10139,2026-01,25.02,228,0.1,2,519.88,3,0
TEL-10139,2026-02,29.75,140,0.9,1,528.33,2,0
TEL-10139,2026-03,34.56,201,1.0,3,490.58,4,0
TEL-10139,2026-04,47.5,119,0.3,5,559.14,2,0
TEL-10139,2026-05,38.37,123,0.2,3,512.2,2,0
TEL-10139,2026-06,43.19,63,0.7,0,487.95,4,0
TEL-10140,2026-01,1.91,224,0.1,33,272.18,4,0
TEL-10140,2026-02,1.33,797,0.2,19,382.03,3,0
TEL-10140,2026-03,1.61,626,2.2,18,327.89,2,0
TEL-10140,2026-04,2.17,738,0.9,24,349.5,4,0
TEL-10140,2026-05,1.9,833,3.0,28,302.29,1,0
TEL-10140,2026-06,1.93,758,0.3,22,315.82,4,0
TEL-10141,2026-01,15.22,279,0.4,20,395.21,1,0
TEL-10141,2026-02,16.65,265,1.1,20,360.04,2,0
TEL-10141,2026-03,15.46,413,0.2,27,408.53,3,0
TEL-10141,2026-04,15.81,284,0.7,24,395.51,4,0
TEL-10141,2026-05,15.23,444,0.7,21,437.31,2,0
TEL-10141,2026-06,12.56,352,3.3,28,425.31,3,0
TEL-10142,2026-01,1.18,89,1.3,15,143.95,3,0
TEL-10142,2026-02,2.35,139,0.2,17,132.92,2,0
TEL-10142,2026-03,2.54,103,0.5,18,138.1,2,0
TEL-10142,2026-04,2.35,73,0.6,17,107.27,2,0
TEL-10142,2026-05,1.86,89,0.8,20,131.32,2,0
TEL-10142,2026-06,2.63,119,0.6,7,138.18,3,0
TEL-10143,2026-01,11.58,668,0.6,5,388.1,4,0
TEL-10143,2026-02,12.23,380,2.4,9,325.8,2,0
TEL-10143,2026-03,13.5,490,1.3,6,368.5,1,0
TEL-10143,2026-04,17.16,524,0.2,5,379.64,3,0
TEL-10143,2026-05,11.99,455,0.3,9,343.07,2,0
TEL-10143,2026-06,14.64,592,2.8,9,311.43,1,0
TEL-10144,2026-01,19.88,403,1.4,19,284.16,2,0
TEL-10144,2026-02,14.82,516,0.1,22,237.06,4,0
TEL-10144,2026-03,24.3,310,0.5,20,257.55,4,0
TEL-10144,2026-04,17.68,535,0.4,27,247.28,3,0
TEL-10144,2026-05,20.18,507,0.5,18,254.91,3,0
TEL-10144,2026-06,16.31,536,1.3,23,283.01,2,0
TEL-10145,2026-01,1.37,262,1.3,30,245.75,1,0
TEL-10145,2026-02,1.65,93,0.3,32,259.56,4,0
TEL-10145,2026-03,1.4,247,1.5,20,229.96,1,0
TEL-10145,2026-04,1.61,362,0.9,25,257.23,1,0
TEL-10145,2026-05,1.58,264,0.7,37,243.37,2,0
TEL-10145,2026-06,1.8,183,0.1,23,242.09,1,0
TEL-10146,2026-01,29.47,42,0.3,1,368.34,3,0
TEL-10146,2026-02,32.29,35,0.2,3,301.69,4,0
TEL-10146,2026-03,18.88,45,0.4,1,344.14,2,0
TEL-10146,2026-04,27.32,52,0.1,5,390.24,4,0
TEL-10146,2026-05,36.52,58,0.1,2,302.01,1,0
TEL-10146,2026-06,30.61,43,2.0,2,329.65,4,0
TEL-10147,2026-01,2.41,680,0.8,23,323.21,2,0
TEL-10147,2026-02,1.72,607,0.2,22,301.04,1,0
TEL-10147,2026-03,3.16,492,0.6,30,366.66,2,0
TEL-10147,2026-04,1.64,434,0.3,37,280.09,4,0
TEL-10147,2026-05,2.16,454,1.7,23,309.54,1,0
TEL-10147,2026-06,1.48,789,0.9,26,322.08,4,0
TEL-10148,2026-01,38.39,127,0.1,9,335.53,2,0
TEL-10148,2026-02,43.45,162,0.3,7,402.03,1,0
TEL-10148,2026-03,47.41,169,1.8,4,381.21,2,0
TEL-10148,2026-04,31.57,161,1.3,8,391.34,1,0
TEL-10148,2026-05,49.4,258,0.4,12,287.97,3,0
TEL-10148,2026-06,36.39,236,1.7,8,372.24,2,0
TEL-10149,2026-01,2.7,896,5.9,26,495.75,2,0
TEL-10149,2026-02,3.09,886,4.2,21,447.53,1,0
TEL-10149,2026-03,2.78,808,2.7,30,598.02,3,0
TEL-10149,2026-04,2.35,563,10.0,34,533.13,4,0
TEL-10149,2026-05,2.77,573,3.0,39,564.37,4,0
TEL-10149,2026-06,3.09,628,11.6,34,543.79,1,0
TEL-10150,2026-01,2.7,86,0.4,16,259.73,2,0
TEL-10150,2026-02,2.92,99,0.3,11,234.34,3,0
TEL-10150,2026-03,1.98,104,1.8,16,219.45,4,0
TEL-10150,2026-04,3.22,154,0.2,12,219.62,1,0
TEL-10150,2026-05,2.82,87,0.9,9,231.5,3,0
TEL-10150,2026-06,2.9,74,1.5,11,275.82,1,0
TEL-10151,2026-01,1.68,644,0.6,23,220.08,4,0
TEL-10151,2026-02,1.67,639,1.4,41,262.36,4,0
TEL-10151,2026-03,1.84,736,0.2,27,283.31,3,0
TEL-10151,2026-04,1.85,727,0.5,35,252.92,3,0
TEL-10151,2026-05,1.56,662,0.2,33,256.08,3,0
TEL-10151,2026-06,1.42,272,0.5,36,308.88,2,0
TEL-10152,2026-01,1.66,725,16.5,41,448.12,1,0
TEL-10152,2026-02,2.8,444,41.7,25,415.7,4,0
TEL-10152,2026-03,2.56,645,7.7,33,306.29,1,0
TEL-10152,2026-04,2.31,375,11.9,44,441.27,3,0
TEL-10152,2026-05,1.86,517,16.4,39,416.8,3,0
TEL-10152,2026-06,1.48,712,1.3,25,315.11,4,0
TEL-10153,2026-01,29.4,165,0.6,5,526.25,4,0
TEL-10153,2026-02,36.36,266,0.7,5,390.04,2,0
TEL-10153,2026-03,28.41,143,0.1,7,540.29,2,0
TEL-10153,2026-04,37.11,128,1.1,5,483.88,1,0
TEL-10153,2026-05,41.65,210,0.3,5,487.91,1,0
TEL-10153,2026-06,37.1,182,2.0,7,574.22,3,0
TEL-10154,2026-01,24.12,232,0.2,2,349.53,1,0
TEL-10154,2026-02,27.1,281,0.4,2,448.57,1,0
TEL-10154,2026-03,22.16,276,0.9,2,505.65,1,0
TEL-10154,2026-04,24.45,195,0.3,0,453.59,2,0
TEL-10154,2026-05,17.98,215,0.0,2,307.79,3,0
TEL-10154,2026-06,29.12,275,1.6,5,433.94,2,0
TEL-10155,2026-01,7.21,55,0.5,6,283.28,2,0
TEL-10155,2026-02,7.72,85,1.0,12,208.13,1,0
TEL-10155,2026-03,5.4,169,1.6,8,216.85,1,0
TEL-10155,2026-04,5.16,87,1.5,8,228.61,1,0
TEL-10155,2026-05,8.09,146,0.4,8,236.3,4,0
TEL-10155,2026-06,4.94,85,0.2,8,236.2,3,0
TEL-10156,2026-01,36.74,137,1.1,6,352.38,1,0
TEL-10156,2026-02,18.46,132,0.7,12,375.83,1,0
TEL-10156,2026-03,14.54,164,0.9,14,447.34,3,0
TEL-10156,2026-04,20.29,123,0.2,5,445.92,2,0
TEL-10156,2026-05,23.99,130,2.2,11,409.38,2,0
TEL-10156,2026-06,25.41,199,1.3,20,416.4,1,0
TEL-10157,2026-01,4.51,156,0.1,7,86.9,3,0
TEL-10157,2026-02,4.19,130,0.4,12,81.8,4,0
TEL-10157,2026-03,3.25,120,0.1,4,75.63,1,0
TEL-10157,2026-04,5.17,116,0.1,5,79.26,4,0
TEL-10157,2026-05,5.87,115,0.6,7,68.27,3,0
TEL-10157,2026-06,5.18,136,0.2,5,84.16,1,0
TEL-10158,2026-01,4.61,147,1.2,8,134.52,1,0
TEL-10158,2026-02,2.42,208,0.0,9,158.89,1,0
TEL-10158,2026-03,3.65,144,2.2,9,151.8,3,0
TEL-10158,2026-04,3.38,232,0.3,7,157.38,1,0
TEL-10158,2026-05,3.15,266,2.7,10,170.73,3,0
TEL-10158,2026-06,2.87,153,0.3,12,165.49,4,0
TEL-10159,2026-01,4.77,77,0.9,8,214.91,3,0
TEL-10159,2026-02,3.85,236,0.1,2,228.68,4,0
TEL-10159,2026-03,2.7,148,0.8,8,208.11,1,0
TEL-10159,2026-04,4.62,89,0.3,3,208.37,3,0
TEL-10159,2026-05,3.97,186,2.4,4,202.68,2,0
TEL-10159,2026-06,3.19,218,0.8,6,230.53,3,0
TEL-10160,2026-01,1.44,231,2.8,34,242.49,2,0
TEL-10160,2026-02,1.45,552,0.7,32,277.64,2,0
TEL-10160,2026-03,1.09,502,0.1,36,258.01,4,0
TEL-10160,2026-04,1.22,526,1.1,33,241.34,4,0
TEL-10160,2026-05,1.34,259,1.3,43,234.7,1,0
TEL-10160,2026-06,2.0,368,0.5,35,219.06,4,0
TEL-10161,2026-01,3.97,177,0.6,6,197.16,2,0
TEL-10161,2026-02,4.49,98,1.7,7,298.12,4,0
TEL-10161,2026-03,3.46,135,1.5,13,250.57,4,0
TEL-10161,2026-04,4.68,155,1.1,6,268.91,4,0
TEL-10161,2026-05,3.77,134,1.6,19,248.99,3,0
TEL-10161,2026-06,6.1,177,0.7,10,256.14,1,0
TEL-10162,2026-01,1.91,56,25.7,13,260.29,3,0
TEL-10162,2026-02,2.93,94,13.9,7,224.63,1,0
TEL-10162,2026-03,2.69,82,2.2,13,253.28,3,0
TEL-10162,2026-04,2.87,183,5.1,10,239.03,2,0
TEL-10162,2026-05,2.59,145,3.9,12,201.6,2,0
TEL-10162,2026-06,2.34,153,7.8,11,194.36,2,0
TEL-10163,2026-01,4.57,226,1.3,9,210.98,1,0
TEL-10163,2026-02,3.38,230,1.1,4,169.21,1,0
TEL-10163,2026-03,4.63,235,0.4,3,204.31,3,0
TEL-10163,2026-04,5.04,215,0.3,5,163.51,3,0
TEL-10163,2026-05,6.47,133,1.4,4,197.12,2,0
TEL-10163,2026-06,4.33,142,2.1,2,215.94,2,0
TEL-10164,2026-01,2.73,415,0.0,30,243.33,4,0
TEL-10164,2026-02,1.66,423,1.2,28,249.12,1,0
TEL-10164,2026-03,3.22,578,0.0,42,299.16,1,0
TEL-10164,2026-04,2.25,543,0.4,54,294.54,1,0
TEL-10164,2026-05,2.58,601,0.2,39,269.68,2,0
TEL-10164,2026-06,3.06,389,1.9,35,295.1,3,0
TEL-10165,2026-01,20.22,349,1.6,8,350.82,1,0
TEL-10165,2026-02,14.74,197,0.5,9,347.27,1,0
TEL-10165,2026-03,26.04,290,1.5,5,353.85,1,0
TEL-10165,2026-04,17.61,292,2.2,2,331.79,4,0
TEL-10165,2026-05,18.35,250,0.6,9,269.59,2,0
TEL-10165,2026-06,22.29,346,0.4,7,386.58,1,0
TEL-10166,2026-01,6.57,86,1.3,20,303.68,1,0
TEL-10166,2026-02,6.82,154,2.4,26,294.03,3,0
TEL-10166,2026-03,11.66,195,0.2,21,428.42,1,0
TEL-10166,2026-04,4.23,201,0.7,18,368.63,1,0
TEL-10166,2026-05,7.34,182,0.2,24,342.92,2,0
TEL-10166,2026-06,4.36,203,1.3,14,358.44,4,0
TEL-10167,2026-01,1.78,177,0.1,4,205.13,1,0
TEL-10167,2026-02,3.01,200,0.6,5,228.74,1,0
TEL-10167,2026-03,1.6,330,1.6,7,232.12,2,0
TEL-10167,2026-04,1.98,156,0.9,3,185.25,2,0
TEL-10167,2026-05,1.99,154,0.5,5,197.95,3,0
TEL-10167,2026-06,1.72,219,0.7,4,199.69,4,0
TEL-10168,2026-01,10.12,317,0.3,18,292.74,4,0
TEL-10168,2026-02,15.33,234,0.6,26,273.51,1,0
TEL-10168,2026-03,14.77,244,0.1,20,300.99,3,0
TEL-10168,2026-04,15.6,297,0.2,17,268.75,1,0
TEL-10168,2026-05,19.43,462,0.4,21,244.45,1,0
TEL-10168,2026-06,19.36,157,1.2,22,283.42,2,0
TEL-10169,2026-01,3.18,134,0.3,6,251.84,1,0
TEL-10169,2026-02,4.02,145,1.2,8,268.58,3,0
TEL-10169,2026-03,3.3,145,0.2,3,229.29,2,0
TEL-10169,2026-04,3.56,164,1.2,8,301.65,1,0
TEL-10169,2026-05,2.7,111,2.0,9,289.79,3,0
TEL-10169,2026-06,3.15,149,1.0,12,280.1,4,0
TEL-10170,2026-01,17.8,279,1.9,11,472.44,1,0
TEL-10170,2026-02,19.03,155,0.9,22,556.58,2,0
TEL-10170,2026-03,11.37,211,0.5,12,508.54,3,0
TEL-10170,2026-04,15.69,165,0.1,21,496.16,1,0
TEL-10170,2026-05,13.65,218,0.4,13,523.35,2,0
TEL-10170,2026-06,15.4,163,0.2,12,411.55,4,0
TEL-10171,2026-01,15.99,492,0.0,25,327.07,1,0
TEL-10171,2026-02,21.86,299,1.4,19,327.39,2,0
TEL-10171,2026-03,16.91,449,0.7,29,306.11,2,0
TEL-10171,2026-04,11.44,362,0.0,21,269.81,3,0
TEL-10171,2026-05,10.51,420,1.8,23,359.66,2,0
TEL-10171,2026-06,12.19,198,0.5,27,292.5,2,0
TEL-10172,2026-01,23.65,415,15.4,14,652.23,3,0
TEL-10172,2026-02,16.22,312,7.7,11,629.04,4,0
TEL-10172,2026-03,20.74,545,10.8,21,680.81,1,0
TEL-10172,2026-04,10.47,348,12.7,16,666.87,1,0
TEL-10172,2026-05,24.66,553,0.2,13,588.8,1,0
TEL-10172,2026-06,20.62,223,7.8,11,656.68,2,0
TEL-10173,2026-01,5.47,121,0.5,8,114.11,3,0
TEL-10173,2026-02,5.29,107,1.2,8,107.62,1,0
TEL-10173,2026-03,4.09,132,0.4,8,108.38,1,0
TEL-10173,2026-04,4.41,126,0.2,9,105.9,2,0
TEL-10173,2026-05,4.59,101,0.6,4,104.05,3,0
TEL-10173,2026-06,4.65,189,0.3,7,104.6,3,0
TEL-10174,2026-01,2.24,212,0.4,6,272.22,3,0
TEL-10174,2026-02,4.55,131,0.2,1,229.98,3,0
TEL-10174,2026-03,4.0,210,1.4,11,276.97,4,0
TEL-10174,2026-04,3.39,137,0.8,7,267.18,1,0
TEL-10174,2026-05,3.53,217,1.1,2,269.98,4,0
TEL-10174,2026-06,3.51,191,0.8,5,187.87,1,0
TEL-10175,2026-01,21.46,461,0.4,15,380.86,4,0
TEL-10175,2026-02,19.39,546,0.3,21,412.35,1,0
TEL-10175,2026-03,21.98,473,1.7,12,459.84,2,0
TEL-10175,2026-04,17.18,458,0.4,15,449.52,4,0
TEL-10175,2026-05,21.82,215,0.5,20,492.22,3,0
TEL-10175,2026-06,11.96,290,0.8,13,443.16,1,0
TEL-10176,2026-01,14.34,236,0.3,3,240.22,2,0
TEL-10176,2026-02,16.81,347,0.3,0,236.53,4,0
TEL-10176,2026-03,15.97,269,0.8,3,223.95,3,0
TEL-10176,2026-04,13.31,339,0.3,3,259.5,4,0
TEL-10176,2026-05,10.26,172,0.0,0,221.18,3,0
TEL-10176,2026-06,10.7,202,0.6,5,190.44,1,0
TEL-10177,2026-01,2.62,218,0.1,33,135.47,3,0
TEL-10177,2026-02,2.76,389,3.0,23,121.01,2,0
TEL-10177,2026-03,2.95,230,1.0,32,145.1,1,0
TEL-10177,2026-04,2.51,555,0.1,47,137.32,3,0
TEL-10177,2026-05,2.04,456,0.6,29,150.11,1,0
TEL-10177,2026-06,3.31,393,4.5,24,145.92,1,0
TEL-10178,2026-01,4.26,56,0.6,7,185.35,2,0
TEL-10178,2026-02,5.39,55,0.3,12,152.93,4,0
TEL-10178,2026-03,5.03,65,0.4,11,190.32,3,0
TEL-10178,2026-04,3.85,83,0.9,9,197.92,1,0
TEL-10178,2026-05,2.6,54,0.4,8,164.93,3,0
TEL-10178,2026-06,3.47,84,0.6,7,171.79,3,0
TEL-10179,2026-01,2.12,407,0.7,27,359.48,4,0
TEL-10179,2026-02,2.4,464,0.1,31,389.87,1,0
TEL-10179,2026-03,1.4,346,0.3,32,325.74,2,0
TEL-10179,2026-04,2.02,228,0.7,32,374.74,1,0
TEL-10179,2026-05,2.26,464,0.8,26,369.9,4,0
TEL-10179,2026-06,1.89,428,4.6,43,332.41,3,0
TEL-10180,2026-01,3.01,208,0.4,6,275.34,4,0
TEL-10180,2026-02,2.96,156,0.1,6,274.96,4,0
TEL-10180,2026-03,0.28,60,3160.9,7,267.11,4,0
TEL-10180,2026-04,0.02,105,2558.3,2,242.2,1,0
TEL-10180,2026-05,0.27,99,2519.3,2,266.7,2,0
TEL-10180,2026-06,0.38,111,3380.9,9,228.94,2,0
TEL-10181,2026-01,5.86,96,0.3,5,288.83,2,0
TEL-10181,2026-02,6.57,108,1.1,5,332.2,4,0
TEL-10181,2026-03,6.31,60,0.9,6,342.96,1,0
TEL-10181,2026-04,3.13,117,0.7,8,306.33,3,0
TEL-10181,2026-05,6.21,93,1.0,4,369.89,3,0
TEL-10181,2026-06,5.09,96,0.0,1,327.18,3,0
TEL-10182,2026-01,6.75,149,0.2,9,322.1,2,0
TEL-10182,2026-02,5.16,141,0.0,7,215.72,1,0
TEL-10182,2026-03,4.2,148,0.0,7,248.12,1,0
TEL-10182,2026-04,7.96,62,0.0,4,257.21,3,0
TEL-10182,2026-05,4.63,214,0.6,4,287.71,2,0
TEL-10182,2026-06,8.66,92,0.2,12,313.92,4,0
TEL-10183,2026-01,3.25,119,1.2,8,133.78,3,0
TEL-10183,2026-02,2.56,107,2.2,5,144.65,3,0
TEL-10183,2026-03,1.76,141,0.5,11,128.92,3,0
TEL-10183,2026-04,3.51,127,0.3,12,122.35,3,0
TEL-10183,2026-05,2.28,137,1.2,15,143.39,1,0
TEL-10183,2026-06,2.68,175,0.2,14,119.97,2,0
TEL-10184,2026-01,13.53,306,4.7,19,620.79,1,0
TEL-10184,2026-02,17.89,371,1.4,13,573.07,1,0
TEL-10184,2026-03,8.81,305,24.2,21,598.41,4,0
TEL-10184,2026-04,15.34,298,25.3,14,661.53,3,0
TEL-10184,2026-05,13.57,435,36.6,19,582.23,1,0
TEL-10184,2026-06,16.82,264,1.4,24,671.83,2,0
TEL-10185,2026-01,15.47,389,0.6,9,562.73,1,0
TEL-10185,2026-02,14.93,268,0.7,14,379.84,2,0
TEL-10185,2026-03,22.33,341,0.2,10,517.61,4,0
TEL-10185,2026-04,15.56,382,0.3,22,504.19,1,0
TEL-10185,2026-05,15.17,410,1.1,17,577.97,2,0
TEL-10185,2026-06,10.92,301,0.8,17,623.71,4,0
TEL-10186,2026-01,40.84,286,0.6,8,572.41,1,0
TEL-10186,2026-02,39.09,283,0.8,4,636.32,1,0
TEL-10186,2026-03,42.75,185,0.1,5,718.11,4,0
TEL-10186,2026-04,24.82,255,0.6,9,500.58,2,0
TEL-10186,2026-05,44.35,201,0.9,6,508.63,4,0
TEL-10186,2026-06,29.67,274,1.0,10,577.42,2,0
TEL-10187,2026-01,20.3,141,4.4,5,461.56,4,0
TEL-10187,2026-02,36.34,76,0.3,9,409.49,1,0
TEL-10187,2026-03,30.55,133,0.6,9,406.49,4,0
TEL-10187,2026-04,35.64,93,0.1,4,395.71,4,0
TEL-10187,2026-05,25.66,101,0.0,7,393.06,4,0
TEL-10187,2026-06,18.61,139,0.6,5,359.29,3,0
TEL-10188,2026-01,24.68,410,0.8,12,346.41,1,0
TEL-10188,2026-02,24.05,292,0.2,22,425.48,3,0
TEL-10188,2026-03,22.24,498,0.1,6,442.79,3,0
TEL-10188,2026-04,12.21,249,0.3,11,391.54,2,0
TEL-10188,2026-05,18.85,202,1.5,17,366.65,2,0
TEL-10188,2026-06,21.02,318,0.7,10,415.51,2,0
TEL-10189,2026-01,5.85,57,0.1,4,335.23,3,0
TEL-10189,2026-02,4.95,94,0.6,8,367.92,3,0
TEL-10189,2026-03,4.43,103,0.5,4,326.64,4,0
TEL-10189,2026-04,4.45,201,0.3,7,310.57,1,0
TEL-10189,2026-05,4.12,153,2.2,3,342.22,4,0
TEL-10189,2026-06,1.92,87,0.2,11,365.56,4,0
TEL-10190,2026-01,2.92,821,1.5,31,203.09,1,0
TEL-10190,2026-02,2.28,341,0.4,38,253.69,2,0
TEL-10190,2026-03,2.07,372,0.5,26,231.94,3,0
TEL-10190,2026-04,3.48,591,0.6,39,228.51,4,0
TEL-10190,2026-05,3.27,435,0.7,32,252.75,4,0
TEL-10190,2026-06,2.83,543,1.0,29,258.82,4,0
TEL-10191,2026-01,28.31,96,1.1,5,404.27,1,0
TEL-10191,2026-02,24.6,162,0.0,1,508.1,3,0
TEL-10191,2026-03,17.44,120,1.8,4,456.44,1,0
TEL-10191,2026-04,23.83,199,0.3,6,405.96,2,0
TEL-10191,2026-05,21.26,145,0.6,3,375.94,4,0
TEL-10191,2026-06,32.11,159,2.2,10,394.73,4,0
TEL-10192,2026-01,33.39,181,1.5,14,757.05,3,0
TEL-10192,2026-02,40.35,174,1.0,10,871.95,2,0
TEL-10192,2026-03,42.09,170,0.0,15,741.61,4,0
TEL-10192,2026-04,51.74,367,0.5,16,764.68,2,0
TEL-10192,2026-05,51.91,148,0.5,9,648.36,3,0
TEL-10192,2026-06,33.67,122,1.1,10,746.94,2,0
TEL-10193,2026-01,25.71,319,1.0,23,370.81,1,0
TEL-10193,2026-02,19.28,289,0.1,25,456.72,2,0
TEL-10193,2026-03,22.25,308,0.6,17,486.34,1,0
TEL-10193,2026-04,23.6,236,0.9,22,403.06,1,0
TEL-10193,2026-05,24.41,357,0.5,22,451.47,1,0
TEL-10193,2026-06,23.0,297,0.4,18,403.52,2,0
TEL-10194,2026-01,35.93,241,0.1,6,413.21,3,0
TEL-10194,2026-02,36.64,320,0.7,5,516.24,4,0
TEL-10194,2026-03,30.29,126,0.6,9,421.91,2,0
TEL-10194,2026-04,24.58,272,0.8,8,390.35,3,0
TEL-10194,2026-05,31.18,425,0.6,8,368.71,4,0
TEL-10194,2026-06,32.64,497,0.4,6,457.84,1,0
TEL-10195,2026-01,4.25,218,1.0,8,117.89,2,0
TEL-10195,2026-02,5.07,181,0.0,4,159.79,2,0
TEL-10195,2026-03,5.58,110,0.6,6,122.46,2,0
TEL-10195,2026-04,5.26,136,0.2,3,151.09,3,0
TEL-10195,2026-05,3.18,167,0.4,2,102.77,1,0
TEL-10195,2026-06,6.67,215,0.2,7,123.3,2,0
TEL-10196,2026-01,11.03,369,1.9,6,571.1,4,0
TEL-10196,2026-02,16.92,393,6.7,8,493.63,2,0
TEL-10196,2026-03,16.57,600,2.0,14,631.13,4,0
TEL-10196,2026-04,24.6,463,13.3,9,632.31,2,0
TEL-10196,2026-05,19.99,442,0.6,16,619.79,4,0
TEL-10196,2026-06,11.25,517,17.2,16,515.95,4,0
TEL-10197,2026-01,2.99,176,0.5,8,443.09,1,0
TEL-10197,2026-02,2.27,204,0.6,10,434.03,4,0
TEL-10197,2026-03,1.86,185,0.8,9,355.05,2,0
TEL-10197,2026-04,2.92,161,0.7,3,453.01,2,0
TEL-10197,2026-05,2.19,127,0.5,12,355.41,4,0
TEL-10197,2026-06,2.65,167,0.0,9,384.88,1,0
TEL-10198,2026-01,1.66,84,1.0,8,117.42,1,0
TEL-10198,2026-02,1.2,78,0.4,4,84.47,3,0
TEL-10198,2026-03,1.45,115,0.2,5,94.54,3,0
TEL-10198,2026-04,1.34,126,0.1,3,101.41,1,0
TEL-10198,2026-05,1.76,156,0.1,4,113.8,4,0
TEL-10198,2026-06,1.12,173,0.3,7,109.33,1,0
TEL-10199,2026-01,9.66,211,0.5,18,193.01,3,0
TEL-10199,2026-02,10.33,233,0.0,9,167.1,3,0
TEL-10199,2026-03,14.05,223,1.1,18,179.48,4,0
TEL-10199,2026-04,9.99,156,0.6,13,179.17,3,0
TEL-10199,2026-05,10.0,178,0.2,17,157.39,3,0
TEL-10199,2026-06,4.87,118,0.3,13,139.39,2,0
TEL-10200,2026-01,4.58,174,0.1,8,152.54,1,0
TEL-10200,2026-02,3.73,141,0.6,2,169.81,1,0
TEL-10200,2026-03,6.15,210,0.1,4,155.94,1,0
TEL-10200,2026-04,5.32,196,1.5,2,170.08,1,0
TEL-10200,2026-05,3.83,223,0.4,3,123.54,1,0
TEL-10200,2026-06,3.3,225,0.4,8,155.8,1,0
TEL-10201,2026-01,3.62,166,16.0,14,428.11,3,0
TEL-10201,2026-02,3.97,202,5.3,5,453.56,2,0
TEL-10201,2026-03,1.71,116,11.9,8,387.13,2,0
TEL-10201,2026-04,4.7,133,10.4,4,397.1,3,0
TEL-10201,2026-05,4.21,183,0.9,6,489.15,3,0
TEL-10201,2026-06,4.94,148,8.9,9,411.98,4,0
TEL-10202,2026-01,7.51,514,0.5,17,162.62,3,0
TEL-10202,2026-02,5.05,500,1.2,18,167.45,1,0
TEL-10202,2026-03,8.5,655,0.3,12,137.22,2,0
TEL-10202,2026-04,59.93,405,0.0,15,0.0,0,1
TEL-10202,2026-05,99.07,481,1.0,11,0.0,0,1
TEL-10202,2026-06,93.41,259,0.7,16,0.0,0,2
TEL-10203,2026-01,35.73,503,0.0,12,811.35,1,0
TEL-10203,2026-02,25.41,372,17.5,11,793.67,4,0
TEL-10203,2026-03,26.72,650,10.6,14,543.33,1,0
TEL-10203,2026-04,19.22,335,0.8,10,570.62,2,0
TEL-10203,2026-05,21.77,469,7.1,22,754.14,1,0
TEL-10203,2026-06,19.15,476,10.3,9,602.45,3,0
TEL-10204,2026-01,16.24,367,1.2,13,426.42,4,0
TEL-10204,2026-02,22.36,401,1.3,13,476.28,4,0
TEL-10204,2026-03,9.14,529,0.3,17,468.13,2,0
TEL-10204,2026-04,16.14,445,0.5,11,450.44,3,0
TEL-10204,2026-05,19.62,288,0.8,11,578.06,3,0
TEL-10204,2026-06,13.25,222,1.0,10,482.53,1,0
TEL-10205,2026-01,4.16,99,0.8,7,120.17,3,0
TEL-10205,2026-02,4.17,182,0.7,16,146.78,2,0
TEL-10205,2026-03,3.83,141,0.8,11,116.62,4,0
TEL-10205,2026-04,4.5,187,0.4,14,125.05,1,0
TEL-10205,2026-05,3.25,217,0.8,11,129.3,2,0
TEL-10205,2026-06,4.9,125,0.1,14,110.33,1,0
TEL-10206,2026-01,4.99,191,0.0,16,282.65,4,0
TEL-10206,2026-02,6.37,188,0.1,13,266.43,1,0
TEL-10206,2026-03,4.92,143,3.0,13,311.33,1,0
TEL-10206,2026-04,6.87,131,0.3,11,206.86,1,0
TEL-10206,2026-05,6.6,148,0.8,8,276.05,2,0
TEL-10206,2026-06,6.28,197,0.9,11,239.28,1,0
TEL-10207,2026-01,5.42,149,1.0,12,290.02,2,0
TEL-10207,2026-02,4.38,205,1.0,8,295.92,3,0
TEL-10207,2026-03,4.59,166,0.5,10,244.48,3,0
TEL-10207,2026-04,4.59,140,1.7,4,253.63,1,0
TEL-10207,2026-05,5.64,226,0.8,10,244.81,4,0
TEL-10207,2026-06,4.76,173,0.1,12,307.85,3,0
TEL-10208,2026-01,24.42,185,2.7,4,528.04,2,0
TEL-10208,2026-02,19.56,272,1.5,2,520.78,4,0
TEL-10208,2026-03,17.43,150,0.9,3,419.52,2,0
TEL-10208,2026-04,13.11,201,1.8,8,442.11,2,0
TEL-10208,2026-05,24.59,142,0.8,3,557.22,3,0
TEL-10208,2026-06,21.85,279,0.2,2,519.35,3,0
TEL-10209,2026-01,1.86,431,1.1,42,519.23,3,0
TEL-10209,2026-02,2.38,204,0.6,35,455.88,3,0
TEL-10209,2026-03,2.16,423,1.8,45,568.14,4,0
TEL-10209,2026-04,2.12,249,0.7,40,514.58,1,0
TEL-10209,2026-05,2.11,560,0.5,38,511.62,4,0
TEL-10209,2026-06,2.04,592,0.3,39,423.88,1,0
TEL-10210,2026-01,23.69,217,0.1,6,456.8,2,0
TEL-10210,2026-02,23.6,302,0.4,7,580.38,2,0
TEL-10210,2026-03,35.06,235,0.0,8,494.03,2,0
TEL-10210,2026-04,25.65,127,0.1,6,553.19,2,0
TEL-10210,2026-05,16.58,163,1.3,5,556.57,1,0
TEL-10210,2026-06,22.99,189,0.3,6,461.7,2,0
TEL-10211,2026-01,22.5,83,1.0,7,327.81,1,0
TEL-10211,2026-02,29.21,135,0.1,3,440.2,3,0
TEL-10211,2026-03,20.08,163,0.1,2,390.42,2,0
TEL-10211,2026-04,19.19,190,2.0,5,358.85,1,0
TEL-10211,2026-05,27.54,130,0.4,2,400.51,4,0
TEL-10211,2026-06,27.3,159,1.7,2,486.89,1,0
TEL-10212,2026-01,17.69,152,8.6,7,790.15,2,0
TEL-10212,2026-02,24.13,112,33.2,6,815.38,4,0
TEL-10212,2026-03,20.22,183,13.8,4,897.8,3,0
TEL-10212,2026-04,22.92,178,1.3,7,731.53,3,0
TEL-10212,2026-05,25.12,151,1.6,3,744.15,4,0
TEL-10212,2026-06,29.56,168,4.3,9,771.26,3,0
TEL-10213,2026-01,13.8,212,0.2,4,322.26,2,0
TEL-10213,2026-02,19.97,269,2.8,5,307.2,1,0
TEL-10213,2026-03,21.44,214,0.2,3,243.7,4,0
TEL-10213,2026-04,19.8,227,2.1,2,284.57,3,0
TEL-10213,2026-05,15.35,169,1.8,2,222.71,1,0
TEL-10213,2026-06,16.9,301,1.1,1,295.25,4,0
TEL-10214,2026-01,5.52,294,1.0,13,310.56,4,0
TEL-10214,2026-02,5.54,266,1.8,13,234.09,4,0
TEL-10214,2026-03,6.15,222,0.2,4,286.74,4,0
TEL-10214,2026-04,5.41,186,0.6,10,303.92,4,0
TEL-10214,2026-05,5.57,229,0.5,6,321.0,3,0
TEL-10214,2026-06,5.19,308,0.0,3,325.16,1,0
TEL-10215,2026-01,1.09,699,0.9,39,142.03,2,0
TEL-10215,2026-02,1.34,857,0.8,44,123.06,3,0
TEL-10215,2026-03,1.29,706,0.9,42,153.37,4,0
TEL-10215,2026-04,1.26,536,0.2,39,133.04,3,0
TEL-10215,2026-05,1.63,509,2.6,31,115.75,1,0
TEL-10215,2026-06,0.94,714,0.1,37,148.55,4,0
TEL-10216,2026-01,2.44,48,0.4,5,256.66,3,0
TEL-10216,2026-02,4.83,49,1.0,3,211.62,3,0
TEL-10216,2026-03,2.63,58,0.1,2,200.0,1,0
TEL-10216,2026-04,4.02,67,1.3,3,202.8,1,0
TEL-10216,2026-05,5.78,54,1.2,2,243.35,2,0
TEL-10216,2026-06,3.57,67,0.4,8,229.49,3,0
TEL-10217,2026-01,17.36,170,0.0,11,324.35,2,0
TEL-10217,2026-02,16.25,244,0.3,11,282.37,2,0
TEL-10217,2026-03,19.92,316,0.7,10,332.14,4,0
TEL-10217,2026-04,21.63,200,0.7,11,265.58,1,0
TEL-10217,2026-05,13.7,228,2.3,16,279.86,1,0
TEL-10217,2026-06,18.7,347,0.2,15,273.91,4,0
TEL-10218,2026-01,4.43,118,0.6,19,246.07,2,0
TEL-10218,2026-02,3.24,108,0.2,15,323.35,2,0
TEL-10218,2026-03,2.54,58,2.1,12,282.2,1,0
TEL-10218,2026-04,2.98,192,0.2,16,264.23,4,0
TEL-10218,2026-05,3.01,81,0.5,16,314.84,2,0
TEL-10218,2026-06,3.37,78,0.1,15,236.51,2,0
TEL-10219,2026-01,55.98,258,0.8,6,831.7,2,0
TEL-10219,2026-02,69.63,290,5.2,10,842.54,4,0
TEL-10219,2026-03,50.87,187,0.3,7,738.77,4,0
TEL-10219,2026-04,59.47,279,0.6,2,645.38,1,0
TEL-10219,2026-05,84.18,306,0.8,6,795.99,4,0
TEL-10219,2026-06,52.7,163,1.9,7,770.28,3,0
TEL-10220,2026-01,2.88,107,0.0,15,285.51,3,0
TEL-10220,2026-02,3.39,103,0.7,9,287.77,4,0
TEL-10220,2026-03,3.34,133,1.4,10,308.74,4,0
TEL-10220,2026-04,2.94,66,0.2,9,304.36,2,0
TEL-10220,2026-05,1.49,167,0.1,12,335.82,4,0
TEL-10220,2026-06,4.32,144,1.4,12,271.95,4,0
TEL-10221,2026-01,6.14,160,0.1,4,168.48,4,0
TEL-10221,2026-02,3.22,154,0.1,2,169.78,3,0
TEL-10221,2026-03,4.79,156,0.9,3,169.71,2,0
TEL-10221,2026-04,4.55,109,0.3,5,202.33,4,0
TEL-10221,2026-05,4.13,128,0.9,6,149.19,2,0
TEL-10221,2026-06,2.4,175,0.8,4,184.11,3,0
TEL-10222,2026-01,17.1,290,0.1,19,398.27,4,0
TEL-10222,2026-02,14.69,157,0.1,13,351.78,1,0
TEL-10222,2026-03,13.29,326,0.4,17,401.65,1,0
TEL-10222,2026-04,15.39,266,0.4,10,387.23,2,0
TEL-10222,2026-05,14.77,303,0.0,19,404.77,2,0
TEL-10222,2026-06,15.01,363,0.5,13,357.05,2,0
TEL-10223,2026-01,22.79,364,0.1,7,411.26,1,0
TEL-10223,2026-02,19.31,403,0.0,11,400.26,2,0
TEL-10223,2026-03,27.92,460,0.3,11,405.21,2,0
TEL-10223,2026-04,19.02,215,1.4,11,514.57,4,0
TEL-10223,2026-05,44.41,497,5.8,8,409.04,3,0
TEL-10223,2026-06,25.65,416,0.5,12,498.45,1,0
TEL-10224,2026-01,1.26,472,0.6,34,326.79,2,0
TEL-10224,2026-02,1.24,290,0.1,34,356.99,1,0
TEL-10224,2026-03,0.88,341,0.2,41,343.47,1,0
TEL-10224,2026-04,0.91,388,0.0,39,276.4,1,0
TEL-10224,2026-05,0.79,390,1.1,43,352.91,3,0
TEL-10224,2026-06,1.04,447,0.5,41,330.85,1,0
TEL-10225,2026-01,1.39,636,0.8,30,259.01,3,0
TEL-10225,2026-02,1.58,551,0.1,46,211.21,4,0
TEL-10225,2026-03,1.13,257,0.5,45,238.74,4,0
TEL-10225,2026-04,1.17,450,0.5,42,227.8,4,0
TEL-10225,2026-05,0.63,415,0.4,41,261.39,2,0
TEL-10225,2026-06,1.17,305,0.2,44,224.16,3,0
TEL-10226,2026-01,16.06,253,0.6,10,312.61,2,0
TEL-10226,2026-02,18.91,146,1.7,13,334.31,1,0
TEL-10226,2026-03,17.04,355,0.0,14,283.12,4,0
TEL-10226,2026-04,19.11,308,1.2,11,352.8,3,0
TEL-10226,2026-05,18.6,330,0.8,11,355.89,3,0
TEL-10226,2026-06,17.02,264,1.5,12,381.83,3,0
TEL-10227,2026-01,28.41,99,1.7,3,691.73,3,0
TEL-10227,2026-02,59.72,134,0.6,5,525.02,1,0
TEL-10227,2026-03,54.5,200,0.7,2,617.58,1,0
TEL-10227,2026-04,50.44,213,0.4,6,731.37,3,0
TEL-10227,2026-05,49.89,150,1.3,2,671.47,1,0
TEL-10227,2026-06,39.17,229,0.6,5,666.01,2,0
TEL-10228,2026-01,54.24,336,0.0,3,501.74,4,0
TEL-10228,2026-02,52.54,249,0.1,5,557.71,2,0
TEL-10228,2026-03,50.49,276,0.4,4,515.14,2,0
TEL-10228,2026-04,59.49,139,0.6,7,456.47,4,0
TEL-10228,2026-05,41.09,197,0.4,3,597.71,1,0
TEL-10228,2026-06,40.35,209,0.3,2,524.06,1,0
TEL-10229,2026-01,21.91,165,0.2,7,655.68,4,0
TEL-10229,2026-02,31.25,213,0.3,12,570.6,4,0
TEL-10229,2026-03,24.75,171,1.2,3,527.9,3,0
TEL-10229,2026-04,53.46,104,0.8,8,488.25,3,0
TEL-10229,2026-05,41.24,160,0.1,3,616.49,4,0
TEL-10229,2026-06,38.67,73,0.4,9,554.99,4,0
TEL-10230,2026-01,1.0,674,1.5,38,178.61,3,0
TEL-10230,2026-02,1.61,605,1.0,38,187.76,4,0
TEL-10230,2026-03,1.29,554,1.0,30,185.56,1,0
TEL-10230,2026-04,0.71,500,0.1,38,137.24,2,0
TEL-10230,2026-05,0.73,446,0.9,27,185.03,2,0
TEL-10230,2026-06,1.02,427,2.9,36,194.09,3,0
TEL-10231,2026-01,0.87,505,2.0,24,266.55,2,0
TEL-10231,2026-02,1.24,503,0.7,37,251.63,1,0
TEL-10231,2026-03,1.53,672,0.7,36,276.5,2,0
TEL-10231,2026-04,1.58,261,0.3,25,308.41,4,0
TEL-10231,2026-05,2.25,182,0.8,32,281.79,4,0
TEL-10231,2026-06,1.97,457,0.1,28,250.87,2,0
TEL-10232,2026-01,2.96,191,0.3,26,163.38,4,0
TEL-10232,2026-02,2.51,175,1.5,24,165.4,1,0
TEL-10232,2026-03,3.99,191,0.6,30,175.0,2,0
TEL-10232,2026-04,2.59,219,0.3,27,166.76,1,0
TEL-10232,2026-05,3.26,108,1.5,31,168.74,1,0
TEL-10232,2026-06,2.58,197,3.9,21,194.16,3,0
TEL-10233,2026-01,2.17,443,1.1,40,271.43,1,0
TEL-10233,2026-02,2.82,529,1.2,34,221.7,2,0
TEL-10233,2026-03,2.26,317,0.7,42,255.15,4,0
TEL-10233,2026-04,2.88,515,2.6,38,241.74,3,0
TEL-10233,2026-05,1.77,598,0.2,36,204.67,3,0
TEL-10233,2026-06,2.24,606,4.8,23,269.84,3,0
TEL-10234,2026-01,26.78,142,1.0,10,534.65,4,0
TEL-10234,2026-02,21.38,146,0.6,4,412.02,4,0
TEL-10234,2026-03,18.6,194,1.2,5,402.53,4,0
TEL-10234,2026-04,20.96,218,1.0,9,431.26,4,0
TEL-10234,2026-05,26.71,97,0.6,3,432.28,3,0
TEL-10234,2026-06,13.89,212,0.2,2,529.19,1,0
TEL-10235,2026-01,5.19,121,0.2,7,286.46,3,0
TEL-10235,2026-02,5.12,134,0.1,6,269.79,2,0
TEL-10235,2026-03,4.43,138,0.3,6,240.4,4,0
TEL-10235,2026-04,4.0,119,0.0,7,297.97,2,0
TEL-10235,2026-05,4.14,114,0.9,4,237.97,3,0
TEL-10235,2026-06,5.62,80,0.7,4,243.18,4,0
TEL-10236,2026-01,20.24,278,0.3,16,344.36,2,0
TEL-10236,2026-02,16.1,290,0.2,16,269.19,3,0
TEL-10236,2026-03,20.43,300,1.0,17,290.24,2,0
TEL-10236,2026-04,10.93,349,0.2,18,251.71,3,0
TEL-10236,2026-05,21.24,256,1.3,9,248.08,3,0
TEL-10236,2026-06,20.0,125,1.2,17,279.31,4,0
TEL-10237,2026-01,1.51,557,0.0,37,305.53,4,0
TEL-10237,2026-02,1.97,415,0.6,42,323.35,3,0
TEL-10237,2026-03,2.37,474,1.5,41,380.93,3,0
TEL-10237,2026-04,2.06,569,0.9,35,307.19,4,0
TEL-10237,2026-05,1.93,346,0.2,28,297.5,2,0
TEL-10237,2026-06,1.89,467,1.1,42,339.14,1,0
TEL-10238,2026-01,2.39,708,0.6,45,422.95,3,0
TEL-10238,2026-02,4.53,819,0.1,29,353.82,1,0
TEL-10238,2026-03,3.91,545,1.0,25,390.03,4,0
TEL-10238,2026-04,4.09,603,0.0,33,398.28,2,0
TEL-10238,2026-05,4.98,436,0.1,26,367.96,1,0
TEL-10238,2026-06,4.08,477,4.0,38,409.69,3,0
TEL-10239,2026-01,26.93,196,0.7,2,373.96,2,0
TEL-10239,2026-02,24.71,166,0.3,1,289.71,2,0
TEL-10239,2026-03,22.97,130,0.1,6,351.93,3,0
TEL-10239,2026-04,21.6,148,1.7,7,392.18,4,0
TEL-10239,2026-05,20.9,164,0.3,2,363.19,1,0
TEL-10239,2026-06,24.88,139,1.7,5,347.75,4,0
TEL-10240,2026-01,20.75,491,2.3,11,522.08,4,0
TEL-10240,2026-02,19.13,419,3.0,7,585.31,2,0
TEL-10240,2026-03,28.69,333,0.6,10,521.37,3,0
TEL-10240,2026-04,16.95,224,2.9,13,498.73,1,0
TEL-10240,2026-05,22.25,320,0.0,4,525.27,1,0
TEL-10240,2026-06,31.14,394,0.1,13,485.77,2,0
TEL-10241,2026-01,51.01,73,1.9,1,622.88,1,0
TEL-10241,2026-02,59.25,72,16.5,5,748.56,1,0
TEL-10241,2026-03,60.16,42,2.1,5,841.73,4,0
TEL-10241,2026-04,50.78,55,29.8,2,571.48,3,0
TEL-10241,2026-05,56.25,57,3.4,1,546.61,1,0
TEL-10241,2026-06,51.56,89,41.7,3,639.08,4,0
TEL-10242,2026-01,1.71,475,2.0,34,180.05,2,0
TEL-10242,2026-02,1.88,228,0.3,43,244.14,1,0
TEL-10242,2026-03,1.23,441,1.5,39,260.64,2,0
TEL-10242,2026-04,1.68,413,0.8,37,203.59,4,0
TEL-10242,2026-05,1.36,360,1.1,48,216.33,1,0
TEL-10242,2026-06,1.48,329,1.2,38,286.05,1,0
TEL-10243,2026-01,37.3,139,0.7,3,490.04,4,0
TEL-10243,2026-02,58.38,169,0.4,4,440.15,3,0
TEL-10243,2026-03,50.06,171,0.5,4,440.89,2,0
TEL-10243,2026-04,43.35,195,0.0,6,458.71,2,0
TEL-10243,2026-05,45.5,149,0.9,2,410.86,2,0
TEL-10243,2026-06,36.42,117,0.5,2,535.43,3,0
TEL-10244,2026-01,2.07,90,0.0,4,163.52,3,0
TEL-10244,2026-02,2.46,117,0.2,21,152.06,3,0
TEL-10244,2026-03,3.08,77,0.3,13,158.68,1,0
TEL-10244,2026-04,2.16,189,0.2,21,160.44,4,0
TEL-10244,2026-05,2.64,125,0.2,22,145.57,1,0
TEL-10244,2026-06,1.46,118,0.2,11,134.37,3,0
TEL-10245,2026-01,25.24,174,0.2,11,313.63,3,0
TEL-10245,2026-02,21.92,170,0.1,12,327.67,1,0
TEL-10245,2026-03,24.82,119,0.2,12,295.48,1,0
TEL-10245,2026-04,28.32,193,0.1,10,264.86,4,0
TEL-10245,2026-05,33.12,169,2.3,9,252.63,2,0
TEL-10245,2026-06,26.16,170,0.4,10,299.3,2,0
TEL-10246,2026-01,13.98,319,2.2,22,622.23,3,0
TEL-10246,2026-02,13.0,252,10.1,22,539.9,4,0
TEL-10246,2026-03,8.16,178,2.0,16,635.07,1,0
TEL-10246,2026-04,12.53,254,1.3,11,461.01,4,0
TEL-10246,2026-05,10.88,350,4.8,10,551.81,3,0
TEL-10246,2026-06,7.67,295,4.4,22,604.09,3,0
TEL-10247,2026-01,5.28,84,2.4,10,163.58,1,0
TEL-10247,2026-02,4.8,140,1.0,16,149.11,2,0
TEL-10247,2026-03,5.37,181,0.6,12,155.28,1,0
TEL-10247,2026-04,4.63,128,0.5,11,171.48,4,0
TEL-10247,2026-05,4.36,158,0.6,13,162.76,4,0
TEL-10247,2026-06,4.47,128,0.4,16,154.12,1,0
TEL-10248,2026-01,59.13,396,1.3,2,495.7,1,0
TEL-10248,2026-02,55.67,380,0.0,5,555.88,1,0
TEL-10248,2026-03,48.95,188,1.6,3,668.06,4,0
TEL-10248,2026-04,53.09,259,0.3,4,666.79,1,0
TEL-10248,2026-05,44.78,285,1.0,5,538.23,2,0
TEL-10248,2026-06,43.51,189,0.7,5,466.36,2,0
TEL-10249,2026-01,5.58,98,1.4,9,335.75,1,0
TEL-10249,2026-02,3.05,147,1.8,8,342.43,4,0
TEL-10249,2026-03,4.11,123,0.3,8,289.39,4,0
TEL-10249,2026-04,6.81,129,0.1,7,293.07,2,0
TEL-10249,2026-05,4.93,109,0.4,2,306.95,1,0
TEL-10249,2026-06,4.37,80,0.5,7,314.33,3,0
TEL-10250,2026-01,22.11,216,1.1,16,385.14,3,0
TEL-10250,2026-02,23.97,272,1.7,15,421.85,3,0
TEL-10250,2026-03,17.65,193,1.7,22,395.23,1,0
TEL-10250,2026-04,23.79,199,2.1,14,410.21,4,0
TEL-10250,2026-05,18.31,187,0.4,24,404.65,2,0
TEL-10250,2026-06,24.55,232,0.3,23,438.44,1,0
TEL-10251,2026-01,5.68,189,0.8,12,141.1,3,0
TEL-10251,2026-02,5.45,146,0.7,7,168.29,3,0
TEL-10251,2026-03,6.45,172,0.8,8,177.91,4,0
TEL-10251,2026-04,8.11,196,0.6,12,158.71,1,0
TEL-10251,2026-05,7.13,163,1.7,8,188.23,2,0
TEL-10251,2026-06,6.3,108,1.5,10,203.1,1,0
TEL-10252,2026-01,32.09,293,0.4,12,658.94,2,0
TEL-10252,2026-02,68.51,472,1.2,9,643.82,3,0
TEL-10252,2026-03,30.6,335,0.7,5,537.82,3,0
TEL-10252,2026-04,28.01,345,1.7,11,655.66,2,0
TEL-10252,2026-05,40.93,256,1.1,4,550.94,1,0
TEL-10252,2026-06,43.14,188,0.2,5,591.4,2,0
TEL-10253,2026-01,5.91,207,1.5,15,375.76,4,0
TEL-10253,2026-02,4.89,263,1.3,21,376.97,4,0
TEL-10253,2026-03,4.71,236,1.4,20,411.01,1,0
TEL-10253,2026-04,4.01,190,0.6,20,384.4,1,0
TEL-10253,2026-05,3.33,180,0.3,15,385.83,3,0
TEL-10253,2026-06,4.71,172,0.1,14,375.17,3,0
TEL-10254,2026-01,1.63,566,0.4,35,164.16,3,0
TEL-10254,2026-02,2.21,860,0.5,36,153.33,3,0
TEL-10254,2026-03,2.23,531,0.0,39,131.1,4,0
TEL-10254,2026-04,2.57,359,0.1,38,162.4,3,0
TEL-10254,2026-05,1.52,658,1.4,36,147.86,1,0
TEL-10254,2026-06,2.45,538,0.7,41,169.12,3,0
TEL-10255,2026-01,1.29,253,0.1,27,284.98,4,0
TEL-10255,2026-02,2.74,522,0.4,47,275.22,2,0
TEL-10255,2026-03,1.44,548,2.0,35,268.09,4,0
TEL-10255,2026-04,2.41,501,0.3,30,284.07,4,0
TEL-10255,2026-05,1.79,527,1.2,34,303.4,4,0
TEL-10255,2026-06,2.33,487,0.3,27,262.91,2,0
TEL-10256,2026-01,1.1,396,13.6,31,356.83,2,0
TEL-10256,2026-02,0.98,323,12.0,32,381.39,2,0
TEL-10256,2026-03,1.16,401,8.9,39,403.45,3,0
TEL-10256,2026-04,1.61,407,12.8,36,358.01,4,0
TEL-10256,2026-05,1.26,304,17.5,33,402.88,1,0
TEL-10256,2026-06,1.7,154,20.9,21,352.98,2,0
TEL-10257,2026-01,20.38,261,0.5,15,290.14,1,0
TEL-10257,2026-02,20.27,488,0.7,19,341.76,3,0
TEL-10257,2026-03,29.29,543,0.4,12,307.46,1,0
TEL-10257,2026-04,28.19,251,0.2,20,329.94,1,0
TEL-10257,2026-05,23.24,572,0.6,10,355.55,1,0
TEL-10257,2026-06,19.06,364,1.3,15,303.03,1,0
TEL-10258,2026-01,38.41,136,1.2,6,403.14,2,0
TEL-10258,2026-02,42.68,144,1.9,4,461.06,2,0
TEL-10258,2026-03,26.21,122,0.7,8,431.69,1,0
TEL-10258,2026-04,34.97,103,0.0,6,429.68,1,0
TEL-10258,2026-05,29.04,175,0.3,5,418.07,1,0
TEL-10258,2026-06,36.77,197,0.1,2,441.5,4,0
TEL-10259,2026-01,19.98,182,1.5,4,570.75,2,0
TEL-10259,2026-02,42.47,150,0.9,6,508.25,3,0
TEL-10259,2026-03,23.84,148,0.7,5,578.91,1,0
TEL-10259,2026-04,38.54,269,0.8,2,594.02,2,0
TEL-10259,2026-05,36.87,235,1.8,8,544.6,4,0
TEL-10259,2026-06,34.78,123,0.0,2,597.68,2,0
TEL-10260,2026-01,16.22,423,1.7,7,420.44,3,0
TEL-10260,2026-02,12.97,382,0.3,17,343.25,2,0
TEL-10260,2026-03,9.84,354,0.2,7,373.28,2,0
TEL-10260,2026-04,14.67,373,0.3,5,425.38,1,0
TEL-10260,2026-05,12.79,298,0.1,14,358.14,1,0
TEL-10260,2026-06,8.74,303,0.2,10,413.14,3,0
TEL-10261,2026-01,2.19,190,0.9,6,88.01,2,0
TEL-10261,2026-02,1.71,150,0.9,14,85.13,1,0
TEL-10261,2026-03,2.53,165,0.4,7,81.93,1,0
TEL-10261,2026-04,2.42,107,1.7,8,72.4,3,0
TEL-10261,2026-05,3.43,148,1.2,8,60.0,4,0
TEL-10261,2026-06,2.68,125,2.1,11,85.26,3,0
TEL-10262,2026-01,27.68,262,0.2,6,367.02,3,0
TEL-10262,2026-02,23.51,205,0.8,9,389.51,3,0
TEL-10262,2026-03,28.64,207,0.1,7,481.81,2,0
TEL-10262,2026-04,23.42,290,1.1,5,395.66,4,0
TEL-10262,2026-05,28.46,347,0.4,4,371.03,3,0
TEL-10262,2026-06,26.37,258,0.6,4,337.02,3,0
TEL-10263,2026-01,47.95,190,0.6,7,530.84,1,0
TEL-10263,2026-02,43.05,223,0.5,10,480.49,3,0
TEL-10263,2026-03,43.2,200,2.8,10,464.68,2,0
TEL-10263,2026-04,50.73,174,0.7,9,457.06,4,0
TEL-10263,2026-05,46.79,191,0.5,7,468.1,4,0
TEL-10263,2026-06,34.37,170,0.6,8,511.31,4,0
TEL-10264,2026-01,1.28,576,0.4,49,252.42,1,0
TEL-10264,2026-02,1.14,312,1.3,29,190.67,1,0
TEL-10264,2026-03,1.16,307,1.2,32,201.73,2,0
TEL-10264,2026-04,1.25,357,0.1,43,248.43,3,0
TEL-10264,2026-05,0.86,443,3.7,32,234.65,2,0
TEL-10264,2026-06,1.29,387,0.6,47,198.21,4,0
TEL-10265,2026-01,18.74,123,0.3,8,218.31,4,0
TEL-10265,2026-02,15.45,232,0.3,9,205.71,4,0
TEL-10265,2026-03,21.24,186,0.5,8,260.76,2,0
TEL-10265,2026-04,9.7,223,0.9,5,252.23,1,0
TEL-10265,2026-05,12.22,263,1.5,9,280.5,1,0
TEL-10265,2026-06,16.11,191,0.1,8,255.62,4,0
TEL-10266,2026-01,18.82,307,0.3,14,280.84,4,0
TEL-10266,2026-02,10.17,368,0.1,16,292.28,1,0
TEL-10266,2026-03,7.61,357,0.2,15,264.8,1,0
TEL-10266,2026-04,10.23,231,0.2,10,259.6,1,0
TEL-10266,2026-05,13.48,212,1.4,8,258.94,2,0
TEL-10266,2026-06,13.96,141,0.6,12,301.31,1,0
TEL-10267,2026-01,34.71,209,0.9,3,407.08,1,0
TEL-10267,2026-02,36.18,218,2.3,1,441.93,3,0
TEL-10267,2026-03,40.53,68,0.1,4,387.2,3,0
TEL-10267,2026-04,56.6,171,0.2,4,427.61,3,0
TEL-10267,2026-05,35.8,148,1.3,4,441.4,2,0
TEL-10267,2026-06,42.92,129,1.7,3,462.0,4,0
TEL-10268,2026-01,2.27,170,0.7,30,247.92,2,0
TEL-10268,2026-02,1.73,170,0.4,23,324.17,3,0
TEL-10268,2026-03,1.47,52,0.9,31,247.79,1,0
TEL-10268,2026-04,2.06,168,1.0,15,287.5,1,0
TEL-10268,2026-05,2.63,126,0.1,37,235.67,4,0
TEL-10268,2026-06,1.65,148,0.6,29,308.79,4,0
TEL-10269,2026-01,3.76,433,0.4,28,112.64,1,0
TEL-10269,2026-02,2.3,489,0.4,22,106.9,2,0
TEL-10269,2026-03,3.3,634,1.0,29,119.61,1,0
TEL-10269,2026-04,2.92,327,1.1,28,107.03,4,0
TEL-10269,2026-05,3.77,570,0.2,20,110.51,3,0
TEL-10269,2026-06,3.68,449,1.7,32,100.24,2,0
TEL-10270,2026-01,22.28,172,0.2,14,279.96,1,0
TEL-10270,2026-02,24.01,282,0.0,7,315.69,4,0
TEL-10270,2026-03,17.34,104,1.0,1,256.53,4,0
TEL-10270,2026-04,17.93,155,1.1,5,288.49,3,0
TEL-10270,2026-05,18.22,198,0.4,5,231.82,3,0
TEL-10270,2026-06,17.66,140,1.2,7,312.49,2,0
TEL-10271,2026-01,2.93,616,0.2,32,298.9,3,0
TEL-10271,2026-02,3.23,686,0.6,37,291.07,2,0
TEL-10271,2026-03,2.75,713,0.9,43,257.67,2,0
TEL-10271,2026-04,3.47,647,0.8,29,301.48,3,0
TEL-10271,2026-05,2.14,672,4.1,44,256.69,4,0
TEL-10271,2026-06,1.82,588,0.1,48,314.07,2,0
TEL-10272,2026-01,3.22,588,0.4,38,327.08,4,0
TEL-10272,2026-02,4.0,426,1.0,57,292.73,4,0
TEL-10272,2026-03,4.26,424,0.1,41,318.84,1,0
TEL-10272,2026-04,4.57,419,0.2,38,325.41,2,0
TEL-10272,2026-05,3.73,504,0.5,45,365.54,4,0
TEL-10272,2026-06,3.88,302,0.1,42,385.59,2,0
TEL-10273,2026-01,24.98,362,13.4,11,771.79,1,0
TEL-10273,2026-02,21.01,306,47.0,8,635.8,1,0
TEL-10273,2026-03,22.52,417,8.8,8,717.72,3,0
TEL-10273,2026-04,16.95,492,4.3,14,652.13,3,0
TEL-10273,2026-05,17.32,417,24.0,14,629.41,4,0
TEL-10273,2026-06,15.71,302,3.0,9,728.08,3,0
TEL-10274,2026-01,28.42,315,0.9,21,293.79,3,0
TEL-10274,2026-02,16.73,332,1.2,23,297.74,4,0
TEL-10274,2026-03,29.2,328,0.5,24,309.2,1,0
TEL-10274,2026-04,25.68,315,0.1,18,307.38,3,0
TEL-10274,2026-05,20.36,338,0.1,20,299.45,4,0
TEL-10274,2026-06,27.82,315,0.4,13,332.21,1,0
TEL-10275,2026-01,10.14,370,0.8,9,329.17,2,0
TEL-10275,2026-02,9.52,507,0.7,16,413.98,3,0
TEL-10275,2026-03,9.04,204,0.4,7,344.61,4,0
TEL-10275,2026-04,14.91,424,0.8,20,412.73,3,0
TEL-10275,2026-05,13.34,365,0.2,12,423.2,4,0
TEL-10275,2026-06,12.06,541,0.7,12,400.61,4,0
TEL-10276,2026-01,21.36,192,1.7,17,570.69,2,0
TEL-10276,2026-02,20.17,248,41.6,13,584.84,4,0
TEL-10276,2026-03,27.3,185,13.8,22,638.97,4,0
TEL-10276,2026-04,25.16,121,19.8,15,647.8,2,0
TEL-10276,2026-05,14.89,250,0.9,17,749.48,2,0
TEL-10276,2026-06,19.7,220,10.8,10,562.49,4,0
TEL-10277,2026-01,2.83,911,0.9,27,405.63,2,0
TEL-10277,2026-02,1.61,442,0.9,36,411.41,4,0
TEL-10277,2026-03,2.02,505,1.2,29,422.1,1,0
TEL-10277,2026-04,2.18,665,1.4,37,388.72,2,0
TEL-10277,2026-05,3.26,630,0.2,20,435.82,1,0
TEL-10277,2026-06,3.68,485,0.8,34,429.73,3,0
TEL-10278,2026-01,17.74,273,1.2,6,400.18,1,0
TEL-10278,2026-02,30.85,255,0.1,9,472.85,2,0
TEL-10278,2026-03,28.12,174,0.5,5,465.36,1,0
TEL-10278,2026-04,31.08,169,0.4,0,526.58,3,0
TEL-10278,2026-05,32.78,214,0.4,4,440.95,3,0
TEL-10278,2026-06,18.62,190,0.0,5,403.92,3,0
TEL-10279,2026-01,2.2,243,8.6,16,523.2,3,0
TEL-10279,2026-02,3.22,232,4.5,7,613.58,2,0
TEL-10279,2026-03,2.78,173,7.1,12,668.14,3,0
TEL-10279,2026-04,2.73,298,6.4,11,660.77,4,0
TEL-10279,2026-05,3.0,306,11.9,17,671.08,2,0
TEL-10279,2026-06,2.09,187,15.6,3,663.04,3,0
TEL-10280,2026-01,7.01,389,1.1,15,305.29,3,0
TEL-10280,2026-02,11.75,430,0.3,29,248.0,4,0
TEL-10280,2026-03,10.2,435,0.0,17,256.89,2,0
TEL-10280,2026-04,14.41,350,0.6,18,256.99,4,0
TEL-10280,2026-05,10.98,358,0.5,16,245.83,1,0
TEL-10280,2026-06,14.13,405,3.0,21,220.73,1,0
TEL-10281,2026-01,18.6,214,0.1,20,401.74,4,0
TEL-10281,2026-02,24.17,473,0.4,15,359.48,3,0
TEL-10281,2026-03,10.3,374,1.5,6,328.24,2,0
TEL-10281,2026-04,28.47,163,0.1,11,407.88,4,0
TEL-10281,2026-05,22.67,412,1.9,11,400.11,2,0
TEL-10281,2026-06,24.75,250,0.4,10,390.33,3,0
TEL-10282,2026-01,2.55,258,2.3,9,357.02,4,0
TEL-10282,2026-02,2.28,200,0.4,12,331.18,3,0
TEL-10282,2026-03,1.8,82,0.4,7,328.49,3,0
TEL-10282,2026-04,3.32,243,1.1,5,390.35,3,0
TEL-10282,2026-05,3.13,186,0.4,9,316.93,2,0
TEL-10282,2026-06,2.95,138,0.5,6,342.01,4,0
TEL-10283,2026-01,3.35,196,0.2,15,294.96,3,0
TEL-10283,2026-02,3.75,179,0.9,13,308.6,2,0
TEL-10283,2026-03,2.27,219,3.0,10,318.09,4,0
TEL-10283,2026-04,3.76,132,0.3,11,306.75,4,0
TEL-10283,2026-05,4.41,105,0.7,11,298.29,2,0
TEL-10283,2026-06,4.18,121,1.0,11,362.08,4,0
TEL-10284,2026-01,36.29,107,0.1,6,574.38,1,0
TEL-10284,2026-02,29.64,134,0.4,10,489.61,3,0
TEL-10284,2026-03,34.75,149,0.2,5,521.23,3,0
TEL-10284,2026-04,38.87,103,0.3,1,503.27,1,0
TEL-10284,2026-05,30.36,126,1.4,3,537.63,3,0
TEL-10284,2026-06,35.45,60,0.5,3,572.19,1,0
TEL-10285,2026-01,2.81,646,0.1,30,295.07,3,0
TEL-10285,2026-02,3.23,597,0.1,20,374.57,2,0
TEL-10285,2026-03,2.37,848,0.0,24,341.74,4,0
TEL-10285,2026-04,2.35,509,3.1,26,355.32,4,0
TEL-10285,2026-05,2.9,775,0.7,22,306.21,3,0
TEL-10285,2026-06,3.72,690,1.1,25,302.42,1,0
TEL-10286,2026-01,31.28,206,0.4,2,525.99,3,0
TEL-10286,2026-02,59.78,148,0.4,3,540.76,4,0
TEL-10286,2026-03,40.77,223,0.8,1,471.51,3,0
TEL-10286,2026-04,33.4,151,1.1,3,577.5,2,0
TEL-10286,2026-05,48.72,137,1.5,5,479.8,3,0
TEL-10286,2026-06,49.46,189,1.1,3,444.45,1,0
TEL-10287,2026-01,2.87,154,1.3,5,209.48,2,0
TEL-10287,2026-02,2.12,185,0.1,8,201.69,2,0
TEL-10287,2026-03,2.43,232,0.5,8,201.87,3,0
TEL-10287,2026-04,3.28,244,1.6,9,243.92,1,0
TEL-10287,2026-05,2.82,228,0.6,7,206.27,2,0
TEL-10287,2026-06,1.61,205,0.5,8,216.17,4,0
TEL-10288,2026-01,5.0,124,9.8,10,252.85,2,0
TEL-10288,2026-02,4.61,186,67.0,12,291.65,4,0
TEL-10288,2026-03,4.96,134,6.3,8,236.83,3,0
TEL-10288,2026-04,4.54,199,9.8,6,273.84,2,0
TEL-10288,2026-05,3.83,222,6.7,4,256.03,4,0
TEL-10288,2026-06,4.5,112,5.9,9,258.55,2,0
TEL-10289,2026-01,7.68,456,1.8,23,427.34,1,0
TEL-10289,2026-02,18.74,619,0.7,11,389.34,4,0
TEL-10289,2026-03,15.44,439,2.0,14,393.67,4,0
TEL-10289,2026-04,12.67,514,0.2,11,438.53,1,0
TEL-10289,2026-05,23.32,536,1.4,20,327.55,3,0
TEL-10289,2026-06,11.77,368,0.8,13,385.1,3,0
TEL-10290,2026-01,3.09,508,0.0,30,198.87,1,0
TEL-10290,2026-02,1.8,615,0.7,20,213.3,2,0
TEL-10290,2026-03,3.47,546,0.5,27,211.32,1,0
TEL-10290,2026-04,3.16,350,0.7,29,257.44,2,0
TEL-10290,2026-05,3.23,537,1.0,27,211.48,4,0
TEL-10290,2026-06,3.18,362,0.6,21,189.51,1,0
TEL-10291,2026-01,25.72,202,7.1,1,594.02,3,0
TEL-10291,2026-02,16.89,255,2.0,10,740.34,2,0
TEL-10291,2026-03,22.64,222,1.9,11,590.39,2,0
TEL-10291,2026-04,21.3,290,16.4,7,699.03,2,0
TEL-10291,2026-05,25.3,211,14.1,10,636.65,4,0
TEL-10291,2026-06,27.5,248,8.0,5,567.9,2,0
TEL-10292,2026-01,17.99,409,1.3,5,385.26,4,0
TEL-10292,2026-02,24.96,278,0.3,16,369.85,1,0
TEL-10292,2026-03,25.49,313,0.2,14,436.9,3,0
TEL-10292,2026-04,24.5,266,0.2,17,360.19,3,0
TEL-10292,2026-05,18.75,223,1.3,16,348.06,2,0
TEL-10292,2026-06,17.85,320,0.1,14,339.04,2,0
TEL-10293,2026-01,7.28,421,0.5,12,186.74,1,0
TEL-10293,2026-02,7.92,465,0.4,8,166.06,2,0
TEL-10293,2026-03,11.75,437,0.7,12,152.96,3,0
TEL-10293,2026-04,10.96,409,0.5,10,173.16,3,0
TEL-10293,2026-05,6.9,294,0.2,10,165.62,3,0
TEL-10293,2026-06,11.49,345,0.6,12,153.1,1,0
TEL-10294,2026-01,44.52,181,0.4,1,331.81,3,0
TEL-10294,2026-02,46.07,213,1.9,3,545.42,3,0
TEL-10294,2026-03,44.27,168,0.3,0,486.87,4,0
TEL-10294,2026-04,42.81,101,0.2,0,497.6,2,0
TEL-10294,2026-05,40.76,129,0.3,0,469.03,2,0
TEL-10294,2026-06,45.31,193,2.8,0,545.62,4,0
TEL-10295,2026-01,2.48,398,0.2,19,225.55,3,0
TEL-10295,2026-02,1.44,172,0.3,27,288.57,3,0
TEL-10295,2026-03,2.16,410,2.6,27,267.46,2,0
TEL-10295,2026-04,2.16,368,0.5,22,245.16,4,0
TEL-10295,2026-05,2.18,311,0.9,26,296.11,3,0
TEL-10295,2026-06,2.33,162,0.6,34,293.37,1,0
TEL-10296,2026-01,3.03,221,0.8,8,209.29,4,0
TEL-10296,2026-02,3.02,267,1.3,4,226.89,1,0
TEL-10296,2026-03,2.04,288,0.1,9,243.4,3,0
TEL-10296,2026-04,2.28,123,1.6,7,272.31,1,0
TEL-10296,2026-05,2.38,199,0.4,4,278.14,3,0
TEL-10296,2026-06,2.34,203,0.8,9,272.09,3,0
TEL-10297,2026-01,1.67,66,0.6,11,174.76,1,0
TEL-10297,2026-02,2.67,66,1.7,17,141.47,3,0
TEL-10297,2026-03,1.95,84,0.2,17,162.81,2,0
TEL-10297,2026-04,1.98,75,0.1,18,162.38,4,0
TEL-10297,2026-05,3.24,42,1.3,7,158.96,2,0
TEL-10297,2026-06,2.07,44,0.4,12,175.37,1,0
TEL-10298,2026-01,2.68,67,0.3,2,160.72,3,0
TEL-10298,2026-02,1.87,81,0.2,6,211.15,4,0
TEL-10298,2026-03,3.3,60,0.1,8,208.84,2,0
TEL-10298,2026-04,3.5,86,0.9,8,246.02,3,0
TEL-10298,2026-05,3.62,101,0.2,3,194.48,2,0
TEL-10298,2026-06,2.09,99,1.5,7,271.62,2,0
TEL-10299,2026-01,1.72,225,0.1,6,254.14,4,0
TEL-10299,2026-02,3.27,177,0.8,12,219.24,3,0
TEL-10299,2026-03,2.25,157,0.0,8,293.65,2,0
TEL-10299,2026-04,1.84,199,0.5,4,269.82,1,0
TEL-10299,2026-05,2.59,167,3.8,10,248.21,4,0
TEL-10299,2026-06,2.78,175,0.1,5,273.49,2,0
TEL-10300,2026-01,15.42,400,10.4,15,476.41,3,0
TEL-10300,2026-02,16.89,181,14.0,11,550.68,2,0
TEL-10300,2026-03,8.71,237,26.0,28,477.59,4,0
TEL-10300,2026-04,15.78,201,4.0,21,493.52,4,0
TEL-10300,2026-05,25.58,336,25.5,13,532.57,3,0
TEL-10300,2026-06,17.2,331,17.3,15,555.95,4,0
TEL-10301,2026-01,8.19,367,0.3,7,164.49,2,0
TEL-10301,2026-02,9.69,333,0.2,18,196.34,2,0
TEL-10301,2026-03,11.2,353,1.7,14,175.1,2,0
TEL-10301,2026-04,11.07,267,0.4,24,199.15,1,0
TEL-10301,2026-05,5.84,367,0.2,17,173.91,4,0
TEL-10301,2026-06,8.94,265,0.0,15,216.69,1,0
TEL-10302,2026-01,6.44,382,0.6,14,380.31,3,0
TEL-10302,2026-02,31.55,290,0.6,19,350.6,4,0
TEL-10302,2026-03,17.71,420,0.5,22,347.45,3,0
TEL-10302,2026-04,22.83,323,0.4,18,352.3,4,0
TEL-10302,2026-05,19.05,306,0.2,21,402.85,1,0
TEL-10302,2026-06,22.33,442,1.1,20,320.22,4,0
TEL-10303,2026-01,12.63,401,0.2,20,269.89,4,0
TEL-10303,2026-02,19.71,496,0.6,28,293.01,1,0
TEL-10303,2026-03,13.74,180,0.3,16,260.87,4,0
TEL-10303,2026-04,19.94,426,1.1,14,296.12,3,0
TEL-10303,2026-05,18.99,445,0.5,22,275.51,3,0
TEL-10303,2026-06,14.63,402,0.4,18,309.32,4,0
TEL-10304,2026-01,2.01,301,9.2,34,323.52,2,0
TEL-10304,2026-02,2.9,229,5.5,45,297.55,1,0
TEL-10304,2026-03,3.66,428,8.1,35,341.64,2,0
TEL-10304,2026-04,3.5,312,2.3,34,345.88,1,0
TEL-10304,2026-05,2.08,496,13.5,34,408.73,2,0
TEL-10304,2026-06,2.9,324,8.7,47,344.38,2,0
TEL-10305,2026-01,4.2,126,0.5,14,322.56,4,0
TEL-10305,2026-02,4.18,111,0.2,7,254.28,4,0
TEL-10305,2026-03,3.61,203,0.4,9,314.89,3,0
TEL-10305,2026-04,5.13,159,2.6,8,287.77,2,0
TEL-10305,2026-05,4.5,171,0.4,10,338.89,4,0
TEL-10305,2026-06,4.59,98,0.4,8,236.8,4,0
TEL-10306,2026-01,2.41,126,0.1,10,130.79,3,0
TEL-10306,2026-02,2.44,200,0.3,5,113.45,4,0
TEL-10306,2026-03,2.39,109,0.1,8,123.51,4,0
TEL-10306,2026-04,2.66,116,0.4,10,118.5,3,0
TEL-10306,2026-05,2.42,190,0.2,10,135.12,3,0
TEL-10306,2026-06,4.16,113,0.2,9,120.1,4,0
TEL-10307,2026-01,15.55,464,0.2,26,275.97,1,0
TEL-10307,2026-02,13.31,356,0.7,40,264.73,3,0
TEL-10307,2026-03,20.81,455,0.5,22,276.25,2,0
TEL-10307,2026-04,13.36,395,0.7,22,253.88,2,0
TEL-10307,2026-05,11.05,479,1.2,25,303.95,4,0
TEL-10307,2026-06,12.37,284,0.5,32,240.09,1,0
TEL-10308,2026-01,4.09,59,1.4,10,187.88,4,0
TEL-10308,2026-02,6.69,39,0.2,9,176.66,3,0
TEL-10308,2026-03,6.55,129,2.6,14,162.46,4,0
TEL-10308,2026-04,6.1,89,1.2,5,164.0,2,0
TEL-10308,2026-05,4.94,102,0.7,12,192.52,1,0
TEL-10308,2026-06,5.79,111,0.3,13,177.09,2,0
TEL-10309,2026-01,27.89,180,0.6,7,561.72,3,0
TEL-10309,2026-02,44.22,165,0.0,5,538.5,4,0
TEL-10309,2026-03,34.18,208,1.5,5,475.72,3,0
TEL-10309,2026-04,30.77,209,1.3,6,573.7,1,0
TEL-10309,2026-05,21.61,257,0.7,6,542.01,1,0
TEL-10309,2026-06,36.46,279,3.0,4,491.13,2,0
TEL-10310,2026-01,6.73,147,0.2,5,315.27,3,0
TEL-10310,2026-02,5.71,224,0.1,3,339.79,3,0
TEL-10310,2026-03,3.79,167,2.6,8,331.21,2,0
TEL-10310,2026-04,4.05,79,0.1,5,281.77,2,0
TEL-10310,2026-05,6.0,161,0.2,3,334.6,2,0
TEL-10310,2026-06,4.46,189,0.6,11,318.15,1,0
TEL-10311,2026-01,1.49,506,0.0,37,263.85,3,0
TEL-10311,2026-02,2.41,299,0.4,46,278.17,1,0
TEL-10311,2026-03,2.37,597,1.5,45,248.36,4,0
TEL-10311,2026-04,1.89,423,0.1,29,221.36,4,0
TEL-10311,2026-05,2.03,433,0.5,44,206.66,3,0
TEL-10311,2026-06,1.66,500,0.7,37,279.48,2,0
TEL-10312,2026-01,51.87,136,0.8,5,562.52,2,0
TEL-10312,2026-02,62.73,160,1.7,5,569.11,2,0
TEL-10312,2026-03,55.71,192,1.0,5,562.96,1,0
TEL-10312,2026-04,49.11,190,0.1,3,584.69,2,0
TEL-10312,2026-05,56.81,137,1.2,7,728.52,2,0
TEL-10312,2026-06,56.1,102,0.8,5,671.73,1,0
TEL-10313,2026-01,4.75,453,18.2,36,521.78,4,0
TEL-10313,2026-02,4.02,334,10.5,31,515.73,3,0
TEL-10313,2026-03,3.62,505,3.3,25,517.44,4,0
TEL-10313,2026-04,3.48,530,1.2,41,486.69,4,0
TEL-10313,2026-05,1.85,325,27.3,41,544.94,1,0
TEL-10313,2026-06,4.01,76,5.6,29,473.68,3,0
TEL-10314,2026-01,4.84,228,0.7,9,310.07,3,0
TEL-10314,2026-02,5.71,183,0.4,4,338.38,1,0
TEL-10314,2026-03,5.85,134,0.4,5,291.46,1,0
TEL-10314,2026-04,5.49,251,0.1,6,276.95,4,0
TEL-10314,2026-05,4.51,148,0.1,8,266.35,3,0
TEL-10314,2026-06,3.82,217,0.0,12,277.33,1,0
TEL-10315,2026-01,10.82,412,0.2,14,488.56,1,0
TEL-10315,2026-02,18.0,313,0.7,15,403.14,4,0
TEL-10315,2026-03,19.24,433,2.8,16,392.75,4,0
TEL-10315,2026-04,25.15,632,0.3,14,469.04,4,0
TEL-10315,2026-05,12.95,375,0.4,10,449.88,2,0
TEL-10315,2026-06,14.03,338,0.5,19,443.17,4,0
TEL-10316,2026-01,77.58,116,0.5,7,629.67,1,0
TEL-10316,2026-02,45.02,188,0.5,13,473.44,3,0
TEL-10316,2026-03,41.39,100,0.4,12,643.99,2,0
TEL-10316,2026-04,47.64,202,0.1,15,644.64,2,0
TEL-10316,2026-05,55.35,135,0.6,6,535.55,4,0
TEL-10316,2026-06,49.43,128,0.5,9,588.64,4,0
TEL-10317,2026-01,1.83,466,0.8,24,229.51,3,0
TEL-10317,2026-02,1.77,321,0.5,33,238.21,4,0
TEL-10317,2026-03,2.03,491,0.5,26,258.47,4,0
TEL-10317,2026-04,1.91,572,0.9,32,257.28,4,0
TEL-10317,2026-05,1.46,916,2.6,37,309.52,2,0
TEL-10317,2026-06,1.76,812,0.2,25,255.1,2,0
TEL-10318,2026-01,9.06,73,12.3,15,660.04,2,0
TEL-10318,2026-02,8.39,121,11.1,12,592.21,2,0
TEL-10318,2026-03,6.77,149,9.3,11,535.27,4,0
TEL-10318,2026-04,6.21,156,4.3,6,728.13,2,0
TEL-10318,2026-05,6.32,128,24.1,17,479.04,1,0
TEL-10318,2026-06,6.01,96,6.1,9,634.2,1,0
TEL-10319,2026-01,19.84,436,0.2,16,278.54,2,0
TEL-10319,2026-02,21.29,220,0.5,16,247.94,4,0
TEL-10319,2026-03,18.68,316,1.0,13,260.8,1,0
TEL-10319,2026-04,20.55,237,0.1,17,219.23,4,0
TEL-10319,2026-05,11.38,257,0.0,14,235.39,4,0
TEL-10319,2026-06,17.41,340,0.1,14,269.32,2,0
TEL-10320,2026-01,27.37,140,1.6,12,311.15,1,0
TEL-10320,2026-02,26.91,91,0.4,7,374.11,4,0
TEL-10320,2026-03,30.78,182,0.3,17,372.15,2,0
TEL-10320,2026-04,14.23,167,0.3,9,353.39,3,0
TEL-10320,2026-05,22.53,114,1.3,11,293.79,2,0
TEL-10320,2026-06,24.51,186,0.8,8,330.18,1,0
TEL-10321,2026-01,1.37,547,1.0,43,205.91,3,0
TEL-10321,2026-02,2.59,458,0.3,42,195.1,2,0
TEL-10321,2026-03,3.23,361,0.0,32,210.51,1,0
TEL-10321,2026-04,2.11,640,0.6,34,221.98,4,0
TEL-10321,2026-05,1.99,196,0.6,29,186.7,3,0
TEL-10321,2026-06,2.03,511,3.4,31,206.96,1,0
TEL-10322,2026-01,1.77,607,2.2,35,371.55,4,0
TEL-10322,2026-02,1.92,589,1.2,26,341.22,1,0
TEL-10322,2026-03,1.89,235,1.2,31,374.3,4,0
TEL-10322,2026-04,2.67,384,3.2,32,358.63,4,0
TEL-10322,2026-05,1.96,566,0.1,26,296.22,4,0
TEL-10322,2026-06,2.19,516,0.5,27,356.98,3,0
TEL-10323,2026-01,8.08,162,0.3,15,306.5,1,0
TEL-10323,2026-02,5.38,150,0.5,11,357.67,4,0
TEL-10323,2026-03,6.52,147,3.6,10,323.23,4,0
TEL-10323,2026-04,9.23,123,0.4,13,313.24,3,0
TEL-10323,2026-05,8.25,259,0.6,19,318.26,1,0
TEL-10323,2026-06,9.61,198,0.7,11,329.49,2,0
TEL-10324,2026-01,18.81,126,0.6,10,337.18,4,0
TEL-10324,2026-02,15.17,129,0.1,13,354.14,4,0
TEL-10324,2026-03,15.5,144,0.4,7,311.52,3,0
TEL-10324,2026-04,18.76,50,0.0,9,358.44,4,0
TEL-10324,2026-05,9.81,102,0.5,9,361.47,2,0
TEL-10324,2026-06,17.54,129,0.2,9,387.22,2,0
TEL-10325,2026-01,6.37,106,0.2,9,189.89,3,0
TEL-10325,2026-02,3.55,100,1.5,6,167.21,4,0
TEL-10325,2026-03,5.72,92,0.2,4,208.89,3,0
TEL-10325,2026-04,5.82,148,0.3,5,188.59,3,0
TEL-10325,2026-05,5.24,81,1.0,5,181.17,3,0
TEL-10325,2026-06,6.1,100,0.7,4,172.8,3,0
TEL-10326,2026-01,2.91,135,0.2,10,292.7,4,0
TEL-10326,2026-02,2.08,169,0.8,8,270.03,2,0
TEL-10326,2026-03,2.71,243,0.3,4,325.9,1,0
TEL-10326,2026-04,1.8,99,0.4,10,231.59,3,0
TEL-10326,2026-05,1.93,188,2.4,8,281.4,4,0
TEL-10326,2026-06,2.19,174,0.5,11,324.94,4,0
TEL-10327,2026-01,4.24,107,1.9,5,265.61,1,0
TEL-10327,2026-02,3.25,161,1.4,2,309.64,1,0
TEL-10327,2026-03,3.7,104,1.8,6,346.14,4,0
TEL-10327,2026-04,3.81,82,0.3,9,325.49,1,0
TEL-10327,2026-05,4.71,120,1.4,3,299.8,2,0
TEL-10327,2026-06,4.65,91,0.2,5,305.23,3,0
TEL-10328,2026-01,24.47,446,0.9,18,358.81,2,0
TEL-10328,2026-02,31.91,350,0.6,15,450.22,1,0
TEL-10328,2026-03,26.35,370,0.1,7,442.81,4,0
TEL-10328,2026-04,24.25,468,1.6,13,381.52,1,0
TEL-10328,2026-05,26.73,297,0.1,15,429.85,3,0
TEL-10328,2026-06,24.42,471,0.9,21,421.08,2,0
TEL-10329,2026-01,3.31,193,30.4,7,470.65,3,0
TEL-10329,2026-02,2.7,186,1.8,9,570.87,3,0
TEL-10329,2026-03,3.66,207,17.6,9,479.4,4,0
TEL-10329,2026-04,3.72,191,9.4,8,541.54,2,0
TEL-10329,2026-05,2.16,194,13.1,9,547.8,1,0
TEL-10329,2026-06,4.08,145,21.1,8,391.62,4,0
TEL-10330,2026-01,5.09,123,0.7,7,267.79,3,0
TEL-10330,2026-02,7.39,91,0.2,9,303.48,1,0
TEL-10330,2026-03,5.31,101,2.0,6,294.71,3,0
TEL-10330,2026-04,6.29,155,0.0,8,311.03,2,0
TEL-10330,2026-05,5.25,110,0.6,7,310.91,1,0
TEL-10330,2026-06,3.77,144,2.4,8,300.26,4,0
TEL-10331,2026-01,42.59,185,0.5,3,642.41,1,0
TEL-10331,2026-02,50.41,210,6.6,4,788.79,3,0
TEL-10331,2026-03,30.17,180,0.0,5,786.76,3,0
TEL-10331,2026-04,49.32,219,32.8,6,737.72,2,0
TEL-10331,2026-05,35.05,119,21.4,5,772.96,3,0
TEL-10331,2026-06,33.5,208,0.8,7,751.37,3,0
TEL-10332,2026-01,5.08,156,1.0,7,97.06,4,0
TEL-10332,2026-02,5.03,145,0.1,4,103.05,4,0
TEL-10332,2026-03,3.91,139,1.0,7,98.2,2,0
TEL-10332,2026-04,4.99,155,0.4,12,92.51,1,0
TEL-10332,2026-05,7.99,124,2.0,7,98.83,3,0
TEL-10332,2026-06,5.35,191,1.9,6,98.24,2,0
TEL-10333,2026-01,26.69,16,1.3,4,531.01,3,0
TEL-10333,2026-02,26.94,14,0.9,6,423.9,2,0
TEL-10333,2026-03,26.89,11,2.0,4,337.28,3,0
TEL-10333,2026-04,26.11,16,0.1,0,322.29,1,0
TEL-10333,2026-05,21.86,16,0.3,1,0.0,3,0
TEL-10333,2026-06,21.22,15,0.6,4,344.37,1,0
TEL-10334,2026-01,39.06,235,0.9,9,486.93,3,0
TEL-10334,2026-02,31.34,379,0.1,9,433.17,3,0
TEL-10334,2026-03,31.48,405,0.4,9,539.5,2,0
TEL-10334,2026-04,18.97,284,1.1,8,467.64,3,0
TEL-10334,2026-05,39.14,367,0.9,8,453.89,3,0
TEL-10334,2026-06,23.93,162,0.3,15,480.95,3,0
TEL-10335,2026-01,3.72,434,0.9,12,235.22,4,0
TEL-10335,2026-02,2.3,501,0.6,10,282.88,4,0
TEL-10335,2026-03,3.5,440,0.6,12,308.38,3,0
TEL-10335,2026-04,2.81,652,0.3,6,317.42,1,0
TEL-10335,2026-05,3.41,358,0.3,16,280.37,4,0
TEL-10335,2026-06,2.8,407,0.7,20,253.44,2,0
TEL-10336,2026-01,65.13,205,2.8,6,553.04,4,0
TEL-10336,2026-02,50.24,164,0.7,12,565.53,4,0
TEL-10336,2026-03,48.25,108,0.8,5,612.65,1,0
TEL-10336,2026-04,49.99,248,0.3,8,487.11,3,0
TEL-10336,2026-05,61.93,213,0.5,7,524.28,2,0
TEL-10336,2026-06,47.48,264,1.7,6,568.4,3,0
TEL-10337,2026-01,3.16,148,0.2,5,87.3,2,0
TEL-10337,2026-02,1.61,141,0.7,4,76.89,1,0
TEL-10337,2026-03,2.61,84,1.7,6,85.5,4,0
TEL-10337,2026-04,1.58,148,0.6,3,103.5,3,0
TEL-10337,2026-05,2.83,192,0.0,3,76.75,2,0
TEL-10337,2026-06,2.67,160,0.7,7,89.37,3,0
TEL-10338,2026-01,3.07,329,0.4,34,132.94,2,0
TEL-10338,2026-02,2.29,472,0.6,26,135.91,4,0
TEL-10338,2026-03,3.18,491,2.9,24,108.67,3,0
TEL-10338,2026-04,3.17,229,0.2,31,107.55,3,0
TEL-10338,2026-05,3.94,190,1.4,40,124.83,1,0
TEL-10338,2026-06,3.14,136,0.2,37,123.71,2,0
TEL-10339,2026-01,4.75,145,0.6,16,269.25,3,0
TEL-10339,2026-02,2.49,154,0.2,15,265.78,2,0
TEL-10339,2026-03,3.56,82,0.1,8,333.27,4,0
TEL-10339,2026-04,2.23,99,0.2,9,325.13,4,0
TEL-10339,2026-05,3.57,140,0.1,5,321.48,3,0
TEL-10339,2026-06,3.55,96,1.0,7,295.08,2,0
TEL-10340,2026-01,5.99,65,1.8,13,150.39,1,0
TEL-10340,2026-02,4.16,121,0.7,12,155.21,1,0
TEL-10340,2026-03,5.34,123,0.4,8,165.53,3,0
TEL-10340,2026-04,6.12,111,0.0,13,180.87,4,0
TEL-10340,2026-05,4.82,90,1.4,11,196.17,1,0
TEL-10340,2026-06,3.89,106,0.6,12,163.11,4,0
TEL-10341,2026-01,20.58,246,0.6,11,271.78,2,0
TEL-10341,2026-02,14.5,186,1.0,26,302.42,2,0
TEL-10341,2026-03,29.08,347,0.4,19,305.16,3,0
TEL-10341,2026-04,16.18,271,1.1,16,363.14,2,0
TEL-10341,2026-05,18.91,180,1.3,24,305.56,2,0
TEL-10341,2026-06,16.9,275,0.3,18,320.0,1,0
TEL-10342,2026-01,44.3,309,0.7,8,454.94,4,0
TEL-10342,2026-02,39.6,212,0.4,8,553.6,1,0
TEL-10342,2026-03,42.75,186,0.5,6,525.43,4,0
TEL-10342,2026-04,36.93,185,0.5,10,543.56,3,0
TEL-10342,2026-05,50.25,202,0.7,3,497.37,3,0
TEL-10342,2026-06,44.45,185,0.2,4,436.51,3,0
TEL-10343,2026-01,4.28,114,0.1,3,281.51,4,0
TEL-10343,2026-02,6.11,156,0.7,3,278.46,3,0
TEL-10343,2026-03,4.94,186,1.1,4,254.7,4,0
TEL-10343,2026-04,3.68,168,0.0,3,270.86,3,0
TEL-10343,2026-05,2.91,144,0.7,4,268.04,4,0
TEL-10343,2026-06,3.27,171,1.2,6,250.02,4,0
TEL-10344,2026-01,2.8,92,0.7,4,124.92,3,0
TEL-10344,2026-02,4.5,103,0.8,8,125.54,3,0
TEL-10344,2026-03,3.85,128,2.2,8,122.38,2,0
TEL-10344,2026-04,2.92,137,1.0,9,132.1,1,0
TEL-10344,2026-05,3.36,119,1.0,5,131.45,3,0
TEL-10344,2026-06,5.29,68,0.3,11,113.96,4,0
TEL-10345,2026-01,12.63,351,5.0,18,339.26,3,0
TEL-10345,2026-02,16.49,264,2.4,21,342.91,4,0
TEL-10345,2026-03,21.1,262,0.1,16,321.71,2,0
TEL-10345,2026-04,16.22,248,0.1,19,331.73,2,0
TEL-10345,2026-05,14.94,416,0.2,16,268.67,4,0
TEL-10345,2026-06,18.63,232,1.7,20,355.34,1,0
TEL-10346,2026-01,35.85,227,0.9,4,378.98,3,0
TEL-10346,2026-02,46.18,284,0.5,9,424.47,2,0
TEL-10346,2026-03,33.27,209,2.7,4,413.72,4,0
TEL-10346,2026-04,34.33,161,0.3,5,422.47,2,0
TEL-10346,2026-05,37.36,221,2.2,8,450.43,2,0
TEL-10346,2026-06,28.69,213,0.7,6,428.59,1,0
TEL-10347,2026-01,3.18,197,0.1,12,188.46,2,0
TEL-10347,2026-02,2.63,170,2.6,11,185.28,4,0
TEL-10347,2026-03,2.8,190,1.2,13,212.12,3,0
TEL-10347,2026-04,0.82,205,0.0,9,210.31,2,0
TEL-10347,2026-05,2.87,188,2.1,15,155.8,2,0
TEL-10347,2026-06,3.04,130,0.9,9,217.32,3,0
TEL-10348,2026-01,45.96,205,1.2,7,504.45,2,0
TEL-10348,2026-02,36.96,327,1.4,9,419.05,4,0
TEL-10348,2026-03,39.22,318,0.3,13,489.41,4,0
TEL-10348,2026-04,42.27,353,0.2,7,441.0,3,0
TEL-10348,2026-05,44.63,305,0.5,5,386.12,3,0
TEL-10348,2026-06,44.84,429,0.7,11,506.29,2,0
TEL-10349,2026-01,0.59,224,0.0,42,96.12,4,0
TEL-10349,2026-02,0.64,453,1.4,35,114.87,2,0
TEL-10349,2026-03,0.42,474,0.5,36,120.05,1,0
TEL-10349,2026-04,0.59,582,0.2,41,95.07,3,0
TEL-10349,2026-05,0.46,313,1.4,42,89.73,4,0
TEL-10349,2026-06,0.72,555,3.3,44,98.93,3,0
TEL-10350,2026-01,48.64,252,0.3,5,0.0,3,0
TEL-10350,2026-02,51.19,204,0.4,4,811.3,2,0
TEL-10350,2026-03,66.74,220,1.9,7,804.58,3,0
TEL-10350,2026-04,64.43,314,0.1,7,899.38,2,0
TEL-10350,2026-05,51.72,209,2.3,4,734.09,4,0
TEL-10350,2026-06,31.61,129,3.9,2,792.16,3,0
TEL-10351,2026-01,28.13,309,1.6,6,359.46,3,0
TEL-10351,2026-02,26.82,170,0.3,9,300.86,3,0
TEL-10351,2026-03,20.41,286,0.0,4,319.47,3,0
TEL-10351,2026-04,24.65,192,3.1,6,357.66,2,0
TEL-10351,2026-05,18.46,133,0.2,9,345.11,1,0
TEL-10351,2026-06,30.67,200,2.7,5,331.78,2,0
TEL-10352,2026-01,2.47,241,0.4,2,81.6,1,0
TEL-10352,2026-02,4.22,212,0.5,2,60.16,3,0
TEL-10352,2026-03,4.27,218,0.8,2,70.15,2,0
TEL-10352,2026-04,4.52,164,1.0,5,67.91,3,0
TEL-10352,2026-05,3.61,141,0.5,3,72.36,4,0
TEL-10352,2026-06,3.71,165,1.0,1,60.0,2,0
TEL-10353,2026-01,5.03,123,0.9,7,191.78,2,0
TEL-10353,2026-02,4.44,120,1.7,4,211.07,4,0
TEL-10353,2026-03,3.22,131,0.9,2,182.54,1,0
TEL-10353,2026-04,65.58,95,0.1,2,0.0,0,3
TEL-10353,2026-05,61.62,204,0.7,5,0.0,0,3
TEL-10353,2026-06,99.03,172,0.2,2,0.0,0,3
TEL-10354,2026-01,6.97,250,1.5,21,205.62,1,0
TEL-10354,2026-02,5.93,228,0.3,9,182.76,3,0
TEL-10354,2026-03,4.81,175,2.3,17,221.18,1,0
TEL-10354,2026-04,5.6,287,4.0,13,204.51,2,0
TEL-10354,2026-05,6.84,226,0.0,10,205.64,1,0
TEL-10354,2026-06,5.05,211,0.3,11,241.18,3,0
TEL-10355,2026-01,4.58,218,0.3,10,294.67,3,0
TEL-10355,2026-02,6.19,136,0.7,10,198.2,1,0
TEL-10355,2026-03,6.38,113,1.0,9,263.6,3,0
TEL-10355,2026-04,4.34,115,0.8,10,255.23,2,0
TEL-10355,2026-05,6.37,149,2.0,9,282.82,4,0
TEL-10355,2026-06,5.46,118,2.1,2,244.96,1,0
TEL-10356,2026-01,17.26,380,3.0,4,724.82,4,0
TEL-10356,2026-02,36.95,344,0.6,1,729.66,3,0
TEL-10356,2026-03,34.08,365,3.9,3,634.53,2,0
TEL-10356,2026-04,40.72,222,2.4,2,778.1,4,0
TEL-10356,2026-05,24.68,266,6.9,6,922.71,2,0
TEL-10356,2026-06,32.93,195,38.1,6,680.47,3,0
TEL-10357,2026-01,1.89,326,0.6,47,373.23,4,0
TEL-10357,2026-02,3.81,304,0.1,53,399.54,4,0
TEL-10357,2026-03,2.82,469,1.4,41,312.24,1,0
TEL-10357,2026-04,2.2,427,1.4,36,320.64,2,0
TEL-10357,2026-05,2.2,436,0.7,47,314.64,1,0
TEL-10357,2026-06,1.99,451,1.3,38,349.61,2,0
TEL-10358,2026-01,2.51,265,0.3,23,406.07,1,0
TEL-10358,2026-02,3.14,329,0.2,20,319.84,4,0
TEL-10358,2026-03,3.21,327,0.0,43,428.85,2,0
TEL-10358,2026-04,2.52,385,0.5,40,404.56,2,0
TEL-10358,2026-05,2.78,526,0.2,28,392.89,3,0
TEL-10358,2026-06,2.82,283,0.7,29,396.28,1,0
TEL-10359,2026-01,38.4,280,1.9,14,439.06,2,0
TEL-10359,2026-02,32.09,313,0.7,6,453.57,3,0
TEL-10359,2026-03,25.7,290,0.4,9,461.17,3,0
TEL-10359,2026-04,46.78,267,0.2,12,473.95,3,0
TEL-10359,2026-05,35.12,206,0.3,11,504.67,1,0
TEL-10359,2026-06,41.61,193,2.3,9,440.19,1,0
TEL-10360,2026-01,2.67,142,8.9,14,536.51,1,0
TEL-10360,2026-02,3.22,123,0.7,9,642.89,2,0
TEL-10360,2026-03,3.59,109,39.1,14,588.15,3,0
TEL-10360,2026-04,6.25,187,16.8,16,508.89,3,0
TEL-10360,2026-05,6.04,127,5.2,12,550.21,2,0
TEL-10360,2026-06,5.94,142,6.5,13,507.83,2,0
TEL-10361,2026-01,19.43,356,0.1,11,390.24,2,0
TEL-10361,2026-02,19.51,375,0.0,9,362.87,3,0
TEL-10361,2026-03,21.38,446,0.9,15,395.91,3,0
TEL-10361,2026-04,17.69,339,0.2,10,419.01,1,0
TEL-10361,2026-05,14.5,253,0.3,10,364.08,1,0
TEL-10361,2026-06,24.33,324,0.1,16,433.91,4,0
TEL-10362,2026-01,3.43,134,0.6,22,182.48,3,0
TEL-10362,2026-02,6.59,309,0.1,9,162.77,2,0
TEL-10362,2026-03,3.89,169,1.4,13,188.38,4,0
TEL-10362,2026-04,4.34,192,0.1,13,221.49,4,0
TEL-10362,2026-05,4.04,208,0.2,12,192.63,3,0
TEL-10362,2026-06,4.85,267,1.2,12,215.52,1,0
TEL-10363,2026-01,14.62,309,4.4,6,515.54,3,0
TEL-10363,2026-02,10.11,383,8.3,10,511.66,1,0
TEL-10363,2026-03,11.36,253,25.9,9,511.31,4,0
TEL-10363,2026-04,15.03,334,4.8,13,409.6,3,0
TEL-10363,2026-05,15.37,287,19.9,11,468.44,1,0
TEL-10363,2026-06,13.88,269,21.0,11,357.28,2,0
TEL-10364,2026-01,26.05,330,0.8,6,313.05,3,0
TEL-10364,2026-02,30.71,375,0.4,12,419.91,1,0
TEL-10364,2026-03,27.17,539,2.4,15,338.18,3,0
TEL-10364,2026-04,19.83,132,0.6,7,441.65,4,0
TEL-10364,2026-05,33.81,300,0.1,5,411.85,2,0
TEL-10364,2026-06,26.09,322,2.3,14,413.4,2,0
TEL-10365,2026-01,3.82,181,0.8,9,188.88,1,0
TEL-10365,2026-02,3.77,246,2.8,5,184.96,2,0
TEL-10365,2026-03,3.18,203,0.6,8,169.81,2,0
TEL-10365,2026-04,4.84,102,1.0,10,224.52,3,0
TEL-10365,2026-05,3.38,165,0.1,6,187.63,1,0
TEL-10365,2026-06,3.84,175,1.6,6,244.34,1,0
TEL-10366,2026-01,34.21,232,0.6,3,361.67,3,0
TEL-10366,2026-02,27.44,294,0.5,9,437.38,4,0
TEL-10366,2026-03,23.05,295,0.2,9,328.41,1,0
TEL-10366,2026-04,31.01,150,3.4,8,389.93,4,0
TEL-10366,2026-05,28.21,215,1.6,7,473.39,1,0
TEL-10366,2026-06,25.72,248,1.3,7,436.68,4,0
TEL-10367,2026-01,1.81,90,1.3,17,259.16,2,0
TEL-10367,2026-02,1.96,139,1.3,16,268.65,3,0
TEL-10367,2026-03,1.41,120,0.5,12,263.3,3,0
TEL-10367,2026-04,1.58,160,0.0,16,208.15,3,0
TEL-10367,2026-05,0.89,151,0.3,16,262.15,4,0
TEL-10367,2026-06,2.19,180,0.4,15,248.65,1,0
TEL-10368,2026-01,10.3,377,0.3,19,835.34,1,0
TEL-10368,2026-02,10.61,257,9.2,11,745.62,3,0
TEL-10368,2026-03,8.31,355,11.5,13,837.8,1,0
TEL-10368,2026-04,12.6,280,6.7,24,782.11,2,0
TEL-10368,2026-05,7.63,162,13.9,16,897.65,4,0
TEL-10368,2026-06,9.65,283,8.2,11,698.17,4,0
TEL-10369,2026-01,3.04,79,1.1,5,206.64,3,0
TEL-10369,2026-02,2.71,102,0.0,6,240.77,1,0
TEL-10369,2026-03,3.86,125,1.2,5,258.45,3,0
TEL-10369,2026-04,3.65,128,2.0,5,188.98,3,0
TEL-10369,2026-05,3.67,124,1.0,7,182.59,3,0
TEL-10369,2026-06,3.66,117,0.7,7,254.48,2,0
TEL-10370,2026-01,25.89,194,0.5,11,290.57,3,0
TEL-10370,2026-02,31.33,202,1.2,7,367.37,4,0
TEL-10370,2026-03,26.79,188,1.3,8,347.88,1,0
TEL-10370,2026-04,30.38,192,0.1,6,277.24,1,0
TEL-10370,2026-05,29.91,237,1.2,8,316.88,1,0
TEL-10370,2026-06,35.97,263,0.5,12,372.25,4,0
TEL-10371,2026-01,13.22,279,0.4,26,266.12,4,0
TEL-10371,2026-02,20.71,303,0.6,8,285.43,1,0
TEL-10371,2026-03,19.35,262,0.7,17,280.51,4,0
TEL-10371,2026-04,10.98,288,0.3,18,271.68,2,0
TEL-10371,2026-05,19.67,187,0.1,23,328.12,1,0
TEL-10371,2026-06,17.23,309,0.2,20,286.35,4,0
TEL-10372,2026-01,5.35,141,0.5,14,265.54,3,0
TEL-10372,2026-02,3.54,163,0.2,17,349.65,1,0
TEL-10372,2026-03,5.13,247,0.2,13,306.35,1,0
TEL-10372,2026-04,2.87,297,0.9,13,243.09,3,0
TEL-10372,2026-05,3.23,129,0.1,12,313.31,4,0
TEL-10372,2026-06,2.51,185,1.2,16,275.71,3,0
TEL-10373,2026-01,17.04,278,3.7,10,432.45,2,0
TEL-10373,2026-02,19.1,344,0.0,9,333.66,3,0
TEL-10373,2026-03,20.01,333,1.1,13,405.85,3,0
TEL-10373,2026-04,24.44,401,0.3,8,384.67,3,0
TEL-10373,2026-05,22.8,449,0.5,13,420.62,2,0
TEL-10373,2026-06,10.12,395,0.7,12,345.13,4,0
TEL-10374,2026-01,57.76,363,0.3,4,591.99,2,0
TEL-10374,2026-02,33.23,86,0.0,3,643.51,3,0
TEL-10374,2026-03,25.98,286,0.1,2,623.35,3,0
TEL-10374,2026-04,36.04,243,0.5,3,603.96,2,0
TEL-10374,2026-05,42.68,232,0.4,10,523.88,2,0
TEL-10374,2026-06,40.91,198,1.2,3,585.95,4,0
TEL-10375,2026-01,22.54,237,0.9,17,523.27,4,0
TEL-10375,2026-02,18.03,174,0.1,14,465.37,2,0
TEL-10375,2026-03,17.16,427,0.8,20,397.22,4,0
TEL-10375,2026-04,16.82,370,2.1,13,423.34,2,0
TEL-10375,2026-05,18.12,406,1.1,16,486.48,2,0
TEL-10375,2026-06,23.15,567,1.0,14,447.92,1,0
TEL-10376,2026-01,2.55,176,0.5,13,132.86,4,0
TEL-10376,2026-02,2.41,191,1.7,12,150.58,2,0
TEL-10376,2026-03,2.02,155,0.4,16,128.55,2,0
TEL-10376,2026-04,1.83,200,0.6,20,129.2,2,0
TEL-10376,2026-05,2.22,239,0.5,17,123.51,3,0
TEL-10376,2026-06,1.47,202,1.5,19,135.38,4,0
TEL-10377,2026-01,3.59,376,0.6,25,98.45,3,0
TEL-10377,2026-02,3.07,300,1.1,31,88.09,2,0
TEL-10377,2026-03,2.61,310,0.2,33,98.52,1,0
TEL-10377,2026-04,3.0,468,0.1,31,107.87,2,0
TEL-10377,2026-05,3.01,328,1.1,27,90.62,1,0
TEL-10377,2026-06,2.73,321,0.1,44,92.7,1,0
TEL-10378,2026-01,1.57,823,1.0,45,251.8,4,0
TEL-10378,2026-02,2.14,1188,0.3,38,229.34,2,0
TEL-10378,2026-03,2.86,696,3.0,28,222.14,2,0
TEL-10378,2026-04,2.19,597,0.6,42,234.22,2,0
TEL-10378,2026-05,2.05,559,0.8,47,237.63,2,0
TEL-10378,2026-06,2.97,645,1.2,45,228.39,3,0
TEL-10379,2026-01,1.52,109,4.1,14,261.47,1,0
TEL-10379,2026-02,2.48,141,0.4,7,376.06,4,0
TEL-10379,2026-03,1.55,156,1.0,8,346.36,3,0
TEL-10379,2026-04,2.54,146,0.9,8,326.53,2,0
TEL-10379,2026-05,2.2,91,0.4,11,297.18,3,0
TEL-10379,2026-06,1.97,139,0.1,12,312.84,2,0
TEL-10380,2026-01,1.43,191,1.4,9,194.66,4,0
TEL-10380,2026-02,2.15,98,0.9,8,188.76,1,0
TEL-10380,2026-03,1.47,161,0.9,10,166.04,1,0
TEL-10380,2026-04,1.7,104,0.4,7,196.43,4,0
TEL-10380,2026-05,1.73,2,0.7,11,175.14,1,0
TEL-10380,2026-06,1.03,164,0.1,6,164.18,1,0
TEL-10381,2026-01,1.53,628,0.2,35,325.05,3,0
TEL-10381,2026-02,1.73,410,2.6,39,338.5,1,0
TEL-10381,2026-03,1.92,414,0.1,42,278.05,1,0
TEL-10381,2026-04,1.73,369,1.9,27,308.86,3,0
TEL-10381,2026-05,1.71,610,0.1,30,300.49,2,0
TEL-10381,2026-06,1.63,671,1.6,40,302.38,3,0
TEL-10382,2026-01,12.82,520,1.3,7,459.39,4,0
TEL-10382,2026-02,14.45,98,0.8,10,414.45,4,0
TEL-10382,2026-03,11.34,393,0.6,3,370.13,3,0
TEL-10382,2026-04,6.55,432,1.3,8,476.51,4,0
TEL-10382,2026-05,13.64,374,0.5,12,384.12,4,0
TEL-10382,2026-06,9.94,389,1.5,15,424.03,3,0
TEL-10383,2026-01,2.24,652,0.0,43,191.75,2,0
TEL-10383,2026-02,2.14,562,1.0,28,201.69,3,0
TEL-10383,2026-03,2.28,800,0.5,30,215.17,1,0
TEL-10383,2026-04,2.33,734,0.4,38,193.17,1,0
TEL-10383,2026-05,1.68,702,0.2,28,196.6,4,0
TEL-10383,2026-06,2.25,837,0.3,40,174.92,4,0
TEL-10384,2026-01,3.55,497,0.8,19,234.39,1,0
TEL-10384,2026-02,2.3,554,0.1,23,247.97,3,0
TEL-10384,2026-03,1.2,612,0.1,18,258.78,2,0
TEL-10384,2026-04,3.45,342,0.6,18,300.64,1,0
TEL-10384,2026-05,3.21,602,0.3,32,281.43,4,0
TEL-10384,2026-06,3.19,323,0.0,19,244.67,4,0
TEL-10385,2026-01,0.96,649,0.5,35,219.68,1,0
TEL-10385,2026-02,1.31,454,0.4,36,169.46,1,0
TEL-10385,2026-03,1.17,608,1.4,45,193.24,4,0
TEL-10385,2026-04,0.98,452,1.6,41,183.19,4,0
TEL-10385,2026-05,1.1,560,0.3,44,155.94,4,0
TEL-10385,2026-06,1.31,699,0.3,48,201.04,2,0
TEL-10386,2026-01,3.63,142,1.2,5,309.78,1,0
TEL-10386,2026-02,5.23,135,0.8,4,273.28,3,0
TEL-10386,2026-03,2.43,122,0.3,6,283.69,1,0
TEL-10386,2026-04,3.04,173,0.0,6,293.71,4,0
TEL-10386,2026-05,2.69,141,1.9,8,278.98,1,0
TEL-10386,2026-06,3.47,60,0.9,2,258.11,3,0
TEL-10387,2026-01,3.98,171,0.1,4,480.33,4,0
TEL-10387,2026-02,4.02,184,0.9,7,398.85,2,0
TEL-10387,2026-03,3.38,263,0.3,4,391.26,4,0
TEL-10387,2026-04,3.01,139,2.6,2,440.31,4,0
TEL-10387,2026-05,6.2,174,0.2,1,457.34,4,0
TEL-10387,2026-06,6.04,188,0.4,2,351.07,3,0
TEL-10388,2026-01,1.43,338,1.6,36,255.39,3,0
TEL-10388,2026-02,2.21,664,1.0,38,245.52,2,0
TEL-10388,2026-03,1.54,368,0.8,30,185.9,2,0
TEL-10388,2026-04,1.67,612,0.4,26,244.87,2,0
TEL-10388,2026-05,1.32,289,0.9,23,226.45,1,0
TEL-10388,2026-06,1.73,568,1.2,34,210.71,1,0
TEL-10389,2026-01,21.72,398,1.3,16,406.56,4,0
TEL-10389,2026-02,14.37,469,3.4,15,317.64,1,0
TEL-10389,2026-03,16.51,335,3.7,12,344.3,2,0
TEL-10389,2026-04,19.82,353,2.1,21,407.59,2,0
TEL-10389,2026-05,22.82,450,1.8,20,422.49,1,0
TEL-10389,2026-06,18.59,411,0.9,19,365.01,4,0
TEL-10390,2026-01,15.4,386,0.1,13,387.76,2,0
TEL-10390,2026-02,15.64,315,0.3,16,420.66,2,0
TEL-10390,2026-03,14.7,262,0.5,13,498.15,1,0
TEL-10390,2026-04,20.17,191,1.1,13,417.06,3,0
TEL-10390,2026-05,15.38,359,0.6,16,411.92,2,0
TEL-10390,2026-06,15.47,346,0.3,10,385.18,2,0
TEL-10391,2026-01,2.32,133,0.3,3,227.02,2,0
TEL-10391,2026-02,2.96,98,1.0,9,199.19,1,0
TEL-10391,2026-03,3.1,177,0.9,4,195.15,4,0
TEL-10391,2026-04,4.02,189,0.3,7,210.16,4,0
TEL-10391,2026-05,3.15,169,0.6,8,219.97,2,0
TEL-10391,2026-06,2.27,168,1.5,12,273.35,4,0
TEL-10392,2026-01,13.74,335,30.1,20,457.86,4,0
TEL-10392,2026-02,9.36,367,23.9,15,615.17,3,0
TEL-10392,2026-03,15.3,295,13.5,15,489.04,1,0
TEL-10392,2026-04,6.75,291,11.4,17,442.94,1,0
TEL-10392,2026-05,16.62,396,76.4,11,591.95,2,0
TEL-10392,2026-06,11.16,320,42.0,21,591.91,3,0
TEL-10393,2026-01,9.59,48,0.7,2,186.13,4,0
TEL-10393,2026-02,10.69,90,1.1,12,199.31,2,0
TEL-10393,2026-03,15.81,115,0.2,4,197.29,4,0
TEL-10393,2026-04,15.83,118,0.6,3,194.5,4,0
TEL-10393,2026-05,13.58,75,0.6,3,167.88,4,0
TEL-10393,2026-06,16.74,91,0.2,3,180.03,2,0
TEL-10394,2026-01,45.08,219,0.2,4,489.39,3,0
TEL-10394,2026-02,42.73,182,0.1,5,527.8,3,0
TEL-10394,2026-03,23.33,263,0.5,3,504.53,4,0
TEL-10394,2026-04,49.63,127,0.4,7,538.14,4,0
TEL-10394,2026-05,39.81,150,0.9,7,541.76,1,0
TEL-10394,2026-06,41.35,165,0.6,2,557.73,2,0
TEL-10395,2026-01,34.7,214,0.1,3,505.09,1,0
TEL-10395,2026-02,59.75,130,0.3,3,567.79,4,0
TEL-10395,2026-03,52.61,282,1.6,10,580.2,2,0
TEL-10395,2026-04,35.09,219,0.7,3,509.41,3,0
TEL-10395,2026-05,49.7,106,1.7,3,487.92,1,0
TEL-10395,2026-06,46.33,79,0.3,5,571.96,2,0
TEL-10396,2026-01,18.56,177,0.3,14,263.66,3,0
TEL-10396,2026-02,11.51,371,0.4,6,291.92,1,0
TEL-10396,2026-03,15.82,168,0.1,7,315.26,2,0
TEL-10396,2026-04,8.95,283,0.7,5,330.46,1,0
TEL-10396,2026-05,12.6,199,0.1,9,281.25,3,0
TEL-10396,2026-06,8.57,367,0.1,16,268.23,4,0
TEL-10397,2026-01,29.25,297,2.1,6,603.47,3,0
TEL-10397,2026-02,30.18,259,0.7,6,561.13,2,0
TEL-10397,2026-03,33.42,219,0.3,2,565.32,1,0
TEL-10397,2026-04,25.51,172,0.6,8,522.93,3,0
TEL-10397,2026-05,28.92,185,0.3,7,596.85,4,0
TEL-10397,2026-06,39.9,157,0.7,4,561.06,1,0
TEL-10398,2026-01,19.65,171,0.2,16,407.61,4,0
TEL-10398,2026-02,14.32,302,0.3,24,366.62,4,0
TEL-10398,2026-03,12.12,283,0.0,16,398.24,3,0
TEL-10398,2026-04,16.98,196,0.7,18,468.23,3,0
TEL-10398,2026-05,16.94,255,0.4,14,461.96,2,0
TEL-10398,2026-06,9.64,249,0.8,9,426.09,1,0
TEL-10399,2026-01,32.01,316,1.2,15,348.4,1,0
TEL-10399,2026-02,23.4,340,0.4,12,393.47,2,0
TEL-10399,2026-03,31.04,540,1.3,13,462.54,1,0
TEL-10399,2026-04,16.81,490,0.9,15,403.42,4,0
TEL-10399,2026-05,20.91,407,0.8,11,467.07,2,0
TEL-10399,2026-06,25.73,495,0.7,9,472.68,2,0
TEL-10400,2026-01,2.53,461,0.1,30,278.31,2,0
TEL-10400,2026-02,2.39,626,1.4,37,285.04,4,0
TEL-10400,2026-03,2.05,449,1.7,37,245.48,3,0
TEL-10400,2026-04,1.37,452,0.2,37,323.8,3,0
TEL-10400,2026-05,1.94,373,0.4,42,260.78,1,0
TEL-10400,2026-06,1.65,426,0.2,57,264.76,3,0
TEL-10401,2026-01,23.54,115,0.4,5,302.45,4,0
TEL-10401,2026-02,49.28,181,0.5,8,348.04,1,0
TEL-10401,2026-03,31.61,137,0.0,4,304.68,3,0
TEL-10401,2026-04,34.26,171,0.2,7,284.94,1,0
TEL-10401,2026-05,32.82,207,2.4,13,330.71,2,0
TEL-10401,2026-06,27.84,146,0.4,2,365.03,4,0
TEL-10402,2026-01,4.81,85,1.4,6,113.12,2,0
TEL-10402,2026-02,3.53,73,5.1,10,107.68,1,0
TEL-10402,2026-03,3.62,90,0.5,5,109.23,2,0
TEL-10402,2026-04,4.38,123,0.7,5,126.65,2,0
TEL-10402,2026-05,3.82,101,1.0,7,116.17,3,0
TEL-10402,2026-06,5.01,109,1.2,9,99.95,2,0
TEL-10403,2026-01,5.99,412,0.7,20,219.17,3,0
TEL-10403,2026-02,8.97,267,0.6,18,233.02,3,0
TEL-10403,2026-03,10.96,308,0.4,13,232.99,1,0
TEL-10403,2026-04,11.13,414,0.2,10,267.26,3,0
TEL-10403,2026-05,10.75,491,0.1,18,290.41,3,0
TEL-10403,2026-06,13.31,424,1.0,8,268.89,4,0
TEL-10404,2026-01,13.25,399,0.1,14,288.19,2,0
TEL-10404,2026-02,12.34,251,0.8,12,287.62,4,0
TEL-10404,2026-03,8.95,237,1.1,8,234.18,2,0
TEL-10404,2026-04,14.1,205,0.1,9,285.17,4,0
TEL-10404,2026-05,11.48,239,0.6,11,241.79,2,0
TEL-10404,2026-06,13.49,301,1.1,15,294.63,4,0
TEL-10405,2026-01,4.91,235,0.5,10,273.8,3,0
TEL-10405,2026-02,3.17,144,1.0,7,240.42,1,0
TEL-10405,2026-03,3.53,169,1.1,10,286.36,3,0
TEL-10405,2026-04,2.14,208,1.0,5,285.67,1,0
TEL-10405,2026-05,4.19,160,0.8,8,267.47,3,0
TEL-10405,2026-06,3.17,137,1.2,7,293.7,3,0
TEL-10406,2026-01,14.95,670,1.1,18,271.52,3,0
TEL-10406,2026-02,19.8,466,0.8,18,326.85,4,0
TEL-10406,2026-03,21.55,615,1.8,16,316.24,3,0
TEL-10406,2026-04,19.58,408,0.4,18,351.72,2,0
TEL-10406,2026-05,21.85,466,0.5,22,335.44,1,0
TEL-10406,2026-06,28.12,620,1.0,22,315.88,2,0
TEL-10407,2026-01,2.42,826,0.6,24,231.54,4,0
TEL-10407,2026-02,2.48,603,2.1,24,228.84,3,0
TEL-10407,2026-03,3.35,521,0.6,23,245.15,3,0
TEL-10407,2026-04,2.85,610,0.3,25,253.12,1,0
TEL-10407,2026-05,3.02,758,1.4,31,205.67,2,0
TEL-10407,2026-06,1.88,529,0.0,16,265.22,3,0
TEL-10408,2026-01,38.72,187,1.0,9,393.34,4,0
TEL-10408,2026-02,38.63,146,0.7,5,413.83,1,0
TEL-10408,2026-03,37.17,215,2.2,9,384.68,3,0
TEL-10408,2026-04,19.45,129,0.7,10,395.01,4,0
TEL-10408,2026-05,24.92,147,0.1,6,374.02,3,0
TEL-10408,2026-06,21.64,150,0.1,6,436.26,1,0
TEL-10409,2026-01,2.98,196,0.2,7,240.67,4,0
TEL-10409,2026-02,4.14,257,0.4,9,273.03,3,0
TEL-10409,2026-03,3.91,288,0.0,6,304.7,1,0
TEL-10409,2026-04,4.13,149,0.3,7,259.47,3,0
TEL-10409,2026-05,3.19,212,0.1,12,300.42,3,0
TEL-10409,2026-06,4.01,319,1.1,10,300.91,1,0
TEL-10410,2026-01,14.65,496,0.0,19,623.08,3,0
TEL-10410,2026-02,12.18,423,0.5,23,672.6,2,0
TEL-10410,2026-03,15.74,538,0.5,19,613.52,1,0
TEL-10410,2026-04,11.01,552,0.8,12,670.2,2,0
TEL-10410,2026-05,18.54,602,2.1,17,522.45,4,0
TEL-10410,2026-06,14.51,636,0.8,18,573.74,3,0
TEL-10411,2026-01,16.09,234,13.4,18,427.01,2,0
TEL-10411,2026-02,17.18,453,1.2,16,500.0,1,0
TEL-10411,2026-03,18.66,378,8.3,18,492.91,1,0
TEL-10411,2026-04,14.14,413,16.8,15,456.12,2,0
TEL-10411,2026-05,11.45,463,7.6,18,563.61,3,0
TEL-10411,2026-06,15.18,413,5.5,17,408.9,1,0
TEL-10412,2026-01,3.74,50,1.6,23,275.87,1,0
TEL-10412,2026-02,3.71,61,0.8,16,292.93,2,0
TEL-10412,2026-03,5.93,51,1.5,18,310.91,1,0
TEL-10412,2026-04,5.55,54,0.3,16,315.23,3,0
TEL-10412,2026-05,4.39,45,0.2,8,262.9,2,0
TEL-10412,2026-06,4.84,34,2.1,20,266.15,1,0
TEL-10413,2026-01,12.72,531,1.3,18,341.06,2,0
TEL-10413,2026-02,20.62,244,0.5,14,328.66,3,0
TEL-10413,2026-03,19.88,513,0.9,15,285.66,4,0
TEL-10413,2026-04,24.23,317,1.5,9,307.16,2,0
TEL-10413,2026-05,23.69,620,0.3,15,0.0,2,0
TEL-10413,2026-06,21.38,538,1.5,7,332.12,3,0
TEL-10414,2026-01,42.11,225,12.3,5,784.54,1,0
TEL-10414,2026-02,36.0,133,10.5,7,821.47,1,0
TEL-10414,2026-03,37.46,136,14.8,7,830.16,1,0
TEL-10414,2026-04,39.03,158,7.7,8,946.16,1,0
TEL-10414,2026-05,36.19,146,2.2,3,763.48,4,0
TEL-10414,2026-06,53.38,119,20.5,4,812.33,3,0
TEL-10415,2026-01,2.37,283,0.2,11,281.11,2,0
TEL-10415,2026-02,1.79,181,0.2,12,297.21,1,0
TEL-10415,2026-03,2.71,225,0.1,15,242.57,1,0
TEL-10415,2026-04,2.12,183,0.2,11,244.76,2,0
TEL-10415,2026-05,2.01,197,1.3,18,276.96,1,0
TEL-10415,2026-06,3.44,207,1.1,12,247.49,4,0
TEL-10416,2026-01,38.15,267,1.5,5,426.23,4,0
TEL-10416,2026-02,39.88,260,0.1,6,462.07,3,0
TEL-10416,2026-03,28.93,237,0.1,5,413.08,1,0
TEL-10416,2026-04,51.78,408,0.5,2,509.48,4,0
TEL-10416,2026-05,14.07,343,2.9,4,474.86,1,0
TEL-10416,2026-06,43.53,343,0.9,5,462.23,3,0
TEL-10417,2026-01,16.53,31,2.8,14,435.54,3,0
TEL-10417,2026-02,28.57,303,0.8,10,485.77,1,0
TEL-10417,2026-03,24.04,359,0.3,15,435.38,2,0
TEL-10417,2026-04,21.15,281,0.7,6,422.7,4,0
TEL-10417,2026-05,21.63,188,0.1,9,507.15,2,0
TEL-10417,2026-06,19.58,332,1.5,8,479.0,3,0
TEL-10418,2026-01,3.58,189,0.7,16,191.32,2,0
TEL-10418,2026-02,3.91,113,0.1,10,242.63,3,0
TEL-10418,2026-03,2.92,170,0.1,8,178.54,1,0
TEL-10418,2026-04,3.92,154,0.4,8,182.68,1,0
TEL-10418,2026-05,2.81,174,0.8,13,198.02,2,0
TEL-10418,2026-06,3.03,188,0.3,8,191.35,2,0
TEL-10419,2026-01,2.15,81,0.8,5,520.14,1,0
TEL-10419,2026-02,3.85,112,23.1,16,516.56,2,0
TEL-10419,2026-03,2.48,114,28.8,14,503.93,4,0
TEL-10419,2026-04,3.38,88,14.8,11,547.75,1,0
TEL-10419,2026-05,2.71,116,1.1,9,510.55,3,0
TEL-10419,2026-06,3.7,95,19.1,10,523.0,2,0
TEL-10420,2026-01,28.07,141,1.1,6,521.34,3,0
TEL-10420,2026-02,19.76,285,1.6,2,602.82,3,0
TEL-10420,2026-03,27.94,464,0.8,7,501.16,3,0
TEL-10420,2026-04,22.26,355,2.7,3,545.66,3,0
TEL-10420,2026-05,27.25,289,0.5,11,605.14,3,0
TEL-10420,2026-06,21.29,312,0.9,5,563.64,4,0
TEL-10421,2026-01,2.97,363,0.3,38,138.98,2,0
TEL-10421,2026-02,2.07,367,0.5,34,122.15,3,0
TEL-10421,2026-03,3.38,349,0.5,38,142.31,3,0
TEL-10421,2026-04,3.02,340,0.8,45,152.46,1,0
TEL-10421,2026-05,1.98,333,0.0,41,144.92,1,0
TEL-10421,2026-06,2.52,151,0.0,41,110.86,3,0
TEL-10422,2026-01,3.9,173,0.3,12,269.16,4,0
TEL-10422,2026-02,2.25,303,0.3,16,346.36,4,0
TEL-10422,2026-03,3.58,143,1.8,20,300.82,3,0
TEL-10422,2026-04,3.72,210,1.1,24,316.59,2,0
TEL-10422,2026-05,4.87,195,0.2,19,365.7,3,0
TEL-10422,2026-06,3.28,214,0.4,14,297.92,1,0
TEL-10423,2026-01,2.24,118,0.7,0,259.56,3,0
TEL-10423,2026-02,1.81,116,0.3,5,205.88,2,0
TEL-10423,2026-03,1.07,124,0.2,4,230.96,2,0
TEL-10423,2026-04,2.55,108,0.4,5,251.92,4,0
TEL-10423,2026-05,3.22,76,0.9,5,248.77,4,0
TEL-10423,2026-06,2.09,150,0.3,3,249.92,4,0
TEL-10424,2026-01,0.66,136,0.3,12,206.2,2,0
TEL-10424,2026-02,0.55,111,0.5,18,258.17,1,0
TEL-10424,2026-03,1.27,98,0.4,14,277.72,1,0
TEL-10424,2026-04,0.68,169,0.2,13,219.82,4,0
TEL-10424,2026-05,0.9,106,4.7,10,247.75,3,0
TEL-10424,2026-06,0.9,95,1.0,14,179.96,3,0
TEL-10425,2026-01,9.87,370,0.1,19,187.93,4,0
TEL-10425,2026-02,11.89,304,0.9,26,215.1,2,0
TEL-10425,2026-03,9.6,463,0.9,15,215.69,3,0
TEL-10425,2026-04,10.53,145,0.1,25,243.73,3,0
TEL-10425,2026-05,7.79,244,0.8,17,233.44,1,0
TEL-10425,2026-06,13.29,387,0.3,18,229.6,1,0
TEL-10426,2026-01,4.16,203,0.4,9,218.43,2,0
TEL-10426,2026-02,4.45,49,0.8,13,211.92,4,0
TEL-10426,2026-03,5.59,105,2.9,5,193.13,2,0
TEL-10426,2026-04,4.48,153,1.0,4,163.67,1,0
TEL-10426,2026-05,3.03,115,1.8,7,205.29,2,0
TEL-10426,2026-06,4.2,154,1.9,9,145.97,3,0
TEL-10427,2026-01,5.49,993,0.8,32,243.21,2,0
TEL-10427,2026-02,4.92,596,0.5,27,247.92,1,0
TEL-10427,2026-03,4.7,1011,0.0,39,249.23,2,0
TEL-10427,2026-04,3.19,698,1.2,29,243.67,2,0
TEL-10427,2026-05,3.62,1201,0.4,29,233.32,1,0
TEL-10427,2026-06,3.32,819,1.7,30,229.78,3,0
TEL-10428,2026-01,34.86,153,1.1,2,448.39,1,0
TEL-10428,2026-02,36.43,110,0.3,1,485.49,4,0
TEL-10428,2026-03,30.29,183,0.9,5,360.21,2,0
TEL-10428,2026-04,29.18,162,0.4,3,373.03,3,0
TEL-10428,2026-05,34.92,107,0.1,4,359.95,1,0
TEL-10428,2026-06,42.32,158,3.0,7,503.49,4,0
TEL-10429,2026-01,1.57,299,0.3,35,220.05,4,0
TEL-10429,2026-02,1.01,471,0.1,40,235.54,1,0
TEL-10429,2026-03,1.61,543,1.2,33,214.98,3,0
TEL-10429,2026-04,1.77,418,0.4,31,276.99,1,0
TEL-10429,2026-05,1.6,526,0.0,40,195.31,4,0
TEL-10429,2026-06,1.23,553,1.0,31,206.78,3,0
TEL-10430,2026-01,4.87,177,0.6,15,306.37,4,0
TEL-10430,2026-02,3.65,111,0.3,15,339.16,4,0
TEL-10430,2026-03,5.85,195,0.3,11,280.82,4,0
TEL-10430,2026-04,3.87,265,0.6,10,305.52,3,0
TEL-10430,2026-05,5.04,189,2.8,10,318.97,1,0
TEL-10430,2026-06,3.87,118,0.2,17,303.43,2,0
TEL-10431,2026-01,37.64,89,0.2,10,719.28,1,0
TEL-10431,2026-02,38.01,115,0.4,8,712.04,3,0
TEL-10431,2026-03,48.41,162,2.6,5,539.25,3,0
TEL-10431,2026-04,56.88,178,0.4,12,666.17,1,0
TEL-10431,2026-05,41.43,174,0.1,10,676.72,4,0
TEL-10431,2026-06,53.48,144,3.4,11,561.63,2,0
TEL-10432,2026-01,4.61,296,0.9,14,158.46,1,0
TEL-10432,2026-02,4.08,204,0.4,8,178.32,1,0
TEL-10432,2026-03,6.01,200,0.7,10,143.02,2,0
TEL-10432,2026-04,6.23,221,0.5,5,146.57,3,0
TEL-10432,2026-05,6.11,279,0.7,7,132.14,2,0
TEL-10432,2026-06,4.13,152,0.7,10,147.7,2,0
TEL-10433,2026-01,18.46,300,2.7,22,415.48,2,0
TEL-10433,2026-02,18.17,515,1.4,18,377.47,3,0
TEL-10433,2026-03,10.1,335,0.3,8,323.92,1,0
TEL-10433,2026-04,20.9,428,0.1,22,319.91,4,0
TEL-10433,2026-05,10.82,486,0.8,17,335.61,3,0
TEL-10433,2026-06,21.39,307,0.1,13,362.62,3,0
TEL-10434,2026-01,21.64,151,0.3,3,369.03,3,0
TEL-10434,2026-02,18.3,178,0.8,4,477.72,1,0
TEL-10434,2026-03,22.56,93,0.1,4,495.22,4,0
TEL-10434,2026-04,20.38,138,0.3,1,517.48,2,0
TEL-10434,2026-05,16.77,169,1.2,3,469.72,2,0
TEL-10434,2026-06,12.77,182,0.1,6,566.84,3,0
TEL-10435,2026-01,25.12,326,11.5,18,478.51,4,0
TEL-10435,2026-02,23.95,243,4.7,16,482.91,1,0
TEL-10435,2026-03,23.44,344,8.2,14,465.78,4,0
TEL-10435,2026-04,17.3,315,19.1,13,470.42,4,0
TEL-10435,2026-05,23.66,237,12.9,13,404.74,2,0
TEL-10435,2026-06,15.74,270,6.7,11,430.12,3,0
TEL-10436,2026-01,29.83,280,0.4,4,464.16,2,0
TEL-10436,2026-02,10.8,305,0.5,2,492.07,4,0
TEL-10436,2026-03,28.2,286,0.5,2,450.56,4,0
TEL-10436,2026-04,17.48,289,0.5,5,488.61,3,0
TEL-10436,2026-05,20.81,142,0.3,8,389.35,2,0
TEL-10436,2026-06,21.55,188,0.1,6,476.32,2,0
TEL-10437,2026-01,26.34,380,0.7,13,640.85,2,0
TEL-10437,2026-02,46.16,338,0.5,7,553.96,2,0
TEL-10437,2026-03,24.36,362,0.9,7,645.13,1,0
TEL-10437,2026-04,31.9,332,0.2,10,766.89,4,0
TEL-10437,2026-05,36.79,173,0.5,8,712.16,4,0
TEL-10437,2026-06,36.64,221,4.9,5,679.42,2,0
TEL-10438,2026-01,20.62,346,0.1,17,265.01,1,0
TEL-10438,2026-02,17.5,339,0.4,17,290.27,2,0
TEL-10438,2026-03,22.02,325,1.0,18,305.26,2,0
TEL-10438,2026-04,27.26,245,0.3,21,267.92,2,0
TEL-10438,2026-05,22.38,305,0.2,8,293.72,1,0
TEL-10438,2026-06,16.58,334,0.3,18,309.84,4,0
TEL-10439,2026-01,2.77,461,1.3,33,517.09,2,0
TEL-10439,2026-02,2.53,439,0.7,27,371.29,2,0
TEL-10439,2026-03,1.77,507,0.4,33,437.02,4,0
TEL-10439,2026-04,3.39,321,1.0,32,408.7,1,0
TEL-10439,2026-05,1.62,595,0.1,36,397.62,4,0
TEL-10439,2026-06,2.74,569,0.2,32,402.39,4,0
TEL-10440,2026-01,17.82,270,4.4,10,602.98,4,0
TEL-10440,2026-02,18.08,236,12.6,16,755.22,3,0
TEL-10440,2026-03,15.87,388,42.1,9,564.31,2,0
TEL-10440,2026-04,20.05,400,6.5,9,575.6,1,0
TEL-10440,2026-05,20.74,240,20.4,13,622.18,4,0
TEL-10440,2026-06,10.8,239,6.4,9,624.71,3,0
TEL-10441,2026-01,25.18,243,0.9,13,527.13,4,0
TEL-10441,2026-02,30.34,232,0.2,8,526.31,4,0
TEL-10441,2026-03,31.11,225,0.6,13,525.06,2,0
TEL-10441,2026-04,31.34,200,0.0,3,596.09,3,0
TEL-10441,2026-05,22.66,180,0.4,8,610.93,1,0
TEL-10441,2026-06,33.31,163,1.6,6,540.57,3,0
TEL-10442,2026-01,25.01,377,1.9,23,486.16,4,0
TEL-10442,2026-02,18.06,457,0.2,15,418.91,3,0
TEL-10442,2026-03,17.87,302,0.2,13,334.71,4,0
TEL-10442,2026-04,29.75,250,1.2,17,519.72,1,0
TEL-10442,2026-05,24.03,369,1.0,15,408.32,1,0
TEL-10442,2026-06,18.61,627,0.8,19,476.15,3,0
TEL-10443,2026-01,3.55,259,1.6,20,114.4,2,0
TEL-10443,2026-02,3.84,184,1.4,10,104.11,2,0
TEL-10443,2026-03,5.88,242,0.8,14,112.33,2,0
TEL-10443,2026-04,4.28,152,0.8,11,96.52,2,0
TEL-10443,2026-05,4.75,235,0.2,10,126.48,3,0
TEL-10443,2026-06,4.22,196,1.5,12,110.34,1,0
TEL-10444,2026-01,26.81,208,0.0,9,381.5,4,0
TEL-10444,2026-02,38.79,192,0.8,4,429.85,2,0
TEL-10444,2026-03,27.83,101,0.1,3,401.9,1,0
TEL-10444,2026-04,37.26,286,0.3,8,330.45,3,0
TEL-10444,2026-05,23.36,222,0.6,7,395.55,1,0
TEL-10444,2026-06,32.28,203,1.4,6,350.28,2,0
TEL-10445,2026-01,4.22,119,0.1,11,339.13,3,0
TEL-10445,2026-02,4.57,99,0.4,11,295.07,2,0
TEL-10445,2026-03,3.72,158,2.5,12,265.52,1,0
TEL-10445,2026-04,5.03,172,0.0,10,277.87,1,0
TEL-10445,2026-05,4.88,279,2.2,11,300.7,1,0
TEL-10445,2026-06,4.53,261,1.2,16,286.53,2,0
TEL-10446,2026-01,3.97,206,0.9,6,170.21,2,0
TEL-10446,2026-02,4.43,234,0.1,13,205.92,4,0
TEL-10446,2026-03,2.71,184,0.1,9,153.55,3,0
TEL-10446,2026-04,4.44,151,0.4,14,206.3,4,0
TEL-10446,2026-05,2.51,214,0.8,8,158.1,1,0
TEL-10446,2026-06,4.12,183,2.8,9,200.33,1,0
TEL-10447,2026-01,7.91,178,1.2,8,300.92,3,0
TEL-10447,2026-02,6.85,154,2.3,9,284.56,1,0
TEL-10447,2026-03,4.58,129,0.1,11,402.55,3,0
TEL-10447,2026-04,7.52,87,1.0,8,335.0,4,0
TEL-10447,2026-05,4.87,184,0.2,15,324.99,2,0
TEL-10447,2026-06,7.06,173,0.4,7,378.33,4,0
TEL-10448,2026-01,5.63,168,8.8,8,355.47,4,0
TEL-10448,2026-02,4.26,72,8.1,11,503.94,2,0
TEL-10448,2026-03,3.3,147,36.6,10,401.45,1,0
TEL-10448,2026-04,4.63,126,6.3,7,431.87,1,0
TEL-10448,2026-05,2.93,148,22.9,4,396.74,3,0
TEL-10448,2026-06,4.88,217,1.4,11,423.5,4,0
TEL-10449,2026-01,1.87,422,0.9,48,269.11,4,0
TEL-10449,2026-02,1.42,518,1.0,38,287.29,3,0
TEL-10449,2026-03,2.27,546,0.7,32,250.05,3,0
TEL-10449,2026-04,2.68,470,0.2,35,288.95,4,0
TEL-10449,2026-05,2.92,500,0.8,35,262.94,3,0
TEL-10449,2026-06,2.47,252,0.1,34,283.53,1,0
TEL-10450,2026-01,20.06,215,25.8,13,491.14,3,0
TEL-10450,2026-02,16.19,270,19.8,14,552.29,2,0
TEL-10450,2026-03,19.4,375,1.6,13,575.76,1,0
TEL-10450,2026-04,16.12,370,0.2,13,599.75,3,0
TEL-10450,2026-05,19.45,337,0.8,11,594.19,2,0
TEL-10450,2026-06,17.93,310,31.3,15,555.15,1,0
TEL-10451,2026-01,2.52,267,3.8,9,126.24,3,0
TEL-10451,2026-02,2.45,99,0.7,11,147.97,1,0
TEL-10451,2026-03,1.77,218,1.0,15,159.34,3,0
TEL-10451,2026-04,2.26,151,0.3,12,136.85,4,0
TEL-10451,2026-05,1.78,170,1.0,14,175.66,1,0
TEL-10451,2026-06,2.33,171,1.0,11,158.02,2,0
TEL-10452,2026-01,23.56,313,1.6,12,525.3,1,0
TEL-10452,2026-02,21.76,255,0.9,9,530.95,3,0
TEL-10452,2026-03,19.5,247,0.1,15,451.47,1,0
TEL-10452,2026-04,20.16,600,1.6,12,470.44,3,0
TEL-10452,2026-05,22.68,366,0.7,13,456.07,1,0
TEL-10452,2026-06,20.09,492,0.6,14,443.14,4,0
TEL-10453,2026-01,5.11,202,0.4,8,199.45,1,0
TEL-10453,2026-02,4.96,145,0.9,4,183.84,4,0
TEL-10453,2026-03,6.5,132,0.3,3,230.28,2,0
TEL-10453,2026-04,4.13,196,1.3,9,200.5,2,0
TEL-10453,2026-05,5.89,166,0.4,8,203.24,2,0
TEL-10453,2026-06,4.98,100,0.5,8,192.63,4,0
TEL-10454,2026-01,32.79,150,0.3,6,478.33,3,0
TEL-10454,2026-02,38.91,246,1.1,5,529.82,3,0
TEL-10454,2026-03,21.2,232,1.0,5,431.89,2,0
TEL-10454,2026-04,29.87,181,0.5,7,413.06,2,0
TEL-10454,2026-05,50.34,131,0.7,4,394.79,4,0
TEL-10454,2026-06,38.52,148,2.1,4,472.71,4,0
TEL-10455,2026-01,24.68,213,0.5,6,523.58,4,0
TEL-10455,2026-02,36.38,306,1.7,5,418.75,1,0
TEL-10455,2026-03,34.34,277,0.0,3,435.39,4,0
TEL-10455,2026-04,25.41,253,0.4,6,404.94,2,0
TEL-10455,2026-05,28.86,277,0.7,6,359.73,2,0
TEL-10455,2026-06,41.74,306,2.2,2,429.5,1,0
TEL-10456,2026-01,21.22,227,2.0,18,361.74,2,0
TEL-10456,2026-02,15.72,266,1.8,20,284.1,4,0
TEL-10456,2026-03,18.12,392,0.2,12,275.7,4,0
TEL-10456,2026-04,15.53,214,0.7,17,306.19,4,0
TEL-10456,2026-05,19.29,417,1.2,21,0.0,1,0
TEL-10456,2026-06,19.63,364,0.4,21,364.36,1,0
TEL-10457,2026-01,24.02,339,0.1,24,442.09,1,0
TEL-10457,2026-02,18.57,300,1.4,20,376.94,3,0
TEL-10457,2026-03,18.29,423,3.8,21,345.83,4,0
TEL-10457,2026-04,21.33,301,0.9,21,307.49,2,0
TEL-10457,2026-05,15.22,439,0.1,13,0.0,3,0
TEL-10457,2026-06,22.55,394,0.3,19,448.33,1,0
TEL-10458,2026-01,32.31,125,0.7,10,499.29,1,0
TEL-10458,2026-02,24.37,194,0.6,13,551.9,3,0
TEL-10458,2026-03,36.05,125,4.7,10,538.17,3,0
TEL-10458,2026-04,24.81,107,0.2,13,460.08,1,0
TEL-10458,2026-05,35.04,133,0.8,10,477.83,1,0
TEL-10458,2026-06,52.15,197,2.0,12,409.31,1,0
TEL-10459,2026-01,13.51,374,2.1,25,387.34,1,0
TEL-10459,2026-02,8.61,345,0.3,16,347.0,2,0
TEL-10459,2026-03,11.38,351,0.2,17,351.03,3,0
TEL-10459,2026-04,13.15,289,0.0,20,400.08,3,0
TEL-10459,2026-05,10.19,349,0.7,14,300.52,4,0
TEL-10459,2026-06,12.56,319,0.8,8,295.55,1,0
TEL-10460,2026-01,3.72,180,0.4,13,298.93,3,0
TEL-10460,2026-02,3.34,189,0.2,5,289.04,4,0
TEL-10460,2026-03,2.7,146,0.4,6,263.38,3,0
TEL-10460,2026-04,3.45,205,0.1,12,226.6,2,0
TEL-10460,2026-05,4.53,188,0.1,6,303.07,3,0
TEL-10460,2026-06,2.33,240,1.4,9,282.39,1,0
TEL-10461,2026-01,23.49,211,1.9,15,290.28,4,0
TEL-10461,2026-02,23.35,238,0.2,29,355.4,1,0
TEL-10461,2026-03,22.68,231,0.1,20,336.77,1,0
TEL-10461,2026-04,16.2,293,0.4,26,385.07,1,0
TEL-10461,2026-05,20.78,206,0.4,20,374.96,1,0
TEL-10461,2026-06,24.42,262,0.1,28,405.58,1,0
TEL-10462,2026-01,11.76,109,1.4,11,266.35,1,0
TEL-10462,2026-02,9.66,134,1.4,5,280.24,4,0
TEL-10462,2026-03,13.59,63,1.9,8,261.01,4,0
TEL-10462,2026-04,12.5,68,1.4,8,258.67,3,0
TEL-10462,2026-05,12.17,82,0.4,8,228.31,2,0
TEL-10462,2026-06,17.37,68,0.1,9,290.05,3,0
TEL-10463,2026-01,0.74,495,1.0,49,220.44,3,0
TEL-10463,2026-02,1.28,669,0.0,36,211.83,4,0
TEL-10463,2026-03,0.71,588,0.7,57,214.35,2,0
TEL-10463,2026-04,1.17,830,0.5,42,218.0,3,0
TEL-10463,2026-05,1.08,718,0.2,51,188.54,3,0
TEL-10463,2026-06,1.08,700,0.4,50,197.85,4,0
TEL-10464,2026-01,30.64,184,1.4,6,427.02,2,0
TEL-10464,2026-02,25.45,141,0.2,7,372.85,3,0
TEL-10464,2026-03,28.36,140,0.1,9,409.19,1,0
TEL-10464,2026-04,25.92,141,0.2,5,399.79,3,0
TEL-10464,2026-05,39.36,135,1.6,2,404.04,2,0
TEL-10464,2026-06,25.21,138,1.1,2,374.76,2,0
TEL-10465,2026-01,3.82,104,0.3,13,183.23,3,0
TEL-10465,2026-02,4.06,81,0.8,9,231.52,4,0
TEL-10465,2026-03,2.68,126,0.1,9,206.69,1,0
TEL-10465,2026-04,3.53,113,0.4,10,226.72,3,0
TEL-10465,2026-05,4.29,136,0.9,9,196.01,1,0
TEL-10465,2026-06,4.12,138,0.2,8,189.36,2,0
TEL-10466,2026-01,50.86,286,0.2,8,509.24,1,0
TEL-10466,2026-02,29.66,394,1.0,10,500.77,4,0
TEL-10466,2026-03,54.07,175,0.1,10,437.24,4,0
TEL-10466,2026-04,29.6,433,2.2,7,470.98,1,0
TEL-10466,2026-05,28.06,372,0.2,4,590.73,3,0
TEL-10466,2026-06,56.44,173,0.6,5,476.39,3,0
TEL-10467,2026-01,5.09,76,2.3,14,290.82,4,0
TEL-10467,2026-02,2.25,103,2.5,6,371.37,3,0
TEL-10467,2026-03,4.3,85,2.3,16,320.05,2,0
TEL-10467,2026-04,4.23,71,1.7,9,309.52,2,0
TEL-10467,2026-05,3.58,83,1.4,12,333.11,2,0
TEL-10467,2026-06,3.66,100,0.1,7,382.36,1,0
TEL-10468,2026-01,3.6,139,0.2,6,224.93,2,0
TEL-10468,2026-02,2.37,62,0.2,12,274.66,2,0
TEL-10468,2026-03,4.55,132,0.2,4,216.98,1,0
TEL-10468,2026-04,4.5,111,1.2,4,234.34,2,0
TEL-10468,2026-05,4.18,119,0.4,7,229.17,4,0
TEL-10468,2026-06,3.48,168,0.2,1,198.62,2,0
TEL-10469,2026-01,11.11,216,0.3,7,360.79,3,0
TEL-10469,2026-02,12.03,306,1.7,11,359.31,2,0
TEL-10469,2026-03,15.77,260,1.1,11,354.5,4,0
TEL-10469,2026-04,14.33,280,1.4,10,363.45,2,0
TEL-10469,2026-05,16.34,226,2.3,4,370.2,1,0
TEL-10469,2026-06,10.21,345,0.0,9,313.9,3,0
TEL-10470,2026-01,2.35,339,0.5,28,241.78,4,0
TEL-10470,2026-02,2.19,434,0.5,29,255.85,1,0
TEL-10470,2026-03,2.65,626,0.5,23,216.73,2,0
TEL-10470,2026-04,1.55,271,0.1,35,226.25,2,0
TEL-10470,2026-05,3.19,445,1.0,34,213.02,2,0
TEL-10470,2026-06,1.7,481,0.6,29,230.96,3,0
TEL-10471,2026-01,45.38,271,0.6,9,626.35,2,0
TEL-10471,2026-02,55.0,174,0.2,2,555.85,4,0
TEL-10471,2026-03,49.98,257,0.7,5,559.0,4,0
TEL-10471,2026-04,22.16,245,2.0,9,488.56,1,0
TEL-10471,2026-05,50.86,349,1.2,3,645.4,4,0
TEL-10471,2026-06,34.51,151,0.5,3,567.51,4,0
TEL-10472,2026-01,31.16,162,0.0,3,427.46,2,0
TEL-10472,2026-02,25.87,141,0.4,5,439.21,3,0
TEL-10472,2026-03,29.94,146,1.5,6,544.13,3,0
TEL-10472,2026-04,39.6,127,0.5,6,431.62,4,0
TEL-10472,2026-05,36.48,129,1.3,6,445.77,4,0
TEL-10472,2026-06,41.62,244,1.5,3,541.63,4,0
TEL-10473,2026-01,8.72,171,0.3,6,164.11,1,0
TEL-10473,2026-02,8.53,255,1.0,9,157.26,4,0
TEL-10473,2026-03,6.93,197,0.7,5,139.93,1,0
TEL-10473,2026-04,7.01,241,0.5,8,168.46,2,0
TEL-10473,2026-05,5.38,285,0.5,3,143.88,3,0
TEL-10473,2026-06,11.22,284,0.1,5,127.52,4,0
TEL-10474,2026-01,4.26,197,0.7,6,150.95,4,0
TEL-10474,2026-02,5.72,122,0.0,1,160.1,1,0
TEL-10474,2026-03,4.32,131,0.1,8,153.18,3,0
TEL-10474,2026-04,4.22,84,1.0,4,161.73,1,0
TEL-10474,2026-05,4.22,181,0.2,2,145.58,2,0
TEL-10474,2026-06,3.72,138,0.1,5,146.62,1,0
TEL-10475,2026-01,4.14,190,1.0,8,260.93,3,0
TEL-10475,2026-02,3.94,124,0.4,19,199.62,2,0
TEL-10475,2026-03,3.84,75,1.0,8,264.21,1,0
TEL-10475,2026-04,2.24,142,0.4,7,191.97,3,0
TEL-10475,2026-05,3.41,118,0.2,10,252.2,2,0
TEL-10475,2026-06,2.31,171,0.5,6,212.28,2,0
TEL-10476,2026-01,19.4,273,0.6,16,471.99,3,0
TEL-10476,2026-02,13.8,328,1.0,12,391.21,4,0
TEL-10476,2026-03,25.05,344,0.5,15,450.45,1,0
TEL-10476,2026-04,14.86,297,0.1,9,460.37,3,0
TEL-10476,2026-05,15.01,214,0.1,18,539.18,4,0
TEL-10476,2026-06,20.68,384,0.3,13,452.2,2,0
TEL-10477,2026-01,3.23,723,0.2,49,348.91,4,0
TEL-10477,2026-02,1.51,539,0.4,36,403.84,1,0
TEL-10477,2026-03,1.82,616,1.8,44,449.81,2,0
TEL-10477,2026-04,3.01,395,0.4,38,469.64,4,0
TEL-10477,2026-05,2.95,655,1.0,37,340.83,4,0
TEL-10477,2026-06,3.69,328,0.4,36,344.13,4,0
TEL-10478,2026-01,15.77,370,43.4,14,546.7,2,0
TEL-10478,2026-02,7.86,300,3.4,14,542.09,2,0
TEL-10478,2026-03,16.66,224,3.3,13,488.91,1,0
TEL-10478,2026-04,5.47,404,28.2,11,639.25,1,0
TEL-10478,2026-05,13.55,308,0.3,11,610.41,4,0
TEL-10478,2026-06,14.19,265,7.2,11,576.99,2,0
TEL-10479,2026-01,2.31,526,0.1,33,183.5,2,0
TEL-10479,2026-02,2.56,419,0.3,14,186.79,1,0
TEL-10479,2026-03,2.82,738,0.9,24,186.03,3,0
TEL-10479,2026-04,2.88,644,0.2,19,180.61,4,0
TEL-10479,2026-05,2.98,836,1.8,23,191.08,3,0
TEL-10479,2026-06,3.07,412,2.3,23,201.37,1,0
TEL-10480,2026-01,2.98,218,0.0,7,303.97,2,0
TEL-10480,2026-02,1.93,192,0.1,7,337.38,4,0
TEL-10480,2026-03,2.64,96,0.3,4,341.18,2,0
TEL-10480,2026-04,1.81,200,0.2,8,282.21,4,0
TEL-10480,2026-05,2.73,222,0.6,3,356.32,2,0
TEL-10480,2026-06,1.99,203,0.8,8,358.95,4,0
TEL-10481,2026-01,3.34,307,9.4,25,357.96,2,0
TEL-10481,2026-02,2.94,311,12.3,12,340.72,1,0
TEL-10481,2026-03,4.22,186,6.0,23,346.27,4,0
TEL-10481,2026-04,2.85,134,31.5,24,342.24,4,0
TEL-10481,2026-05,2.67,173,5.3,25,359.83,2,0
TEL-10481,2026-06,2.0,199,3.1,28,292.36,2,0
TEL-10482,2026-01,4.1,137,0.5,10,228.88,1,0
TEL-10482,2026-02,5.59,229,0.0,7,189.19,2,0
TEL-10482,2026-03,5.42,225,1.2,6,224.14,1,0
TEL-10482,2026-04,6.42,255,0.3,12,184.79,2,0
TEL-10482,2026-05,4.74,239,0.6,8,146.87,4,0
TEL-10482,2026-06,5.33,171,3.7,13,198.2,3,0
TEL-10483,2026-01,1.87,538,0.2,26,277.28,4,0
TEL-10483,2026-02,2.78,599,0.0,30,263.11,1,0
TEL-10483,2026-03,1.08,692,1.1,33,321.03,2,0
TEL-10483,2026-04,1.9,731,0.6,38,284.05,1,0
TEL-10483,2026-05,2.05,586,0.1,34,297.96,4,0
TEL-10483,2026-06,1.03,559,0.3,23,277.78,1,0
TEL-10484,2026-01,2.87,407,0.1,56,274.13,2,0
TEL-10484,2026-02,3.02,351,0.0,39,284.89,4,0
TEL-10484,2026-03,2.32,392,0.8,39,254.99,2,0
TEL-10484,2026-04,2.83,348,0.6,37,302.35,1,0
TEL-10484,2026-05,3.6,378,1.4,26,265.82,4,0
TEL-10484,2026-06,3.21,375,0.0,49,225.54,2,0
TEL-10485,2026-01,2.82,57,0.2,1,188.9,4,0
TEL-10485,2026-02,2.47,62,1.0,6,157.67,2,0
TEL-10485,2026-03,3.38,63,0.0,3,197.28,4,0
TEL-10485,2026-04,2.62,63,1.3,5,174.04,4,0
TEL-10485,2026-05,2.14,77,2.6,3,201.81,3,0
TEL-10485,2026-06,2.65,72,2.6,2,172.13,1,0
TEL-10486,2026-01,24.17,248,0.4,22,305.88,2,0
TEL-10486,2026-02,11.03,381,0.4,16,248.02,2,0
TEL-10486,2026-03,24.91,313,0.6,24,272.45,1,0
TEL-10486,2026-04,15.17,286,0.5,23,334.42,1,0
TEL-10486,2026-05,16.96,324,1.3,18,223.96,3,0
TEL-10486,2026-06,14.63,244,1.7,14,272.35,4,0
TEL-10487,2026-01,4.02,84,1.4,9,189.03,2,0
TEL-10487,2026-02,3.86,93,0.2,7,217.76,3,0
TEL-10487,2026-03,2.98,192,0.8,12,194.72,4,0
TEL-10487,2026-04,3.92,152,0.6,8,186.17,4,0
TEL-10487,2026-05,5.43,150,0.9,7,185.53,2,0
TEL-10487,2026-06,5.5,201,0.6,10,189.62,2,0
TEL-10488,2026-01,2.96,156,2.4,6,104.76,2,0
TEL-10488,2026-02,2.99,128,0.9,14,117.87,4,0
TEL-10488,2026-03,3.04,171,0.1,4,76.98,2,0
TEL-10488,2026-04,2.17,157,0.1,6,110.97,3,0
TEL-10488,2026-05,3.06,83,1.3,8,127.94,4,0
TEL-10488,2026-06,4.89,136,0.6,12,105.07,3,0
TEL-10489,2026-01,33.51,150,0.4,7,427.69,2,0
TEL-10489,2026-02,38.64,147,0.3,8,404.64,2,0
TEL-10489,2026-03,22.39,125,0.6,12,424.88,1,0
TEL-10489,2026-04,40.63,239,0.3,9,421.47,1,0
TEL-10489,2026-05,22.62,126,0.1,7,499.21,3,0
TEL-10489,2026-06,38.7,231,0.1,10,394.43,4,0
TEL-10490,2026-01,3.87,83,2.0,4,213.31,1,0
TEL-10490,2026-02,3.42,71,0.2,10,265.95,1,0
TEL-10490,2026-03,3.99,84,0.8,14,190.77,4,0
TEL-10490,2026-04,3.1,54,0.3,6,225.25,2,0
TEL-10490,2026-05,3.84,110,0.2,8,234.08,2,0
TEL-10490,2026-06,4.52,94,0.3,11,251.77,3,0
TEL-10491,2026-01,5.13,83,0.1,10,269.68,4,0
TEL-10491,2026-02,9.03,116,0.4,13,262.03,4,0
TEL-10491,2026-03,5.44,110,0.1,14,202.8,2,0
TEL-10491,2026-04,7.78,100,0.2,15,173.15,2,0
TEL-10491,2026-05,5.43,137,1.0,13,226.18,3,0
TEL-10491,2026-06,5.41,91,0.0,11,252.75,2,0
TEL-10492,2026-01,5.54,119,0.8,7,207.41,1,0
TEL-10492,2026-02,5.01,184,0.9,4,240.67,1,0
TEL-10492,2026-03,5.12,191,0.0,6,252.95,4,0
TEL-10492,2026-04,2.73,79,0.1,5,235.37,3,0
TEL-10492,2026-05,7.24,236,0.1,6,276.49,1,0
TEL-10492,2026-06,6.2,99,0.5,11,246.89,4,0
TEL-10493,2026-01,25.86,402,0.1,25,361.42,3,0
TEL-10493,2026-02,20.12,397,0.3,20,480.26,4,0
TEL-10493,2026-03,24.71,378,0.6,20,451.45,2,0
TEL-10493,2026-04,15.32,324,1.7,25,367.31,1,0
TEL-10493,2026-05,23.11,481,1.6,13,476.77,3,0
TEL-10493,2026-06,21.08,420,1.1,18,488.33,4,0
TEL-10494,2026-01,43.57,184,1.2,7,645.24,4,0
TEL-10494,2026-02,36.88,143,1.4,7,575.97,4,0
TEL-10494,2026-03,40.69,197,0.4,5,648.59,4,0
TEL-10494,2026-04,19.96,139,0.7,6,558.4,2,0
TEL-10494,2026-05,40.84,240,1.0,11,636.43,3,0
TEL-10494,2026-06,30.65,167,0.3,7,646.77,1,0
TEL-10495,2026-01,13.31,317,1.1,20,287.44,2,0
TEL-10495,2026-02,17.35,287,0.7,15,284.15,2,0
TEL-10495,2026-03,12.46,308,1.6,16,250.07,2,0
TEL-10495,2026-04,16.91,271,1.0,27,274.26,1,0
TEL-10495,2026-05,14.56,274,0.2,11,292.43,3,0
TEL-10495,2026-06,17.73,245,2.0,10,277.75,4,0
TEL-10496,2026-01,15.41,536,1.3,18,387.3,1,0
TEL-10496,2026-02,19.91,462,0.5,20,452.56,1,0
TEL-10496,2026-03,23.62,456,0.5,12,376.86,2,0
TEL-10496,2026-04,12.59,280,1.0,12,406.48,2,0
TEL-10496,2026-05,17.07,505,0.3,20,428.48,1,0
TEL-10496,2026-06,10.86,685,0.4,18,428.24,2,0
TEL-10497,2026-01,2.17,971,0.2,33,391.26,2,0
TEL-10497,2026-02,3.26,442,0.1,17,358.09,1,0
TEL-10497,2026-03,3.26,702,3.1,18,355.75,1,0
TEL-10497,2026-04,4.24,507,1.6,21,469.68,3,0
TEL-10497,2026-05,2.06,314,1.8,21,378.56,3,0
TEL-10497,2026-06,4.14,856,0.1,32,452.42,1,0
TEL-10498,2026-01,1.86,466,24.1,24,321.96,2,0
TEL-10498,2026-02,1.29,583,20.0,35,279.23,3,0
TEL-10498,2026-03,1.62,352,1.6,34,302.48,4,0
TEL-10498,2026-04,2.82,298,16.7,26,296.18,1,0
TEL-10498,2026-05,2.0,349,15.4,32,263.52,4,0
TEL-10498,2026-06,2.11,655,10.7,37,245.62,2,0
TEL-10499,2026-01,17.18,348,1.0,9,249.13,2,0
TEL-10499,2026-02,13.41,241,0.5,5,226.5,1,0
TEL-10499,2026-03,11.24,254,0.6,8,263.06,4,0
TEL-10499,2026-04,13.81,268,0.6,10,199.92,1,0
TEL-10499,2026-05,8.84,112,0.9,11,247.62,2,0
TEL-10499,2026-06,14.69,237,0.1,9,241.17,1,0
TEL-10500,2026-01,33.78,479,0.4,12,463.15,2,0
TEL-10500,2026-02,28.59,290,3.1,11,486.55,2,0
TEL-10500,2026-03,27.36,367,0.4,9,411.35,2,0
TEL-10500,2026-04,25.99,286,0.9,11,457.8,1,0
TEL-10500,2026-05,29.11,270,0.6,7,506.67,2,0
TEL-10500,2026-06,19.01,385,0.8,9,560.08,2,0
TEL-10501,2026-01,1.43,840,0.8,32,374.69,4,0
TEL-10501,2026-02,1.92,675,0.3,30,372.86,4,0
TEL-10501,2026-03,1.87,692,0.0,31,288.45,3,0
TEL-10501,2026-04,1.58,691,1.2,47,377.15,2,0
TEL-10501,2026-05,1.71,718,0.4,46,447.43,3,0
TEL-10501,2026-06,1.37,725,1.7,38,343.91,1,0
TEL-10502,2026-01,23.28,382,0.5,14,451.24,1,0
TEL-10502,2026-02,9.91,447,0.5,16,441.51,3,0
TEL-10502,2026-03,21.18,330,0.3,6,384.89,2,0
TEL-10502,2026-04,18.27,359,0.6,25,396.3,2,0
TEL-10502,2026-05,14.92,320,0.2,9,381.0,1,0
TEL-10502,2026-06,16.25,355,0.6,19,477.97,3,0
TEL-10503,2026-01,6.03,247,5.3,21,603.61,4,0
TEL-10503,2026-02,10.12,284,5.0,29,562.94,4,0
TEL-10503,2026-03,9.75,165,4.3,18,562.46,2,0
TEL-10503,2026-04,10.39,236,10.3,15,509.52,3,0
TEL-10503,2026-05,8.74,234,36.5,18,598.8,3,0
TEL-10503,2026-06,4.65,285,13.6,31,446.02,4,0
TEL-10504,2026-01,17.32,202,0.6,7,403.67,4,0
TEL-10504,2026-02,17.15,209,0.5,8,434.19,3,0
TEL-10504,2026-03,29.85,191,5.7,15,482.2,3,0
TEL-10504,2026-04,27.84,198,0.5,8,407.05,3,0
TEL-10504,2026-05,17.61,171,1.0,10,387.12,2,0
TEL-10504,2026-06,20.58,168,1.2,11,408.87,2,0
TEL-10505,2026-01,1.24,573,1.3,27,203.72,4,0
TEL-10505,2026-02,1.49,519,0.1,36,213.45,2,0
TEL-10505,2026-03,1.61,374,0.1,31,245.96,2,0
TEL-10505,2026-04,1.43,368,0.7,29,216.12,4,0
TEL-10505,2026-05,1.28,193,0.6,27,284.72,3,0
TEL-10505,2026-06,1.77,423,0.9,23,236.83,2,0
TEL-10506,2026-01,14.62,260,1.2,9,290.09,4,0
TEL-10506,2026-02,25.61,135,0.3,12,254.04,2,0
TEL-10506,2026-03,20.14,169,0.6,15,302.51,2,0
TEL-10506,2026-04,26.12,248,0.2,11,313.27,2,0
TEL-10506,2026-05,19.03,186,2.5,9,288.78,4,0
TEL-10506,2026-06,16.4,212,2.2,11,323.56,1,0
TEL-10507,2026-01,50.6,233,0.6,9,466.24,1,0
TEL-10507,2026-02,41.84,184,0.6,3,455.01,1,0
TEL-10507,2026-03,58.73,239,0.0,12,445.16,3,0
TEL-10507,2026-04,31.8,251,0.2,7,454.89,3,0
TEL-10507,2026-05,49.14,93,0.1,11,451.1,2,0
TEL-10507,2026-06,48.01,292,0.8,10,470.84,1,0
TEL-10508,2026-01,46.49,307,0.2,7,440.06,2,0
TEL-10508,2026-02,36.18,357,0.6,8,459.54,4,0
TEL-10508,2026-03,42.88,225,1.6,15,453.5,3,0
TEL-10508,2026-04,39.52,323,0.6,8,434.35,2,0
TEL-10508,2026-05,47.93,319,0.4,10,483.69,1,0
TEL-10508,2026-06,37.92,205,0.5,12,531.88,4,0
TEL-10509,2026-01,46.61,105,0.2,15,588.91,2,0
TEL-10509,2026-02,33.44,82,2.4,16,461.71,3,0
TEL-10509,2026-03,38.5,162,0.1,17,554.59,3,0
TEL-10509,2026-04,23.33,170,0.8,13,629.78,4,0
TEL-10509,2026-05,39.61,103,0.0,13,592.05,4,0
TEL-10509,2026-06,63.58,76,2.8,14,543.11,1,0
TEL-10510,2026-01,3.3,287,0.3,60,155.23,1,0
TEL-10510,2026-02,2.97,508,0.6,40,199.8,3,0
TEL-10510,2026-03,3.52,588,1.0,45,175.45,1,0
TEL-10510,2026-04,3.12,627,0.4,45,179.43,4,0
TEL-10510,2026-05,2.18,397,0.3,50,201.9,2,0
TEL-10510,2026-06,2.65,459,2.1,46,237.37,2,0
TEL-10511,2026-01,3.29,284,0.6,35,334.95,3,0
TEL-10511,2026-02,4.22,259,0.6,43,307.14,1,0
TEL-10511,2026-03,2.68,349,1.1,42,342.29,4,0
TEL-10511,2026-04,3.31,301,0.2,33,282.06,1,0
TEL-10511,2026-05,3.45,201,0.2,32,260.93,2,0
TEL-10511,2026-06,4.61,293,0.2,41,335.33,2,0
TEL-10512,2026-01,9.84,355,0.3,10,335.06,1,0
TEL-10512,2026-02,10.4,323,0.0,9,288.05,4,0
TEL-10512,2026-03,8.61,455,0.0,15,346.99,2,0
TEL-10512,2026-04,12.25,409,1.1,6,325.86,2,0
TEL-10512,2026-05,9.51,308,0.6,10,330.41,4,0
TEL-10512,2026-06,8.25,483,0.3,12,295.41,4,0
TEL-10513,2026-01,0.61,506,0.5,48,232.59,1,0
TEL-10513,2026-02,0.67,531,0.4,57,189.92,3,0
TEL-10513,2026-03,0.44,458,0.1,49,213.83,1,0
TEL-10513,2026-04,0.75,666,1.7,44,175.07,2,0
TEL-10513,2026-05,0.64,226,3.4,43,187.97,1,0
TEL-10513,2026-06,0.57,534,1.3,47,203.88,1,0
TEL-10514,2026-01,3.37,205,0.5,5,189.87,4,0
TEL-10514,2026-02,4.61,194,0.9,15,173.74,1,0
TEL-10514,2026-03,6.58,120,0.6,6,155.42,1,0
TEL-10514,2026-04,2.9,172,0.5,4,133.79,2,0
TEL-10514,2026-05,5.71,155,0.9,9,148.31,4,0
TEL-10514,2026-06,3.14,212,0.1,13,135.09,1,0
TEL-10515,2026-01,2.82,249,27.7,29,334.65,3,0
TEL-10515,2026-02,2.93,241,11.7,25,369.05,1,0
TEL-10515,2026-03,2.34,315,14.7,24,280.52,3,0
TEL-10515,2026-04,2.47,233,38.4,23,339.13,3,0
TEL-10515,2026-05,2.04,340,19.0,29,356.32,4,0
TEL-10515,2026-06,1.27,419,48.8,26,352.59,2,0
TEL-10516,2026-01,3.84,205,1.2,10,310.17,2,0
TEL-10516,2026-02,3.11,154,1.5,10,302.63,4,0
TEL-10516,2026-03,3.75,196,0.4,9,371.46,3,0
TEL-10516,2026-04,5.58,193,1.9,11,293.34,3,0
TEL-10516,2026-05,4.88,145,0.3,6,295.83,3,0
TEL-10516,2026-06,2.61,211,0.3,9,323.41,3,0
TEL-10517,2026-01,24.12,117,0.3,9,388.06,4,0
TEL-10517,2026-02,23.5,75,0.7,7,362.62,1,0
TEL-10517,2026-03,26.03,152,1.7,9,338.95,4,0
TEL-10517,2026-04,20.17,98,0.7,8,389.35,3,0
TEL-10517,2026-05,32.06,129,0.8,9,346.02,1,0
TEL-10517,2026-06,26.37,132,0.1,3,345.55,4,0
TEL-10518,2026-01,1.41,750,0.3,54,216.04,3,0
TEL-10518,2026-02,2.23,1001,0.2,49,204.65,2,0
TEL-10518,2026-03,2.25,827,0.6,45,206.69,4,0
TEL-10518,2026-04,2.01,800,0.4,73,233.08,4,0
TEL-10518,2026-05,1.7,610,0.0,38,230.69,1,0
TEL-10518,2026-06,3.44,855,0.1,33,176.33,1,0
TEL-10519,2026-01,5.46,148,0.4,10,179.79,3,0
TEL-10519,2026-02,4.67,234,0.2,13,198.04,1,0
TEL-10519,2026-03,5.26,210,1.1,7,193.01,4,0
TEL-10519,2026-04,5.07,221,0.6,19,204.42,2,0
TEL-10519,2026-05,6.29,185,0.9,11,179.33,3,0
TEL-10519,2026-06,6.4,128,1.0,11,185.37,1,0
TEL-10520,2026-01,2.99,37,0.5,6,122.88,2,0
TEL-10520,2026-02,5.39,107,0.3,7,140.22,1,0
TEL-10520,2026-03,4.87,107,0.4,13,140.01,2,0
TEL-10520,2026-04,5.02,121,0.1,13,134.46,1,0
TEL-10520,2026-05,5.34,101,3.0,13,122.74,1,0
TEL-10520,2026-06,6.85,93,0.7,14,131.0,3,0
TEL-10521,2026-01,1.49,766,0.5,31,183.65,1,0
TEL-10521,2026-02,2.43,859,0.1,33,163.31,2,0
TEL-10521,2026-03,2.26,591,0.3,22,171.97,2,0
TEL-10521,2026-04,2.17,487,0.6,27,169.29,1,0
TEL-10521,2026-05,2.07,460,0.1,28,151.33,1,0
TEL-10521,2026-06,1.78,867,0.9,32,180.64,4,0
TEL-10522,2026-01,2.14,160,0.9,7,147.26,4,0
TEL-10522,2026-02,3.59,196,1.3,9,143.93,3,0
TEL-10522,2026-03,2.4,109,0.2,7,151.14,1,0
TEL-10522,2026-04,2.78,163,0.3,7,169.52,1,0
TEL-10522,2026-05,2.93,125,0.9,12,177.6,2,0
TEL-10522,2026-06,3.21,129,0.0,11,143.85,1,0
TEL-10523,2026-01,2.91,178,0.4,1,108.16,1,0
TEL-10523,2026-02,3.68,77,0.8,6,129.2,2,0
TEL-10523,2026-03,2.38,105,2.2,2,104.84,1,0
TEL-10523,2026-04,1.3,159,0.5,6,116.96,4,0
TEL-10523,2026-05,3.22,107,0.0,3,107.68,3,0
TEL-10523,2026-06,3.94,108,0.2,4,107.97,2,0
TEL-10524,2026-01,3.44,134,0.9,8,325.23,1,0
TEL-10524,2026-02,3.24,85,0.5,5,240.41,4,0
TEL-10524,2026-03,4.85,120,0.1,12,288.67,1,0
TEL-10524,2026-04,2.74,172,0.7,7,294.55,2,0
TEL-10524,2026-05,3.11,95,0.3,11,285.74,1,0
TEL-10524,2026-06,5.36,145,0.6,6,320.05,1,0
TEL-10525,2026-01,4.12,109,0.1,9,383.97,4,0
TEL-10525,2026-02,6.36,104,0.2,4,342.58,1,0
TEL-10525,2026-03,5.88,82,0.3,5,316.94,1,0
TEL-10525,2026-04,4.73,93,0.1,4,374.15,1,0
TEL-10525,2026-05,5.78,88,0.6,8,369.28,1,0
TEL-10525,2026-06,5.52,81,0.3,4,379.36,4,0
TEL-10526,2026-01,5.8,230,1.0,15,133.14,2,0
TEL-10526,2026-02,7.82,369,1.1,19,136.79,2,0
TEL-10526,2026-03,7.75,311,4.1,14,153.28,1,0
TEL-10526,2026-04,7.73,410,0.3,9,150.98,3,0
TEL-10526,2026-05,6.85,374,1.9,9,136.39,3,0
TEL-10526,2026-06,5.2,389,1.0,14,129.3,1,0
TEL-10527,2026-01,6.14,282,0.3,10,183.15,4,0
TEL-10527,2026-02,4.25,294,1.3,7,167.27,2,0
TEL-10527,2026-03,4.69,205,0.0,8,179.21,3,0
TEL-10527,2026-04,5.49,83,1.1,7,135.22,2,0
TEL-10527,2026-05,5.11,252,0.3,8,181.73,1,0
TEL-10527,2026-06,3.53,127,0.2,5,195.37,2,0
TEL-10528,2026-01,4.29,189,0.0,6,236.99,2,0
TEL-10528,2026-02,9.11,201,1.6,11,248.14,2,0
TEL-10528,2026-03,8.36,177,0.2,9,223.3,2,0
TEL-10528,2026-04,8.86,334,2.1,6,251.91,4,0
TEL-10528,2026-05,6.96,239,0.6,14,228.2,3,0
TEL-10528,2026-06,6.42,204,0.9,17,258.27,2,0
TEL-10529,2026-01,17.93,367,0.5,10,449.29,3,0
TEL-10529,2026-02,20.42,498,0.2,15,447.6,2,0
TEL-10529,2026-03,13.25,615,0.8,19,530.42,4,0
TEL-10529,2026-04,15.92,590,0.6,18,381.72,2,0
TEL-10529,2026-05,13.47,494,0.3,14,425.46,2,0
TEL-10529,2026-06,14.67,575,0.4,15,465.14,2,0
TEL-10530,2026-01,26.44,243,0.4,20,332.54,2,0
TEL-10530,2026-02,15.79,211,0.9,21,506.96,4,0
TEL-10530,2026-03,31.58,243,1.4,21,433.2,2,0
TEL-10530,2026-04,19.06,337,0.1,18,458.01,4,0
TEL-10530,2026-05,19.49,210,0.1,20,351.3,2,0
TEL-10530,2026-06,16.97,265,1.0,20,383.41,4,0
TEL-10531,2026-01,5.16,170,0.3,6,243.34,2,0
TEL-10531,2026-02,3.89,145,0.3,3,210.29,1,0
TEL-10531,2026-03,5.47,66,2.0,4,239.82,3,0
TEL-10531,2026-04,4.19,101,1.6,7,193.57,3,0
TEL-10531,2026-05,5.5,102,2.9,3,197.19,2,0
TEL-10531,2026-06,5.09,263,0.6,8,235.78,2,0
TEL-10532,2026-01,32.66,277,0.3,4,517.92,1,0
TEL-10532,2026-02,28.2,280,0.2,3,533.76,2,0
TEL-10532,2026-03,22.17,178,0.1,5,474.72,2,0
TEL-10532,2026-04,67.4,180,0.9,6,0.0,0,3
TEL-10532,2026-05,58.74,189,0.6,4,0.0,0,2
TEL-10532,2026-06,96.67,196,0.0,5,0.0,0,2
TEL-10533,2026-01,2.22,390,0.3,37,281.11,1,0
TEL-10533,2026-02,2.0,209,1.1,33,320.34,3,0
TEL-10533,2026-03,2.13,406,0.7,20,286.5,3,0
TEL-10533,2026-04,1.72,180,0.2,31,265.47,2,0
TEL-10533,2026-05,2.26,367,0.7,27,248.06,2,0
TEL-10533,2026-06,1.25,266,0.1,26,287.02,2,0
TEL-10534,2026-01,3.1,338,0.2,2,126.39,1,0
TEL-10534,2026-02,3.21,252,3.7,3,173.44,2,0
TEL-10534,2026-03,2.71,176,0.2,4,167.52,1,0
TEL-10534,2026-04,1.94,256,0.2,6,146.51,2,0
TEL-10534,2026-05,3.43,318,2.6,2,159.97,4,0
TEL-10534,2026-06,2.2,180,0.6,4,156.48,4,0
TEL-10535,2026-01,4.82,274,1.5,3,384.46,2,0
TEL-10535,2026-02,3.81,123,1.1,2,366.61,3,0
TEL-10535,2026-03,5.91,277,1.8,6,336.2,4,0
TEL-10535,2026-04,3.88,205,1.3,9,339.63,3,0
TEL-10535,2026-05,3.52,147,0.9,2,338.77,1,0
TEL-10535,2026-06,2.06,294,0.5,10,388.87,2,0
TEL-10536,2026-01,4.12,126,1.7,11,301.37,4,0
TEL-10536,2026-02,3.06,164,1.2,11,375.58,3,0
TEL-10536,2026-03,3.67,117,0.7,9,328.29,3,0
TEL-10536,2026-04,2.74,125,1.5,10,349.64,1,0
TEL-10536,2026-05,3.73,156,0.0,8,284.16,4,0
TEL-10536,2026-06,2.37,131,1.5,14,380.86,4,0
TEL-10537,2026-01,31.02,94,0.1,5,389.42,4,0
TEL-10537,2026-02,32.8,159,0.3,3,353.09,1,0
TEL-10537,2026-03,41.33,119,1.6,2,428.06,3,0
TEL-10537,2026-04,30.9,109,1.5,3,393.29,1,0
TEL-10537,2026-05,30.13,115,0.7,4,355.61,3,0
TEL-10537,2026-06,38.65,139,0.5,6,397.27,2,0
TEL-10538,2026-01,11.36,373,1.8,20,519.3,3,0
TEL-10538,2026-02,9.14,261,17.0,13,534.92,1,0
TEL-10538,2026-03,13.54,356,7.4,12,606.08,2,0
TEL-10538,2026-04,6.79,381,5.2,10,554.1,3,0
TEL-10538,2026-05,13.18,431,24.6,11,623.01,3,0
TEL-10538,2026-06,12.88,212,9.6,18,584.42,2,0
TEL-10539,2026-01,18.76,172,0.8,10,407.93,1,0
TEL-10539,2026-02,13.14,182,0.3,14,361.84,3,0
TEL-10539,2026-03,18.09,246,0.7,11,369.38,4,0
TEL-10539,2026-04,21.99,240,0.6,14,399.84,2,0
TEL-10539,2026-05,17.53,317,0.1,10,360.86,2,0
TEL-10539,2026-06,18.0,242,0.1,14,393.91,4,0
TEL-10540,2026-01,15.59,115,0.5,11,384.19,2,0
TEL-10540,2026-02,23.32,158,0.2,9,330.95,3,0
TEL-10540,2026-03,23.07,76,0.1,5,345.06,2,0
TEL-10540,2026-04,25.71,110,0.2,10,373.68,2,0
TEL-10540,2026-05,25.74,120,2.1,14,355.75,4,0
TEL-10540,2026-06,21.22,80,0.1,12,326.23,1,0
TEL-10541,2026-01,1.99,632,0.1,44,200.62,3,0
TEL-10541,2026-02,1.59,526,0.4,40,216.16,3,0
TEL-10541,2026-03,1.72,785,0.1,41,171.43,3,0
TEL-10541,2026-04,1.38,444,3.5,48,204.0,4,0
TEL-10541,2026-05,1.67,586,0.9,39,194.9,2,0
TEL-10541,2026-06,1.87,635,0.7,32,165.51,2,0
TEL-10542,2026-01,5.26,105,0.2,10,321.4,2,0
TEL-10542,2026-02,3.97,76,0.4,17,284.41,2,0
TEL-10542,2026-03,4.03,98,0.6,10,352.0,3,0
TEL-10542,2026-04,5.27,141,1.3,8,373.46,1,0
TEL-10542,2026-05,6.06,98,0.8,4,418.99,1,0
TEL-10542,2026-06,4.53,135,1.0,9,354.01,1,0
TEL-10543,2026-01,45.89,177,2.2,6,690.18,1,0
TEL-10543,2026-02,58.61,188,0.1,3,597.55,3,0
TEL-10543,2026-03,48.28,113,1.6,5,509.69,2,0
TEL-10543,2026-04,61.33,231,1.0,3,630.79,3,0
TEL-10543,2026-05,35.36,183,0.0,9,653.81,1,0
TEL-10543,2026-06,62.9,179,0.0,8,650.8,4,0
TEL-10544,2026-01,17.38,109,0.5,19,282.2,2,0
TEL-10544,2026-02,14.48,107,0.3,11,308.09,2,0
TEL-10544,2026-03,10.12,148,1.0,7,237.71,1,0
TEL-10544,2026-04,14.81,112,0.1,18,291.46,2,0
TEL-10544,2026-05,13.8,137,0.0,13,299.38,4,0
TEL-10544,2026-06,11.17,125,0.2,17,267.42,2,0
TEL-10545,2026-01,19.84,237,0.1,7,325.28,2,0
TEL-10545,2026-02,29.95,361,1.1,7,290.06,1,0
TEL-10545,2026-03,22.24,259,0.2,7,286.67,2,0
TEL-10545,2026-04,22.47,319,0.2,15,344.32,3,0
TEL-10545,2026-05,18.32,174,0.4,5,357.61,3,0
TEL-10545,2026-06,26.34,341,2.4,7,390.92,1,0
TEL-10546,2026-01,1.34,333,1.5,28,107.8,1,0
TEL-10546,2026-02,1.31,337,0.3,27,93.82,3,0
TEL-10546,2026-03,1.19,374,0.2,25,112.68,3,0
TEL-10546,2026-04,1.39,531,1.5,29,107.89,2,0
TEL-10546,2026-05,1.41,402,0.8,38,105.17,2,0
TEL-10546,2026-06,1.56,274,0.2,29,99.94,1,0
TEL-10547,2026-01,45.49,476,0.9,15,624.44,1,0
TEL-10547,2026-02,22.54,684,0.7,18,559.4,2,0
TEL-10547,2026-03,28.99,161,0.1,24,559.97,3,0
TEL-10547,2026-04,23.53,364,0.7,17,533.8,3,0
TEL-10547,2026-05,31.4,563,0.7,25,567.96,3,0
TEL-10547,2026-06,27.98,450,0.4,31,574.95,2,0
TEL-10548,2026-01,1.85,250,0.5,39,129.03,4,0
TEL-10548,2026-02,2.0,384,0.2,33,120.74,2,0
TEL-10548,2026-03,1.6,488,0.3,27,122.4,4,0
TEL-10548,2026-04,2.58,501,1.0,35,166.15,1,0
TEL-10548,2026-05,2.51,543,0.4,46,137.19,2,0
TEL-10548,2026-06,1.42,461,2.3,49,141.08,2,0
TEL-10549,2026-01,20.1,139,1.7,6,383.63,1,0
TEL-10549,2026-02,18.48,181,0.2,5,341.83,1,0
TEL-10549,2026-03,24.29,175,0.4,7,425.07,2,0
TEL-10549,2026-04,20.93,203,2.5,5,397.99,2,0
TEL-10549,2026-05,30.87,97,0.3,6,351.24,4,0
TEL-10549,2026-06,24.1,154,0.2,3,342.35,4,0
TEL-10550,2026-01,2.27,450,2.4,36,129.59,4,0
TEL-10550,2026-02,3.3,315,0.1,45,161.03,4,0
TEL-10550,2026-03,3.39,741,0.7,49,162.55,2,0
TEL-10550,2026-04,2.48,662,2.3,32,143.84,1,0
TEL-10550,2026-05,2.71,504,0.1,46,127.17,2,0
TEL-10550,2026-06,2.5,569,1.9,38,131.37,4,0
TEL-10551,2026-01,17.21,246,0.3,10,503.56,4,0
TEL-10551,2026-02,19.9,230,0.0,7,518.54,2,0
TEL-10551,2026-03,20.71,205,0.6,7,464.76,3,0
TEL-10551,2026-04,20.1,162,0.5,5,507.63,1,0
TEL-10551,2026-05,17.96,171,0.7,12,542.03,2,0
TEL-10551,2026-06,13.99,231,0.1,11,485.38,2,0
TEL-10552,2026-01,36.74,103,0.3,2,326.98,2,0
TEL-10552,2026-02,38.36,180,0.7,2,473.39,4,0
TEL-10552,2026-03,40.78,151,1.2,0,349.17,1,0
TEL-10552,2026-04,35.16,83,2.3,4,333.06,2,0
TEL-10552,2026-05,31.57,144,1.4,3,351.51,4,0
TEL-10552,2026-06,40.44,202,0.3,2,366.6,1,0
TEL-10553,2026-01,2.15,407,0.3,32,107.07,2,0
TEL-10553,2026-02,1.72,319,0.3,36,126.47,2,0
TEL-10553,2026-03,2.15,449,1.8,33,139.71,3,0
TEL-10553,2026-04,1.35,346,0.8,47,144.06,4,0
TEL-10553,2026-05,1.28,410,1.2,27,130.5,4,0
TEL-10553,2026-06,2.19,318,0.6,47,134.11,2,0
TEL-10554,2026-01,2.17,1155,1.3,28,449.64,3,0
TEL-10554,2026-02,3.12,699,1.0,17,404.75,1,0
TEL-10554,2026-03,0.38,103,2472.2,33,379.97,1,0
TEL-10554,2026-04,0.1,38,2944.3,27,492.04,4,0
TEL-10554,2026-05,0.37,79,2410.7,28,439.23,3,0
TEL-10554,2026-06,0.12,77,2094.3,23,465.91,1,0
TEL-10555,2026-01,6.9,516,0.4,22,320.67,2,0
TEL-10555,2026-02,13.33,496,1.7,14,360.64,1,0
TEL-10555,2026-03,11.29,426,0.1,14,304.68,4,0
TEL-10555,2026-04,6.91,300,0.6,14,280.49,2,0
TEL-10555,2026-05,12.71,438,0.6,8,323.32,4,0
TEL-10555,2026-06,8.01,419,0.1,11,321.9,4,0
TEL-10556,2026-01,19.45,173,1.8,6,523.15,3,0
TEL-10556,2026-02,16.2,333,18.2,12,492.57,3,0
TEL-10556,2026-03,21.08,353,1.8,8,485.2,3,0
TEL-10556,2026-04,23.54,455,4.7,12,428.05,1,0
TEL-10556,2026-05,16.46,272,6.2,10,439.39,2,0
TEL-10556,2026-06,28.11,423,82.0,5,461.05,3,0
TEL-10557,2026-01,1.66,575,0.9,23,440.26,2,0
TEL-10557,2026-02,2.54,1048,0.7,30,455.79,2,0
TEL-10557,2026-03,2.0,845,1.0,29,409.84,4,0
TEL-10557,2026-04,1.73,147,0.0,28,385.63,2,0
TEL-10557,2026-05,2.11,905,0.2,32,448.56,4,0
TEL-10557,2026-06,2.27,197,0.6,30,491.93,1,0
TEL-10558,2026-01,1.38,123,0.4,12,164.68,3,0
TEL-10558,2026-02,1.47,90,0.8,7,138.31,4,0
TEL-10558,2026-03,1.51,173,1.2,12,149.06,1,0
TEL-10558,2026-04,2.17,143,1.0,6,137.77,2,0
TEL-10558,2026-05,1.45,98,0.8,3,143.44,2,0
TEL-10558,2026-06,2.06,83,0.5,7,120.6,2,0
TEL-10559,2026-01,3.26,114,27.6,6,300.3,4,0
TEL-10559,2026-02,2.43,75,3.4,15,289.54,4,0
TEL-10559,2026-03,2.07,127,15.2,7,269.88,3,0
TEL-10559,2026-04,3.05,136,39.1,4,371.67,1,0
TEL-10559,2026-05,2.23,137,52.9,7,392.41,1,0
TEL-10559,2026-06,1.88,68,38.0,10,276.08,4,0
TEL-10560,2026-01,5.69,181,1.6,54,94.66,3,0
TEL-10560,2026-02,3.57,310,2.4,41,83.74,4,0
TEL-10560,2026-03,4.23,253,0.7,53,70.65,2,0
TEL-10560,2026-04,3.99,260,0.7,42,88.06,1,0
TEL-10560,2026-05,3.12,295,0.4,53,88.65,1,0
TEL-10560,2026-06,2.97,137,4.4,72,88.05,4,0
TEL-10561,2026-01,38.67,156,0.4,8,431.49,4,0
TEL-10561,2026-02,39.21,95,0.7,5,425.89,3,0
TEL-10561,2026-03,47.87,159,0.6,7,438.95,1,0
TEL-10561,2026-04,23.5,141,1.2,7,466.73,1,0
TEL-10561,2026-05,34.71,205,0.1,5,372.21,3,0
TEL-10561,2026-06,33.71,145,1.1,3,435.6,2,0
TEL-10562,2026-01,32.49,286,0.4,4,219.46,4,0
TEL-10562,2026-02,21.58,171,0.1,3,273.19,1,0
TEL-10562,2026-03,17.43,179,0.3,6,254.22,2,0
TEL-10562,2026-04,26.93,231,0.2,5,190.77,3,0
TEL-10562,2026-05,18.22,200,0.6,3,232.85,4,0
TEL-10562,2026-06,22.15,123,1.4,4,209.77,4,0
TEL-10563,2026-01,3.44,641,1.0,26,196.39,4,0
TEL-10563,2026-02,4.42,715,0.0,24,258.13,1,0
TEL-10563,2026-03,2.53,543,0.1,25,244.53,4,0
TEL-10563,2026-04,2.34,834,1.5,19,216.02,1,0
TEL-10563,2026-05,3.5,445,1.0,17,212.28,4,0
TEL-10563,2026-06,3.2,564,0.8,23,250.86,2,0
TEL-10564,2026-01,35.56,99,0.3,2,427.42,4,0
TEL-10564,2026-02,41.01,52,0.2,5,514.18,1,0
TEL-10564,2026-03,41.23,101,1.9,8,431.11,1,0
TEL-10564,2026-04,31.6,145,0.4,4,489.53,3,0
TEL-10564,2026-05,31.73,91,0.6,5,492.25,4,0
TEL-10564,2026-06,27.11,98,0.6,5,502.32,2,0
TEL-10565,2026-01,5.81,117,0.0,9,234.81,1,0
TEL-10565,2026-02,6.36,90,0.5,8,231.79,1,0
TEL-10565,2026-03,4.25,117,2.3,3,263.61,2,0
TEL-10565,2026-04,6.81,64,0.2,7,253.12,1,0
TEL-10565,2026-05,6.51,93,2.1,5,220.82,4,0
TEL-10565,2026-06,5.74,84,0.6,7,210.26,3,0
TEL-10566,2026-01,1.64,413,2.0,45,256.74,1,0
TEL-10566,2026-02,3.12,311,0.1,39,277.13,3,0
TEL-10566,2026-03,2.59,411,0.3,37,293.39,4,0
TEL-10566,2026-04,3.64,366,1.5,45,255.36,4,0
TEL-10566,2026-05,2.8,358,2.1,38,339.59,4,0
TEL-10566,2026-06,1.95,430,0.4,47,247.86,1,0
TEL-10567,2026-01,10.44,361,1.6,17,349.74,1,0
TEL-10567,2026-02,13.1,130,1.3,13,282.5,1,0
TEL-10567,2026-03,11.46,383,0.3,16,360.28,4,0
TEL-10567,2026-04,15.28,445,0.1,20,385.83,3,0
TEL-10567,2026-05,11.12,364,1.1,10,344.24,2,0
TEL-10567,2026-06,12.8,302,2.4,9,312.64,3,0
TEL-10568,2026-01,32.51,222,0.7,4,554.8,2,0
TEL-10568,2026-02,46.24,143,0.7,3,539.76,4,0
TEL-10568,2026-03,42.72,242,0.5,3,626.89,4,0
TEL-10568,2026-04,40.81,222,0.4,7,541.25,3,0
TEL-10568,2026-05,47.3,211,0.3,2,526.19,1,0
TEL-10568,2026-06,46.11,269,0.1,8,608.89,4,0
TEL-10569,2026-01,53.35,144,0.9,14,626.56,1,0
TEL-10569,2026-02,22.85,198,2.1,5,715.86,2,0
TEL-10569,2026-03,27.09,169,0.6,14,604.94,4,0
TEL-10569,2026-04,60.24,162,1.4,8,683.63,2,0
TEL-10569,2026-05,56.47,232,0.1,8,578.15,1,0
TEL-10569,2026-06,35.1,200,1.9,5,668.38,4,0
TEL-10570,2026-01,15.51,233,44.5,11,425.44,3,0
TEL-10570,2026-02,18.88,299,3.6,15,500.86,3,0
TEL-10570,2026-03,20.93,329,5.1,26,439.9,2,0
TEL-10570,2026-04,16.01,290,15.2,11,563.73,1,0
TEL-10570,2026-05,13.91,300,1.6,23,488.14,3,0
TEL-10570,2026-06,24.25,466,7.6,16,502.05,4,0
TEL-10571,2026-01,18.06,482,0.4,17,347.25,3,0
TEL-10571,2026-02,16.56,439,0.0,10,345.81,3,0
TEL-10571,2026-03,23.43,327,0.9,10,354.09,2,0
TEL-10571,2026-04,18.15,452,0.6,12,0.0,4,0
TEL-10571,2026-05,21.87,633,0.6,11,352.89,2,0
TEL-10571,2026-06,19.21,542,0.1,8,364.85,1,0
TEL-10572,2026-01,2.59,67,0.6,12,167.38,2,0
TEL-10572,2026-02,3.0,80,2.5,18,177.13,1,0
TEL-10572,2026-03,2.44,65,0.1,18,157.98,2,0
TEL-10572,2026-04,2.87,47,1.6,13,190.74,4,0
TEL-10572,2026-05,2.9,51,0.2,13,161.93,4,0
TEL-10572,2026-06,1.93,85,0.4,7,171.53,3,0
TEL-10573,2026-01,14.08,226,2.7,11,383.66,2,0
TEL-10573,2026-02,10.15,315,3.4,23,527.13,3,0
TEL-10573,2026-03,16.58,236,0.6,15,432.31,2,0
TEL-10573,2026-04,18.19,329,0.1,18,420.94,4,0
TEL-10573,2026-05,9.02,223,0.8,18,407.86,1,0
TEL-10573,2026-06,14.39,218,0.6,18,367.43,1,0
TEL-10574,2026-01,42.46,150,0.6,7,602.56,2,0
TEL-10574,2026-02,26.51,128,2.6,17,374.42,3,0
TEL-10574,2026-03,27.8,179,0.1,8,615.78,4,0
TEL-10574,2026-04,43.77,266,2.4,10,593.7,4,0
TEL-10574,2026-05,36.7,178,0.3,11,580.69,3,0
TEL-10574,2026-06,43.36,183,1.8,7,516.15,4,0
TEL-10575,2026-01,2.74,67,2.0,7,311.41,3,0
TEL-10575,2026-02,2.83,28,0.1,8,315.58,4,0
TEL-10575,2026-03,2.43,110,0.6,7,343.45,3,0
TEL-10575,2026-04,2.87,70,1.4,6,279.47,4,0
TEL-10575,2026-05,4.02,151,1.9,4,356.59,4,0
TEL-10575,2026-06,2.41,92,1.9,5,381.17,3,0
TEL-10576,2026-01,1.77,127,0.8,9,222.26,1,0
TEL-10576,2026-02,1.4,150,0.4,10,181.14,2,0
TEL-10576,2026-03,1.17,145,0.2,8,169.52,3,0
TEL-10576,2026-04,1.56,186,1.5,4,187.42,1,0
TEL-10576,2026-05,1.75,128,0.1,5,198.79,4,0
TEL-10576,2026-06,1.95,170,0.6,8,208.69,4,0
TEL-10577,2026-01,5.1,158,0.8,14,137.33,1,0
TEL-10577,2026-02,5.02,169,0.1,8,136.15,1,0
TEL-10577,2026-03,3.36,123,0.9,11,128.61,1,0
TEL-10577,2026-04,6.11,218,0.6,12,133.19,1,0
TEL-10577,2026-05,6.5,121,0.1,12,109.97,1,0
TEL-10577,2026-06,5.65,214,0.2,6,154.85,3,0
TEL-10578,2026-01,4.48,114,2.3,8,151.98,1,0
TEL-10578,2026-02,5.6,150,0.0,14,165.95,2,0
TEL-10578,2026-03,4.06,180,2.3,8,121.91,3,0
TEL-10578,2026-04,1.97,109,0.9,10,140.76,3,0
TEL-10578,2026-05,2.79,155,0.0,7,149.15,4,0
TEL-10578,2026-06,3.36,135,3.0,7,156.73,1,0
TEL-10579,2026-01,13.12,311,0.0,19,291.27,3,0
TEL-10579,2026-02,14.1,337,1.4,24,400.47,1,0
TEL-10579,2026-03,21.0,255,0.9,25,373.3,1,0
TEL-10579,2026-04,19.13,398,1.2,17,430.72,1,0
TEL-10579,2026-05,13.3,374,0.4,28,391.25,1,0
TEL-10579,2026-06,19.89,376,1.3,21,406.59,2,0
TEL-10580,2026-01,2.38,254,0.3,13,112.6,1,0
TEL-10580,2026-02,2.24,128,0.2,12,112.25,1,0
TEL-10580,2026-03,1.33,198,0.8,19,102.54,2,0
TEL-10580,2026-04,2.93,174,2.0,11,106.55,4,0
TEL-10580,2026-05,2.03,194,1.2,19,116.81,2,0
TEL-10580,2026-06,2.03,167,0.9,9,117.41,2,0
TEL-10581,2026-01,34.89,131,0.2,10,544.18,2,0
TEL-10581,2026-02,32.4,149,0.6,8,556.42,3,0
TEL-10581,2026-03,30.58,119,0.0,6,466.86,3,0
TEL-10581,2026-04,15.51,152,1.8,6,461.78,2,0
TEL-10581,2026-05,32.94,76,0.2,7,572.73,2,0
TEL-10581,2026-06,29.8,143,0.3,5,548.13,2,0
TEL-10582,2026-01,2.06,225,0.6,7,132.96,1,0
TEL-10582,2026-02,4.46,203,1.6,5,109.08,1,0
TEL-10582,2026-03,4.21,221,0.1,12,159.82,2,0
TEL-10582,2026-04,3.58,120,0.4,12,156.57,3,0
TEL-10582,2026-05,2.99,131,1.3,13,135.77,4,0
TEL-10582,2026-06,4.29,180,0.9,14,137.51,4,0
TEL-10583,2026-01,27.33,199,0.1,3,399.43,4,0
TEL-10583,2026-02,33.13,178,2.7,1,360.7,3,0
TEL-10583,2026-03,24.32,88,1.0,6,414.72,2,0
TEL-10583,2026-04,26.78,205,0.8,2,439.09,1,0
TEL-10583,2026-05,33.85,104,0.1,2,381.15,3,0
TEL-10583,2026-06,33.59,135,0.3,9,350.88,4,0
TEL-10584,2026-01,2.82,299,0.3,55,139.92,4,0
TEL-10584,2026-02,3.14,566,4.5,38,127.06,1,0
TEL-10584,2026-03,4.07,484,0.1,32,155.97,1,0
TEL-10584,2026-04,2.88,348,0.2,17,129.27,2,0
TEL-10584,2026-05,2.71,311,1.5,45,147.94,1,0
TEL-10584,2026-06,1.82,444,1.4,45,143.49,3,0
TEL-10585,2026-01,12.62,194,1.5,12,258.03,1,0
TEL-10585,2026-02,12.0,175,0.4,9,225.53,3,0
TEL-10585,2026-03,9.06,154,3.0,6,277.15,2,0
TEL-10585,2026-04,10.0,99,0.4,19,253.8,4,0
TEL-10585,2026-05,15.91,160,0.3,14,230.32,2,0
TEL-10585,2026-06,12.93,173,1.4,11,259.72,2,0
TEL-10586,2026-01,23.63,327,0.9,10,299.09,2,0
TEL-10586,2026-02,29.9,375,0.4,13,360.82,4,0
TEL-10586,2026-03,24.3,335,0.8,12,386.5,4,0
TEL-10586,2026-04,25.68,428,0.5,14,327.07,4,0
TEL-10586,2026-05,29.15,519,1.6,15,362.83,3,0
TEL-10586,2026-06,33.97,638,1.2,15,375.32,4,0
TEL-10587,2026-01,24.87,369,2.0,13,358.74,4,0
TEL-10587,2026-02,26.8,450,1.6,24,357.87,2,0
TEL-10587,2026-03,24.33,467,2.4,26,346.9,1,0
TEL-10587,2026-04,22.4,361,0.6,24,394.61,1,0
TEL-10587,2026-05,22.68,400,0.0,13,458.09,4,0
TEL-10587,2026-06,19.08,361,0.9,18,328.68,3,0
TEL-10588,2026-01,17.03,152,0.5,1,691.07,4,0
TEL-10588,2026-02,37.56,215,1.8,1,600.99,2,0
TEL-10588,2026-03,29.41,244,24.8,1,617.58,4,0
TEL-10588,2026-04,18.85,205,5.0,3,624.31,1,0
TEL-10588,2026-05,26.86,217,8.8,0,722.98,2,0
TEL-10588,2026-06,31.82,180,1.3,0,568.47,4,0
TEL-10589,2026-01,7.64,83,0.1,6,224.16,2,0
TEL-10589,2026-02,7.13,109,0.2,7,178.59,4,0
TEL-10589,2026-03,8.98,82,0.6,4,197.09,2,0
TEL-10589,2026-04,6.41,102,1.2,4,192.12,3,0
TEL-10589,2026-05,4.56,177,1.1,5,146.84,2,0
TEL-10589,2026-06,6.23,176,0.2,6,202.69,1,0
TEL-10590,2026-01,1.63,673,0.8,20,201.15,3,0
TEL-10590,2026-02,1.52,722,0.1,21,238.21,3,0
TEL-10590,2026-03,1.38,658,0.2,31,239.14,1,0
TEL-10590,2026-04,1.72,1150,0.3,36,259.2,3,0
TEL-10590,2026-05,1.85,276,0.0,33,223.97,2,0
TEL-10590,2026-06,1.01,687,1.2,30,197.84,2,0
TEL-10591,2026-01,1.95,321,2.8,26,235.54,4,0
TEL-10591,2026-02,1.52,291,3.1,32,247.98,2,0
TEL-10591,2026-03,1.78,346,1.0,25,221.2,2,0
TEL-10591,2026-04,1.92,337,0.1,34,256.95,3,0
TEL-10591,2026-05,1.1,250,1.8,28,227.6,2,0
TEL-10591,2026-06,2.03,352,0.5,31,251.56,4,0
TEL-10592,2026-01,1.61,610,2.2,38,134.28,3,0
TEL-10592,2026-02,1.37,692,0.3,35,174.56,1,0
TEL-10592,2026-03,0.93,610,0.3,35,141.67,2,0
TEL-10592,2026-04,1.75,815,1.3,38,145.4,1,0
TEL-10592,2026-05,1.57,442,0.0,28,168.64,3,0
TEL-10592,2026-06,1.7,562,0.8,38,156.7,2,0
TEL-10593,2026-01,23.28,325,18.3,15,908.82,4,0
TEL-10593,2026-02,13.44,384,16.4,10,862.62,1,0
TEL-10593,2026-03,14.62,281,24.9,16,962.0,3,0
TEL-10593,2026-04,12.21,427,21.7,11,1118.2,3,0
TEL-10593,2026-05,14.21,342,18.6,10,989.9,2,0
TEL-10593,2026-06,17.8,355,7.2,13,917.54,2,0
TEL-10594,2026-01,1.56,55,0.1,10,313.14,4,0
TEL-10594,2026-02,2.03,151,32.0,11,265.48,4,0
TEL-10594,2026-03,1.55,153,2.6,6,234.02,4,0
TEL-10594,2026-04,2.07,96,17.0,12,350.34,3,0
TEL-10594,2026-05,1.27,130,7.3,8,353.18,4,0
TEL-10594,2026-06,2.02,97,4.9,6,280.76,1,0
TEL-10595,2026-01,8.93,125,2.5,5,168.45,1,0
TEL-10595,2026-02,5.39,168,1.0,7,155.85,1,0
TEL-10595,2026-03,10.28,262,1.0,9,164.56,1,0
TEL-10595,2026-04,4.24,166,0.0,7,225.42,3,0
TEL-10595,2026-05,8.23,244,0.1,7,170.19,1,0
TEL-10595,2026-06,8.8,195,0.1,10,206.37,3,0
TEL-10596,2026-01,12.38,257,0.5,20,337.05,4,0
TEL-10596,2026-02,18.76,292,0.2,17,293.06,4,0
TEL-10596,2026-03,12.37,173,0.9,23,265.5,1,0
TEL-10596,2026-04,16.08,278,0.9,25,279.42,4,0
TEL-10596,2026-05,10.35,184,0.7,31,279.56,3,0
TEL-10596,2026-06,15.88,393,0.3,24,300.02,1,0
TEL-10597,2026-01,2.81,370,0.2,5,356.22,3,0
TEL-10597,2026-02,3.17,377,0.0,9,306.28,2,0
TEL-10597,2026-03,3.46,299,0.0,9,291.19,4,0
TEL-10597,2026-04,3.92,197,0.8,12,295.92,2,0
TEL-10597,2026-05,4.35,235,0.5,13,299.13,2,0
TEL-10597,2026-06,4.4,230,0.0,6,271.91,4,0
TEL-10598,2026-01,2.65,141,0.7,24,447.05,4,0
TEL-10598,2026-02,2.43,173,1.3,11,361.33,1,0
TEL-10598,2026-03,3.12,182,1.4,14,382.04,2,0
TEL-10598,2026-04,3.99,138,1.3,21,419.35,4,0
TEL-10598,2026-05,4.35,222,0.6,26,341.53,1,0
TEL-10598,2026-06,2.5,60,0.7,20,358.18,2,0
TEL-10599,2026-01,3.16,842,0.8,17,333.2,1,0
TEL-10599,2026-02,2.37,575,0.1,24,393.35,1,0
TEL-10599,2026-03,3.79,710,1.2,29,342.12,1,0
TEL-10599,2026-04,3.72,334,0.6,30,395.07,2,0
TEL-10599,2026-05,2.86,490,1.8,28,358.78,2,0
TEL-10599,2026-06,3.57,594,1.6,19,347.32,3,0
TEL-10600,2026-01,3.22,150,7.8,23,497.41,1,0
TEL-10600,2026-02,2.45,54,13.6,23,490.95,1,0
TEL-10600,2026-03,1.87,98,1.2,15,506.45,2,0
TEL-10600,2026-04,2.96,63,8.0,10,453.15,3,0
TEL-10600,2026-05,2.92,132,6.3,14,403.42,4,0
TEL-10600,2026-06,2.99,105,9.3,14,537.87,1,0
TEL-10601,2026-01,2.56,293,1.1,30,332.36,4,0
TEL-10601,2026-02,2.98,503,0.2,36,319.53,3,0
TEL-10601,2026-03,3.05,274,1.7,32,305.48,3,0
TEL-10601,2026-04,2.38,391,1.0,33,372.38,1,0
TEL-10601,2026-05,2.73,577,1.9,26,284.74,3,0
TEL-10601,2026-06,2.66,771,1.6,23,366.71,4,0
TEL-10602,2026-01,10.46,409,0.0,9,255.96,4,0
TEL-10602,2026-02,11.58,557,0.4,8,267.12,3,0
TEL-10602,2026-03,7.08,283,1.8,15,222.49,1,0
TEL-10602,2026-04,5.56,631,0.5,11,241.36,1,0
TEL-10602,2026-05,9.5,319,1.7,14,251.57,1,0
TEL-10602,2026-06,10.54,368,0.0,18,234.33,2,0
TEL-10603,2026-01,15.28,64,0.0,10,377.23,4,0
TEL-10603,2026-02,12.34,202,0.5,13,407.29,2,0
TEL-10603,2026-03,13.9,186,2.8,22,388.37,3,0
TEL-10603,2026-04,14.65,189,0.5,16,396.2,1,0
TEL-10603,2026-05,17.39,97,0.7,15,426.69,4,0
TEL-10603,2026-06,15.02,303,1.3,9,378.87,2,0
TEL-10604,2026-01,3.42,106,0.1,8,367.37,4,0
TEL-10604,2026-02,3.22,79,1.9,6,350.18,2,0
TEL-10604,2026-03,4.54,152,0.3,11,267.21,2,0
TEL-10604,2026-04,2.13,144,1.0,6,362.24,4,0
TEL-10604,2026-05,2.78,106,0.2,8,342.01,4,0
TEL-10604,2026-06,3.83,38,2.1,8,384.68,1,0
TEL-10605,2026-01,3.99,208,0.4,10,163.66,1,0
TEL-10605,2026-02,3.49,202,0.1,13,185.05,1,0
TEL-10605,2026-03,5.32,166,0.3,10,193.44,1,0
TEL-10605,2026-04,3.95,112,0.9,15,227.03,3,0
TEL-10605,2026-05,4.06,216,0.1,13,231.64,3,0
TEL-10605,2026-06,2.54,133,0.1,17,203.69,4,0
TEL-10606,2026-01,3.29,126,0.3,16,227.1,3,0
TEL-10606,2026-02,4.9,119,0.4,15,260.58,1,0
TEL-10606,2026-03,6.24,101,1.0,20,236.72,3,0
TEL-10606,2026-04,6.33,161,1.4,12,255.95,4,0
TEL-10606,2026-05,3.02,187,0.7,9,237.16,3,0
TEL-10606,2026-06,5.26,194,5.0,11,245.75,3,0
TEL-10607,2026-01,2.7,100,0.1,4,304.07,1,0
TEL-10607,2026-02,1.88,76,0.4,5,327.09,4,0
TEL-10607,2026-03,2.54,117,1.2,7,337.5,1,0
TEL-10607,2026-04,3.34,91,1.4,4,305.2,1,0
TEL-10607,2026-05,2.85,96,2.8,5,392.15,2,0
TEL-10607,2026-06,2.56,52,0.3,10,350.89,3,0
TEL-10608,2026-01,2.35,161,2.1,6,199.5,3,0
TEL-10608,2026-02,2.36,209,0.6,9,203.84,2,0
TEL-10608,2026-03,1.21,229,2.1,7,210.67,3,0
TEL-10608,2026-04,2.38,185,0.0,10,214.47,3,0
TEL-10608,2026-05,1.62,187,2.0,5,192.34,3,0
TEL-10608,2026-06,2.19,161,2.5,5,234.44,3,0
TEL-10609,2026-01,45.55,134,0.3,2,579.75,4,0
TEL-10609,2026-02,38.59,134,1.2,2,578.93,3,0
TEL-10609,2026-03,29.45,186,0.1,1,565.91,4,0
TEL-10609,2026-04,28.49,242,2.1,2,509.01,1,0
TEL-10609,2026-05,52.54,107,0.2,3,551.1,1,0
TEL-10609,2026-06,42.11,115,0.1,6,553.77,2,0
TEL-10610,2026-01,2.06,72,0.6,9,106.54,4,0
TEL-10610,2026-02,2.57,61,1.7,4,110.71,1,0
TEL-10610,2026-03,2.48,94,1.5,5,108.77,1,0
TEL-10610,2026-04,2.2,78,1.0,2,109.85,1,0
TEL-10610,2026-05,3.36,56,1.4,6,125.61,4,0
TEL-10610,2026-06,3.17,78,0.2,10,119.38,3,0
TEL-10611,2026-01,1.75,649,0.6,51,313.72,4,0
TEL-10611,2026-02,1.21,249,1.4,45,370.81,2,0
TEL-10611,2026-03,1.66,348,0.5,48,331.83,2,0
TEL-10611,2026-04,0.97,386,0.2,35,316.93,3,0
TEL-10611,2026-05,1.27,379,1.0,44,300.07,3,0
TEL-10611,2026-06,1.26,535,0.2,40,342.26,2,0
TEL-10612,2026-01,16.32,349,25.0,6,457.45,2,0
TEL-10612,2026-02,11.55,344,13.6,16,475.01,3,0
TEL-10612,2026-03,15.23,324,19.2,6,472.64,3,0
TEL-10612,2026-04,13.45,178,4.9,14,486.18,2,0
TEL-10612,2026-05,12.9,252,2.9,18,514.42,3,0
TEL-10612,2026-06,21.36,339,4.1,10,446.63,1,0
TEL-10613,2026-01,3.6,126,13.5,16,484.58,3,0
TEL-10613,2026-02,6.25,98,3.0,7,485.74,4,0
TEL-10613,2026-03,4.66,94,18.9,13,595.6,3,0
TEL-10613,2026-04,2.35,66,47.6,4,508.1,3,0
TEL-10613,2026-05,5.01,59,9.1,8,475.34,4,0
TEL-10613,2026-06,5.76,92,29.3,7,491.45,1,0
TEL-10614,2026-01,14.51,334,0.3,15,533.73,4,0
TEL-10614,2026-02,12.0,279,0.9,13,526.13,4,0
TEL-10614,2026-03,23.54,263,0.8,9,556.36,2,0
TEL-10614,2026-04,14.51,381,1.0,12,520.55,1,0
TEL-10614,2026-05,22.95,258,0.7,15,585.8,1,0
TEL-10614,2026-06,19.58,335,0.1,14,638.96,3,0
TEL-10615,2026-01,40.88,149,0.3,6,694.4,4,0
TEL-10615,2026-02,25.52,120,0.0,9,755.08,4,0
TEL-10615,2026-03,43.14,246,0.6,6,642.78,4,0
TEL-10615,2026-04,38.97,151,0.0,7,686.61,3,0
TEL-10615,2026-05,50.74,172,2.2,2,697.33,4,0
TEL-10615,2026-06,29.59,216,0.0,5,695.26,2,0
TEL-10616,2026-01,28.19,67,0.1,5,265.75,1,0
TEL-10616,2026-02,19.3,50,1.0,1,257.95,1,0
TEL-10616,2026-03,30.74,73,0.9,6,295.3,4,0
TEL-10616,2026-04,27.86,100,0.6,5,281.64,4,0
TEL-10616,2026-05,21.01,118,0.4,5,267.29,3,0
TEL-10616,2026-06,29.43,61,0.1,2,261.87,3,0
TEL-10617,2026-01,6.17,167,0.4,4,163.04,2,0
TEL-10617,2026-02,7.11,200,0.1,5,168.35,2,0
TEL-10617,2026-03,6.8,192,0.0,5,161.3,3,0
TEL-10617,2026-04,6.55,134,1.3,5,194.62,3,0
TEL-10617,2026-05,4.84,211,0.1,10,173.76,3,0
TEL-10617,2026-06,7.34,235,0.4,5,178.8,3,0
TEL-10618,2026-01,2.13,862,1.6,30,451.64,3,0
TEL-10618,2026-02,2.7,718,0.0,36,501.65,3,0
TEL-10618,2026-03,2.35,640,0.4,44,436.59,1,0
TEL-10618,2026-04,2.92,1170,0.1,50,449.27,3,0
TEL-10618,2026-05,2.6,585,0.1,34,554.66,3,0
TEL-10618,2026-06,2.0,580,1.0,34,393.88,3,0
TEL-10619,2026-01,5.72,185,9.4,7,593.95,3,0
TEL-10619,2026-02,4.6,196,8.3,3,530.92,3,0
TEL-10619,2026-03,6.93,213,17.6,7,518.5,3,0
TEL-10619,2026-04,6.31,269,8.9,5,580.0,3,0
TEL-10619,2026-05,6.02,176,4.3,2,606.34,3,0
TEL-10619,2026-06,7.25,139,7.7,4,531.71,2,0
TEL-10620,2026-01,14.78,360,0.4,11,469.83,2,0
TEL-10620,2026-02,20.11,340,0.4,13,444.89,3,0
TEL-10620,2026-03,11.77,277,1.7,15,492.41,3,0
TEL-10620,2026-04,16.3,257,2.0,12,379.86,4,0
TEL-10620,2026-05,22.27,328,0.1,13,426.39,2,0
TEL-10620,2026-06,12.63,408,0.1,17,507.22,4,0
TEL-10621,2026-01,1.39,416,16.7,28,474.9,2,0
TEL-10621,2026-02,0.95,623,0.4,41,483.88,2,0
TEL-10621,2026-03,2.14,459,30.2,28,426.04,2,0
TEL-10621,2026-04,1.41,718,31.0,39,443.06,1,0
TEL-10621,2026-05,1.92,806,5.9,39,462.56,4,0
TEL-10621,2026-06,1.41,538,14.5,38,391.28,3,0
TEL-10622,2026-01,3.46,133,0.7,7,168.8,2,0
TEL-10622,2026-02,3.3,129,1.9,13,149.18,1,0
TEL-10622,2026-03,4.28,144,0.6,1,150.15,1,0
TEL-10622,2026-04,4.47,112,0.2,8,154.64,4,0
TEL-10622,2026-05,6.97,111,0.2,8,175.74,4,0
TEL-10622,2026-06,3.37,101,0.4,7,219.34,4,0
TEL-10623,2026-01,39.58,101,0.5,3,405.78,4,0
TEL-10623,2026-02,27.12,145,1.2,3,464.88,1,0
TEL-10623,2026-03,33.26,185,0.7,5,456.49,4,0
TEL-10623,2026-04,45.63,161,0.9,5,459.03,2,0
TEL-10623,2026-05,26.01,108,0.1,7,483.37,1,0
TEL-10623,2026-06,27.26,115,0.1,7,461.6,2,0
TEL-10624,2026-01,13.36,608,2.8,14,309.5,3,0
TEL-10624,2026-02,5.95,656,0.3,16,290.28,4,0
TEL-10624,2026-03,19.05,624,1.4,5,303.88,3,0
TEL-10624,2026-04,15.28,506,0.6,6,305.86,1,0
TEL-10624,2026-05,12.69,584,0.5,9,273.68,3,0
TEL-10624,2026-06,21.01,471,0.5,5,304.54,1,0
TEL-10625,2026-01,17.54,299,0.7,27,334.99,2,0
TEL-10625,2026-02,19.26,262,0.1,14,377.38,2,0
TEL-10625,2026-03,15.06,395,3.5,27,298.07,3,0
TEL-10625,2026-04,18.09,194,0.0,25,325.92,3,0
TEL-10625,2026-05,18.94,293,0.3,27,318.49,2,0
TEL-10625,2026-06,13.13,305,0.5,25,318.39,4,0
TEL-10626,2026-01,3.32,517,15.0,35,634.26,1,0
TEL-10626,2026-02,1.29,754,7.7,35,556.75,2,0
TEL-10626,2026-03,1.8,575,5.0,37,573.91,2,0
TEL-10626,2026-04,2.87,611,3.5,34,567.37,1,0
TEL-10626,2026-05,2.17,459,22.3,35,521.91,2,0
TEL-10626,2026-06,2.92,343,15.6,29,576.69,3,0
TEL-10627,2026-01,4.36,102,0.1,12,91.6,2,0
TEL-10627,2026-02,3.71,81,0.8,8,104.84,1,0
TEL-10627,2026-03,4.22,93,1.9,8,97.35,4,0
TEL-10627,2026-04,4.34,87,0.7,7,101.37,1,0
TEL-10627,2026-05,3.45,68,1.2,10,97.75,4,0
TEL-10627,2026-06,4.5,119,1.1,17,93.17,2,0
TEL-10628,2026-01,7.67,177,0.4,8,208.5,4,0
TEL-10628,2026-02,4.53,128,1.0,7,199.8,1,0
TEL-10628,2026-03,5.47,105,0.5,4,183.28,2,0
TEL-10628,2026-04,6.51,136,1.2,12,217.69,3,0
TEL-10628,2026-05,3.32,127,0.1,13,235.24,2,0
TEL-10628,2026-06,6.41,87,1.3,7,145.69,4,0
TEL-10629,2026-01,30.49,400,0.0,15,344.21,1,0
TEL-10629,2026-02,23.83,507,1.2,17,355.77,3,0
TEL-10629,2026-03,11.63,433,0.8,13,345.1,1,0
TEL-10629,2026-04,25.26,426,0.1,15,275.33,1,0
TEL-10629,2026-05,21.73,313,0.9,14,339.17,2,0
TEL-10629,2026-06,18.31,461,0.4,19,307.55,4,0
TEL-10630,2026-01,24.57,377,3.1,13,593.57,1,0
TEL-10630,2026-02,17.82,307,32.8,18,523.59,1,0
TEL-10630,2026-03,19.79,354,26.3,18,495.61,3,0
TEL-10630,2026-04,18.53,368,41.8,26,590.68,4,0
TEL-10630,2026-05,15.85,262,6.2,18,663.97,2,0
TEL-10630,2026-06,17.05,376,0.5,25,594.18,1,0
TEL-10631,2026-01,3.17,117,0.2,16,161.9,2,0
TEL-10631,2026-02,1.35,79,0.3,23,157.78,4,0
TEL-10631,2026-03,2.94,119,0.9,15,163.43,3,0
TEL-10631,2026-04,2.65,155,0.5,7,176.97,4,0
TEL-10631,2026-05,2.19,80,2.0,13,180.73,1,0
TEL-10631,2026-06,2.89,56,1.1,19,159.29,1,0
TEL-10632,2026-01,45.11,271,0.8,6,472.81,1,0
TEL-10632,2026-02,44.33,155,0.1,4,581.78,4,0
TEL-10632,2026-03,50.53,193,0.6,8,550.25,4,0
TEL-10632,2026-04,28.22,309,0.5,6,633.28,2,0
TEL-10632,2026-05,53.75,213,2.1,5,454.17,1,0
TEL-10632,2026-06,41.24,121,0.8,4,476.59,4,0
TEL-10633,2026-01,4.8,129,0.7,11,152.95,1,0
TEL-10633,2026-02,5.7,111,0.5,5,147.95,2,0
TEL-10633,2026-03,5.16,87,0.0,9,171.47,3,0
TEL-10633,2026-04,4.03,172,1.1,10,147.95,3,0
TEL-10633,2026-05,6.15,71,0.1,4,182.52,3,0
TEL-10633,2026-06,2.67,86,0.6,8,142.79,4,0
TEL-10634,2026-01,1.62,513,0.4,34,106.9,1,0
TEL-10634,2026-02,1.28,282,0.0,24,110.08,3,0
TEL-10634,2026-03,0.69,535,0.6,41,113.06,2,0
TEL-10634,2026-04,1.0,541,0.5,19,115.08,3,0
TEL-10634,2026-05,1.73,384,0.4,26,117.63,2,0
TEL-10634,2026-06,1.29,678,0.7,25,115.37,2,0
TEL-10635,2026-01,1.4,132,0.8,15,96.76,4,0
TEL-10635,2026-02,2.7,127,1.1,13,94.64,1,0
TEL-10635,2026-03,2.43,126,0.6,16,80.43,3,0
TEL-10635,2026-04,4.4,178,1.6,15,104.94,3,0
TEL-10635,2026-05,3.77,175,0.2,10,75.67,1,0
TEL-10635,2026-06,2.97,162,0.1,16,88.85,3,0
TEL-10636,2026-01,3.86,594,0.5,22,124.88,4,0
TEL-10636,2026-02,3.35,523,0.4,21,116.83,4,0
TEL-10636,2026-03,3.11,670,1.3,25,147.87,3,0
TEL-10636,2026-04,2.63,474,1.1,20,147.52,2,0
TEL-10636,2026-05,3.62,485,0.2,27,161.45,2,0
TEL-10636,2026-06,2.36,334,0.1,16,146.56,4,0
TEL-10637,2026-01,5.99,134,0.7,11,364.16,4,0
TEL-10637,2026-02,5.75,52,0.6,13,270.26,4,0
TEL-10637,2026-03,5.05,116,1.3,13,261.76,1,0
TEL-10637,2026-04,5.78,120,0.8,14,292.8,4,0
TEL-10637,2026-05,4.92,99,3.4,10,343.72,1,0
TEL-10637,2026-06,4.47,113,0.2,12,286.8,1,0
TEL-10638,2026-01,37.36,185,2.5,3,426.09,4,0
TEL-10638,2026-02,28.69,205,0.0,1,393.93,1,0
TEL-10638,2026-03,28.9,177,1.3,1,384.96,2,0
TEL-10638,2026-04,36.49,257,0.7,0,329.68,1,0
TEL-10638,2026-05,16.7,256,1.6,3,441.02,3,0
TEL-10638,2026-06,33.1,206,2.7,1,379.77,2,0
TEL-10639,2026-01,4.52,155,0.3,15,236.62,1,0
TEL-10639,2026-02,4.08,214,1.1,8,242.43,2,0
TEL-10639,2026-03,4.07,233,3.4,13,241.42,3,0
TEL-10639,2026-04,3.9,189,0.0,9,248.88,2,0
TEL-10639,2026-05,5.49,183,0.5,12,276.64,2,0
TEL-10639,2026-06,4.82,253,1.3,11,301.59,2,0
TEL-10640,2026-01,2.44,538,0.3,36,303.28,4,0
TEL-10640,2026-02,2.87,418,0.4,38,342.98,4,0
TEL-10640,2026-03,3.15,706,0.5,39,435.28,1,0
TEL-10640,2026-04,2.4,572,0.8,34,376.19,2,0
TEL-10640,2026-05,1.96,886,0.7,36,399.69,4,0
TEL-10640,2026-06,2.78,325,0.2,36,276.92,1,0
TEL-10641,2026-01,21.97,200,3.4,22,851.53,4,0
TEL-10641,2026-02,23.69,238,13.5,15,733.26,4,0
TEL-10641,2026-03,27.82,242,93.4,15,626.15,3,0
TEL-10641,2026-04,22.56,190,2.0,12,554.53,2,0
TEL-10641,2026-05,22.32,222,31.7,20,787.11,3,0
TEL-10641,2026-06,22.76,192,17.6,16,622.48,2,0
TEL-10642,2026-01,21.16,185,0.3,3,643.36,1,0
TEL-10642,2026-02,28.13,166,0.3,1,507.54,1,0
TEL-10642,2026-03,42.62,117,1.1,6,512.66,3,0
TEL-10642,2026-04,34.37,149,0.1,9,592.13,2,0
TEL-10642,2026-05,18.35,104,0.1,3,487.75,4,0
TEL-10642,2026-06,37.28,148,2.5,4,0.0,1,0
TEL-10643,2026-01,39.06,180,0.3,2,549.57,2,0
TEL-10643,2026-02,45.93,170,0.4,4,569.04,2,0
TEL-10643,2026-03,28.22,195,2.2,1,555.32,1,0
TEL-10643,2026-04,42.82,152,0.0,3,451.32,3,0
TEL-10643,2026-05,38.13,158,0.2,3,575.05,4,0
TEL-10643,2026-06,35.0,185,1.5,2,392.2,3,0
TEL-10644,2026-01,2.65,197,0.5,10,113.98,3,0
TEL-10644,2026-02,2.56,177,0.5,9,138.92,1,0
TEL-10644,2026-03,3.29,220,0.1,13,117.91,4,0
TEL-10644,2026-04,3.16,84,0.5,11,116.4,1,0
TEL-10644,2026-05,3.4,194,1.4,6,124.31,2,0
TEL-10644,2026-06,2.38,160,1.9,13,139.46,2,0
TEL-10645,2026-01,22.83,376,0.2,18,289.0,1,0
TEL-10645,2026-02,22.09,480,0.1,18,402.99,2,0
TEL-10645,2026-03,15.74,477,2.1,15,316.97,2,0
TEL-10645,2026-04,19.92,405,0.8,19,394.47,2,0
TEL-10645,2026-05,21.73,315,0.1,13,389.09,2,0
TEL-10645,2026-06,16.12,344,0.0,15,339.06,4,0
TEL-10646,2026-01,34.11,204,0.2,9,622.34,2,0
TEL-10646,2026-02,40.92,189,1.3,3,487.81,1,0
TEL-10646,2026-03,42.66,124,0.4,3,506.18,3,0
TEL-10646,2026-04,33.53,77,0.8,12,635.57,3,0
TEL-10646,2026-05,27.05,102,2.7,7,583.54,3,0
TEL-10646,2026-06,30.97,89,0.1,4,561.25,2,0
TEL-10647,2026-01,4.12,186,2.2,11,198.87,3,0
TEL-10647,2026-02,3.91,170,0.1,9,255.03,3,0
TEL-10647,2026-03,4.0,106,0.9,9,263.82,3,0
TEL-10647,2026-04,4.09,148,0.1,11,205.33,2,0
TEL-10647,2026-05,6.55,91,0.6,8,257.72,4,0
TEL-10647,2026-06,4.45,198,0.9,11,279.92,4,0
TEL-10648,2026-01,20.67,517,0.1,19,288.9,1,0
TEL-10648,2026-02,19.01,376,0.1,15,324.48,4,0
TEL-10648,2026-03,19.44,394,0.3,9,355.06,4,0
TEL-10648,2026-04,11.09,444,0.2,13,345.54,2,0
TEL-10648,2026-05,23.04,521,1.3,26,283.06,1,0
TEL-10648,2026-06,17.43,326,0.3,17,355.68,3,0
TEL-10649,2026-01,2.41,691,20.9,21,672.63,4,0
TEL-10649,2026-02,1.09,439,7.9,30,634.32,4,0
TEL-10649,2026-03,1.92,596,2.8,32,642.32,1,0
TEL-10649,2026-04,2.33,738,10.3,33,590.08,4,0
TEL-10649,2026-05,2.19,550,3.9,18,502.18,1,0
TEL-10649,2026-06,2.3,912,4.7,37,531.99,4,0
TEL-10650,2026-01,31.95,455,2.9,23,562.5,4,0
TEL-10650,2026-02,16.22,267,0.4,25,552.72,2,0
TEL-10650,2026-03,17.64,657,0.5,25,517.73,3,0
TEL-10650,2026-04,22.41,382,0.5,22,644.56,3,0
TEL-10650,2026-05,24.43,451,0.1,36,556.95,3,0
TEL-10650,2026-06,21.32,740,0.0,35,364.78,3,0
TEL-10651,2026-01,41.46,115,0.3,1,516.19,4,0
TEL-10651,2026-02,22.51,141,0.5,0,511.81,1,0
TEL-10651,2026-03,37.27,88,0.1,2,510.24,1,0
TEL-10651,2026-04,40.43,99,2.2,2,441.26,3,0
TEL-10651,2026-05,38.4,130,0.6,4,552.0,1,0
TEL-10651,2026-06,34.35,96,0.6,3,403.81,3,0
TEL-10652,2026-01,4.38,110,1.9,10,208.64,1,0
TEL-10652,2026-02,4.52,162,0.7,11,206.39,3,0
TEL-10652,2026-03,3.23,122,0.0,14,217.13,4,0
TEL-10652,2026-04,5.1,100,0.3,12,205.95,3,0
TEL-10652,2026-05,3.63,118,1.2,15,165.33,2,0
TEL-10652,2026-06,4.52,138,0.4,9,202.8,2,0
TEL-10653,2026-01,21.51,175,1.3,1,0.0,1,0
TEL-10653,2026-02,57.51,84,0.5,1,630.24,4,0
TEL-10653,2026-03,40.53,180,0.1,4,559.7,4,0
TEL-10653,2026-04,37.32,206,0.1,2,409.93,3,0
TEL-10653,2026-05,44.58,203,1.7,2,573.3,2,0
TEL-10653,2026-06,32.07,120,0.5,2,531.64,3,0
TEL-10654,2026-01,30.04,196,0.6,5,362.35,2,0
TEL-10654,2026-02,23.75,264,0.1,7,408.57,3,0
TEL-10654,2026-03,20.88,209,1.4,6,346.69,3,0
TEL-10654,2026-04,34.99,294,0.2,14,370.43,2,0
TEL-10654,2026-05,28.05,221,0.3,7,397.98,1,0
TEL-10654,2026-06,24.23,325,0.2,8,402.01,2,0
TEL-10655,2026-01,1.11,371,0.5,42,216.37,3,0
TEL-10655,2026-02,1.28,301,0.8,27,188.22,3,0
TEL-10655,2026-03,1.16,344,1.4,40,185.02,4,0
TEL-10655,2026-04,1.19,333,0.5,42,206.68,3,0
TEL-10655,2026-05,0.99,318,0.3,42,187.42,3,0
TEL-10655,2026-06,1.31,525,0.4,44,220.05,4,0
TEL-10656,2026-01,2.16,211,1.6,33,229.87,1,0
TEL-10656,2026-02,2.21,290,0.0,41,213.62,2,0
TEL-10656,2026-03,2.45,260,1.1,39,183.29,4,0
TEL-10656,2026-04,1.79,142,0.1,35,239.42,4,0
TEL-10656,2026-05,2.05,267,1.7,38,253.93,2,0
TEL-10656,2026-06,2.75,351,0.7,37,216.02,1,0
TEL-10657,2026-01,23.56,198,0.1,6,299.86,3,0
TEL-10657,2026-02,18.27,183,1.9,5,333.37,3,0
TEL-10657,2026-03,20.69,160,1.1,9,311.08,4,0
TEL-10657,2026-04,23.52,230,0.8,9,296.26,3,0
TEL-10657,2026-05,24.63,287,1.2,4,315.17,4,0
TEL-10657,2026-06,28.88,257,0.5,12,308.99,1,0
TEL-10658,2026-01,7.61,397,0.1,12,262.5,1,0
TEL-10658,2026-02,11.95,378,0.7,14,305.02,4,0
TEL-10658,2026-03,16.59,266,0.2,16,259.46,2,0
TEL-10658,2026-04,10.56,357,0.1,11,287.2,3,0
TEL-10658,2026-05,22.39,195,0.1,7,270.19,3,0
TEL-10658,2026-06,14.68,359,0.4,9,273.26,4,0
TEL-10659,2026-01,2.66,281,2.4,40,395.1,1,0
TEL-10659,2026-02,2.76,383,0.1,41,392.44,4,0
TEL-10659,2026-03,3.39,377,0.5,33,375.65,2,0
TEL-10659,2026-04,3.39,263,0.5,29,441.39,2,0
TEL-10659,2026-05,4.11,203,0.4,41,302.84,4,0
TEL-10659,2026-06,2.66,420,1.2,45,312.27,1,0
TEL-10660,2026-01,22.34,421,0.4,19,380.35,3,0
TEL-10660,2026-02,25.67,372,1.2,21,356.26,4,0
TEL-10660,2026-03,25.73,240,0.5,25,376.51,3,0
TEL-10660,2026-04,28.16,470,0.1,20,337.36,2,0
TEL-10660,2026-05,15.49,197,0.3,18,403.99,3,0
TEL-10660,2026-06,19.48,608,1.3,22,402.55,2,0
TEL-10661,2026-01,1.55,677,0.2,47,116.94,1,0
TEL-10661,2026-02,1.99,300,0.6,40,142.63,2,0
TEL-10661,2026-03,1.32,408,1.0,42,149.97,2,0
TEL-10661,2026-04,1.67,359,1.4,39,127.45,1,0
TEL-10661,2026-05,1.17,544,0.7,40,100.55,4,0
TEL-10661,2026-06,1.81,441,0.9,36,129.47,1,0
TEL-10662,2026-01,3.52,215,1.1,2,159.68,4,0
TEL-10662,2026-02,3.67,269,0.2,9,154.3,4,0
TEL-10662,2026-03,3.11,176,1.3,11,171.26,2,0
TEL-10662,2026-04,3.92,87,0.7,9,166.57,3,0
TEL-10662,2026-05,1.68,200,0.6,10,191.38,4,0
TEL-10662,2026-06,3.81,139,0.2,4,148.1,4,0
TEL-10663,2026-01,1.61,580,0.2,36,197.0,2,0
TEL-10663,2026-02,1.6,684,0.8,26,182.06,1,0
TEL-10663,2026-03,1.04,565,0.5,28,164.54,3,0
TEL-10663,2026-04,1.58,377,1.1,38,184.8,4,0
TEL-10663,2026-05,1.33,429,1.3,36,175.62,2,0
TEL-10663,2026-06,1.35,725,0.6,35,188.69,3,0
TEL-10664,2026-01,4.82,84,0.2,7,321.43,1,0
TEL-10664,2026-02,5.22,153,1.5,12,326.4,2,0
TEL-10664,2026-03,4.61,131,0.6,8,327.44,2,0
TEL-10664,2026-04,4.55,210,0.1,10,310.1,4,0
TEL-10664,2026-05,5.79,93,1.7,11,248.81,2,0
TEL-10664,2026-06,7.56,145,0.1,18,301.06,3,0
TEL-10665,2026-01,2.8,83,0.1,12,117.77,1,0
TEL-10665,2026-02,2.75,109,0.6,12,109.91,4,0
TEL-10665,2026-03,2.14,86,1.2,8,110.46,4,0
TEL-10665,2026-04,2.27,119,0.9,10,130.33,4,0
TEL-10665,2026-05,2.63,106,1.4,4,125.03,2,0
TEL-10665,2026-06,2.22,164,0.2,12,122.36,3,0
TEL-10666,2026-01,3.58,815,0.8,28,216.54,3,0
TEL-10666,2026-02,2.82,650,0.5,33,262.36,1,0
TEL-10666,2026-03,1.68,732,0.4,22,275.12,4,0
TEL-10666,2026-04,2.71,912,0.6,30,270.43,2,0
TEL-10666,2026-05,2.25,734,2.3,29,285.05,3,0
TEL-10666,2026-06,2.56,777,0.1,18,301.13,4,0
TEL-10667,2026-01,7.96,141,1.3,8,293.54,3,0
TEL-10667,2026-02,5.39,126,0.1,2,291.36,2,0
TEL-10667,2026-03,4.49,114,0.1,6,235.22,3,0
TEL-10667,2026-04,5.72,87,0.3,7,261.1,4,0
TEL-10667,2026-05,3.94,178,1.3,4,236.22,4,0
TEL-10667,2026-06,4.4,177,1.9,6,297.0,4,0
TEL-10668,2026-01,3.05,371,0.4,43,280.58,2,0
TEL-10668,2026-02,3.81,432,0.7,36,250.4,2,0
TEL-10668,2026-03,1.91,340,0.7,41,295.02,1,0
TEL-10668,2026-04,3.18,350,0.0,32,223.38,4,0
TEL-10668,2026-05,4.02,453,0.9,45,289.16,2,0
TEL-10668,2026-06,3.36,410,1.1,38,259.03,1,0
TEL-10669,2026-01,1.75,419,4.4,48,743.97,3,0
TEL-10669,2026-02,2.69,324,7.7,41,516.82,3,0
TEL-10669,2026-03,3.0,518,40.1,27,629.83,4,0
TEL-10669,2026-04,2.82,260,22.6,27,615.41,1,0
TEL-10669,2026-05,2.57,521,9.8,33,731.6,1,0
TEL-10669,2026-06,3.63,386,3.2,24,581.14,1,0
TEL-10670,2026-01,41.97,70,0.2,10,571.13,2,0
TEL-10670,2026-02,34.89,74,0.5,10,668.01,3,0
TEL-10670,2026-03,70.98,88,1.7,7,594.32,3,0
TEL-10670,2026-04,80.24,59,0.4,2,549.8,3,0
TEL-10670,2026-05,54.55,84,0.4,7,631.07,2,0
TEL-10670,2026-06,61.33,89,1.2,6,638.69,4,0
TEL-10671,2026-01,1.09,443,0.4,36,121.29,1,0
TEL-10671,2026-02,0.92,319,0.1,28,125.8,3,0
TEL-10671,2026-03,0.94,551,2.0,39,128.31,2,0
TEL-10671,2026-04,1.4,426,0.5,35,124.6,1,0
TEL-10671,2026-05,1.31,439,1.8,39,81.18,3,0
TEL-10671,2026-06,0.95,560,0.1,52,129.23,1,0
TEL-10672,2026-01,4.92,154,5.8,6,358.62,2,0
TEL-10672,2026-02,4.79,200,19.6,3,413.37,2,0
TEL-10672,2026-03,6.77,179,43.8,6,305.34,2,0
TEL-10672,2026-04,5.75,203,5.0,4,390.78,4,0
TEL-10672,2026-05,4.3,138,8.8,5,355.52,1,0
TEL-10672,2026-06,5.79,239,13.2,3,369.43,2,0
TEL-10673,2026-01,3.56,302,0.9,39,312.77,3,0
TEL-10673,2026-02,2.8,420,3.3,38,315.2,3,0
TEL-10673,2026-03,3.3,649,0.4,38,300.23,4,0
TEL-10673,2026-04,2.57,389,0.4,41,363.91,4,0
TEL-10673,2026-05,3.04,472,0.5,40,327.31,2,0
TEL-10673,2026-06,2.76,521,0.2,33,339.17,1,0
TEL-10674,2026-01,1.37,278,0.0,46,184.98,4,0
TEL-10674,2026-02,1.19,912,0.1,30,204.61,2,0
TEL-10674,2026-03,1.54,659,0.8,30,211.2,3,0
TEL-10674,2026-04,1.16,614,0.4,21,188.04,4,0
TEL-10674,2026-05,1.34,559,1.1,28,229.85,2,0
TEL-10674,2026-06,1.23,645,0.3,32,207.25,3,0
TEL-10675,2026-01,1.92,189,1.0,40,220.81,3,0
TEL-10675,2026-02,2.29,684,1.0,33,217.17,2,0
TEL-10675,2026-03,1.94,224,0.8,44,221.24,2,0
TEL-10675,2026-04,2.84,273,1.0,47,258.62,2,0
TEL-10675,2026-05,2.31,539,0.8,37,212.14,4,0
TEL-10675,2026-06,1.8,721,0.5,48,202.27,2,0
TEL-10676,2026-01,2.81,137,0.2,9,144.5,1,0
TEL-10676,2026-02,4.65,174,0.6,16,139.75,1,0
TEL-10676,2026-03,4.56,123,0.0,17,160.72,2,0
TEL-10676,2026-04,4.79,171,0.6,18,146.37,2,0
TEL-10676,2026-05,3.1,130,0.6,15,133.51,3,0
TEL-10676,2026-06,3.39,110,0.3,11,151.95,2,0
TEL-10677,2026-01,14.26,275,0.2,12,200.78,2,0
TEL-10677,2026-02,15.24,405,0.0,17,281.23,3,0
TEL-10677,2026-03,10.65,368,0.2,13,226.69,4,0
TEL-10677,2026-04,16.79,343,1.1,14,276.41,4,0
TEL-10677,2026-05,12.74,279,0.8,8,219.66,4,0
TEL-10677,2026-06,17.96,289,0.1,17,287.9,4,0
TEL-10678,2026-01,41.26,227,0.5,8,362.35,3,0
TEL-10678,2026-02,12.78,307,0.8,5,416.58,2,0
TEL-10678,2026-03,30.28,294,0.3,4,413.69,4,0
TEL-10678,2026-04,36.03,269,0.0,5,364.1,3,0
TEL-10678,2026-05,22.11,269,0.9,9,356.15,2,0
TEL-10678,2026-06,29.18,328,0.1,5,407.37,4,0
TEL-10679,2026-01,13.28,341,1.5,13,267.05,4,0
TEL-10679,2026-02,11.78,459,1.9,16,311.31,1,0
TEL-10679,2026-03,17.49,213,2.0,8,308.27,2,0
TEL-10679,2026-04,14.62,291,1.4,6,292.97,1,0
TEL-10679,2026-05,20.31,296,0.1,13,337.69,1,0
TEL-10679,2026-06,21.5,291,0.0,20,225.76,4,0
TEL-10680,2026-01,5.17,128,1.7,5,282.44,2,0
TEL-10680,2026-02,3.53,138,0.8,3,255.82,4,0
TEL-10680,2026-03,5.26,137,2.1,9,264.18,3,0
TEL-10680,2026-04,5.4,164,0.4,9,260.31,1,0
TEL-10680,2026-05,5.93,145,0.1,4,287.31,3,0
TEL-10680,2026-06,4.7,115,0.2,10,270.73,2,0
TEL-10681,2026-01,17.94,305,1.6,18,362.14,4,0
TEL-10681,2026-02,22.54,412,1.2,18,438.08,3,0
TEL-10681,2026-03,21.15,224,0.3,15,464.97,3,0
TEL-10681,2026-04,24.36,325,1.3,21,445.83,2,0
TEL-10681,2026-05,15.29,470,0.5,14,430.13,4,0
TEL-10681,2026-06,20.27,342,4.9,10,408.24,2,0
TEL-10682,2026-01,5.18,98,1.1,11,183.53,1,0
TEL-10682,2026-02,4.71,125,0.4,13,183.09,2,0
TEL-10682,2026-03,5.64,151,0.4,10,143.97,4,0
TEL-10682,2026-04,3.62,161,1.4,12,161.11,3,0
TEL-10682,2026-05,4.48,142,1.0,16,160.05,4,0
TEL-10682,2026-06,4.53,150,0.9,12,166.83,3,0
TEL-10683,2026-01,2.96,746,0.3,50,230.82,4,0
TEL-10683,2026-02,3.11,730,0.3,49,266.55,4,0
TEL-10683,2026-03,3.17,870,0.9,44,270.94,2,0
TEL-10683,2026-04,3.74,562,0.4,37,231.67,3,0
TEL-10683,2026-05,3.72,780,0.6,47,239.68,1,0
TEL-10683,2026-06,3.14,224,0.2,46,235.78,1,0
TEL-10684,2026-01,4.39,69,2.0,4,193.12,4,0
TEL-10684,2026-02,2.3,216,0.6,5,174.23,1,0
TEL-10684,2026-03,4.02,203,0.6,14,181.26,1,0
TEL-10684,2026-04,4.31,204,0.3,8,204.62,1,0
TEL-10684,2026-05,2.96,119,0.8,10,175.31,4,0
TEL-10684,2026-06,2.57,104,0.7,12,178.03,1,0
TEL-10685,2026-01,26.23,197,0.3,5,473.14,3,0
TEL-10685,2026-02,39.27,277,0.5,3,448.36,4,0
TEL-10685,2026-03,28.89,259,2.2,6,422.33,4,0
TEL-10685,2026-04,28.28,232,0.1,3,477.29,3,0
TEL-10685,2026-05,25.27,277,0.1,2,521.53,4,0
TEL-10685,2026-06,28.58,245,0.2,4,533.39,3,0
TEL-10686,2026-01,6.04,83,2.8,8,162.68,2,0
TEL-10686,2026-02,4.5,151,0.1,6,134.42,4,0
TEL-10686,2026-03,3.79,193,0.2,9,101.4,2,0
TEL-10686,2026-04,5.6,132,1.0,9,140.59,2,0
TEL-10686,2026-05,5.67,222,0.2,5,149.26,2,0
TEL-10686,2026-06,5.79,184,0.0,6,141.16,1,0
TEL-10687,2026-01,9.16,187,2.0,11,283.68,1,0
TEL-10687,2026-02,19.51,267,0.5,5,258.26,2,0
TEL-10687,2026-03,15.58,332,2.1,10,285.69,4,0
TEL-10687,2026-04,17.0,177,0.2,7,250.19,2,0
TEL-10687,2026-05,15.05,280,0.8,15,275.99,1,0
TEL-10687,2026-06,13.44,206,1.1,13,270.35,1,0
TEL-10688,2026-01,21.35,234,0.3,19,380.37,1,0
TEL-10688,2026-02,20.91,390,0.1,17,322.94,1,0
TEL-10688,2026-03,18.11,315,0.3,14,307.69,3,0
TEL-10688,2026-04,16.48,309,0.2,15,353.17,2,0
TEL-10688,2026-05,20.26,322,0.1,15,357.84,3,0
TEL-10688,2026-06,18.77,345,0.5,6,397.64,3,0
TEL-10689,2026-01,15.95,458,8.6,14,691.41,1,0
TEL-10689,2026-02,21.6,593,6.4,13,741.12,2,0
TEL-10689,2026-03,20.0,719,24.5,13,702.44,4,0
TEL-10689,2026-04,16.33,658,23.8,15,722.46,4,0
TEL-10689,2026-05,12.24,903,0.9,16,701.31,3,0
TEL-10689,2026-06,19.07,572,0.6,16,838.13,4,0
TEL-10690,2026-01,3.17,533,0.2,27,126.11,3,0
TEL-10690,2026-02,2.88,1001,0.1,28,133.73,1,0
TEL-10690,2026-03,3.18,817,0.9,20,118.42,4,0
TEL-10690,2026-04,3.7,863,0.1,32,139.11,1,0
TEL-10690,2026-05,2.23,689,1.0,29,119.97,2,0
TEL-10690,2026-06,2.25,749,0.2,23,146.24,3,0
TEL-10691,2026-01,13.11,158,18.2,12,415.75,2,0
TEL-10691,2026-02,14.95,217,12.1,13,441.38,4,0
TEL-10691,2026-03,16.14,187,10.7,13,480.65,1,0
TEL-10691,2026-04,15.63,236,11.0,9,471.19,4,0
TEL-10691,2026-05,13.49,258,15.3,8,443.97,3,0
TEL-10691,2026-06,13.14,230,0.9,18,448.17,2,0
TEL-10692,2026-01,56.94,334,2.1,3,395.58,2,0
TEL-10692,2026-02,47.36,220,0.2,3,527.54,1,0
TEL-10692,2026-03,23.94,193,0.1,1,387.07,3,0
TEL-10692,2026-04,37.22,143,0.4,1,401.08,2,0
TEL-10692,2026-05,45.16,156,1.3,1,524.25,1,0
TEL-10692,2026-06,41.37,194,0.3,2,548.63,3,0
TEL-10693,2026-01,36.22,207,2.2,8,484.26,3,0
TEL-10693,2026-02,28.65,358,0.7,5,429.32,1,0
TEL-10693,2026-03,29.63,225,0.7,6,423.18,3,0
TEL-10693,2026-04,21.68,153,0.2,7,390.12,3,0
TEL-10693,2026-05,41.42,235,0.3,5,418.63,3,0
TEL-10693,2026-06,34.32,217,0.7,5,362.7,1,0
TEL-10694,2026-01,2.82,182,0.3,8,161.29,1,0
TEL-10694,2026-02,2.0,210,0.8,7,161.02,3,0
TEL-10694,2026-03,2.87,190,1.6,7,125.77,1,0
TEL-10694,2026-04,2.73,153,0.2,2,177.08,2,0
TEL-10694,2026-05,3.18,97,0.2,5,195.03,3,0
TEL-10694,2026-06,2.84,157,0.0,6,200.6,2,0
TEL-10695,2026-01,6.02,214,0.8,16,179.85,4,0
TEL-10695,2026-02,3.77,187,0.1,13,162.88,4,0
TEL-10695,2026-03,5.05,189,2.6,10,168.64,1,0
TEL-10695,2026-04,4.93,171,0.5,11,181.63,3,0
TEL-10695,2026-05,3.8,194,0.2,9,172.69,3,0
TEL-10695,2026-06,6.48,155,0.3,11,169.93,2,0
TEL-10696,2026-01,2.47,533,0.6,38,309.42,3,0
TEL-10696,2026-02,4.51,269,1.4,27,288.58,1,0
TEL-10696,2026-03,4.14,411,0.4,38,287.07,3,0
TEL-10696,2026-04,4.31,423,0.6,34,305.0,2,0
TEL-10696,2026-05,3.83,461,3.0,45,329.07,2,0
TEL-10696,2026-06,4.41,524,0.7,52,324.16,1,0
TEL-10697,2026-01,3.5,187,0.6,11,177.37,2,0
TEL-10697,2026-02,3.41,119,1.0,8,263.36,4,0
TEL-10697,2026-03,3.08,174,0.4,12,228.3,1,0
TEL-10697,2026-04,3.43,196,0.5,6,212.41,2,0
TEL-10697,2026-05,4.09,77,0.6,2,270.69,3,0
TEL-10697,2026-06,4.2,163,0.1,6,243.08,4,0
TEL-10698,2026-01,3.34,350,0.3,9,181.66,1,0
TEL-10698,2026-02,3.43,289,0.4,6,218.29,4,0
TEL-10698,2026-03,2.93,176,0.9,3,195.34,2,0
TEL-10698,2026-04,2.85,250,0.8,7,200.27,1,0
TEL-10698,2026-05,3.15,318,0.6,9,191.8,3,0
TEL-10698,2026-06,4.27,277,1.1,3,217.67,3,0
TEL-10699,2026-01,8.41,158,1.2,0,231.25,2,0
TEL-10699,2026-02,6.59,182,1.1,11,213.08,3,0
TEL-10699,2026-03,6.82,301,0.4,7,208.15,1,0
TEL-10699,2026-04,8.01,124,0.9,11,229.26,2,0
TEL-10699,2026-05,9.58,188,0.0,4,204.77,1,0
TEL-10699,2026-06,7.33,236,0.3,11,256.79,2,0
TEL-10700,2026-01,1.11,240,2.3,12,77.68,3,0
TEL-10700,2026-02,0.85,264,0.2,11,91.4,1,0
TEL-10700,2026-03,0.96,165,1.1,6,82.54,1,0
TEL-10700,2026-04,1.51,257,0.3,11,82.82,3,0
TEL-10700,2026-05,0.75,161,0.1,11,96.24,4,0
TEL-10700,2026-06,1.37,256,0.3,10,102.3,4,0
TEL-10701,2026-01,2.77,226,0.4,28,329.67,4,0
TEL-10701,2026-02,2.61,256,3.7,29,292.05,1,0
TEL-10701,2026-03,2.29,95,0.1,23,346.94,4,0
TEL-10701,2026-04,2.31,261,1.6,29,351.52,1,0
TEL-10701,2026-05,2.17,184,2.1,22,341.44,1,0
TEL-10701,2026-06,2.37,202,0.6,30,319.41,3,0
TEL-10702,2026-01,12.62,351,0.0,10,359.58,4,0
TEL-10702,2026-02,13.71,265,0.3,20,326.93,2,0
TEL-10702,2026-03,17.84,299,0.1,23,296.07,3,0
TEL-10702,2026-04,18.15,132,0.2,20,320.2,1,0
TEL-10702,2026-05,11.26,374,0.0,12,346.89,3,0
TEL-10702,2026-06,18.33,406,0.5,25,372.97,1,0
TEL-10703,2026-01,11.49,191,2.0,6,425.77,2,0
TEL-10703,2026-02,27.38,142,1.0,9,479.55,2,0
TEL-10703,2026-03,27.36,186,0.2,4,411.44,4,0
TEL-10703,2026-04,23.8,243,1.3,7,507.86,1,0
TEL-10703,2026-05,30.35,272,1.9,4,428.21,3,0
TEL-10703,2026-06,18.45,120,0.6,5,488.77,4,0
TEL-10704,2026-01,25.79,316,0.1,13,493.42,3,0
TEL-10704,2026-02,27.12,265,0.2,7,572.64,3,0
TEL-10704,2026-03,41.11,228,1.6,19,539.09,1,0
TEL-10704,2026-04,4.0,313,0.0,13,576.09,1,0
TEL-10704,2026-05,30.32,374,0.4,14,417.08,1,0
TEL-10704,2026-06,26.48,254,1.0,17,525.66,4,0
TEL-10705,2026-01,6.09,158,1.7,8,207.08,2,0
TEL-10705,2026-02,5.76,105,0.8,7,197.89,2,0
TEL-10705,2026-03,7.41,185,1.6,11,204.57,4,0
TEL-10705,2026-04,5.31,100,0.0,7,240.52,1,0
TEL-10705,2026-05,7.55,89,2.4,13,204.1,1,0
TEL-10705,2026-06,5.63,80,0.0,10,185.83,1,0
TEL-10706,2026-01,31.26,248,2.0,5,300.2,4,0
TEL-10706,2026-02,32.8,217,0.4,12,295.66,2,0
TEL-10706,2026-03,22.09,217,0.7,8,0.0,1,0
TEL-10706,2026-04,29.59,347,0.7,4,401.68,3,0
TEL-10706,2026-05,21.37,303,0.9,8,325.97,3,0
TEL-10706,2026-06,31.1,326,0.4,9,264.55,2,0
TEL-10707,2026-01,3.85,115,0.0,13,341.32,3,0
TEL-10707,2026-02,3.33,120,0.7,8,301.5,4,0
TEL-10707,2026-03,2.55,124,0.0,8,291.58,4,0
TEL-10707,2026-04,3.12,85,0.4,13,330.03,2,0
TEL-10707,2026-05,3.21,111,0.7,5,332.39,2,0
TEL-10707,2026-06,2.67,127,0.1,11,357.42,3,0
TEL-10708,2026-01,33.28,193,0.5,7,385.8,3,0
TEL-10708,2026-02,34.49,230,1.2,2,458.7,2,0
TEL-10708,2026-03,34.14,109,2.8,4,473.61,3,0
TEL-10708,2026-04,40.07,147,0.5,2,476.59,1,0
TEL-10708,2026-05,38.92,145,1.1,1,384.11,3,0
TEL-10708,2026-06,45.76,226,1.3,7,503.77,3,0
TEL-10709,2026-01,5.53,131,1.1,15,184.2,1,0
TEL-10709,2026-02,3.24,207,0.1,12,188.7,4,0
TEL-10709,2026-03,4.25,173,1.1,9,168.19,2,0
TEL-10709,2026-04,4.85,149,0.5,15,189.63,2,0
TEL-10709,2026-05,5.48,180,0.3,15,219.38,3,0
TEL-10709,2026-06,5.31,232,1.4,10,195.64,1,0
TEL-10710,2026-01,1.81,136,1.0,2,169.11,4,0
TEL-10710,2026-02,3.03,149,0.5,3,166.15,2,0
TEL-10710,2026-03,2.59,95,3.7,5,154.7,2,0
TEL-10710,2026-04,3.07,54,1.6,7,183.42,1,0
TEL-10710,2026-05,1.85,127,2.5,0,210.4,4,0
TEL-10710,2026-06,2.57,82,0.7,5,164.9,2,0
TEL-10711,2026-01,3.51,400,0.1,42,182.42,4,0
TEL-10711,2026-02,3.4,374,0.2,45,180.01,4,0
TEL-10711,2026-03,4.04,645,1.6,36,187.74,1,0
TEL-10711,2026-04,2.42,603,1.2,31,183.35,1,0
TEL-10711,2026-05,2.64,407,0.2,31,192.35,1,0
TEL-10711,2026-06,3.33,423,0.4,47,213.16,1,0
TEL-10712,2026-01,20.82,93,0.2,2,403.16,3,0
TEL-10712,2026-02,22.26,191,0.1,2,433.75,1,0
TEL-10712,2026-03,35.13,134,0.1,2,457.62,1,0
TEL-10712,2026-04,22.74,108,0.4,1,474.03,2,0
TEL-10712,2026-05,31.22,77,1.3,2,415.05,4,0
TEL-10712,2026-06,15.82,82,0.6,4,482.8,2,0
TEL-10713,2026-01,33.98,156,2.5,4,505.48,4,0
TEL-10713,2026-02,28.55,298,1.9,9,469.56,3,0
TEL-10713,2026-03,27.51,241,1.2,6,537.53,4,0
TEL-10713,2026-04,33.26,242,0.0,7,548.11,2,0
TEL-10713,2026-05,26.08,193,0.3,7,488.51,1,0
TEL-10713,2026-06,22.65,275,0.1,6,492.86,3,0
TEL-10714,2026-01,3.1,447,1.1,37,147.94,2,0
TEL-10714,2026-02,3.28,245,0.7,43,164.39,3,0
TEL-10714,2026-03,3.39,405,1.3,41,145.71,3,0
TEL-10714,2026-04,1.5,238,0.6,27,153.03,2,0
TEL-10714,2026-05,1.97,387,1.7,36,174.15,2,0
TEL-10714,2026-06,4.25,282,0.1,32,173.22,1,0
TEL-10715,2026-01,27.89,165,2.6,4,390.98,4,0
TEL-10715,2026-02,25.72,186,1.2,2,426.9,3,0
TEL-10715,2026-03,39.4,93,0.2,5,367.05,1,0
TEL-10715,2026-04,25.64,208,1.9,1,399.39,4,0
TEL-10715,2026-05,23.2,134,3.0,3,461.78,3,0
TEL-10715,2026-06,39.47,167,0.5,3,411.59,1,0
TEL-10716,2026-01,2.6,83,0.8,4,308.62,2,0
TEL-10716,2026-02,2.73,41,0.9,11,314.63,4,0
TEL-10716,2026-03,3.4,77,0.4,7,288.35,3,0
TEL-10716,2026-04,2.4,92,1.7,5,310.51,1,0
TEL-10716,2026-05,2.89,92,0.5,8,292.38,3,0
TEL-10716,2026-06,3.24,73,0.4,5,303.03,2,0
TEL-10717,2026-01,16.95,244,0.8,16,364.26,3,0
TEL-10717,2026-02,17.03,360,0.7,6,320.45,3,0
TEL-10717,2026-03,13.74,332,0.7,26,385.77,1,0
TEL-10717,2026-04,16.85,359,0.3,18,387.83,4,0
TEL-10717,2026-05,20.28,392,0.5,21,384.38,4,0
TEL-10717,2026-06,19.59,431,0.1,30,359.11,4,0
TEL-10718,2026-01,15.27,240,0.2,13,373.93,2,0
TEL-10718,2026-02,21.28,426,0.2,23,420.42,3,0
TEL-10718,2026-03,28.69,255,1.0,13,370.53,2,0
TEL-10718,2026-04,20.27,253,0.0,16,449.23,2,0
TEL-10718,2026-05,19.36,191,0.1,15,430.17,2,0
TEL-10718,2026-06,17.69,230,0.2,18,404.95,1,0
TEL-10719,2026-01,2.1,429,0.1,34,427.73,2,0
TEL-10719,2026-02,1.85,262,2.0,41,424.4,4,0
TEL-10719,2026-03,2.06,587,0.8,40,403.62,2,0
TEL-10719,2026-04,1.28,366,1.0,22,414.94,1,0
TEL-10719,2026-05,2.02,617,0.7,27,332.28,3,0
TEL-10719,2026-06,1.88,404,0.8,30,386.11,4,0
TEL-10720,2026-01,20.85,248,0.7,16,176.66,3,0
TEL-10720,2026-02,12.05,309,0.6,11,190.44,3,0
TEL-10720,2026-03,14.81,333,0.4,21,175.62,3,0
TEL-10720,2026-04,12.58,240,0.4,23,181.29,4,0
TEL-10720,2026-05,9.49,258,1.4,8,177.34,4,0
TEL-10720,2026-06,11.79,231,0.4,10,167.43,4,0
TEL-10721,2026-01,18.55,449,0.8,18,489.32,4,0
TEL-10721,2026-02,21.24,330,0.6,11,443.75,2,0
TEL-10721,2026-03,0.3,32,1501.3,19,438.97,4,0
TEL-10721,2026-04,0.25,113,1918.3,18,454.61,4,0
TEL-10721,2026-05,0.16,69,1979.0,17,385.14,2,0
TEL-10721,2026-06,0.04,48,1749.3,18,366.92,1,0
TEL-10722,2026-01,30.54,280,0.6,6,623.83,1,0
TEL-10722,2026-02,39.79,190,1.2,6,658.28,1,0
TEL-10722,2026-03,51.62,222,1.2,10,618.82,3,0
TEL-10722,2026-04,42.34,199,0.2,9,764.87,4,0
TEL-10722,2026-05,58.81,122,0.0,6,735.16,2,0
TEL-10722,2026-06,44.81,210,0.0,7,536.81,1,0
TEL-10723,2026-01,16.65,165,1.2,14,151.05,3,0
TEL-10723,2026-02,11.64,139,0.8,15,156.42,2,0
TEL-10723,2026-03,13.43,149,1.1,18,139.65,3,0
TEL-10723,2026-04,15.13,137,0.3,16,146.57,3,0
TEL-10723,2026-05,14.23,133,1.4,12,158.9,3,0
TEL-10723,2026-06,12.86,140,0.7,18,159.08,4,0
TEL-10724,2026-01,34.17,217,0.1,11,316.59,4,0
TEL-10724,2026-02,35.16,265,1.0,4,334.11,2,0
TEL-10724,2026-03,36.33,175,1.3,6,303.01,4,0
TEL-10724,2026-04,22.78,286,1.5,7,349.23,2,0
TEL-10724,2026-05,44.18,181,0.5,5,297.99,4,0
TEL-10724,2026-06,32.86,165,0.0,7,410.35,3,0
TEL-10725,2026-01,25.64,69,2.7,13,387.13,1,0
TEL-10725,2026-02,35.88,239,0.2,11,399.02,2,0
TEL-10725,2026-03,36.08,308,1.6,6,413.73,3,0
TEL-10725,2026-04,30.38,196,0.5,6,435.97,2,0
TEL-10725,2026-05,36.48,192,0.8,6,355.23,3,0
TEL-10725,2026-06,21.66,222,2.8,12,411.76,1,0
TEL-10726,2026-01,1.91,362,11.9,18,363.74,3,0
TEL-10726,2026-02,6.4,341,30.6,9,336.04,1,0
TEL-10726,2026-03,0.33,72,2809.8,10,319.2,1,0
TEL-10726,2026-04,0.2,112,2558.3,4,323.21,3,0
TEL-10726,2026-05,0.07,36,1931.8,11,338.88,4,0
TEL-10726,2026-06,0.12,35,2888.3,11,250.3,1,0
TEL-10727,2026-01,10.07,276,1.8,12,217.11,2,0
TEL-10727,2026-02,8.04,151,0.1,18,180.4,4,0
TEL-10727,2026-03,16.51,236,0.2,18,210.05,4,0
TEL-10727,2026-04,12.7,289,0.4,13,172.32,1,0
TEL-10727,2026-05,17.74,123,0.1,17,214.69,4,0
TEL-10727,2026-06,16.29,264,0.4,19,213.78,1,0
TEL-10728,2026-01,2.9,891,0.2,40,232.5,2,0
TEL-10728,2026-02,1.94,368,0.8,31,195.4,2,0
TEL-10728,2026-03,2.64,809,2.6,44,221.44,1,0
TEL-10728,2026-04,2.54,500,0.7,48,192.97,3,0
TEL-10728,2026-05,2.62,535,1.1,43,222.28,4,0
TEL-10728,2026-06,3.57,712,0.1,35,257.75,3,0
TEL-10729,2026-01,7.84,66,1.1,1,203.98,4,0
TEL-10729,2026-02,12.1,114,1.6,1,234.97,3,0
TEL-10729,2026-03,10.6,65,1.6,2,215.37,2,0
TEL-10729,2026-04,13.74,107,0.2,1,259.6,2,0
TEL-10729,2026-05,12.84,102,1.1,0,242.97,4,0
TEL-10729,2026-06,9.04,70,0.1,0,259.29,4,0
TEL-10730,2026-01,4.85,83,12.2,7,518.72,2,0
TEL-10730,2026-02,6.56,84,27.8,6,551.43,1,0
TEL-10730,2026-03,5.95,101,21.7,7,521.5,1,0
TEL-10730,2026-04,5.76,120,10.6,12,480.69,2,0
TEL-10730,2026-05,3.73,103,3.0,4,532.76,4,0
TEL-10730,2026-06,3.85,76,0.3,7,503.07,2,0
TEL-10731,2026-01,20.67,180,0.3,6,495.36,4,0
TEL-10731,2026-02,19.84,264,0.7,6,481.28,4,0
TEL-10731,2026-03,24.47,335,1.1,4,547.5,3,0
TEL-10731,2026-04,15.28,389,2.7,4,0.0,3,0
TEL-10731,2026-05,24.37,381,0.1,7,504.82,3,0
TEL-10731,2026-06,18.34,278,0.0,3,579.37,3,0
TEL-10732,2026-01,5.57,75,0.2,4,158.0,3,0
TEL-10732,2026-02,6.21,114,0.7,5,161.79,1,0
TEL-10732,2026-03,4.95,50,1.5,7,184.01,4,0
TEL-10732,2026-04,4.17,116,0.1,7,153.83,4,0
TEL-10732,2026-05,3.38,62,0.6,8,136.16,4,0
TEL-10732,2026-06,4.88,103,1.2,4,159.94,2,0
TEL-10733,2026-01,2.04,677,0.4,45,138.74,4,0
TEL-10733,2026-02,2.95,784,1.2,64,134.4,2,0
TEL-10733,2026-03,2.48,413,1.1,38,132.86,1,0
TEL-10733,2026-04,2.72,801,1.9,47,119.05,2,0
TEL-10733,2026-05,2.69,854,2.5,32,133.32,1,0
TEL-10733,2026-06,2.61,367,0.0,40,104.17,1,0
TEL-10734,2026-01,3.8,186,0.9,8,181.92,2,0
TEL-10734,2026-02,4.87,103,0.2,6,276.39,2,0
TEL-10734,2026-03,5.25,155,0.6,9,238.08,3,0
TEL-10734,2026-04,3.56,159,0.1,12,212.3,1,0
TEL-10734,2026-05,4.19,172,0.9,7,220.9,3,0
TEL-10734,2026-06,5.29,81,0.1,12,256.51,2,0
TEL-10735,2026-01,36.48,201,0.7,5,439.54,4,0
TEL-10735,2026-02,39.51,176,1.7,3,516.55,1,0
TEL-10735,2026-03,34.13,166,1.5,3,530.91,1,0
TEL-10735,2026-04,35.44,112,0.5,2,405.36,2,0
TEL-10735,2026-05,36.29,155,1.6,2,458.08,3,0
TEL-10735,2026-06,28.64,110,0.1,4,503.92,3,0
TEL-10736,2026-01,29.93,156,0.3,8,476.69,4,0
TEL-10736,2026-02,40.14,216,0.1,10,441.45,3,0
TEL-10736,2026-03,43.86,228,1.0,9,481.28,1,0
TEL-10736,2026-04,29.95,277,0.1,6,403.22,1,0
TEL-10736,2026-05,28.78,267,0.6,11,429.26,1,0
TEL-10736,2026-06,43.91,411,0.8,14,461.65,3,0
TEL-10737,2026-01,22.59,277,0.4,10,355.54,4,0
TEL-10737,2026-02,14.09,303,0.5,19,436.74,2,0
TEL-10737,2026-03,18.75,250,0.4,15,425.16,2,0
TEL-10737,2026-04,20.91,243,0.8,14,364.21,2,0
TEL-10737,2026-05,12.13,210,0.9,13,340.93,2,0
TEL-10737,2026-06,19.42,319,1.5,18,387.82,1,0
TEL-10738,2026-01,18.15,553,0.0,6,333.57,3,0
TEL-10738,2026-02,13.72,331,0.0,12,290.45,3,0
TEL-10738,2026-03,0.22,47,1925.7,17,330.61,2,0
TEL-10738,2026-04,0.15,87,2451.2,14,328.37,2,0
TEL-10738,2026-05,0.2,73,2388.1,10,314.51,2,0
TEL-10738,2026-06,0.29,74,2503.8,12,331.52,4,0
TEL-10739,2026-01,3.58,184,1.3,5,152.75,4,0
TEL-10739,2026-02,6.94,216,0.5,6,130.61,1,0
TEL-10739,2026-03,4.54,148,1.5,6,152.92,3,0
TEL-10739,2026-04,4.55,119,0.1,7,146.04,2,0
TEL-10739,2026-05,4.97,142,0.3,7,148.18,4,0
TEL-10739,2026-06,4.86,189,0.3,4,130.79,3,0
TEL-10740,2026-01,3.98,87,0.3,16,123.41,2,0
TEL-10740,2026-02,4.0,79,1.0,5,97.04,4,0
TEL-10740,2026-03,4.4,81,0.2,7,127.47,2,0
TEL-10740,2026-04,3.21,109,0.3,12,113.03,1,0
TEL-10740,2026-05,2.95,108,0.1,7,116.88,2,0
TEL-10740,2026-06,4.41,64,0.0,16,83.66,4,0
TEL-10741,2026-01,2.38,338,1.5,28,156.38,2,0
TEL-10741,2026-02,2.02,321,0.2,25,119.15,4,0
TEL-10741,2026-03,1.67,177,1.0,40,136.01,1,0
TEL-10741,2026-04,3.0,378,0.3,35,150.8,2,0
TEL-10741,2026-05,2.65,350,0.1,36,164.68,2,0
TEL-10741,2026-06,2.39,79,0.7,32,140.93,2,0
TEL-10742,2026-01,43.37,215,3.5,7,573.43,3,0
TEL-10742,2026-02,38.88,253,0.1,6,571.23,1,0
TEL-10742,2026-03,29.42,192,1.9,4,494.68,3,0
TEL-10742,2026-04,25.13,327,1.3,10,732.1,2,0
TEL-10742,2026-05,16.62,273,1.5,8,775.57,2,0
TEL-10742,2026-06,39.54,317,0.5,6,674.8,2,0
TEL-10743,2026-01,28.2,331,1.5,8,508.24,1,0
TEL-10743,2026-02,43.58,414,0.4,5,371.59,1,0
TEL-10743,2026-03,33.62,107,0.4,9,449.44,1,0
TEL-10743,2026-04,38.2,247,0.5,7,387.11,3,0
TEL-10743,2026-05,26.82,245,0.2,10,431.47,3,0
TEL-10743,2026-06,27.23,336,0.9,6,430.0,4,0
TEL-10744,2026-01,18.19,518,0.2,18,378.97,2,0
TEL-10744,2026-02,12.49,466,1.9,27,338.48,1,0
TEL-10744,2026-03,23.42,550,0.0,32,359.97,3,0
TEL-10744,2026-04,19.25,244,0.0,25,310.18,1,0
TEL-10744,2026-05,21.48,299,1.1,22,374.75,1,0
TEL-10744,2026-06,18.6,273,0.2,21,352.55,2,0
TEL-10745,2026-01,21.49,331,21.1,14,491.07,4,0
TEL-10745,2026-02,22.03,481,4.5,17,637.17,2,0
TEL-10745,2026-03,26.27,276,6.9,21,591.96,1,0
TEL-10745,2026-04,31.28,407,31.1,12,513.65,3,0
TEL-10745,2026-05,15.62,358,16.8,13,558.69,3,0
TEL-10745,2026-06,20.58,405,13.6,14,591.53,1,0
TEL-10746,2026-01,22.92,591,0.3,17,255.93,4,0
TEL-10746,2026-02,15.19,306,0.0,19,324.9,3,0
TEL-10746,2026-03,22.17,485,0.2,24,306.89,3,0
TEL-10746,2026-04,25.51,212,0.2,21,391.82,3,0
TEL-10746,2026-05,23.0,526,0.5,17,302.25,3,0
TEL-10746,2026-06,20.19,393,0.8,14,376.71,3,0
TEL-10747,2026-01,2.21,385,0.0,33,192.38,1,0
TEL-10747,2026-02,2.1,375,0.9,54,215.18,1,0
TEL-10747,2026-03,3.72,356,2.3,32,200.57,2,0
TEL-10747,2026-04,2.34,324,3.2,25,206.95,3,0
TEL-10747,2026-05,2.47,377,0.1,30,200.62,2,0
TEL-10747,2026-06,2.57,263,0.4,28,226.83,2,0
TEL-10748,2026-01,4.71,84,0.3,3,126.96,4,0
TEL-10748,2026-02,1.68,127,0.5,4,154.12,2,0
TEL-10748,2026-03,5.61,160,1.2,6,165.12,1,0
TEL-10748,2026-04,3.98,145,0.2,3,135.1,4,0
TEL-10748,2026-05,4.25,144,0.4,2,168.7,2,0
TEL-10748,2026-06,3.92,128,0.4,7,138.95,3,0
TEL-10749,2026-01,3.91,566,0.1,23,256.84,3,0
TEL-10749,2026-02,2.43,618,0.2,35,274.9,4,0
TEL-10749,2026-03,3.45,646,0.2,22,246.42,3,0
TEL-10749,2026-04,2.46,909,0.2,26,242.81,3,0
TEL-10749,2026-05,2.4,448,1.6,21,225.99,3,0
TEL-10749,2026-06,2.67,908,2.3,35,263.54,3,0
TEL-10750,2026-01,5.08,201,12.5,15,364.96,3,0
TEL-10750,2026-02,3.39,195,6.8,10,397.44,4,0
TEL-10750,2026-03,3.81,168,38.3,12,410.84,4,0
TEL-10750,2026-04,4.02,117,13.0,10,528.8,2,0
TEL-10750,2026-05,3.94,135,5.2,13,412.04,3,0
TEL-10750,2026-06,1.99,170,8.4,14,405.62,4,0
TEL-10751,2026-01,16.67,458,0.9,12,328.85,3,0
TEL-10751,2026-02,15.98,522,0.4,19,317.8,4,0
TEL-10751,2026-03,12.67,282,0.3,16,359.07,1,0
TEL-10751,2026-04,22.02,478,1.5,17,355.7,3,0
TEL-10751,2026-05,17.04,627,0.3,10,365.36,2,0
TEL-10751,2026-06,12.93,415,0.2,5,324.93,4,0
TEL-10752,2026-01,3.25,102,0.3,11,99.91,1,0
TEL-10752,2026-02,2.02,92,3.0,7,106.09,4,0
TEL-10752,2026-03,2.5,102,0.4,5,82.03,1,0
TEL-10752,2026-04,4.49,146,1.3,12,120.32,4,0
TEL-10752,2026-05,3.96,136,0.7,11,110.52,4,0
TEL-10752,2026-06,4.55,101,0.6,7,97.37,3,0
TEL-10753,2026-01,1.61,581,0.5,33,232.81,3,0
TEL-10753,2026-02,0.9,505,0.0,34,219.12,1,0
TEL-10753,2026-03,1.61,330,0.1,36,227.64,2,0
TEL-10753,2026-04,2.5,469,0.2,32,245.2,1,0
TEL-10753,2026-05,2.41,536,0.3,30,229.7,3,0
TEL-10753,2026-06,1.44,671,0.6,34,226.9,4,0
TEL-10754,2026-01,11.04,314,0.6,14,254.52,4,0
TEL-10754,2026-02,11.15,366,0.2,16,228.08,2,0
TEL-10754,2026-03,12.59,161,0.6,13,248.92,2,0
TEL-10754,2026-04,12.25,335,1.0,13,254.0,4,0
TEL-10754,2026-05,10.66,328,0.3,15,240.8,2,0
TEL-10754,2026-06,11.68,239,1.1,22,238.15,1,0
TEL-10755,2026-01,3.16,171,1.0,4,276.79,1,0
TEL-10755,2026-02,1.88,126,0.4,5,277.02,1,0
TEL-10755,2026-03,3.84,142,0.3,4,287.78,1,0
TEL-10755,2026-04,3.29,194,0.2,8,282.37,3,0
TEL-10755,2026-05,3.5,89,0.5,3,283.62,2,0
TEL-10755,2026-06,3.86,179,0.2,5,312.68,2,0
TEL-10756,2026-01,24.06,225,2.9,6,603.71,4,0
TEL-10756,2026-02,29.58,316,1.0,7,441.76,4,0
TEL-10756,2026-03,37.35,256,1.3,7,482.14,2,0
TEL-10756,2026-04,38.0,311,1.1,4,541.92,4,0
TEL-10756,2026-05,29.13,276,1.7,5,524.37,1,0
TEL-10756,2026-06,23.38,298,0.5,11,499.74,1,0
TEL-10757,2026-01,4.68,110,6.9,7,403.0,2,0
TEL-10757,2026-02,6.29,129,30.0,10,402.72,3,0
TEL-10757,2026-03,6.21,132,5.9,8,434.74,4,0
TEL-10757,2026-04,5.27,114,1.1,15,379.94,1,0
TEL-10757,2026-05,4.66,138,16.1,9,382.79,4,0
TEL-10757,2026-06,3.7,104,20.7,5,499.98,3,0
TEL-10758,2026-01,4.9,143,1.0,13,185.13,3,0
TEL-10758,2026-02,6.5,162,0.4,8,224.23,2,0
TEL-10758,2026-03,1.91,217,1.1,9,234.72,1,0
TEL-10758,2026-04,4.28,136,1.2,10,165.27,3,0
TEL-10758,2026-05,5.19,79,0.7,7,237.6,2,0
TEL-10758,2026-06,5.74,240,1.0,11,227.95,3,0
TEL-10759,2026-01,3.03,190,0.9,28,166.32,2,0
TEL-10759,2026-02,2.55,74,0.4,22,166.53,1,0
TEL-10759,2026-03,4.25,241,0.3,27,188.33,3,0
TEL-10759,2026-04,3.24,126,0.2,18,152.71,2,0
TEL-10759,2026-05,2.83,184,0.2,22,167.78,4,0
TEL-10759,2026-06,2.55,177,0.0,33,193.96,4,0
TEL-10760,2026-01,4.11,718,0.0,27,175.07,1,0
TEL-10760,2026-02,4.5,745,0.0,23,216.95,2,0
TEL-10760,2026-03,3.76,839,0.3,36,157.76,4,0
TEL-10760,2026-04,3.39,628,0.4,35,228.23,1,0
TEL-10760,2026-05,4.76,535,0.5,26,194.98,3,0
TEL-10760,2026-06,4.06,576,0.5,28,216.35,3,0
TEL-10761,2026-01,2.96,658,1.3,43,317.47,2,0
TEL-10761,2026-02,2.55,819,0.7,37,357.17,2,0
TEL-10761,2026-03,2.47,755,0.4,33,364.55,3,0
TEL-10761,2026-04,2.57,727,0.3,38,329.89,1,0
TEL-10761,2026-05,2.06,535,0.9,34,329.32,4,0
TEL-10761,2026-06,2.41,765,2.7,45,340.79,4,0
TEL-10762,2026-01,2.09,122,0.9,14,161.82,3,0
TEL-10762,2026-02,3.72,81,0.0,11,143.5,2,0
TEL-10762,2026-03,1.97,110,0.3,13,140.75,4,0
TEL-10762,2026-04,2.4,85,0.1,14,118.54,4,0
TEL-10762,2026-05,2.24,126,0.7,12,129.54,3,0
TEL-10762,2026-06,2.21,59,0.3,12,141.3,3,0
TEL-10763,2026-01,34.01,225,0.0,8,501.51,2,0
TEL-10763,2026-02,44.56,202,0.5,2,518.21,4,0
TEL-10763,2026-03,0.21,51,1481.0,5,562.94,1,0
TEL-10763,2026-04,0.37,104,2327.9,8,519.42,4,0
TEL-10763,2026-05,0.34,84,2470.4,3,598.12,1,0
TEL-10763,2026-06,0.14,93,2469.7,1,553.52,3,0
TEL-10764,2026-01,18.43,341,0.1,19,468.29,3,0
TEL-10764,2026-02,26.0,364,0.2,26,392.83,1,0
TEL-10764,2026-03,15.33,444,2.2,15,520.6,4,0
TEL-10764,2026-04,23.2,596,0.3,22,498.84,3,0
TEL-10764,2026-05,13.43,529,0.1,11,384.72,1,0
TEL-10764,2026-06,10.13,443,0.7,8,481.2,3,0
TEL-10765,2026-01,25.92,307,1.5,18,405.19,3,0
TEL-10765,2026-02,21.53,257,0.3,21,372.29,3,0
TEL-10765,2026-03,27.9,212,1.7,12,393.29,1,0
TEL-10765,2026-04,24.34,226,0.8,20,448.71,1,0
TEL-10765,2026-05,20.23,358,0.2,9,353.74,2,0
TEL-10765,2026-06,26.93,153,1.6,18,386.2,1,0
TEL-10766,2026-01,3.35,95,1.0,7,183.5,4,0
TEL-10766,2026-02,3.55,87,0.8,8,212.54,2,0
TEL-10766,2026-03,3.88,74,0.4,10,180.94,1,0
TEL-10766,2026-04,3.97,83,0.2,11,215.57,4,0
TEL-10766,2026-05,4.0,111,2.0,8,208.1,4,0
TEL-10766,2026-06,1.58,90,0.3,10,171.14,2,0
TEL-10767,2026-01,31.46,266,0.8,1,543.61,3,0
TEL-10767,2026-02,44.68,278,0.1,2,535.79,3,0
TEL-10767,2026-03,39.79,167,0.1,5,553.43,4,0
TEL-10767,2026-04,34.36,214,1.3,5,392.28,4,0
TEL-10767,2026-05,49.76,420,0.4,1,462.7,1,0
TEL-10767,2026-06,57.84,364,0.8,4,518.93,2,0
TEL-10768,2026-01,31.34,268,0.8,16,461.23,3,0
TEL-10768,2026-02,41.63,158,2.5,4,460.62,1,0
TEL-10768,2026-03,33.75,242,0.8,11,402.57,2,0
TEL-10768,2026-04,33.08,233,0.3,11,417.2,2,0
TEL-10768,2026-05,41.87,212,0.3,11,430.27,4,0
TEL-10768,2026-06,32.32,331,1.6,5,428.15,3,0
TEL-10769,2026-01,22.55,377,0.1,8,403.15,4,0
TEL-10769,2026-02,14.64,449,0.2,21,384.79,2,0
TEL-10769,2026-03,12.44,360,1.1,20,416.19,1,0
TEL-10769,2026-04,18.67,282,0.4,10,368.46,1,0
TEL-10769,2026-05,19.1,372,0.4,16,382.52,2,0
TEL-10769,2026-06,12.28,319,0.8,13,426.35,1,0
TEL-10770,2026-01,1.78,204,0.1,10,205.82,1,0
TEL-10770,2026-02,2.17,155,0.3,5,158.57,3,0
TEL-10770,2026-03,2.01,176,0.1,9,181.45,4,0
TEL-10770,2026-04,2.59,195,0.5,6,168.91,3,0
TEL-10770,2026-05,1.86,199,0.4,8,180.52,3,0
TEL-10770,2026-06,3.29,125,2.3,10,174.55,3,0
TEL-10771,2026-01,3.06,577,0.4,29,241.39,4,0
TEL-10771,2026-02,3.86,549,0.2,29,287.02,2,0
TEL-10771,2026-03,3.15,470,1.0,29,297.61,2,0
TEL-10771,2026-04,3.91,461,0.6,28,282.31,1,0
TEL-10771,2026-05,3.74,495,1.0,45,333.78,2,0
TEL-10771,2026-06,5.65,432,1.3,34,289.27,2,0
TEL-10772,2026-01,19.81,406,0.0,13,327.53,4,0
TEL-10772,2026-02,24.97,546,0.2,12,274.44,3,0
TEL-10772,2026-03,20.13,355,0.4,14,258.65,4,0
TEL-10772,2026-04,26.04,404,1.8,15,246.97,2,0
TEL-10772,2026-05,15.56,237,0.5,18,278.12,3,0
TEL-10772,2026-06,15.15,457,0.1,12,229.58,2,0
TEL-10773,2026-01,6.16,58,1.1,2,219.78,2,0
TEL-10773,2026-02,4.05,87,0.4,12,236.38,1,0
TEL-10773,2026-03,4.32,102,0.9,6,207.88,1,0
TEL-10773,2026-04,3.18,72,1.8,12,211.71,1,0
TEL-10773,2026-05,2.06,78,1.8,7,195.26,2,0
TEL-10773,2026-06,5.22,80,2.0,4,225.35,3,0
TEL-10774,2026-01,20.72,248,0.4,4,349.31,3,0
TEL-10774,2026-02,32.5,218,0.2,0,422.08,2,0
TEL-10774,2026-03,24.93,282,0.3,5,452.76,2,0
TEL-10774,2026-04,29.86,123,0.4,2,349.13,3,0
TEL-10774,2026-05,19.67,245,1.1,2,402.91,3,0
TEL-10774,2026-06,25.88,249,3.3,2,435.18,4,0
TEL-10775,2026-01,6.69,228,11.7,11,419.52,2,0
TEL-10775,2026-02,6.38,195,3.2,10,434.41,3,0
TEL-10775,2026-03,5.72,217,1.6,9,464.06,1,0
TEL-10775,2026-04,7.89,325,16.0,9,365.56,3,0
TEL-10775,2026-05,6.16,220,7.3,11,439.65,2,0
TEL-10775,2026-06,4.85,177,7.8,9,445.71,1,0
TEL-10776,2026-01,5.26,197,1.7,4,352.32,1,0
TEL-10776,2026-02,3.05,169,0.7,2,286.35,2,0
TEL-10776,2026-03,5.01,169,0.5,6,332.57,3,0
TEL-10776,2026-04,5.49,141,0.9,5,346.45,2,0
TEL-10776,2026-05,3.82,153,0.0,10,312.32,3,0
TEL-10776,2026-06,5.02,138,0.1,7,330.77,2,0
TEL-10777,2026-01,16.72,247,0.1,4,312.33,1,0
TEL-10777,2026-02,15.16,296,0.8,3,321.69,1,0
TEL-10777,2026-03,18.64,228,0.8,6,347.85,3,0
TEL-10777,2026-04,26.26,201,0.7,7,311.73,2,0
TEL-10777,2026-05,26.19,152,1.9,4,0.0,3,0
TEL-10777,2026-06,19.98,254,0.0,2,327.2,4,0
TEL-10778,2026-01,9.0,232,0.1,15,286.45,1,0
TEL-10778,2026-02,10.53,389,0.1,14,324.75,1,0
TEL-10778,2026-03,13.81,221,0.0,19,260.67,4,0
TEL-10778,2026-04,13.91,375,1.8,14,323.47,3,0
TEL-10778,2026-05,20.68,245,0.1,10,283.68,3,0
TEL-10778,2026-06,19.85,299,1.9,11,263.15,4,0
TEL-10779,2026-01,3.95,123,0.8,9,161.37,3,0
TEL-10779,2026-02,5.02,122,0.1,10,168.82,4,0
TEL-10779,2026-03,6.2,147,0.1,9,146.17,4,0
TEL-10779,2026-04,5.39,167,3.4,6,131.05,4,0
TEL-10779,2026-05,6.56,94,0.4,8,131.34,4,0
TEL-10779,2026-06,2.51,178,0.7,9,148.5,1,0
TEL-10780,2026-01,20.69,189,1.0,5,396.49,1,0
TEL-10780,2026-02,26.51,156,0.1,0,425.04,2,0
TEL-10780,2026-03,31.75,212,1.1,0,312.02,4,0
TEL-10780,2026-04,26.26,174,0.5,3,327.7,4,0
TEL-10780,2026-05,31.32,211,0.8,2,310.96,4,0
TEL-10780,2026-06,40.3,160,1.3,2,335.04,2,0
TEL-10781,2026-01,19.16,213,1.2,8,377.02,1,0
TEL-10781,2026-02,25.02,209,0.8,10,372.24,2,0
TEL-10781,2026-03,18.76,209,0.9,6,308.17,4,0
TEL-10781,2026-04,20.37,204,0.2,3,334.52,3,0
TEL-10781,2026-05,21.12,146,1.2,8,314.67,2,0
TEL-10781,2026-06,23.86,192,1.5,2,363.46,2,0
TEL-10782,2026-01,1.5,841,0.0,46,335.01,4,0
TEL-10782,2026-02,1.6,508,0.4,40,306.87,3,0
TEL-10782,2026-03,1.23,332,4.3,29,319.46,3,0
TEL-10782,2026-04,1.64,465,0.1,29,311.58,1,0
TEL-10782,2026-05,1.86,282,0.2,43,290.19,2,0
TEL-10782,2026-06,1.98,720,2.9,44,356.82,1,0
TEL-10783,2026-01,3.69,121,0.1,7,187.24,2,0
TEL-10783,2026-02,2.78,121,0.1,6,185.56,3,0
TEL-10783,2026-03,3.71,94,0.0,6,208.41,1,0
TEL-10783,2026-04,3.2,116,0.2,8,171.39,2,0
TEL-10783,2026-05,3.3,139,4.3,5,186.92,3,0
TEL-10783,2026-06,4.21,112,0.5,3,176.1,1,0
TEL-10784,2026-01,12.11,431,12.9,9,513.74,3,0
TEL-10784,2026-02,14.72,314,26.9,12,500.43,4,0
TEL-10784,2026-03,15.56,343,0.2,17,508.57,2,0
TEL-10784,2026-04,12.2,391,3.4,11,602.36,1,0
TEL-10784,2026-05,20.4,346,4.0,22,565.05,1,0
TEL-10784,2026-06,18.8,264,6.8,12,545.76,1,0
TEL-10785,2026-01,1.4,250,0.0,44,197.6,1,0
TEL-10785,2026-02,2.05,248,0.7,40,209.34,3,0
TEL-10785,2026-03,2.44,205,0.3,39,204.03,1,0
TEL-10785,2026-04,2.06,226,0.0,39,191.43,3,0
TEL-10785,2026-05,0.9,296,1.4,21,237.55,4,0
TEL-10785,2026-06,2.02,434,0.1,31,213.83,4,0
TEL-10786,2026-01,50.46,164,2.6,10,531.78,4,0
TEL-10786,2026-02,49.2,124,0.5,10,438.37,3,0
TEL-10786,2026-03,60.82,71,0.1,14,358.2,1,0
TEL-10786,2026-04,30.25,67,0.2,6,523.66,4,0
TEL-10786,2026-05,41.17,128,0.9,7,445.61,3,0
TEL-10786,2026-06,36.6,141,1.2,9,481.35,2,0
TEL-10787,2026-01,32.33,128,0.4,2,478.48,3,0
TEL-10787,2026-02,28.05,141,0.7,5,634.95,4,0
TEL-10787,2026-03,46.55,124,0.4,4,543.07,3,0
TEL-10787,2026-04,34.67,90,2.2,5,493.64,4,0
TEL-10787,2026-05,52.95,149,0.7,3,516.79,4,0
TEL-10787,2026-06,46.21,160,0.3,3,480.15,3,0
TEL-10788,2026-01,12.34,212,0.7,5,307.87,3,0
TEL-10788,2026-02,12.67,214,0.3,5,277.4,2,0
TEL-10788,2026-03,16.18,248,1.2,8,274.77,2,0
TEL-10788,2026-04,17.86,251,0.3,5,222.08,2,0
TEL-10788,2026-05,7.75,285,0.3,7,296.91,3,0
TEL-10788,2026-06,18.58,210,0.4,5,308.46,3,0
TEL-10789,2026-01,2.97,239,1.9,1,213.48,1,0
TEL-10789,2026-02,5.93,186,0.4,3,178.39,4,0
TEL-10789,2026-03,4.14,267,1.2,1,225.85,3,0
TEL-10789,2026-04,3.88,281,0.1,6,168.9,2,0
TEL-10789,2026-05,4.81,188,0.6,3,197.2,3,0
TEL-10789,2026-06,3.11,217,0.5,2,153.22,2,0
TEL-10790,2026-01,3.4,175,2.0,6,107.13,4,0
TEL-10790,2026-02,2.85,116,0.3,15,111.06,2,0
TEL-10790,2026-03,2.71,137,0.7,6,114.82,4,0
TEL-10790,2026-04,3.41,204,0.1,8,112.24,2,0
TEL-10790,2026-05,2.23,159,0.3,9,108.26,3,0
TEL-10790,2026-06,3.31,198,1.0,10,111.46,4,0
TEL-10791,2026-01,24.78,289,2.0,9,334.05,4,0
TEL-10791,2026-02,25.87,180,0.0,18,272.46,2,0
TEL-10791,2026-03,30.71,247,1.1,10,322.54,3,0
TEL-10791,2026-04,20.5,235,0.4,13,367.72,1,0
TEL-10791,2026-05,22.97,158,0.4,11,252.41,1,0
TEL-10791,2026-06,31.08,260,1.1,15,370.88,4,0
TEL-10792,2026-01,4.24,246,0.2,9,170.52,1,0
TEL-10792,2026-02,5.38,262,0.5,7,185.08,3,0
TEL-10792,2026-03,4.18,269,1.4,9,155.6,4,0
TEL-10792,2026-04,4.19,122,0.9,10,178.97,4,0
TEL-10792,2026-05,5.6,188,0.9,13,155.87,4,0
TEL-10792,2026-06,5.43,218,0.5,9,174.6,3,0
TEL-10793,2026-01,37.2,180,0.5,8,543.27,1,0
TEL-10793,2026-02,32.67,180,1.5,3,684.18,2,0
TEL-10793,2026-03,49.11,174,0.3,3,591.12,1,0
TEL-10793,2026-04,50.53,207,0.9,10,444.76,1,0
TEL-10793,2026-05,59.94,210,0.4,5,637.34,3,0
TEL-10793,2026-06,46.25,238,1.1,7,611.77,1,0
TEL-10794,2026-01,1.43,565,0.6,31,214.72,4,0
TEL-10794,2026-02,1.36,556,2.1,26,223.16,1,0
TEL-10794,2026-03,1.89,676,0.7,37,224.0,1,0
TEL-10794,2026-04,1.58,595,1.8,32,209.79,3,0
TEL-10794,2026-05,1.43,706,0.3,34,210.1,4,0
TEL-10794,2026-06,2.28,246,1.7,33,216.76,3,0
TEL-10795,2026-01,1.82,398,4.8,40,336.82,4,0
TEL-10795,2026-02,2.34,269,20.9,58,303.57,2,0
TEL-10795,2026-03,2.47,355,37.5,45,277.02,4,0
TEL-10795,2026-04,1.94,277,15.4,39,274.37,4,0
TEL-10795,2026-05,1.68,602,10.1,44,290.22,4,0
TEL-10795,2026-06,1.87,477,7.1,40,292.66,4,0
TEL-10796,2026-01,3.02,121,0.6,36,158.32,4,0
TEL-10796,2026-02,3.36,189,1.5,26,181.6,2,0
TEL-10796,2026-03,2.85,167,0.6,29,179.52,4,0
TEL-10796,2026-04,3.62,240,0.1,35,203.77,2,0
TEL-10796,2026-05,3.12,98,0.4,45,181.73,2,0
TEL-10796,2026-06,3.67,231,0.6,39,184.56,2,0
TEL-10797,2026-01,3.37,141,0.1,11,64.37,2,0
TEL-10797,2026-02,2.66,197,0.7,10,69.35,3,0
TEL-10797,2026-03,3.5,111,1.3,5,70.82,3,0
TEL-10797,2026-04,2.69,195,1.2,9,65.36,4,0
TEL-10797,2026-05,3.36,144,0.6,8,60.17,2,0
TEL-10797,2026-06,1.71,87,2.0,8,60.0,3,0
TEL-10798,2026-01,5.2,101,1.9,21,363.94,3,0
TEL-10798,2026-02,6.53,186,1.2,21,354.1,1,0
TEL-10798,2026-03,5.85,252,1.7,18,370.66,3,0
TEL-10798,2026-04,4.5,227,3.1,13,387.59,1,0
TEL-10798,2026-05,2.63,215,1.4,12,441.6,4,0
TEL-10798,2026-06,6.97,235,0.1,12,319.29,4,0
TEL-10799,2026-01,17.43,331,0.2,11,369.47,3,0
TEL-10799,2026-02,29.29,290,0.5,19,356.5,4,0
TEL-10799,2026-03,26.52,247,0.3,15,323.67,3,0
TEL-10799,2026-04,29.09,246,0.7,8,442.03,2,0
TEL-10799,2026-05,29.03,291,0.6,7,394.74,1,0
TEL-10799,2026-06,23.14,412,0.5,13,348.25,4,0
TEL-10800,2026-01,11.84,246,0.4,16,318.4,4,0
TEL-10800,2026-02,16.76,225,1.3,13,288.76,3,0
TEL-10800,2026-03,19.7,242,1.0,17,310.01,2,0
TEL-10800,2026-04,19.09,322,0.5,16,300.01,2,0
TEL-10800,2026-05,9.92,261,0.0,17,287.75,4,0
TEL-10800,2026-06,18.31,209,3.0,15,314.12,3,0
TEL-10801,2026-01,2.47,77,0.3,9,156.03,4,0
TEL-10801,2026-02,3.37,78,0.4,13,180.18,4,0
TEL-10801,2026-03,4.33,126,0.4,8,184.86,3,0
TEL-10801,2026-04,2.56,109,0.3,3,178.17,1,0
TEL-10801,2026-05,3.97,106,0.5,16,193.59,1,0
TEL-10801,2026-06,3.2,66,0.3,8,175.26,1,0
TEL-10802,2026-01,21.0,206,0.8,4,327.61,1,0
TEL-10802,2026-02,16.43,192,0.5,0,264.48,3,0
TEL-10802,2026-03,15.57,74,1.0,2,265.99,2,0
TEL-10802,2026-04,17.63,80,0.2,3,313.96,2,0
TEL-10802,2026-05,21.55,133,1.1,6,288.87,4,0
TEL-10802,2026-06,16.15,99,0.9,6,243.56,4,0
TEL-10803,2026-01,1.55,444,1.3,30,322.02,1,0
TEL-10803,2026-02,1.84,289,0.3,34,319.77,1,0
TEL-10803,2026-03,1.64,442,1.2,40,336.63,4,0
TEL-10803,2026-04,1.43,412,0.2,30,316.83,1,0
TEL-10803,2026-05,1.54,516,0.6,38,273.18,1,0
TEL-10803,2026-06,1.66,348,0.1,34,285.11,1,0
TEL-10804,2026-01,3.64,592,11.0,44,531.79,2,0
TEL-10804,2026-02,5.76,263,1.7,28,429.41,2,0
TEL-10804,2026-03,3.59,496,0.4,29,422.92,3,0
TEL-10804,2026-04,3.66,449,4.4,37,418.3,1,0
TEL-10804,2026-05,4.18,403,8.1,32,421.56,4,0
TEL-10804,2026-06,4.62,523,19.1,25,400.38,4,0
TEL-10805,2026-01,22.27,143,0.1,0,319.06,2,0
TEL-10805,2026-02,9.75,243,0.1,1,293.34,1,0
TEL-10805,2026-03,23.64,172,1.9,0,264.92,3,0
TEL-10805,2026-04,33.95,199,0.0,4,360.41,2,0
TEL-10805,2026-05,36.52,165,0.2,2,347.46,1,0
TEL-10805,2026-06,24.37,118,0.3,0,332.58,1,0
TEL-10806,2026-01,2.26,213,0.2,20,130.6,3,0
TEL-10806,2026-02,1.75,365,0.4,29,169.62,3,0
TEL-10806,2026-03,2.59,403,0.3,28,158.54,1,0
TEL-10806,2026-04,2.03,567,0.3,19,160.01,2,0
TEL-10806,2026-05,1.87,586,0.5,31,161.09,2,0
TEL-10806,2026-06,1.26,463,0.0,32,160.98,4,0
TEL-10807,2026-01,63.54,116,0.9,7,706.35,4,0
TEL-10807,2026-02,47.01,96,0.4,3,673.68,4,0
TEL-10807,2026-03,70.99,110,0.3,7,712.55,3,0
TEL-10807,2026-04,69.44,139,0.1,5,690.51,2,0
TEL-10807,2026-05,65.73,132,0.6,10,691.5,2,0
TEL-10807,2026-06,65.28,80,1.3,7,675.27,2,0
TEL-10808,2026-01,3.17,125,0.2,8,265.06,3,0
TEL-10808,2026-02,2.58,85,0.4,2,305.66,1,0
TEL-10808,2026-03,2.54,83,0.4,5,297.29,2,0
TEL-10808,2026-04,3.43,141,1.5,4,308.05,3,0
TEL-10808,2026-05,2.12,91,0.2,6,288.55,3,0
TEL-10808,2026-06,2.73,97,0.1,3,263.38,2,0
TEL-10809,2026-01,10.06,481,0.2,19,231.66,3,0
TEL-10809,2026-02,3.33,354,0.7,22,228.83,2,0
TEL-10809,2026-03,8.82,545,0.6,19,216.55,4,0
TEL-10809,2026-04,10.47,405,0.2,23,232.15,3,0
TEL-10809,2026-05,9.97,327,0.6,18,230.42,2,0
TEL-10809,2026-06,6.14,243,2.2,20,204.29,4,0
TEL-10810,2026-01,6.48,217,0.3,14,223.79,2,0
TEL-10810,2026-02,6.09,143,3.3,9,225.35,3,0
TEL-10810,2026-03,7.25,243,2.4,14,231.43,1,0
TEL-10810,2026-04,6.79,190,0.5,9,219.77,2,0
TEL-10810,2026-05,8.27,213,0.9,10,264.07,1,0
TEL-10810,2026-06,6.56,159,0.0,11,225.35,1,0
TEL-10811,2026-01,2.98,200,0.6,14,243.45,3,0
TEL-10811,2026-02,2.5,172,0.9,15,311.77,4,0
TEL-10811,2026-03,2.28,129,0.0,15,255.89,4,0
TEL-10811,2026-04,2.15,274,1.0,5,295.43,1,0
TEL-10811,2026-05,2.23,255,0.0,11,329.83,4,0
TEL-10811,2026-06,2.18,238,0.2,13,251.85,1,0
TEL-10812,2026-01,28.62,304,0.4,18,263.27,3,0
TEL-10812,2026-02,27.58,163,0.4,25,352.37,3,0
TEL-10812,2026-03,26.83,191,0.1,24,383.32,1,0
TEL-10812,2026-04,22.64,335,1.9,25,412.6,3,0
TEL-10812,2026-05,24.25,205,2.3,20,360.76,2,0
TEL-10812,2026-06,16.98,389,2.4,13,349.57,2,0
TEL-10813,2026-01,4.05,156,0.2,4,305.47,2,0
TEL-10813,2026-02,4.23,161,1.4,9,295.77,2,0
TEL-10813,2026-03,3.89,174,0.1,3,388.08,2,0
TEL-10813,2026-04,3.88,208,1.1,8,343.11,2,0
TEL-10813,2026-05,3.29,124,0.4,5,386.53,4,0
TEL-10813,2026-06,4.31,114,0.5,4,321.46,4,0
TEL-10814,2026-01,42.29,224,0.8,12,411.11,4,0
TEL-10814,2026-02,33.73,202,2.3,13,384.13,2,0
TEL-10814,2026-03,31.7,266,0.5,16,295.89,4,0
TEL-10814,2026-04,37.7,210,0.2,7,340.39,3,0
TEL-10814,2026-05,41.76,260,1.2,12,307.75,1,0
TEL-10814,2026-06,28.53,308,1.1,9,395.78,4,0
TEL-10815,2026-01,4.91,186,0.3,1,138.29,1,0
TEL-10815,2026-02,5.62,261,0.2,1,130.98,2,0
TEL-10815,2026-03,6.07,187,0.1,1,135.06,2,0
TEL-10815,2026-04,3.85,275,0.2,3,129.92,4,0
TEL-10815,2026-05,4.95,93,0.9,2,134.18,3,0
TEL-10815,2026-06,4.52,146,0.4,4,137.46,2,0
TEL-10816,2026-01,4.19,197,0.3,5,218.0,4,0
TEL-10816,2026-02,5.37,258,0.1,7,188.8,2,0
TEL-10816,2026-03,5.0,233,1.1,4,139.55,1,0
TEL-10816,2026-04,3.58,219,1.7,12,157.62,2,0
TEL-10816,2026-05,7.18,201,0.1,5,175.46,2,0
TEL-10816,2026-06,5.57,204,0.6,7,166.08,4,0
TEL-10817,2026-01,24.33,240,14.5,14,602.33,4,0
TEL-10817,2026-02,21.03,446,12.0,20,512.0,4,0
TEL-10817,2026-03,26.83,482,6.2,16,597.64,4,0
TEL-10817,2026-04,17.67,214,47.2,13,533.4,3,0
TEL-10817,2026-05,17.97,467,32.7,21,562.71,2,0
TEL-10817,2026-06,26.94,514,3.1,11,521.47,2,0
TEL-10818,2026-01,27.84,180,0.5,14,316.24,2,0
TEL-10818,2026-02,27.88,220,1.6,16,353.96,1,0
TEL-10818,2026-03,30.1,139,0.2,23,280.35,2,0
TEL-10818,2026-04,28.26,193,0.1,16,310.81,2,0
TEL-10818,2026-05,23.58,269,0.7,16,317.66,3,0
TEL-10818,2026-06,22.4,224,1.7,21,295.84,3,0
TEL-10819,2026-01,3.87,270,0.3,6,285.0,4,0
TEL-10819,2026-02,2.03,170,1.3,3,285.63,1,0
TEL-10819,2026-03,3.99,216,1.2,5,305.22,3,0
TEL-10819,2026-04,4.02,296,0.6,9,316.98,1,0
TEL-10819,2026-05,3.27,252,0.6,6,324.8,1,0
TEL-10819,2026-06,4.48,190,0.4,7,326.21,4,0
TEL-10820,2026-01,4.09,259,0.1,34,133.59,4,0
TEL-10820,2026-02,3.09,503,2.3,40,143.98,1,0
TEL-10820,2026-03,2.68,493,0.0,41,162.87,4,0
TEL-10820,2026-04,3.05,527,0.4,36,138.13,1,0
TEL-10820,2026-05,3.05,398,0.0,37,136.29,4,0
TEL-10820,2026-06,3.43,402,0.1,34,141.13,4,0
TEL-10821,2026-01,3.9,86,0.7,9,215.39,4,0
TEL-10821,2026-02,3.83,62,0.4,12,193.26,2,0
TEL-10821,2026-03,3.59,66,0.2,6,237.2,2,0
TEL-10821,2026-04,4.31,47,0.5,10,215.66,2,0
TEL-10821,2026-05,4.86,82,2.7,7,236.92,4,0
TEL-10821,2026-06,2.12,84,0.2,10,244.56,4,0
TEL-10822,2026-01,20.7,279,0.9,18,395.06,1,0
TEL-10822,2026-02,19.58,267,0.2,16,386.45,1,0
TEL-10822,2026-03,16.94,200,1.1,19,423.66,1,0
TEL-10822,2026-04,25.17,392,0.1,16,368.51,3,0
TEL-10822,2026-05,21.92,374,0.3,11,406.06,3,0
TEL-10822,2026-06,21.82,233,0.2,20,334.18,3,0
TEL-10823,2026-01,13.12,153,0.9,3,188.37,4,0
TEL-10823,2026-02,23.43,165,0.7,9,215.25,1,0
TEL-10823,2026-03,18.17,174,0.7,4,227.16,4,0
TEL-10823,2026-04,22.78,165,1.1,5,209.76,2,0
TEL-10823,2026-05,28.53,132,1.2,2,224.64,1,0
TEL-10823,2026-06,11.31,136,1.5,3,227.62,1,0
TEL-10824,2026-01,24.97,103,0.4,9,324.85,2,0
TEL-10824,2026-02,29.01,72,0.2,7,333.34,2,0
TEL-10824,2026-03,21.25,70,0.2,11,298.88,3,0
TEL-10824,2026-04,30.09,51,1.2,2,354.76,2,0
TEL-10824,2026-05,36.94,50,1.9,7,380.4,2,0
TEL-10824,2026-06,25.24,86,0.2,5,364.62,2,0
TEL-10825,2026-01,66.95,152,1.7,5,699.3,2,0
TEL-10825,2026-02,42.68,138,0.5,12,800.41,2,0
TEL-10825,2026-03,56.28,106,0.6,5,655.54,2,0
TEL-10825,2026-04,58.09,71,0.2,7,752.78,2,0
TEL-10825,2026-05,42.11,101,1.3,4,711.61,1,0
TEL-10825,2026-06,67.11,108,0.4,8,754.06,3,0
TEL-10826,2026-01,4.8,140,0.3,3,182.8,4,0
TEL-10826,2026-02,3.74,85,0.5,9,216.1,2,0
TEL-10826,2026-03,2.46,108,1.7,8,189.13,3,0
TEL-10826,2026-04,3.02,58,0.7,8,191.41,4,0
TEL-10826,2026-05,4.13,115,2.0,3,202.45,1,0
TEL-10826,2026-06,4.19,81,0.8,11,198.13,3,0
TEL-10827,2026-01,1.33,530,0.6,30,197.2,4,0
TEL-10827,2026-02,1.19,637,1.3,30,187.63,1,0
TEL-10827,2026-03,1.5,401,2.0,37,198.68,2,0
TEL-10827,2026-04,1.5,573,3.5,32,212.3,2,0
TEL-10827,2026-05,0.85,424,0.2,28,219.29,2,0
TEL-10827,2026-06,1.36,577,0.5,30,215.28,3,0
TEL-10828,2026-01,30.79,212,2.3,10,271.15,3,0
TEL-10828,2026-02,21.52,343,0.6,14,285.88,2,0
TEL-10828,2026-03,14.78,164,0.5,19,360.23,2,0
TEL-10828,2026-04,21.57,197,1.8,9,341.2,4,0
TEL-10828,2026-05,16.17,221,1.5,13,309.79,1,0
TEL-10828,2026-06,18.94,108,1.7,13,345.72,4,0
TEL-10829,2026-01,3.8,146,0.8,3,139.64,1,0
TEL-10829,2026-02,2.69,285,1.2,11,131.95,3,0
TEL-10829,2026-03,3.15,214,2.9,8,149.63,4,0
TEL-10829,2026-04,2.27,225,0.1,12,144.48,2,0
TEL-10829,2026-05,3.07,223,1.0,17,136.61,4,0
TEL-10829,2026-06,3.31,208,1.1,15,132.09,4,0
TEL-10830,2026-01,17.2,432,0.2,18,545.78,2,0
TEL-10830,2026-02,18.85,427,0.4,10,499.62,1,0
TEL-10830,2026-03,19.62,425,0.8,13,522.7,1,0
TEL-10830,2026-04,21.4,352,0.5,8,439.41,3,0
TEL-10830,2026-05,19.96,521,0.9,13,463.24,2,0
TEL-10830,2026-06,26.37,392,2.4,13,506.04,3,0
TEL-10831,2026-01,2.12,252,0.2,29,220.53,1,0
TEL-10831,2026-02,1.63,332,1.5,27,249.24,2,0
TEL-10831,2026-03,2.16,306,0.1,27,293.29,3,0
TEL-10831,2026-04,1.42,386,1.0,24,290.78,1,0
TEL-10831,2026-05,2.42,362,1.5,38,262.58,4,0
TEL-10831,2026-06,1.9,624,1.3,28,262.82,4,0
TEL-10832,2026-01,12.73,415,0.1,25,320.88,1,0
TEL-10832,2026-02,21.35,462,1.7,19,270.11,3,0
TEL-10832,2026-03,9.77,567,0.1,17,318.5,3,0
TEL-10832,2026-04,26.56,666,0.8,23,317.42,3,0
TEL-10832,2026-05,16.34,362,1.6,22,312.49,2,0
TEL-10832,2026-06,20.79,444,3.4,28,342.35,4,0
TEL-10833,2026-01,3.53,125,1.1,14,280.45,1,0
TEL-10833,2026-02,3.72,139,0.9,17,247.6,3,0
TEL-10833,2026-03,3.34,242,0.1,15,230.88,2,0
TEL-10833,2026-04,3.17,169,0.2,10,249.55,2,0
TEL-10833,2026-05,4.75,237,1.5,11,274.04,2,0
TEL-10833,2026-06,2.05,230,0.5,16,241.98,4,0
TEL-10834,2026-01,32.69,492,0.7,6,670.59,3,0
TEL-10834,2026-02,37.25,318,0.0,2,677.15,1,0
TEL-10834,2026-03,28.81,176,0.6,0,631.75,1,0
TEL-10834,2026-04,31.53,391,0.1,3,609.99,2,0
TEL-10834,2026-05,41.1,266,0.3,3,788.18,1,0
TEL-10834,2026-06,28.2,368,0.0,1,637.28,1,0
TEL-10835,2026-01,28.17,184,0.6,4,599.49,1,0
TEL-10835,2026-02,38.25,133,2.3,4,484.39,4,0
TEL-10835,2026-03,26.07,160,0.1,1,495.81,1,0
TEL-10835,2026-04,19.65,195,0.5,2,506.95,2,0
TEL-10835,2026-05,23.23,130,0.2,3,499.41,1,0
TEL-10835,2026-06,40.48,187,0.8,6,599.85,1,0
TEL-10836,2026-01,29.1,528,1.8,16,441.45,3,0
TEL-10836,2026-02,26.13,556,0.4,16,438.47,4,0
TEL-10836,2026-03,38.19,654,3.1,16,413.36,2,0
TEL-10836,2026-04,28.01,481,1.9,17,492.03,4,0
TEL-10836,2026-05,27.05,501,0.2,16,498.58,2,0
TEL-10836,2026-06,32.51,264,2.2,17,501.32,3,0
TEL-10837,2026-01,2.91,163,0.2,18,257.97,3,0
TEL-10837,2026-02,1.82,112,0.1,17,255.7,4,0
TEL-10837,2026-03,2.6,158,0.4,8,223.53,1,0
TEL-10837,2026-04,2.26,197,0.5,17,287.77,3,0
TEL-10837,2026-05,2.15,226,0.4,10,262.56,1,0
TEL-10837,2026-06,3.7,168,0.3,12,278.23,1,0
TEL-10838,2026-01,4.67,470,1.6,19,318.79,3,0
TEL-10838,2026-02,6.51,433,2.2,14,430.41,3,0
TEL-10838,2026-03,6.57,554,0.2,18,414.37,1,0
TEL-10838,2026-04,9.17,486,0.5,15,448.44,4,0
TEL-10838,2026-05,11.43,531,0.3,19,503.43,1,0
TEL-10838,2026-06,7.09,568,0.9,20,536.3,4,0
TEL-10839,2026-01,2.71,495,0.6,41,118.81,2,0
TEL-10839,2026-02,2.55,435,0.8,35,138.71,3,0
TEL-10839,2026-03,2.45,359,0.3,37,156.86,4,0
TEL-10839,2026-04,3.9,414,1.2,47,140.19,2,0
TEL-10839,2026-05,1.51,369,1.5,42,136.95,3,0
TEL-10839,2026-06,2.47,517,0.9,39,142.84,1,0
TEL-10840,2026-01,17.84,294,0.9,13,334.24,4,0
TEL-10840,2026-02,15.9,180,2.9,16,330.94,2,0
TEL-10840,2026-03,19.94,209,0.4,11,338.28,1,0
TEL-10840,2026-04,12.69,201,1.4,19,369.07,1,0
TEL-10840,2026-05,16.88,158,0.1,18,306.47,1,0
TEL-10840,2026-06,16.17,127,0.3,11,326.1,3,0
TEL-10841,2026-01,1.83,158,1.0,8,267.97,2,0
TEL-10841,2026-02,1.96,101,3.0,9,324.44,4,0
TEL-10841,2026-03,1.09,166,6.5,10,294.31,3,0
TEL-10841,2026-04,1.77,80,12.8,7,300.85,2,0
TEL-10841,2026-05,1.15,121,3.6,14,305.02,2,0
TEL-10841,2026-06,2.21,137,22.6,1,258.58,4,0
TEL-10842,2026-01,2.05,119,0.1,7,274.71,2,0
TEL-10842,2026-02,3.0,136,0.5,12,265.93,4,0
TEL-10842,2026-03,4.6,173,0.9,5,252.9,4,0
TEL-10842,2026-04,3.71,64,0.9,7,247.57,1,0
TEL-10842,2026-05,1.81,124,1.7,17,247.4,2,0
TEL-10842,2026-06,3.62,123,0.1,11,271.55,1,0
TEL-10843,2026-01,23.54,165,0.2,8,356.99,4,0
TEL-10843,2026-02,28.48,154,1.2,3,376.12,3,0
TEL-10843,2026-03,25.5,135,1.2,11,387.58,1,0
TEL-10843,2026-04,23.02,170,2.1,5,366.24,1,0
TEL-10843,2026-05,18.03,133,0.6,2,359.19,3,0
TEL-10843,2026-06,33.8,195,1.5,3,376.6,2,0
TEL-10844,2026-01,15.38,272,18.3,7,803.87,2,0
TEL-10844,2026-02,13.39,403,8.6,12,679.51,4,0
TEL-10844,2026-03,14.65,399,16.4,12,654.5,1,0
TEL-10844,2026-04,5.41,518,5.1,8,649.97,1,0
TEL-10844,2026-05,10.37,293,58.9,13,662.85,4,0
TEL-10844,2026-06,10.41,415,7.7,7,592.55,2,0
TEL-10845,2026-01,4.29,128,2.0,9,171.49,4,0
TEL-10845,2026-02,4.41,122,0.2,18,128.27,4,0
TEL-10845,2026-03,3.87,158,0.9,10,136.73,3,0
TEL-10845,2026-04,3.29,114,0.4,7,146.62,1,0
TEL-10845,2026-05,4.63,62,0.8,11,152.69,3,0
TEL-10845,2026-06,4.22,101,2.1,11,154.09,4,0
TEL-10846,2026-01,4.0,106,0.4,13,242.23,1,0
TEL-10846,2026-02,4.51,140,0.4,2,274.46,4,0
TEL-10846,2026-03,4.62,162,0.1,8,287.85,1,0
TEL-10846,2026-04,2.35,131,1.3,12,257.87,1,0
TEL-10846,2026-05,3.79,147,0.7,3,292.41,3,0
TEL-10846,2026-06,5.15,161,0.3,7,326.12,4,0
TEL-10847,2026-01,4.99,96,1.1,12,391.96,4,0
TEL-10847,2026-02,5.74,153,0.6,6,380.99,1,0
TEL-10847,2026-03,3.77,117,0.4,11,393.27,2,0
TEL-10847,2026-04,5.23,141,1.0,3,376.69,4,0
TEL-10847,2026-05,1.76,117,1.1,7,373.33,1,0
TEL-10847,2026-06,4.55,149,0.1,10,368.56,3,0
TEL-10848,2026-01,31.56,129,2.2,9,551.02,4,0
TEL-10848,2026-02,22.78,103,1.0,5,441.75,2,0
TEL-10848,2026-03,36.91,151,1.4,4,529.21,2,0
TEL-10848,2026-04,25.99,102,0.1,3,537.8,1,0
TEL-10848,2026-05,27.73,127,0.4,3,510.41,2,0
TEL-10848,2026-06,16.69,161,0.4,5,599.1,2,0
TEL-10849,2026-01,1.75,419,24.5,30,381.21,1,0
TEL-10849,2026-02,1.89,474,12.3,33,384.04,3,0
TEL-10849,2026-03,2.74,358,6.6,37,408.23,4,0
TEL-10849,2026-04,1.12,504,0.7,37,383.75,2,0
TEL-10849,2026-05,2.35,481,7.5,36,392.68,1,0
TEL-10849,2026-06,2.22,486,5.4,35,445.91,2,0
TEL-10850,2026-01,57.42,281,0.2,3,472.37,2,0
TEL-10850,2026-02,42.69,279,2.7,6,622.97,3,0
TEL-10850,2026-03,54.89,221,0.5,3,757.59,2,0
TEL-10850,2026-04,36.86,321,0.9,5,574.49,3,0
TEL-10850,2026-05,62.98,308,0.9,5,555.68,3,0
TEL-10850,2026-06,40.31,243,0.1,7,537.92,4,0
TEL-10851,2026-01,2.14,612,0.8,24,338.36,1,0
TEL-10851,2026-02,0.76,547,0.2,36,345.79,2,0
TEL-10851,2026-03,1.51,562,0.2,33,337.23,4,0
TEL-10851,2026-04,1.85,700,1.2,30,296.48,4,0
TEL-10851,2026-05,2.55,820,0.9,36,295.79,1,0
TEL-10851,2026-06,1.7,616,2.8,30,351.07,4,0
TEL-10852,2026-01,2.39,658,1.6,25,271.85,1,0
TEL-10852,2026-02,2.53,754,0.1,22,300.66,3,0
TEL-10852,2026-03,2.81,480,1.9,21,253.07,1,0
TEL-10852,2026-04,2.25,653,1.2,28,299.4,1,0
TEL-10852,2026-05,1.68,561,1.5,27,233.36,1,0
TEL-10852,2026-06,3.32,736,0.4,32,235.11,3,0
TEL-10853,2026-01,1.59,240,0.4,57,322.96,1,0
TEL-10853,2026-02,2.67,529,0.1,42,371.94,1,0
TEL-10853,2026-03,0.76,403,1.4,52,368.23,2,0
TEL-10853,2026-04,1.98,534,1.2,33,327.43,1,0
TEL-10853,2026-05,3.16,479,1.6,49,311.24,1,0
TEL-10853,2026-06,2.45,402,0.1,57,324.04,4,0
TEL-10854,2026-01,3.52,252,1.0,16,132.36,2,0
TEL-10854,2026-02,4.32,211,0.3,9,128.22,3,0
TEL-10854,2026-03,4.19,261,0.7,7,156.97,1,0
TEL-10854,2026-04,4.05,176,0.3,11,110.75,4,0
TEL-10854,2026-05,3.92,188,0.9,9,144.9,4,0
TEL-10854,2026-06,2.75,72,0.2,9,134.01,1,0
TEL-10855,2026-01,3.73,137,0.9,3,260.67,2,0
TEL-10855,2026-02,3.1,167,1.4,4,242.74,1,0
TEL-10855,2026-03,3.42,92,0.5,8,266.97,2,0
TEL-10855,2026-04,4.15,135,0.9,7,242.41,1,0
TEL-10855,2026-05,2.33,124,0.8,3,276.35,4,0
TEL-10855,2026-06,3.75,134,1.7,6,273.33,3,0
TEL-10856,2026-01,5.17,271,0.3,26,183.79,2,0
TEL-10856,2026-02,4.17,185,0.0,22,171.67,4,0
TEL-10856,2026-03,6.69,262,0.7,20,175.3,4,0
TEL-10856,2026-04,7.93,409,1.9,18,187.45,2,0
TEL-10856,2026-05,5.8,326,1.8,19,164.76,3,0
TEL-10856,2026-06,3.84,218,0.4,19,154.31,4,0
TEL-10857,2026-01,30.55,129,0.3,5,381.38,2,0
TEL-10857,2026-02,16.42,251,0.4,10,285.82,2,0
TEL-10857,2026-03,27.92,170,2.5,8,345.77,4,0
TEL-10857,2026-04,24.45,150,0.5,4,323.95,1,0
TEL-10857,2026-05,38.8,168,0.4,9,369.78,4,0
TEL-10857,2026-06,19.55,172,0.2,15,286.05,3,0
TEL-10858,2026-01,1.26,675,1.0,28,132.75,1,0
TEL-10858,2026-02,1.04,682,0.1,29,142.39,1,0
TEL-10858,2026-03,1.03,465,0.6,19,120.57,3,0
TEL-10858,2026-04,1.14,520,1.9,27,125.84,4,0
TEL-10858,2026-05,1.07,561,0.5,33,129.61,3,0
TEL-10858,2026-06,0.99,626,1.6,36,147.94,3,0
TEL-10859,2026-01,3.29,162,0.5,10,124.95,4,0
TEL-10859,2026-02,3.9,128,0.0,8,124.0,2,0
TEL-10859,2026-03,4.29,118,0.6,6,138.39,1,0
TEL-10859,2026-04,5.1,112,3.2,10,114.44,3,0
TEL-10859,2026-05,3.65,98,1.8,13,134.38,2,0
TEL-10859,2026-06,2.86,120,2.1,12,136.73,1,0
TEL-10860,2026-01,5.73,104,7.7,11,490.53,1,0
TEL-10860,2026-02,5.25,153,1.1,21,409.07,3,0
TEL-10860,2026-03,6.14,205,4.9,11,398.09,3,0
TEL-10860,2026-04,3.81,80,4.8,14,432.68,3,0
TEL-10860,2026-05,3.99,186,0.4,11,411.53,1,0
TEL-10860,2026-06,5.77,109,59.5,22,431.2,4,0
TEL-10861,2026-01,6.97,93,0.4,5,251.04,1,0
TEL-10861,2026-02,6.87,97,1.7,4,229.31,3,0
TEL-10861,2026-03,5.01,86,0.1,6,208.68,1,0
TEL-10861,2026-04,5.02,106,0.2,3,222.13,2,0
TEL-10861,2026-05,6.87,110,0.1,7,244.31,4,0
TEL-10861,2026-06,6.36,80,0.4,3,222.94,2,0
TEL-10862,2026-01,11.9,470,2.6,22,272.28,2,0
TEL-10862,2026-02,12.6,416,0.2,14,304.63,4,0
TEL-10862,2026-03,10.05,618,0.4,19,316.86,1,0
TEL-10862,2026-04,10.68,603,0.3,23,304.28,1,0
TEL-10862,2026-05,10.87,480,0.7,24,255.59,1,0
TEL-10862,2026-06,10.35,492,0.2,19,271.96,2,0
TEL-10863,2026-01,20.27,309,0.5,29,276.12,4,0
TEL-10863,2026-02,17.97,287,1.3,26,358.86,3,0
TEL-10863,2026-03,22.88,193,0.5,24,278.29,1,0
TEL-10863,2026-04,28.82,222,3.8,30,322.81,4,0
TEL-10863,2026-05,11.02,319,0.4,32,374.71,2,0
TEL-10863,2026-06,32.27,311,1.0,17,337.35,1,0
TEL-10864,2026-01,13.32,244,0.0,13,444.89,3,0
TEL-10864,2026-02,15.17,282,0.2,15,325.76,2,0
TEL-10864,2026-03,17.9,221,0.2,17,424.46,4,0
TEL-10864,2026-04,12.57,218,0.3,6,393.76,3,0
TEL-10864,2026-05,10.1,243,0.2,8,409.86,4,0
TEL-10864,2026-06,13.25,221,0.3,10,304.1,3,0
TEL-10865,2026-01,28.05,620,0.2,8,444.5,4,0
TEL-10865,2026-02,39.34,547,0.2,13,501.02,4,0
TEL-10865,2026-03,32.41,354,1.0,18,416.6,3,0
TEL-10865,2026-04,26.92,771,0.3,11,480.4,1,0
TEL-10865,2026-05,21.5,768,0.3,8,534.47,1,0
TEL-10865,2026-06,21.12,585,0.6,7,477.58,4,0
TEL-10866,2026-01,23.47,356,0.4,6,359.2,4,0
TEL-10866,2026-02,18.19,517,0.4,8,357.06,3,0
TEL-10866,2026-03,22.95,660,2.0,9,351.33,2,0
TEL-10866,2026-04,22.61,359,0.6,11,385.51,2,0
TEL-10866,2026-05,18.18,532,0.1,11,333.8,3,0
TEL-10866,2026-06,11.23,391,0.9,13,322.9,4,0
TEL-10867,2026-01,1.86,582,0.4,52,191.17,2,0
TEL-10867,2026-02,2.27,484,0.8,50,188.06,3,0
TEL-10867,2026-03,1.8,544,0.1,44,200.58,1,0
TEL-10867,2026-04,1.4,284,0.0,34,226.07,3,0
TEL-10867,2026-05,2.57,659,0.2,42,179.66,1,0
TEL-10867,2026-06,1.87,456,1.1,50,162.63,3,0
TEL-10868,2026-01,12.42,184,0.9,16,229.66,4,0
TEL-10868,2026-02,15.4,417,0.5,17,223.66,2,0
TEL-10868,2026-03,10.73,398,0.5,22,211.76,2,0
TEL-10868,2026-04,14.43,297,0.3,19,274.85,3,0
TEL-10868,2026-05,10.82,464,1.5,22,219.12,1,0
TEL-10868,2026-06,14.64,377,0.4,18,226.78,3,0
TEL-10869,2026-01,3.69,212,0.2,12,237.62,2,0
TEL-10869,2026-02,2.66,116,0.3,11,282.22,2,0
TEL-10869,2026-03,2.69,192,0.6,10,244.29,4,0
TEL-10869,2026-04,3.47,214,0.1,12,219.54,4,0
TEL-10869,2026-05,2.72,128,0.6,13,266.36,4,0
TEL-10869,2026-06,3.01,215,0.8,7,241.86,1,0
TEL-10870,2026-01,4.27,92,1.3,11,297.22,2,0
TEL-10870,2026-02,4.1,67,0.8,13,328.75,4,0
TEL-10870,2026-03,3.83,158,2.0,15,378.68,2,0
TEL-10870,2026-04,3.87,87,0.1,8,362.26,4,0
TEL-10870,2026-05,3.8,111,0.3,13,283.19,2,0
TEL-10870,2026-06,3.67,135,0.4,15,325.11,3,0
TEL-10871,2026-01,1.43,635,0.3,37,221.45,2,0
TEL-10871,2026-02,2.15,632,0.1,39,217.68,1,0
TEL-10871,2026-03,1.6,977,0.1,47,212.71,1,0
TEL-10871,2026-04,1.24,911,0.0,44,225.89,3,0
TEL-10871,2026-05,2.32,710,0.5,38,228.07,4,0
TEL-10871,2026-06,1.97,494,0.8,32,203.39,2,0
TEL-10872,2026-01,2.44,130,0.1,41,103.98,3,0
TEL-10872,2026-02,2.86,136,0.1,41,120.88,2,0
TEL-10872,2026-03,1.91,288,0.5,52,112.97,2,0
TEL-10872,2026-04,2.24,221,0.2,42,119.26,2,0
TEL-10872,2026-05,2.88,198,0.1,41,116.22,3,0
TEL-10872,2026-06,1.98,243,0.7,55,100.24,2,0
TEL-10873,2026-01,1.97,233,0.9,11,240.42,2,0
TEL-10873,2026-02,2.78,66,0.5,9,229.41,1,0
TEL-10873,2026-03,2.04,175,0.3,14,255.75,1,0
TEL-10873,2026-04,1.6,100,0.1,11,246.87,1,0
TEL-10873,2026-05,2.48,194,2.2,12,228.56,3,0
TEL-10873,2026-06,2.64,242,0.4,15,201.58,4,0
TEL-10874,2026-01,18.93,270,0.5,15,446.57,2,0
TEL-10874,2026-02,22.89,385,0.1,20,386.29,3,0
TEL-10874,2026-03,18.76,474,1.0,20,447.76,2,0
TEL-10874,2026-04,21.01,488,2.4,18,353.16,4,0
TEL-10874,2026-05,19.42,255,0.1,17,386.12,1,0
TEL-10874,2026-06,17.92,186,0.5,17,356.37,1,0
TEL-10875,2026-01,14.77,652,0.6,31,432.74,1,0
TEL-10875,2026-02,13.04,460,0.4,16,448.16,4,0
TEL-10875,2026-03,14.74,472,1.4,32,549.68,2,0
TEL-10875,2026-04,15.15,505,1.0,17,541.29,1,0
TEL-10875,2026-05,15.9,435,0.3,27,480.46,2,0
TEL-10875,2026-06,10.96,493,0.3,23,530.48,3,0
TEL-10876,2026-01,5.03,178,1.0,10,178.9,1,0
TEL-10876,2026-02,5.07,248,2.2,9,199.93,3,0
TEL-10876,2026-03,7.06,137,0.3,10,174.58,4,0
TEL-10876,2026-04,5.21,242,0.1,7,203.67,2,0
TEL-10876,2026-05,4.36,312,0.4,8,153.31,1,0
TEL-10876,2026-06,4.99,201,1.9,5,186.38,2,0
TEL-10877,2026-01,16.53,127,0.2,16,191.82,1,0
TEL-10877,2026-02,17.35,448,0.5,18,182.33,4,0
TEL-10877,2026-03,12.62,403,2.2,13,231.7,4,0
TEL-10877,2026-04,10.04,544,0.9,16,179.94,3,0
TEL-10877,2026-05,13.98,301,0.7,15,260.11,4,0
TEL-10877,2026-06,17.74,402,0.1,16,205.18,2,0
TEL-10878,2026-01,26.22,42,2.8,7,487.35,1,0
TEL-10878,2026-02,32.58,221,1.3,7,451.4,3,0
TEL-10878,2026-03,24.48,310,0.4,8,371.75,3,0
TEL-10878,2026-04,36.1,114,0.9,12,522.08,4,0
TEL-10878,2026-05,41.48,104,0.6,11,527.78,3,0
TEL-10878,2026-06,30.62,290,0.4,11,519.82,3,0
TEL-10879,2026-01,8.69,124,0.2,11,125.41,2,0
TEL-10879,2026-02,4.98,222,0.5,11,139.83,2,0
TEL-10879,2026-03,6.01,228,0.1,9,99.34,2,0
TEL-10879,2026-04,8.0,144,1.5,7,127.38,3,0
TEL-10879,2026-05,7.63,219,1.4,9,120.11,2,0
TEL-10879,2026-06,8.52,134,0.4,7,143.89,1,0
TEL-10880,2026-01,2.28,73,2.0,7,128.66,2,0
TEL-10880,2026-02,4.69,90,1.8,12,156.85,3,0
TEL-10880,2026-03,5.17,102,0.2,4,124.04,3,0
TEL-10880,2026-04,3.52,77,0.5,6,167.6,2,0
TEL-10880,2026-05,4.03,128,0.1,13,160.34,1,0
TEL-10880,2026-06,3.05,140,1.4,6,175.83,4,0
TEL-10881,2026-01,3.41,196,2.8,29,286.76,1,0
TEL-10881,2026-02,3.33,157,2.5,41,266.88,4,0
TEL-10881,2026-03,3.01,135,0.0,39,239.32,3,0
TEL-10881,2026-04,2.94,157,1.6,38,215.0,1,0
TEL-10881,2026-05,2.1,179,0.8,46,278.97,1,0
TEL-10881,2026-06,2.97,128,0.6,49,278.18,4,0
TEL-10882,2026-01,31.0,209,0.3,8,452.57,4,0
TEL-10882,2026-02,19.23,245,0.7,17,414.58,3,0
TEL-10882,2026-03,20.47,243,1.7,18,354.48,1,0
TEL-10882,2026-04,23.47,316,0.5,23,434.31,4,0
TEL-10882,2026-05,17.86,296,0.6,11,441.26,1,0
TEL-10882,2026-06,21.86,174,0.2,24,380.67,2,0
TEL-10883,2026-01,32.73,192,0.3,10,394.49,3,0
TEL-10883,2026-02,32.12,143,0.7,7,388.57,1,0
TEL-10883,2026-03,47.36,165,0.0,5,358.33,3,0
TEL-10883,2026-04,40.92,216,1.0,5,449.01,4,0
TEL-10883,2026-05,46.52,157,0.1,9,379.55,1,0
TEL-10883,2026-06,41.83,185,0.6,8,397.1,1,0
TEL-10884,2026-01,4.68,162,0.0,8,114.9,3,0
TEL-10884,2026-02,3.47,187,0.8,15,130.0,2,0
TEL-10884,2026-03,3.99,203,0.5,13,102.99,3,0
TEL-10884,2026-04,4.2,114,0.6,11,126.82,1,0
TEL-10884,2026-05,5.15,161,0.1,12,115.47,2,0
TEL-10884,2026-06,2.88,168,1.5,15,119.12,3,0
TEL-10885,2026-01,0.58,233,0.2,5,140.85,1,0
TEL-10885,2026-02,0.51,215,0.4,1,107.1,3,0
TEL-10885,2026-03,0.58,158,0.8,9,133.53,4,0
TEL-10885,2026-04,0.63,147,0.2,5,115.97,2,0
TEL-10885,2026-05,0.51,282,1.6,1,120.58,4,0
TEL-10885,2026-06,0.47,288,2.1,7,108.77,4,0
TEL-10886,2026-01,22.13,231,1.2,2,300.6,2,0
TEL-10886,2026-02,27.32,260,2.0,0,374.17,3,0
TEL-10886,2026-03,35.42,336,0.7,1,379.71,1,0
TEL-10886,2026-04,36.28,364,1.2,4,384.66,3,0
TEL-10886,2026-05,31.81,214,0.7,1,310.27,2,0
TEL-10886,2026-06,27.62,282,1.5,1,360.1,1,0
TEL-10887,2026-01,1.61,1148,0.9,34,256.05,2,0
TEL-10887,2026-02,2.3,852,0.1,28,211.6,2,0
TEL-10887,2026-03,0.16,89,2176.4,30,219.25,3,0
TEL-10887,2026-04,0.15,71,2211.0,24,243.51,3,0
TEL-10887,2026-05,0.3,98,2652.8,18,234.09,2,0
TEL-10887,2026-06,0.28,94,3157.2,24,201.01,1,0
TEL-10888,2026-01,26.21,218,0.6,6,405.37,4,0
TEL-10888,2026-02,22.57,171,0.0,5,582.31,4,0
TEL-10888,2026-03,24.61,173,0.7,2,458.54,3,0
TEL-10888,2026-04,26.45,219,0.4,1,501.84,2,0
TEL-10888,2026-05,31.84,146,1.2,5,498.86,2,0
TEL-10888,2026-06,16.82,51,1.1,2,470.08,3,0
TEL-10889,2026-01,1.63,284,0.2,50,311.27,2,0
TEL-10889,2026-02,2.23,373,1.7,45,352.27,4,0
TEL-10889,2026-03,1.11,592,0.0,36,313.22,1,0
TEL-10889,2026-04,1.65,357,0.2,41,290.43,4,0
TEL-10889,2026-05,2.15,396,0.1,31,305.01,1,0
TEL-10889,2026-06,1.88,683,1.4,35,299.2,4,0
TEL-10890,2026-01,2.06,150,0.4,6,154.52,1,0
TEL-10890,2026-02,3.15,178,1.0,5,139.49,3,0
TEL-10890,2026-03,3.75,239,0.1,13,149.69,1,0
TEL-10890,2026-04,4.11,144,1.9,12,148.45,4,0
TEL-10890,2026-05,4.35,179,0.0,4,118.21,2,0
TEL-10890,2026-06,3.41,152,0.1,9,133.73,1,0
TEL-10891,2026-01,2.1,720,0.3,25,353.09,2,0
TEL-10891,2026-02,1.77,473,1.1,32,285.06,2,0
TEL-10891,2026-03,2.57,372,0.4,24,302.71,3,0
TEL-10891,2026-04,1.82,578,0.3,23,366.23,3,0
TEL-10891,2026-05,3.52,753,0.3,34,325.02,1,0
TEL-10891,2026-06,2.72,681,0.8,27,364.73,3,0
TEL-10892,2026-01,3.33,150,0.5,10,269.28,3,0
TEL-10892,2026-02,2.93,100,0.9,10,218.01,1,0
TEL-10892,2026-03,3.78,151,1.1,7,182.68,2,0
TEL-10892,2026-04,110.18,136,4.5,8,0.0,0,1
TEL-10892,2026-05,75.95,132,0.2,17,0.0,0,2
TEL-10892,2026-06,58.48,204,0.9,8,0.0,0,3
TEL-10893,2026-01,7.41,371,9.1,9,971.9,2,0
TEL-10893,2026-02,22.91,456,14.2,21,732.47,3,0
TEL-10893,2026-03,17.92,434,9.3,16,846.95,2,0
TEL-10893,2026-04,12.83,321,23.0,12,562.64,4,0
TEL-10893,2026-05,22.59,259,13.0,11,715.24,4,0
TEL-10893,2026-06,21.33,335,24.8,20,751.57,3,0
TEL-10894,2026-01,6.78,431,1.8,21,340.59,3,0
TEL-10894,2026-02,10.88,282,0.5,22,340.73,1,0
TEL-10894,2026-03,9.65,210,0.8,19,356.33,2,0
TEL-10894,2026-04,10.42,216,0.2,14,355.72,2,0
TEL-10894,2026-05,11.86,323,3.7,22,370.73,1,0
TEL-10894,2026-06,13.85,380,0.6,24,356.66,2,0
TEL-10895,2026-01,5.76,137,0.1,6,390.44,2,0
TEL-10895,2026-02,6.19,183,0.3,4,437.7,2,0
TEL-10895,2026-03,3.74,134,2.5,7,423.04,2,0
TEL-10895,2026-04,7.1,135,0.0,8,424.03,2,0
TEL-10895,2026-05,5.97,164,5.5,9,389.89,2,0
TEL-10895,2026-06,5.26,172,0.2,9,415.45,4,0
TEL-10896,2026-01,16.83,214,1.3,4,410.13,2,0
TEL-10896,2026-02,26.02,322,1.2,3,522.16,2,0
TEL-10896,2026-03,29.45,177,0.1,4,414.47,4,0
TEL-10896,2026-04,24.15,267,0.0,3,382.07,4,0
TEL-10896,2026-05,28.32,263,0.6,0,569.99,4,0
TEL-10896,2026-06,16.54,214,2.2,3,495.64,2,0
TEL-10897,2026-01,29.2,127,0.7,12,317.52,1,0
TEL-10897,2026-02,33.84,260,1.7,8,263.93,2,0
TEL-10897,2026-03,32.35,204,2.3,8,299.36,1,0
TEL-10897,2026-04,27.71,203,0.3,11,313.49,2,0
TEL-10897,2026-05,30.87,69,0.1,10,252.98,2,0
TEL-10897,2026-06,28.33,150,0.8,8,334.85,2,0
TEL-10898,2026-01,1.39,272,0.2,27,231.03,3,0
TEL-10898,2026-02,1.71,239,0.1,21,198.17,3,0
TEL-10898,2026-03,1.75,338,2.4,22,210.8,1,0
TEL-10898,2026-04,1.26,208,0.8,20,201.22,2,0
TEL-10898,2026-05,1.88,184,0.7,22,195.5,2,0
TEL-10898,2026-06,2.23,295,0.2,12,215.47,3,0
TEL-10899,2026-01,32.44,287,1.0,3,495.43,3,0
TEL-10899,2026-02,27.37,176,1.1,2,463.68,4,0
TEL-10899,2026-03,25.86,207,0.1,8,532.1,4,0
TEL-10899,2026-04,25.4,234,0.1,4,470.76,1,0
TEL-10899,2026-05,25.07,87,0.5,6,360.2,2,0
TEL-10899,2026-06,38.04,190,1.5,5,0.0,2,0
TEL-10900,2026-01,1.65,211,1.7,40,110.01,3,0
TEL-10900,2026-02,2.21,139,1.1,40,118.98,4,0
TEL-10900,2026-03,2.29,124,0.3,32,102.25,4,0
TEL-10900,2026-04,2.2,132,0.2,51,104.97,4,0
TEL-10900,2026-05,1.43,153,0.8,54,94.14,4,0
TEL-10900,2026-06,1.97,194,2.0,40,121.6,1,0
TEL-10901,2026-01,2.75,231,0.1,13,265.7,2,0
TEL-10901,2026-02,2.62,195,0.3,11,254.69,1,0
TEL-10901,2026-03,3.29,119,0.1,9,285.32,4,0
TEL-10901,2026-04,3.08,127,1.8,6,270.63,3,0
TEL-10901,2026-05,2.46,246,0.8,9,210.88,2,0
TEL-10901,2026-06,1.82,145,1.4,14,308.34,3,0
TEL-10902,2026-01,38.18,96,3.3,4,481.1,4,0
TEL-10902,2026-02,38.89,91,0.2,3,456.23,2,0
TEL-10902,2026-03,23.92,138,0.1,7,510.38,1,0
TEL-10902,2026-04,29.02,76,0.1,6,464.11,3,0
TEL-10902,2026-05,33.6,199,0.0,6,504.23,2,0
TEL-10902,2026-06,33.42,159,1.3,5,475.15,4,0
TEL-10903,2026-01,2.63,896,0.2,34,151.46,3,0
TEL-10903,2026-02,2.6,724,0.0,24,170.4,1,0
TEL-10903,2026-03,1.68,595,1.1,25,158.59,3,0
TEL-10903,2026-04,1.72,678,0.7,30,154.01,4,0
TEL-10903,2026-05,2.12,699,0.4,37,162.0,1,0
TEL-10903,2026-06,2.06,506,0.7,32,125.26,2,0
TEL-10904,2026-01,15.12,229,4.2,8,749.88,1,0
TEL-10904,2026-02,25.15,496,7.5,17,678.55,4,0
TEL-10904,2026-03,24.87,280,17.3,17,619.11,3,0
TEL-10904,2026-04,28.68,400,13.2,13,702.14,4,0
TEL-10904,2026-05,23.43,335,7.5,15,705.02,4,0
TEL-10904,2026-06,24.43,220,7.0,17,752.67,2,0
TEL-10905,2026-01,19.56,272,0.4,25,357.12,2,0
TEL-10905,2026-02,14.37,192,0.5,25,291.65,4,0
TEL-10905,2026-03,23.75,409,0.2,20,322.22,4,0
TEL-10905,2026-04,15.24,356,0.8,18,390.24,3,0
TEL-10905,2026-05,17.28,313,0.4,26,429.69,1,0
TEL-10905,2026-06,13.24,253,0.3,21,377.32,4,0
TEL-10906,2026-01,3.84,174,0.8,6,316.42,3,0
TEL-10906,2026-02,3.22,139,0.8,9,316.77,3,0
TEL-10906,2026-03,3.97,170,3.1,7,267.62,2,0
TEL-10906,2026-04,2.83,153,1.1,9,334.15,2,0
TEL-10906,2026-05,3.65,89,0.7,4,268.56,3,0
TEL-10906,2026-06,2.47,100,0.9,10,278.34,2,0
TEL-10907,2026-01,13.67,344,0.2,21,414.9,3,0
TEL-10907,2026-02,15.6,346,2.0,13,487.76,2,0
TEL-10907,2026-03,14.25,359,0.7,35,499.11,3,0
TEL-10907,2026-04,13.5,322,0.8,24,374.34,4,0
TEL-10907,2026-05,10.25,340,0.1,12,473.48,2,0
TEL-10907,2026-06,10.21,334,1.3,19,384.91,3,0
TEL-10908,2026-01,2.96,381,0.1,20,190.1,4,0
TEL-10908,2026-02,2.09,456,1.3,22,191.01,4,0
TEL-10908,2026-03,2.16,415,0.4,23,197.71,1,0
TEL-10908,2026-04,61.2,459,0.1,27,0.0,0,3
TEL-10908,2026-05,63.49,437,2.0,30,0.0,0,3
TEL-10908,2026-06,64.82,411,0.2,19,0.0,0,3
TEL-10909,2026-01,17.39,355,0.0,11,297.6,1,0
TEL-10909,2026-02,22.4,274,0.1,6,342.56,4,0
TEL-10909,2026-03,24.54,244,0.2,10,331.32,1,0
TEL-10909,2026-04,23.95,310,0.5,7,393.29,1,0
TEL-10909,2026-05,21.88,278,0.6,14,353.52,1,0
TEL-10909,2026-06,21.41,226,1.1,7,374.21,2,0
TEL-10910,2026-01,2.5,191,0.0,5,115.47,2,0
TEL-10910,2026-02,2.98,194,1.3,6,132.23,4,0
TEL-10910,2026-03,2.09,203,0.5,7,148.57,3,0
TEL-10910,2026-04,1.97,176,1.3,5,126.7,4,0
TEL-10910,2026-05,3.82,174,1.4,3,107.51,1,0
TEL-10910,2026-06,3.43,175,0.9,9,124.2,4,0
TEL-10911,2026-01,1.72,440,0.4,19,187.47,3,0
TEL-10911,2026-02,2.68,437,0.6,28,214.88,3,0
TEL-10911,2026-03,2.68,384,0.0,24,218.24,4,0
TEL-10911,2026-04,2.44,330,0.5,30,200.11,1,0
TEL-10911,2026-05,2.46,397,0.6,30,216.53,1,0
TEL-10911,2026-06,2.43,334,0.1,28,227.61,2,0
TEL-10912,2026-01,9.02,220,1.4,11,217.24,4,0
TEL-10912,2026-02,7.32,301,0.5,18,214.0,2,0
TEL-10912,2026-03,6.05,314,0.5,11,217.72,3,0
TEL-10912,2026-04,6.83,189,1.3,14,181.63,3,0
TEL-10912,2026-05,4.89,184,0.8,12,179.41,4,0
TEL-10912,2026-06,4.82,237,0.6,15,156.18,4,0
TEL-10913,2026-01,3.36,116,0.4,11,242.01,2,0
TEL-10913,2026-02,3.4,90,0.2,5,301.13,2,0
TEL-10913,2026-03,5.75,107,0.4,5,286.66,4,0
TEL-10913,2026-04,3.41,143,0.9,2,277.8,1,0
TEL-10913,2026-05,4.57,56,0.3,7,259.51,4,0
TEL-10913,2026-06,5.9,98,0.3,7,315.5,2,0
TEL-10914,2026-01,36.99,69,0.1,1,490.57,2,0
TEL-10914,2026-02,30.03,75,1.5,3,429.69,2,0
TEL-10914,2026-03,48.29,101,1.5,3,405.0,2,0
TEL-10914,2026-04,26.36,40,0.5,2,378.07,3,0
TEL-10914,2026-05,27.4,92,0.2,3,482.85,2,0
TEL-10914,2026-06,38.34,98,0.5,2,448.55,1,0
TEL-10915,2026-01,4.65,154,1.2,9,336.29,1,0
TEL-10915,2026-02,3.41,179,1.5,12,316.81,1,0
TEL-10915,2026-03,5.28,133,0.5,2,302.47,2,0
TEL-10915,2026-04,5.65,122,3.0,7,342.47,1,0
TEL-10915,2026-05,5.54,113,1.9,8,319.98,3,0
TEL-10915,2026-06,4.74,186,1.3,9,279.53,3,0
TEL-10916,2026-01,40.44,109,0.7,7,850.17,1,0
TEL-10916,2026-02,43.8,221,1.0,4,858.87,1,0
TEL-10916,2026-03,42.1,224,0.5,3,769.3,4,0
TEL-10916,2026-04,45.22,241,1.6,3,762.07,1,0
TEL-10916,2026-05,39.42,113,0.2,7,702.84,1,0
TEL-10916,2026-06,53.28,254,1.0,6,728.81,3,0
TEL-10917,2026-01,46.74,157,10.8,12,777.86,3,0
TEL-10917,2026-02,36.51,206,0.9,5,873.89,2,0
TEL-10917,2026-03,0.05,98,1752.9,6,893.92,1,0
TEL-10917,2026-04,0.07,102,2115.5,4,659.04,3,0
TEL-10917,2026-05,0.17,89,2686.1,3,833.43,3,0
TEL-10917,2026-06,0.05,40,2528.0,10,785.31,3,0
TEL-10918,2026-01,8.2,102,0.1,8,292.17,1,0
TEL-10918,2026-02,5.36,189,0.6,5,264.14,3,0
TEL-10918,2026-03,7.39,106,0.5,3,287.86,4,0
TEL-10918,2026-04,5.08,139,0.5,8,246.9,2,0
TEL-10918,2026-05,4.25,188,0.5,8,263.39,4,0
TEL-10918,2026-06,7.25,137,0.5,8,268.6,4,0
TEL-10919,2026-01,53.8,279,22.3,9,828.34,3,0
TEL-10919,2026-02,48.61,197,1.2,13,851.94,3,0
TEL-10919,2026-03,72.94,210,66.0,9,697.21,1,0
TEL-10919,2026-04,39.05,234,1.8,5,811.14,4,0
TEL-10919,2026-05,31.31,245,31.7,7,657.64,3,0
TEL-10919,2026-06,25.61,212,1.2,5,773.73,2,0
TEL-10920,2026-01,2.11,124,2.0,13,95.44,2,0
TEL-10920,2026-02,1.85,169,0.2,10,94.52,2,0
TEL-10920,2026-03,2.24,145,0.1,11,91.57,4,0
TEL-10920,2026-04,2.68,187,0.3,15,106.23,4,0
TEL-10920,2026-05,2.44,170,0.3,8,101.78,1,0
TEL-10920,2026-06,2.15,217,0.0,10,86.79,3,0
TEL-10921,2026-01,42.43,229,1.2,7,520.75,4,0
TEL-10921,2026-02,47.2,204,1.8,6,441.73,2,0
TEL-10921,2026-03,53.51,211,1.2,4,435.9,4,0
TEL-10921,2026-04,43.32,194,1.4,2,467.75,4,0
TEL-10921,2026-05,45.0,205,0.5,7,372.89,4,0
TEL-10921,2026-06,47.01,179,0.3,4,509.02,2,0
TEL-10922,2026-01,24.26,134,1.1,3,507.01,4,0
TEL-10922,2026-02,26.07,133,0.3,9,526.59,2,0
TEL-10922,2026-03,17.39,131,0.8,4,512.55,2,0
TEL-10922,2026-04,34.3,143,0.4,6,622.7,1,0
TEL-10922,2026-05,19.0,221,0.2,2,635.82,3,0
TEL-10922,2026-06,17.13,161,0.1,8,583.67,1,0
TEL-10923,2026-01,0.81,643,4.5,19,486.33,3,0
TEL-10923,2026-02,0.45,430,6.6,16,465.41,1,0
TEL-10923,2026-03,0.71,502,20.7,13,402.73,3,0
TEL-10923,2026-04,0.91,494,12.5,14,454.29,2,0
TEL-10923,2026-05,0.73,461,19.2,17,489.51,1,0
TEL-10923,2026-06,0.68,451,35.7,17,438.77,2,0
TEL-10924,2026-01,3.09,525,18.4,39,493.59,4,0
TEL-10924,2026-02,1.49,507,0.6,37,537.57,1,0
TEL-10924,2026-03,2.03,606,11.3,52,425.66,3,0
TEL-10924,2026-04,2.39,467,3.1,40,449.7,4,0
TEL-10924,2026-05,2.46,507,8.9,28,496.17,1,0
TEL-10924,2026-06,1.82,423,0.2,35,538.37,2,0
TEL-10925,2026-01,6.16,144,0.1,8,290.03,4,0
TEL-10925,2026-02,4.47,205,0.4,9,319.53,1,0
TEL-10925,2026-03,4.7,159,0.2,7,312.99,1,0
TEL-10925,2026-04,5.16,185,0.1,10,322.21,2,0
TEL-10925,2026-05,3.96,108,0.3,10,354.08,1,0
TEL-10925,2026-06,6.47,200,0.2,7,335.32,1,0
TEL-10926,2026-01,3.96,140,0.6,14,120.54,4,0
TEL-10926,2026-02,3.97,188,1.8,5,162.92,3,0
TEL-10926,2026-03,2.87,198,0.4,8,150.29,4,0
TEL-10926,2026-04,4.25,157,0.3,14,135.06,2,0
TEL-10926,2026-05,3.69,179,1.4,7,140.54,3,0
TEL-10926,2026-06,3.89,123,5.3,7,135.82,1,0
TEL-10927,2026-01,1.42,318,0.1,35,150.44,1,0
TEL-10927,2026-02,1.44,398,1.1,43,188.79,2,0
TEL-10927,2026-03,1.28,360,0.3,35,123.22,1,0
TEL-10927,2026-04,1.26,324,0.7,34,141.43,4,0
TEL-10927,2026-05,1.26,364,0.5,31,159.21,3,0
TEL-10927,2026-06,1.82,429,0.4,36,155.1,2,0
TEL-10928,2026-01,3.04,216,1.2,14,229.94,3,0
TEL-10928,2026-02,3.82,139,0.5,8,220.81,1,0
TEL-10928,2026-03,3.29,133,0.8,16,254.28,4,0
TEL-10928,2026-04,3.25,145,0.9,6,215.91,1,0
TEL-10928,2026-05,3.69,96,0.7,4,236.03,4,0
TEL-10928,2026-06,3.06,120,2.1,11,193.24,3,0
TEL-10929,2026-01,11.56,330,32.1,23,474.56,1,0
TEL-10929,2026-02,10.09,264,19.9,16,380.55,2,0
TEL-10929,2026-03,16.44,272,2.2,27,508.94,2,0
TEL-10929,2026-04,14.18,220,13.3,24,452.98,1,0
TEL-10929,2026-05,14.28,326,13.7,25,447.86,1,0
TEL-10929,2026-06,10.91,566,3.5,21,426.37,3,0
TEL-10930,2026-01,14.56,337,0.6,16,338.1,3,0
TEL-10930,2026-02,14.57,302,0.7,20,321.08,4,0
TEL-10930,2026-03,13.98,158,0.4,18,326.41,4,0
TEL-10930,2026-04,14.47,219,1.5,21,293.74,2,0
TEL-10930,2026-05,17.67,243,1.1,24,299.55,3,0
TEL-10930,2026-06,8.81,301,0.0,13,336.62,1,0
TEL-10931,2026-01,21.53,232,101.6,6,677.02,2,0
TEL-10931,2026-02,17.54,290,20.4,5,607.93,1,0
TEL-10931,2026-03,29.29,300,7.1,5,659.22,1,0
TEL-10931,2026-04,14.13,257,6.1,6,628.08,4,0
TEL-10931,2026-05,26.71,217,5.1,3,624.7,2,0
TEL-10931,2026-06,16.78,217,21.0,7,526.52,4,0
TEL-10932,2026-01,13.4,589,0.8,21,370.79,4,0
TEL-10932,2026-02,11.43,485,2.0,13,405.53,2,0
TEL-10932,2026-03,17.34,682,0.2,19,351.88,1,0
TEL-10932,2026-04,15.53,628,1.0,17,348.15,3,0
TEL-10932,2026-05,15.38,618,0.2,17,367.65,4,0
TEL-10932,2026-06,10.52,447,0.7,11,308.03,4,0
TEL-10933,2026-01,2.67,368,0.5,34,251.5,4,0
TEL-10933,2026-02,2.08,637,0.8,36,247.15,4,0
TEL-10933,2026-03,2.85,1121,0.6,30,185.04,3,0
TEL-10933,2026-04,2.45,546,0.2,46,233.56,2,0
TEL-10933,2026-05,2.55,611,1.1,29,203.45,4,0
TEL-10933,2026-06,2.37,896,0.1,35,257.87,1,0
TEL-10934,2026-01,30.85,290,0.7,15,355.93,2,0
TEL-10934,2026-02,23.96,396,2.1,22,442.59,4,0
TEL-10934,2026-03,25.19,310,0.8,14,418.56,4,0
TEL-10934,2026-04,19.69,256,0.6,18,473.22,3,0
TEL-10934,2026-05,17.7,371,1.1,15,365.99,3,0
TEL-10934,2026-06,25.28,296,0.1,12,448.35,4,0
TEL-10935,2026-01,1.35,609,0.2,41,416.62,2,0
TEL-10935,2026-02,0.94,918,1.0,39,460.25,4,0
TEL-10935,2026-03,1.34,896,0.2,35,438.37,3,0
TEL-10935,2026-04,1.57,565,0.3,34,438.07,2,0
TEL-10935,2026-05,0.98,733,1.4,45,473.85,3,0
TEL-10935,2026-06,1.56,811,0.3,43,422.45,2,0
TEL-10936,2026-01,4.14,112,0.1,18,270.93,4,0
TEL-10936,2026-02,2.96,109,3.6,5,243.15,1,0
TEL-10936,2026-03,3.52,117,2.0,18,214.24,2,0
TEL-10936,2026-04,4.53,133,3.2,11,251.97,3,0
TEL-10936,2026-05,2.41,90,0.2,6,221.27,2,0
TEL-10936,2026-06,4.84,68,0.5,9,239.32,4,0
TEL-10937,2026-01,3.72,163,0.1,12,235.92,3,0
TEL-10937,2026-02,0.58,151,0.7,17,254.09,1,0
TEL-10937,2026-03,2.71,157,1.2,11,237.0,1,0
TEL-10937,2026-04,2.69,147,2.2,5,247.69,1,0
TEL-10937,2026-05,2.65,116,0.1,10,230.45,1,0
TEL-10937,2026-06,1.92,126,5.3,12,240.02,4,0
TEL-10938,2026-01,15.2,299,1.2,19,277.05,2,0
TEL-10938,2026-02,17.69,467,0.1,19,230.67,2,0
TEL-10938,2026-03,6.55,494,0.5,15,251.25,3,0
TEL-10938,2026-04,10.9,354,0.3,17,263.55,3,0
TEL-10938,2026-05,18.29,526,1.6,13,237.4,3,0
TEL-10938,2026-06,16.01,381,0.3,19,289.63,4,0
TEL-10939,2026-01,3.12,260,1.0,9,370.08,1,0
TEL-10939,2026-02,2.15,227,2.2,9,410.48,1,0
TEL-10939,2026-03,5.05,233,2.2,10,346.21,3,0
TEL-10939,2026-04,3.41,302,0.7,8,378.11,4,0
TEL-10939,2026-05,5.2,113,1.3,5,414.01,4,0
TEL-10939,2026-06,3.66,247,0.2,2,285.34,2,0
TEL-10940,2026-01,3.2,77,0.1,14,275.34,4,0
TEL-10940,2026-02,4.51,75,0.7,6,368.89,4,0
TEL-10940,2026-03,3.12,61,2.8,11,376.28,4,0
TEL-10940,2026-04,5.65,69,0.3,13,374.09,2,0
TEL-10940,2026-05,4.82,74,0.4,11,379.4,2,0
TEL-10940,2026-06,3.75,71,0.6,5,314.01,4,0
TEL-10941,2026-01,13.78,196,0.5,2,246.55,1,0
TEL-10941,2026-02,18.31,240,1.3,8,268.5,2,0
TEL-10941,2026-03,23.46,186,0.0,4,304.68,4,0
TEL-10941,2026-04,31.3,239,0.3,5,312.59,1,0
TEL-10941,2026-05,24.0,280,1.4,5,338.04,3,0
TEL-10941,2026-06,23.42,207,0.1,4,389.55,2,0
TEL-10942,2026-01,3.17,669,0.7,25,242.52,1,0
TEL-10942,2026-02,2.42,558,1.9,22,238.44,3,0
TEL-10942,2026-03,2.87,902,1.7,25,272.05,4,0
TEL-10942,2026-04,3.68,723,0.7,18,242.43,3,0
TEL-10942,2026-05,2.68,516,1.4,28,277.77,2,0
TEL-10942,2026-06,2.74,614,0.6,14,268.21,2,0
TEL-10943,2026-01,5.24,51,2.1,11,173.22,2,0
TEL-10943,2026-02,4.79,91,1.5,9,210.23,1,0
TEL-10943,2026-03,3.74,50,0.7,15,194.13,3,0
TEL-10943,2026-04,3.35,79,0.6,8,151.15,1,0
TEL-10943,2026-05,3.42,55,0.7,12,155.81,2,0
TEL-10943,2026-06,4.7,90,0.7,8,152.94,1,0
TEL-10944,2026-01,20.86,298,0.0,10,491.32,2,0
TEL-10944,2026-02,18.37,228,1.3,17,466.59,4,0
TEL-10944,2026-03,15.21,389,0.7,20,501.72,1,0
TEL-10944,2026-04,10.93,331,1.3,26,440.98,4,0
TEL-10944,2026-05,12.37,384,0.2,18,450.22,2,0
TEL-10944,2026-06,15.13,292,1.8,9,385.78,1,0
TEL-10945,2026-01,1.2,262,0.6,16,288.2,3,0
TEL-10945,2026-02,2.7,261,0.4,10,278.15,2,0
TEL-10945,2026-03,3.15,190,0.3,15,269.43,4,0
TEL-10945,2026-04,2.4,226,0.9,9,260.71,1,0
TEL-10945,2026-05,3.02,131,0.1,14,286.05,2,0
TEL-10945,2026-06,2.66,200,0.3,13,308.11,2,0
TEL-10946,2026-01,2.41,553,0.8,29,107.38,3,0
TEL-10946,2026-02,1.94,493,0.2,20,127.37,3,0
TEL-10946,2026-03,1.56,415,0.1,25,114.71,4,0
TEL-10946,2026-04,1.85,399,0.7,30,130.65,1,0
TEL-10946,2026-05,1.05,500,0.1,36,122.59,4,0
TEL-10946,2026-06,2.19,458,0.5,27,104.72,3,0
TEL-10947,2026-01,3.91,256,2.9,30,191.07,4,0
TEL-10947,2026-02,2.23,246,0.3,30,171.13,1,0
TEL-10947,2026-03,2.8,343,0.1,33,181.56,4,0
TEL-10947,2026-04,4.44,196,0.4,27,232.12,1,0
TEL-10947,2026-05,2.71,494,0.4,38,197.99,3,0
TEL-10947,2026-06,2.65,311,0.1,39,206.4,2,0
TEL-10948,2026-01,23.58,265,0.2,16,366.08,3,0
TEL-10948,2026-02,19.79,336,1.8,13,397.72,4,0
TEL-10948,2026-03,12.62,282,0.1,12,421.2,2,0
TEL-10948,2026-04,23.01,272,0.0,10,358.83,4,0
TEL-10948,2026-05,16.32,537,2.3,15,320.83,4,0
TEL-10948,2026-06,23.48,252,0.2,12,348.19,2,0
TEL-10949,2026-01,3.75,136,0.1,5,170.95,2,0
TEL-10949,2026-02,3.25,165,1.0,0,182.53,1,0
TEL-10949,2026-03,3.75,176,1.8,2,149.75,3,0
TEL-10949,2026-04,2.83,116,0.3,3,136.4,1,0
TEL-10949,2026-05,2.63,197,0.5,2,162.62,2,0
TEL-10949,2026-06,2.52,217,0.1,2,177.61,1,0
TEL-10950,2026-01,21.47,297,0.7,21,535.84,1,0
TEL-10950,2026-02,13.61,429,0.1,12,488.8,1,0
TEL-10950,2026-03,15.95,201,0.5,10,488.56,4,0
TEL-10950,2026-04,9.44,409,3.2,16,515.17,1,0
TEL-10950,2026-05,14.92,297,0.4,16,538.69,2,0
TEL-10950,2026-06,14.56,203,0.3,14,570.19,3,0
TEL-10951,2026-01,4.59,132,0.7,15,306.77,3,0
TEL-10951,2026-02,5.86,126,0.0,11,266.0,3,0
TEL-10951,2026-03,5.31,54,1.9,10,295.4,2,0
TEL-10951,2026-04,4.59,73,0.6,14,243.9,3,0
TEL-10951,2026-05,5.95,139,2.1,15,279.43,1,0
TEL-10951,2026-06,7.9,114,0.5,5,274.68,3,0
TEL-10952,2026-01,18.65,594,0.3,13,360.57,2,0
TEL-10952,2026-02,22.49,282,0.3,14,355.45,3,0
TEL-10952,2026-03,26.8,601,0.1,16,357.42,2,0
TEL-10952,2026-04,19.93,462,0.3,16,343.7,2,0
TEL-10952,2026-05,21.76,544,0.2,16,398.53,2,0
TEL-10952,2026-06,24.16,358,0.2,15,332.11,2,0
TEL-10953,2026-01,34.57,341,1.2,1,685.38,2,0
TEL-10953,2026-02,36.36,267,0.2,3,680.25,1,0
TEL-10953,2026-03,26.19,277,0.0,1,620.33,4,0
TEL-10953,2026-04,35.5,237,0.2,7,658.37,3,0
TEL-10953,2026-05,47.18,140,0.5,3,609.71,4,0
TEL-10953,2026-06,36.28,215,2.8,4,534.08,3,0
TEL-10954,2026-01,3.17,417,0.6,31,131.74,4,0
TEL-10954,2026-02,2.35,467,0.8,26,145.4,2,0
TEL-10954,2026-03,2.73,525,0.9,34,157.55,1,0
TEL-10954,2026-04,1.92,341,0.2,43,149.15,2,0
TEL-10954,2026-05,2.03,306,0.3,46,165.05,1,0
TEL-10954,2026-06,2.56,417,1.9,42,134.3,3,0
TEL-10955,2026-01,2.34,184,0.7,16,238.98,4,0
TEL-10955,2026-02,4.14,166,0.8,11,275.14,3,0
TEL-10955,2026-03,5.24,170,0.7,15,324.87,2,0
TEL-10955,2026-04,3.28,92,0.6,13,294.32,2,0
TEL-10955,2026-05,3.69,146,1.3,13,311.11,3,0
TEL-10955,2026-06,3.93,180,2.0,15,316.34,4,0
TEL-10956,2026-01,1.93,101,0.6,4,280.4,4,0
TEL-10956,2026-02,2.54,130,0.5,5,245.38,4,0
TEL-10956,2026-03,2.5,82,0.3,4,225.36,4,0
TEL-10956,2026-04,2.43,129,1.0,1,249.4,1,0
TEL-10956,2026-05,2.22,89,0.7,0,291.08,3,0
TEL-10956,2026-06,3.23,106,0.5,3,259.88,4,0
TEL-10957,2026-01,14.49,378,1.8,18,307.05,2,0
TEL-10957,2026-02,15.73,283,0.1,19,295.46,4,0
TEL-10957,2026-03,13.91,202,3.1,13,302.04,2,0
TEL-10957,2026-04,14.64,351,1.4,24,290.15,4,0
TEL-10957,2026-05,20.69,327,1.0,23,266.24,2,0
TEL-10957,2026-06,13.38,255,0.3,24,279.02,2,0
TEL-10958,2026-01,3.09,172,0.0,8,262.52,1,0
TEL-10958,2026-02,3.35,330,0.4,10,272.85,2,0
TEL-10958,2026-03,2.35,264,0.8,6,258.94,1,0
TEL-10958,2026-04,2.82,245,0.5,15,202.37,1,0
TEL-10958,2026-05,3.7,119,1.1,12,233.1,4,0
TEL-10958,2026-06,2.47,270,2.2,7,301.37,3,0
TEL-10959,2026-01,15.8,358,1.9,11,270.33,2,0
TEL-10959,2026-02,15.93,390,0.1,16,248.55,1,0
TEL-10959,2026-03,9.13,344,0.1,9,279.54,2,0
TEL-10959,2026-04,10.64,304,1.7,18,248.21,1,0
TEL-10959,2026-05,6.38,468,0.8,14,235.21,2,0
TEL-10959,2026-06,10.8,324,0.1,8,173.22,4,0
TEL-10960,2026-01,5.44,140,1.3,8,611.05,4,0
TEL-10960,2026-02,5.69,188,4.5,11,543.21,1,0
TEL-10960,2026-03,5.43,70,4.2,6,649.44,2,0
TEL-10960,2026-04,4.15,109,4.2,7,526.77,4,0
TEL-10960,2026-05,6.98,215,34.7,9,517.29,3,0
TEL-10960,2026-06,4.02,182,4.9,4,548.47,1,0
TEL-10961,2026-01,21.27,213,0.6,12,429.08,1,0
TEL-10961,2026-02,29.75,202,0.2,16,469.81,2,0
TEL-10961,2026-03,33.81,105,0.2,14,390.23,3,0
TEL-10961,2026-04,27.24,240,1.6,16,413.96,1,0
TEL-10961,2026-05,35.46,129,1.3,3,491.12,1,0
TEL-10961,2026-06,26.16,215,0.7,12,463.84,1,0
TEL-10962,2026-01,11.24,200,1.6,16,347.04,4,0
TEL-10962,2026-02,11.28,278,0.2,20,379.96,1,0
TEL-10962,2026-03,10.33,147,1.4,20,368.62,3,0
TEL-10962,2026-04,10.97,215,0.6,19,385.14,4,0
TEL-10962,2026-05,13.81,404,0.3,24,377.98,4,0
TEL-10962,2026-06,11.61,214,0.3,16,409.1,2,0
TEL-10963,2026-01,41.48,279,0.8,4,397.52,3,0
TEL-10963,2026-02,34.37,352,0.6,8,383.98,4,0
TEL-10963,2026-03,36.26,232,0.5,6,475.85,2,0
TEL-10963,2026-04,25.57,172,1.9,4,418.28,3,0
TEL-10963,2026-05,39.96,171,2.4,7,388.75,2,0
TEL-10963,2026-06,31.68,181,0.2,7,393.04,2,0
TEL-10964,2026-01,14.15,125,0.6,7,231.28,4,0
TEL-10964,2026-02,17.78,156,1.0,10,203.93,2,0
TEL-10964,2026-03,13.57,155,1.0,10,228.38,2,0
TEL-10964,2026-04,17.01,165,1.0,6,204.33,1,0
TEL-10964,2026-05,19.17,205,0.1,6,207.82,4,0
TEL-10964,2026-06,6.46,87,0.1,12,224.26,4,0
TEL-10965,2026-01,50.08,214,0.3,8,487.78,4,0
TEL-10965,2026-02,28.83,223,0.9,8,496.13,1,0
TEL-10965,2026-03,44.0,270,0.1,7,540.57,4,0
TEL-10965,2026-04,38.62,315,1.3,14,495.36,3,0
TEL-10965,2026-05,35.73,218,0.7,11,540.89,3,0
TEL-10965,2026-06,39.5,141,1.1,7,514.75,1,0
TEL-10966,2026-01,4.29,191,4.0,6,243.24,3,0
TEL-10966,2026-02,4.1,151,1.8,4,214.57,2,0
TEL-10966,2026-03,4.15,137,1.1,6,249.28,1,0
TEL-10966,2026-04,3.59,165,0.5,8,286.04,2,0
TEL-10966,2026-05,3.41,155,0.3,14,262.13,4,0
TEL-10966,2026-06,2.69,199,0.3,7,272.46,1,0
TEL-10967,2026-01,28.72,249,1.1,7,372.54,4,0
TEL-10967,2026-02,35.08,147,1.7,9,385.22,3,0
TEL-10967,2026-03,26.66,146,0.4,8,436.77,3,0
TEL-10967,2026-04,20.73,144,2.4,12,412.13,4,0
TEL-10967,2026-05,24.31,163,0.9,3,351.07,4,0
TEL-10967,2026-06,14.9,224,0.5,6,496.81,1,0
TEL-10968,2026-01,29.67,219,18.0,5,731.18,2,0
TEL-10968,2026-02,27.96,215,7.5,6,764.42,2,0
TEL-10968,2026-03,49.75,205,34.7,11,800.42,1,0
TEL-10968,2026-04,31.57,268,6.2,6,732.42,4,0
TEL-10968,2026-05,26.63,256,21.2,7,806.61,1,0
TEL-10968,2026-06,43.57,120,6.2,7,613.49,2,0
TEL-10969,2026-01,46.0,144,1.7,16,716.01,2,0
TEL-10969,2026-02,48.29,190,19.2,13,696.63,4,0
TEL-10969,2026-03,31.49,193,4.8,4,674.57,2,0
TEL-10969,2026-04,36.71,145,12.6,8,680.83,2,0
TEL-10969,2026-05,32.71,175,16.5,12,668.05,1,0
TEL-10969,2026-06,40.19,122,59.0,13,670.5,3,0
TEL-10970,2026-01,3.11,187,0.1,2,367.39,4,0
TEL-10970,2026-02,6.81,161,0.0,2,365.46,2,0
TEL-10970,2026-03,4.96,149,2.8,6,380.05,1,0
TEL-10970,2026-04,4.46,218,0.0,3,410.63,3,0
TEL-10970,2026-05,5.25,172,1.9,4,307.86,3,0
TEL-10970,2026-06,4.94,159,0.8,6,258.45,3,0
TEL-10971,2026-01,5.92,266,9.7,19,466.84,1,0
TEL-10971,2026-02,9.81,470,4.0,20,520.43,3,0
TEL-10971,2026-03,7.87,379,23.5,11,465.48,1,0
TEL-10971,2026-04,8.08,451,11.0,17,554.47,3,0
TEL-10971,2026-05,7.59,287,1.9,25,453.02,2,0
TEL-10971,2026-06,7.86,202,7.3,15,459.28,2,0
TEL-10972,2026-01,25.92,219,0.7,4,494.67,2,0
TEL-10972,2026-02,31.81,128,0.7,2,563.61,3,0
TEL-10972,2026-03,32.06,234,1.0,9,570.94,1,0
TEL-10972,2026-04,33.4,179,0.1,3,610.51,4,0
TEL-10972,2026-05,42.45,163,0.1,7,525.67,4,0
TEL-10972,2026-06,40.4,168,1.4,4,606.6,2,0
TEL-10973,2026-01,3.38,141,0.2,9,149.27,3,0
TEL-10973,2026-02,2.9,208,0.3,10,189.02,4,0
TEL-10973,2026-03,5.42,205,0.9,7,140.02,4,0
TEL-10973,2026-04,4.92,133,0.8,11,158.76,4,0
TEL-10973,2026-05,5.14,137,1.2,8,130.47,3,0
TEL-10973,2026-06,3.95,188,0.2,11,143.87,4,0
TEL-10974,2026-01,34.33,226,0.6,9,807.11,3,0
TEL-10974,2026-02,28.82,182,0.1,9,942.28,2,0
TEL-10974,2026-03,45.45,87,3.8,12,845.48,3,0
TEL-10974,2026-04,32.22,200,0.4,12,648.63,2,0
TEL-10974,2026-05,29.43,206,0.1,7,890.29,4,0
TEL-10974,2026-06,45.36,257,0.7,15,786.43,1,0
TEL-10975,2026-01,1.8,798,0.3,25,228.98,4,0
TEL-10975,2026-02,2.26,786,0.8,23,278.1,3,0
TEL-10975,2026-03,1.48,627,0.2,30,296.23,1,0
TEL-10975,2026-04,2.62,574,0.2,32,228.97,1,0
TEL-10975,2026-05,1.54,779,2.1,33,222.05,3,0
TEL-10975,2026-06,2.16,597,0.5,27,272.62,3,0
TEL-10976,2026-01,21.83,465,0.3,16,194.72,3,0
TEL-10976,2026-02,11.58,336,0.2,17,246.54,2,0
TEL-10976,2026-03,10.83,547,0.6,16,228.82,2,0
TEL-10976,2026-04,9.2,460,0.2,11,231.94,1,0
TEL-10976,2026-05,17.42,301,0.5,17,217.97,4,0
TEL-10976,2026-06,15.27,535,1.5,18,202.79,1,0
TEL-10977,2026-01,20.69,328,21.0,8,822.1,1,0
TEL-10977,2026-02,24.88,384,7.9,9,814.49,4,0
TEL-10977,2026-03,28.69,401,11.5,10,794.58,2,0
TEL-10977,2026-04,13.99,523,23.1,10,666.8,3,0
TEL-10977,2026-05,33.28,399,1.4,10,795.55,4,0
TEL-10977,2026-06,27.85,492,16.8,11,621.51,1,0
TEL-10978,2026-01,22.73,360,0.2,7,376.98,4,0
TEL-10978,2026-02,14.48,365,0.2,12,434.54,4,0
TEL-10978,2026-03,16.49,196,0.4,16,332.61,1,0
TEL-10978,2026-04,13.41,236,1.3,12,345.93,2,0
TEL-10978,2026-05,14.95,317,0.2,8,374.95,2,0
TEL-10978,2026-06,15.31,262,1.3,18,333.94,1,0
TEL-10979,2026-01,4.59,94,0.3,8,441.3,2,0
TEL-10979,2026-02,4.6,124,0.7,8,419.58,1,0
TEL-10979,2026-03,2.77,141,0.1,14,364.32,1,0
TEL-10979,2026-04,2.73,127,0.1,6,369.2,4,0
TEL-10979,2026-05,3.09,103,2.3,6,412.01,4,0
TEL-10979,2026-06,3.87,138,1.1,6,306.01,3,0
TEL-10980,2026-01,19.75,222,0.2,15,312.51,2,0
TEL-10980,2026-02,17.32,207,0.4,7,309.31,1,0
TEL-10980,2026-03,23.17,228,1.2,9,334.8,4,0
TEL-10980,2026-04,18.35,246,0.3,15,299.07,4,0
TEL-10980,2026-05,25.59,317,0.2,8,326.32,2,0
TEL-10980,2026-06,15.84,246,0.1,5,257.98,4,0
TEL-10981,2026-01,23.04,247,0.2,9,460.21,3,0
TEL-10981,2026-02,30.5,205,0.8,9,485.58,3,0
TEL-10981,2026-03,22.24,256,3.4,10,410.45,2,0
TEL-10981,2026-04,28.67,202,0.2,9,456.98,2,0
TEL-10981,2026-05,19.18,279,0.9,9,388.8,2,0
TEL-10981,2026-06,10.46,237,0.7,9,436.03,4,0
TEL-10982,2026-01,32.46,87,1.2,13,379.62,4,0
TEL-10982,2026-02,16.94,215,0.4,6,375.63,1,0
TEL-10982,2026-03,29.26,282,1.0,13,357.09,4,0
TEL-10982,2026-04,26.81,285,1.0,12,340.22,1,0
TEL-10982,2026-05,15.09,255,1.4,15,396.08,2,0
TEL-10982,2026-06,30.73,258,0.2,13,407.39,1,0
TEL-10983,2026-01,1.74,534,1.4,40,259.17,1,0
TEL-10983,2026-02,2.44,538,1.3,46,276.26,1,0
TEL-10983,2026-03,1.56,520,0.4,27,266.88,1,0
TEL-10983,2026-04,2.66,607,0.1,45,279.42,4,0
TEL-10983,2026-05,2.54,387,0.6,45,236.88,1,0
TEL-10983,2026-06,2.53,289,0.3,41,308.29,3,0
TEL-10984,2026-01,4.32,399,0.3,39,243.2,2,0
TEL-10984,2026-02,3.78,824,0.1,40,236.49,4,0
TEL-10984,2026-03,2.96,898,0.3,31,249.66,1,0
TEL-10984,2026-04,2.74,429,1.5,34,225.58,3,0
TEL-10984,2026-05,3.12,391,1.2,49,278.82,1,0
TEL-10984,2026-06,3.17,919,0.1,35,253.47,3,0
TEL-10985,2026-01,32.71,172,0.7,6,419.66,2,0
TEL-10985,2026-02,40.55,172,2.3,5,330.87,1,0
TEL-10985,2026-03,32.04,218,0.7,10,403.29,2,0
TEL-10985,2026-04,32.18,181,0.4,7,391.71,1,0
TEL-10985,2026-05,34.14,171,0.1,5,454.18,1,0
TEL-10985,2026-06,31.37,149,0.3,3,551.83,2,0
TEL-10986,2026-01,25.53,224,14.7,6,1035.17,2,0
TEL-10986,2026-02,33.01,235,0.9,11,885.42,2,0
TEL-10986,2026-03,30.37,257,35.3,9,1016.17,2,0
TEL-10986,2026-04,33.69,219,14.4,8,936.08,3,0
TEL-10986,2026-05,42.17,237,11.3,8,987.12,2,0
TEL-10986,2026-06,50.03,180,21.5,9,1104.1,3,0
TEL-10987,2026-01,1.11,70,2.4,6,229.98,2,0
TEL-10987,2026-02,2.4,110,1.5,2,221.69,2,0
TEL-10987,2026-03,2.74,124,2.0,4,232.86,1,0
TEL-10987,2026-04,2.49,95,1.9,9,247.98,1,0
TEL-10987,2026-05,1.59,90,2.4,4,219.28,1,0
TEL-10987,2026-06,2.07,92,0.4,5,206.15,1,0
TEL-10988,2026-01,2.78,792,1.1,38,232.43,2,0
TEL-10988,2026-02,2.43,364,0.1,40,239.44,2,0
TEL-10988,2026-03,2.92,543,0.3,26,236.45,4,0
TEL-10988,2026-04,1.98,851,2.0,41,191.79,3,0
TEL-10988,2026-05,2.23,665,0.4,32,194.44,2,0
TEL-10988,2026-06,3.99,621,0.0,29,214.98,4,0
TEL-10989,2026-01,11.11,454,15.7,15,647.75,2,0
TEL-10989,2026-02,10.08,342,1.0,16,563.38,4,0
TEL-10989,2026-03,7.96,281,51.1,18,547.62,3,0
TEL-10989,2026-04,13.61,276,8.0,18,433.21,1,0
TEL-10989,2026-05,10.59,338,5.9,19,548.07,2,0
TEL-10989,2026-06,13.33,534,21.9,16,583.08,1,0
TEL-10990,2026-01,21.25,225,0.1,10,363.51,1,0
TEL-10990,2026-02,19.16,330,0.8,15,411.72,4,0
TEL-10990,2026-03,24.5,277,0.5,13,325.47,3,0
TEL-10990,2026-04,24.73,339,0.0,13,404.85,4,0
TEL-10990,2026-05,18.74,125,0.4,20,350.58,2,0
TEL-10990,2026-06,11.39,297,0.6,15,450.2,4,0
TEL-10991,2026-01,3.8,194,0.1,12,256.22,3,0
TEL-10991,2026-02,4.43,158,0.3,9,295.03,2,0
TEL-10991,2026-03,4.02,163,0.3,10,284.29,2,0
TEL-10991,2026-04,3.21,155,0.5,7,283.84,3,0
TEL-10991,2026-05,5.26,225,3.7,15,246.97,1,0
TEL-10991,2026-06,4.2,99,1.5,15,229.22,4,0
TEL-10992,2026-01,16.71,268,2.2,15,634.9,4,0
TEL-10992,2026-02,12.2,489,10.4,11,631.73,3,0
TEL-10992,2026-03,18.77,513,4.5,13,615.34,3,0
TEL-10992,2026-04,12.52,584,14.2,7,563.03,3,0
TEL-10992,2026-05,8.66,455,25.0,14,563.72,1,0
TEL-10992,2026-06,12.57,545,0.5,12,587.65,2,0
TEL-10993,2026-01,5.57,136,0.1,10,149.07,3,0
TEL-10993,2026-02,3.3,155,0.7,17,151.34,2,0
TEL-10993,2026-03,4.52,163,0.1,12,147.14,4,0
TEL-10993,2026-04,4.77,202,0.5,8,177.52,4,0
TEL-10993,2026-05,2.37,231,0.1,14,137.51,4,0
TEL-10993,2026-06,4.82,108,1.9,16,139.19,4,0
TEL-10994,2026-01,46.41,328,10.6,8,607.86,3,0
TEL-10994,2026-02,36.95,159,43.3,6,725.73,2,0
TEL-10994,2026-03,28.49,128,20.9,14,538.03,1,0
TEL-10994,2026-04,33.17,238,0.3,5,695.56,4,0
TEL-10994,2026-05,38.78,146,2.4,9,594.02,2,0
TEL-10994,2026-06,44.38,185,8.8,9,709.79,1,0
TEL-10995,2026-01,29.56,134,0.1,2,647.53,2,0
TEL-10995,2026-02,47.77,120,1.0,6,775.25,1,0
TEL-10995,2026-03,39.7,155,0.2,4,707.82,4,0
TEL-10995,2026-04,56.04,133,0.3,3,669.01,1,0
TEL-10995,2026-05,42.01,160,1.1,5,747.79,3,0
TEL-10995,2026-06,35.3,128,0.2,3,663.76,3,0
TEL-10996,2026-01,4.0,80,0.4,3,355.3,4,0
TEL-10996,2026-02,5.18,103,0.5,6,360.65,1,0
TEL-10996,2026-03,8.4,128,0.8,2,417.41,4,0
TEL-10996,2026-04,6.05,164,0.3,11,412.98,3,0
TEL-10996,2026-05,3.76,130,2.1,4,464.3,2,0
TEL-10996,2026-06,5.96,78,0.7,2,372.24,4,0
TEL-10997,2026-01,23.42,287,10.1,16,629.45,3,0
TEL-10997,2026-02,26.81,482,3.6,14,504.59,3,0
TEL-10997,2026-03,29.04,304,2.3,15,480.32,1,0
TEL-10997,2026-04,20.31,346,46.4,15,621.74,3,0
TEL-10997,2026-05,22.07,322,3.7,16,584.64,2,0
TEL-10997,2026-06,23.52,358,5.9,20,519.11,3,0
TEL-10998,2026-01,3.83,180,1.5,10,354.95,2,0
TEL-10998,2026-02,4.21,290,0.4,9,295.75,4,0
TEL-10998,2026-03,3.48,212,2.6,18,267.42,3,0
TEL-10998,2026-04,4.43,208,0.5,15,339.85,1,0
TEL-10998,2026-05,5.18,203,0.1,20,330.81,1,0
TEL-10998,2026-06,5.24,226,0.4,9,328.69,1,0
TEL-10999,2026-01,17.93,846,0.8,12,404.5,3,0
TEL-10999,2026-02,17.61,755,0.2,12,376.01,1,0
TEL-10999,2026-03,16.9,600,0.4,7,415.86,3,0
TEL-10999,2026-04,4.87,522,0.7,25,475.28,3,0
TEL-10999,2026-05,17.05,512,0.4,16,406.43,4,0
TEL-10999,2026-06,17.5,368,0.7,15,384.53,1,0
TEL-11000,2026-01,54.37,349,1.0,1,634.09,2,0
TEL-11000,2026-02,48.46,253,0.3,1,597.81,4,0
TEL-11000,2026-03,45.82,218,0.3,0,663.06,1,0
TEL-11000,2026-04,51.2,320,0.4,2,635.65,2,0
TEL-11000,2026-05,36.43,224,0.8,0,584.52,1,0
TEL-11000,2026-06,50.77,124,0.0,1,615.63,2,0
TEL-11001,2026-01,6.12,166,0.8,14,201.46,1,0
TEL-11001,2026-02,5.53,121,0.0,8,253.52,1,0
TEL-11001,2026-03,3.06,127,0.1,6,192.14,2,0
TEL-11001,2026-04,7.2,189,0.8,14,261.66,4,0
TEL-11001,2026-05,3.41,155,0.9,9,222.85,4,0
TEL-11001,2026-06,6.15,122,1.1,16,238.06,3,0
TEL-11002,2026-01,26.3,170,0.2,6,430.85,1,0
TEL-11002,2026-02,36.66,86,1.5,8,431.04,3,0
TEL-11002,2026-03,17.37,105,0.7,6,565.64,3,0
TEL-11002,2026-04,38.5,105,0.6,1,417.41,4,0
TEL-11002,2026-05,33.78,198,0.2,5,395.8,3,0
TEL-11002,2026-06,39.35,155,0.3,9,423.1,3,0
TEL-11003,2026-01,10.33,98,1.2,2,548.69,3,0
TEL-11003,2026-02,24.66,118,1.5,2,641.85,2,0
TEL-11003,2026-03,41.48,85,1.0,4,586.8,3,0
TEL-11003,2026-04,30.63,138,0.9,6,570.61,2,0
TEL-11003,2026-05,28.94,129,1.8,3,522.35,3,0
TEL-11003,2026-06,39.45,109,0.3,4,623.25,1,0
TEL-11004,2026-01,1.94,95,0.4,12,202.34,1,0
TEL-11004,2026-02,5.14,107,0.3,2,198.33,1,0
TEL-11004,2026-03,3.78,95,0.4,8,177.47,1,0
TEL-11004,2026-04,4.65,93,1.1,10,213.4,3,0
TEL-11004,2026-05,4.38,60,0.1,8,220.26,2,0
TEL-11004,2026-06,7.42,85,1.6,9,199.52,2,0
TEL-11005,2026-01,22.6,133,0.2,3,604.31,1,0
TEL-11005,2026-02,17.82,125,1.0,0,506.52,3,0
TEL-11005,2026-03,16.0,105,0.0,2,516.15,3,0
TEL-11005,2026-04,13.12,95,0.2,3,572.64,3,0
TEL-11005,2026-05,19.41,66,0.4,4,501.04,2,0
TEL-11005,2026-06,16.0,72,1.7,2,570.96,1,0
TEL-11006,2026-01,62.05,411,0.1,7,554.96,3,0
TEL-11006,2026-02,39.9,225,0.3,9,621.37,4,0
TEL-11006,2026-03,54.28,335,0.7,5,453.28,4,0
TEL-11006,2026-04,41.05,200,1.1,8,575.13,3,0
TEL-11006,2026-05,31.68,216,0.7,9,410.92,1,0
TEL-11006,2026-06,59.71,448,0.8,6,569.84,2,0
TEL-11007,2026-01,26.3,655,0.5,27,489.74,4,0
TEL-11007,2026-02,35.3,494,0.9,10,513.05,4,0
TEL-11007,2026-03,17.78,547,0.5,12,598.18,3,0
TEL-11007,2026-04,23.25,606,0.3,13,522.17,2,0
TEL-11007,2026-05,24.43,458,0.1,22,487.82,1,0
TEL-11007,2026-06,19.61,288,1.2,16,472.69,1,0
TEL-11008,2026-01,4.85,99,0.8,7,271.59,3,0
TEL-11008,2026-02,4.35,67,0.5,12,277.1,1,0
TEL-11008,2026-03,3.79,79,1.7,11,280.44,3,0
TEL-11008,2026-04,5.0,129,1.6,11,277.48,2,0
TEL-11008,2026-05,4.88,157,0.9,9,246.14,2,0
TEL-11008,2026-06,3.76,93,0.9,15,207.49,2,0
TEL-11009,2026-01,32.94,150,0.8,7,380.42,3,0
TEL-11009,2026-02,34.98,51,1.0,6,445.07,1,0
TEL-11009,2026-03,38.13,130,0.5,8,405.27,2,0
TEL-11009,2026-04,35.81,131,0.4,9,391.38,1,0
TEL-11009,2026-05,44.96,196,2.7,5,364.0,1,0
TEL-11009,2026-06,29.22,87,0.6,6,436.35,2,0
TEL-11010,2026-01,4.6,166,0.4,6,219.49,1,0
TEL-11010,2026-02,7.45,191,0.4,11,274.68,3,0
TEL-11010,2026-03,4.23,149,1.5,2,268.77,2,0
TEL-11010,2026-04,4.82,217,2.2,6,276.3,3,0
TEL-11010,2026-05,4.45,127,0.5,8,236.09,2,0
TEL-11010,2026-06,3.58,75,0.6,10,242.42,3,0
TEL-11011,2026-01,28.06,213,0.3,5,420.25,3,0
TEL-11011,2026-02,31.57,213,0.9,7,426.18,4,0
TEL-11011,2026-03,41.0,284,1.3,6,285.95,2,0
TEL-11011,2026-04,28.37,249,1.0,7,412.88,2,0
TEL-11011,2026-05,32.46,121,0.0,7,408.48,1,0
TEL-11011,2026-06,40.34,241,1.5,7,352.68,3,0
TEL-11012,2026-01,3.9,150,0.2,16,283.04,3,0
TEL-11012,2026-02,2.81,119,0.0,7,307.32,2,0
TEL-11012,2026-03,4.74,188,0.3,1,293.43,3,0
TEL-11012,2026-04,3.2,120,0.5,5,326.51,2,0
TEL-11012,2026-05,3.36,174,0.5,6,342.71,4,0
TEL-11012,2026-06,5.73,184,0.5,9,335.01,1,0
TEL-11013,2026-01,9.37,135,0.6,15,233.15,1,0
TEL-11013,2026-02,10.55,246,0.6,10,227.02,4,0
TEL-11013,2026-03,12.67,357,1.6,13,238.56,1,0
TEL-11013,2026-04,7.82,459,0.4,10,226.92,1,0
TEL-11013,2026-05,11.84,349,0.1,14,236.44,3,0
TEL-11013,2026-06,11.11,265,0.4,13,215.73,3,0
TEL-11014,2026-01,42.14,232,1.5,2,563.38,1,0
TEL-11014,2026-02,47.32,280,0.3,1,380.52,3,0
TEL-11014,2026-03,36.37,217,0.0,2,576.12,4,0
TEL-11014,2026-04,43.77,112,0.2,0,534.05,4,0
TEL-11014,2026-05,54.66,311,0.7,0,551.84,3,0
TEL-11014,2026-06,45.55,282,0.7,1,628.59,1,0
TEL-11015,2026-01,22.29,219,0.6,11,251.23,2,0
TEL-11015,2026-02,17.39,209,1.6,13,322.01,4,0
TEL-11015,2026-03,23.7,343,1.8,17,300.07,1,0
TEL-11015,2026-04,12.67,300,0.6,13,265.72,4,0
TEL-11015,2026-05,19.67,235,0.5,19,285.02,2,0
TEL-11015,2026-06,25.42,323,0.2,9,233.73,3,0
TEL-11016,2026-01,19.99,226,3.9,23,261.7,1,0
TEL-11016,2026-02,15.99,414,1.7,17,296.4,4,0
TEL-11016,2026-03,15.39,318,0.4,21,212.29,2,0
TEL-11016,2026-04,13.86,396,0.6,16,222.92,2,0
TEL-11016,2026-05,18.21,195,1.0,25,255.69,1,0
TEL-11016,2026-06,16.24,377,0.2,17,199.53,4,0
TEL-11017,2026-01,5.42,70,0.6,7,294.22,4,0
TEL-11017,2026-02,4.28,95,0.4,7,204.06,2,0
TEL-11017,2026-03,4.37,66,0.5,3,245.98,1,0
TEL-11017,2026-04,5.11,88,0.8,5,237.45,4,0
TEL-11017,2026-05,4.68,93,0.0,8,226.87,1,0
TEL-11017,2026-06,4.46,43,1.0,9,192.05,3,0
TEL-11018,2026-01,29.68,399,2.4,16,295.5,2,0
TEL-11018,2026-02,16.11,589,1.0,20,346.94,3,0
TEL-11018,2026-03,20.11,455,0.6,25,317.45,2,0
TEL-11018,2026-04,26.64,489,0.8,20,324.22,3,0
TEL-11018,2026-05,18.87,488,0.4,18,311.15,2,0
TEL-11018,2026-06,28.23,423,0.2,10,320.46,1,0
TEL-11019,2026-01,4.35,24,0.3,8,152.86,4,0
TEL-11019,2026-02,7.42,24,0.4,8,136.77,2,0
TEL-11019,2026-03,1.34,31,0.6,8,136.13,3,0
TEL-11019,2026-04,4.92,42,1.6,12,113.55,4,0
TEL-11019,2026-05,4.58,27,0.1,4,120.62,2,0
TEL-11019,2026-06,6.87,39,1.0,10,150.12,1,0
TEL-11020,2026-01,25.55,166,0.6,2,399.16,3,0
TEL-11020,2026-02,38.49,279,1.1,6,428.86,1,0
TEL-11020,2026-03,36.77,337,1.3,4,413.92,3,0
TEL-11020,2026-04,34.17,201,0.4,2,408.21,4,0
TEL-11020,2026-05,26.13,289,1.1,3,348.33,4,0
TEL-11020,2026-06,36.35,408,1.4,4,454.34,4,0
TEL-11021,2026-01,4.4,153,0.5,6,405.12,4,0
TEL-11021,2026-02,3.36,94,0.1,11,362.9,2,0
TEL-11021,2026-03,5.26,114,0.4,7,386.42,3,0
TEL-11021,2026-04,3.7,130,2.9,12,354.51,1,0
TEL-11021,2026-05,3.5,66,1.1,13,384.6,2,0
TEL-11021,2026-06,3.86,159,0.9,8,342.38,4,0
TEL-11022,2026-01,15.7,222,0.1,13,196.2,2,0
TEL-11022,2026-02,16.27,185,0.7,18,187.79,1,0
TEL-11022,2026-03,17.39,289,1.3,20,219.96,2,0
TEL-11022,2026-04,19.99,290,0.8,20,222.46,1,0
TEL-11022,2026-05,17.95,254,0.0,18,209.79,1,0
TEL-11022,2026-06,15.44,224,0.3,8,191.25,2,0
TEL-11023,2026-01,1.84,103,0.0,5,338.07,1,0
TEL-11023,2026-02,1.77,181,0.5,8,370.4,3,0
TEL-11023,2026-03,2.5,151,0.0,4,325.75,3,0
TEL-11023,2026-04,1.97,140,0.4,2,342.85,3,0
TEL-11023,2026-05,2.71,124,0.1,5,354.19,2,0
TEL-11023,2026-06,2.08,181,0.0,4,331.16,2,0
TEL-11024,2026-01,1.83,842,0.5,19,444.83,2,0
TEL-11024,2026-02,2.86,739,0.3,17,465.41,3,0
TEL-11024,2026-03,1.4,602,0.8,30,423.29,3,0
TEL-11024,2026-04,1.87,327,0.6,27,443.6,3,0
TEL-11024,2026-05,2.15,725,2.6,35,360.36,4,0
TEL-11024,2026-06,2.39,938,0.1,27,389.64,1,0
TEL-11025,2026-01,1.98,188,1.8,5,277.38,1,0
TEL-11025,2026-02,2.64,144,2.1,8,224.58,4,0
TEL-11025,2026-03,2.61,218,0.2,8,284.62,1,0
TEL-11025,2026-04,3.16,274,0.0,7,315.53,2,0
TEL-11025,2026-05,2.85,185,0.1,6,244.51,2,0
TEL-11025,2026-06,2.63,170,1.5,6,272.14,2,0
TEL-11026,2026-01,3.74,100,0.5,10,222.05,3,0
TEL-11026,2026-02,4.56,143,0.0,10,228.9,2,0
TEL-11026,2026-03,4.43,151,0.4,8,229.68,4,0
TEL-11026,2026-04,6.24,157,0.2,9,271.42,4,0
TEL-11026,2026-05,4.54,114,0.1,16,261.26,2,0
TEL-11026,2026-06,4.18,163,0.8,18,277.79,2,0
TEL-11027,2026-01,21.86,174,14.4,20,858.77,4,0
TEL-11027,2026-02,28.94,236,22.8,15,738.07,3,0
TEL-11027,2026-03,21.6,225,10.7,16,658.75,2,0
TEL-11027,2026-04,17.36,278,8.5,18,643.51,4,0
TEL-11027,2026-05,21.4,247,1.8,11,781.86,2,0
TEL-11027,2026-06,21.23,352,25.9,15,707.16,1,0
TEL-11028,2026-01,8.0,387,0.9,12,250.23,1,0
TEL-11028,2026-02,18.77,410,0.2,9,300.98,1,0
TEL-11028,2026-03,18.91,396,0.8,10,330.59,2,0
TEL-11028,2026-04,17.34,245,0.3,14,325.55,1,0
TEL-11028,2026-05,9.12,421,0.3,16,356.32,2,0
TEL-11028,2026-06,19.23,384,0.9,9,278.15,3,0
TEL-11029,2026-01,11.96,192,0.2,18,401.72,2,0
TEL-11029,2026-02,12.05,319,0.5,12,464.02,4,0
TEL-11029,2026-03,18.75,258,0.9,11,450.06,4,0
TEL-11029,2026-04,9.3,303,0.8,18,423.94,1,0
TEL-11029,2026-05,19.3,198,0.1,15,497.85,3,0
TEL-11029,2026-06,14.84,199,0.5,11,420.24,4,0
TEL-11030,2026-01,3.03,188,1.7,6,273.5,1,0
TEL-11030,2026-02,4.36,168,1.5,6,220.77,4,0
TEL-11030,2026-03,3.26,65,0.5,4,239.8,3,0
TEL-11030,2026-04,3.06,130,0.0,2,250.98,4,0
TEL-11030,2026-05,3.82,97,1.9,6,289.63,4,0
TEL-11030,2026-06,2.72,124,0.1,8,247.42,3,0
TEL-11031,2026-01,2.56,130,0.1,2,247.43,3,0
TEL-11031,2026-02,2.62,203,0.5,2,186.61,3,0
TEL-11031,2026-03,3.08,193,0.8,3,231.17,1,0
TEL-11031,2026-04,4.24,176,1.3,2,206.45,2,0
TEL-11031,2026-05,3.44,211,0.9,5,182.33,2,0
TEL-11031,2026-06,3.54,148,0.5,5,230.9,4,0
TEL-11032,2026-01,2.1,419,12.6,40,508.7,2,0
TEL-11032,2026-02,3.38,471,5.0,35,429.08,1,0
TEL-11032,2026-03,2.96,344,1.3,28,479.28,3,0
TEL-11032,2026-04,1.93,435,31.8,39,458.42,3,0
TEL-11032,2026-05,2.11,281,38.6,43,447.9,1,0
TEL-11032,2026-06,2.95,483,9.3,34,451.58,1,0
TEL-11033,2026-01,3.52,99,1.1,22,184.92,4,0
TEL-11033,2026-02,3.45,47,0.2,20,204.43,4,0
TEL-11033,2026-03,3.9,82,0.2,18,199.15,4,0
TEL-11033,2026-04,3.07,89,0.3,15,211.95,1,0
TEL-11033,2026-05,2.89,128,1.8,12,179.51,1,0
TEL-11033,2026-06,4.8,68,1.0,24,183.11,3,0
TEL-11034,2026-01,7.52,574,1.1,17,420.23,4,0
TEL-11034,2026-02,8.21,524,0.2,15,382.36,1,0
TEL-11034,2026-03,8.9,579,1.3,9,374.16,2,0
TEL-11034,2026-04,6.41,434,0.2,17,402.55,1,0
TEL-11034,2026-05,5.66,409,0.0,9,360.38,2,0
TEL-11034,2026-06,6.86,331,1.3,11,397.14,1,0
TEL-11035,2026-01,1.75,141,0.3,7,211.13,2,0
TEL-11035,2026-02,3.81,173,0.0,12,197.33,1,0
TEL-11035,2026-03,4.0,160,0.1,11,179.61,3,0
TEL-11035,2026-04,3.27,90,0.7,6,186.85,3,0
TEL-11035,2026-05,3.35,104,1.8,10,201.66,3,0
TEL-11035,2026-06,4.02,147,2.1,12,168.99,4,0
TEL-11036,2026-01,1.38,116,1.0,6,82.47,2,0
TEL-11036,2026-02,1.24,94,2.4,8,71.63,2,0
TEL-11036,2026-03,0.76,131,1.5,7,83.18,3,0
TEL-11036,2026-04,1.03,92,0.1,7,71.69,4,0
TEL-11036,2026-05,0.75,114,0.3,6,69.31,3,0
TEL-11036,2026-06,0.92,98,0.1,5,78.55,2,0
TEL-11037,2026-01,3.53,85,1.8,4,278.0,3,0
TEL-11037,2026-02,5.4,99,3.1,12,307.87,2,0
TEL-11037,2026-03,3.22,158,0.8,8,324.19,3,0
TEL-11037,2026-04,3.56,184,0.8,10,335.1,2,0
TEL-11037,2026-05,2.62,91,0.3,8,358.45,2,0
TEL-11037,2026-06,3.87,147,0.1,8,337.02,1,0
TEL-11038,2026-01,2.05,292,0.1,9,364.16,4,0
TEL-11038,2026-02,2.43,202,0.2,12,386.17,1,0
TEL-11038,2026-03,2.41,234,0.8,12,362.43,3,0
TEL-11038,2026-04,3.55,271,0.7,17,304.6,2,0
TEL-11038,2026-05,4.42,259,1.9,10,347.52,3,0
TEL-11038,2026-06,2.56,172,0.2,14,392.18,2,0
TEL-11039,2026-01,2.98,359,0.2,33,175.15,1,0
TEL-11039,2026-02,2.29,266,0.9,29,187.84,4,0
TEL-11039,2026-03,1.77,388,0.9,21,176.06,2,0
TEL-11039,2026-04,2.21,536,0.6,31,173.37,4,0
TEL-11039,2026-05,2.05,502,0.9,31,161.3,3,0
TEL-11039,2026-06,1.99,548,0.7,16,180.29,4,0
TEL-11040,2026-01,15.61,540,0.3,24,259.9,4,0
TEL-11040,2026-02,20.07,214,0.3,26,269.48,2,0
TEL-11040,2026-03,20.11,279,0.5,26,258.4,3,0
TEL-11040,2026-04,19.67,375,0.0,23,276.74,4,0
TEL-11040,2026-05,17.81,469,0.5,20,250.34,3,0
TEL-11040,2026-06,11.09,199,0.6,23,318.7,2,0
TEL-11041,2026-01,7.01,385,6.9,12,532.94,4,0
TEL-11041,2026-02,5.28,338,13.0,23,546.49,4,0
TEL-11041,2026-03,0.18,46,2448.2,7,491.76,1,0
TEL-11041,2026-04,0.18,74,2540.1,10,579.35,2,0
TEL-11041,2026-05,0.06,50,2381.0,12,494.18,3,0
TEL-11041,2026-06,0.09,42,2174.7,11,504.71,4,0
TEL-11042,2026-01,19.14,256,0.8,16,229.72,3,0
TEL-11042,2026-02,24.12,211,0.6,13,271.95,2,0
TEL-11042,2026-03,15.24,204,1.6,16,255.64,4,0
TEL-11042,2026-04,16.93,176,0.4,18,218.39,4,0
TEL-11042,2026-05,24.95,187,0.2,13,281.68,2,0
TEL-11042,2026-06,15.46,146,2.6,16,243.77,3,0
TEL-11043,2026-01,3.81,97,0.3,17,91.32,2,0
TEL-11043,2026-02,3.64,58,1.4,14,98.19,3,0
TEL-11043,2026-03,3.44,99,0.3,16,98.96,1,0
TEL-11043,2026-04,2.99,90,2.3,20,84.79,4,0
TEL-11043,2026-05,3.18,42,0.6,17,107.14,3,0
TEL-11043,2026-06,1.56,137,0.4,13,101.91,2,0
TEL-11044,2026-01,3.58,608,1.1,29,497.36,3,0
TEL-11044,2026-02,3.35,324,0.1,46,593.85,3,0
TEL-11044,2026-03,3.41,358,1.2,41,535.35,3,0
TEL-11044,2026-04,2.21,708,0.3,32,488.22,2,0
TEL-11044,2026-05,3.17,421,1.4,48,599.55,3,0
TEL-11044,2026-06,2.85,463,0.6,38,518.66,1,0
TEL-11045,2026-01,22.33,485,0.8,15,336.57,3,0
TEL-11045,2026-02,26.92,439,0.6,16,370.17,4,0
TEL-11045,2026-03,19.62,602,0.6,18,343.78,2,0
TEL-11045,2026-04,18.09,297,2.3,12,356.82,4,0
TEL-11045,2026-05,26.38,614,0.2,18,316.86,2,0
TEL-11045,2026-06,18.43,510,0.1,16,387.36,3,0
TEL-11046,2026-01,3.32,204,3.1,39,360.46,4,0
TEL-11046,2026-02,2.55,262,18.4,49,388.84,3,0
TEL-11046,2026-03,3.6,197,3.6,43,340.29,3,0
TEL-11046,2026-04,3.34,184,0.8,42,393.06,1,0
TEL-11046,2026-05,3.55,99,3.9,39,375.91,2,0
TEL-11046,2026-06,3.04,117,4.5,32,356.4,2,0
TEL-11047,2026-01,4.05,110,0.3,6,172.82,1,0
TEL-11047,2026-02,3.49,137,0.4,14,171.16,3,0
TEL-11047,2026-03,2.93,132,0.9,6,203.18,4,0
TEL-11047,2026-04,5.45,101,0.4,6,165.54,2,0
TEL-11047,2026-05,3.23,150,0.7,8,170.2,4,0
TEL-11047,2026-06,5.64,49,0.8,13,180.98,2,0
TEL-11048,2026-01,14.77,396,0.0,24,356.69,3,0
TEL-11048,2026-02,10.05,300,0.0,22,358.87,1,0
TEL-11048,2026-03,9.92,404,2.0,25,336.13,2,0
TEL-11048,2026-04,12.75,223,0.5,15,332.31,4,0
TEL-11048,2026-05,15.44,472,0.8,24,289.92,2,0
TEL-11048,2026-06,10.12,335,1.7,22,307.71,4,0
TEL-11049,2026-01,11.16,256,1.1,16,405.21,2,0
TEL-11049,2026-02,14.4,291,0.6,20,428.04,4,0
TEL-11049,2026-03,10.24,253,0.8,16,424.83,3,0
TEL-11049,2026-04,18.62,269,2.6,18,379.58,1,0
TEL-11049,2026-05,13.49,198,1.2,17,459.02,3,0
TEL-11049,2026-06,9.46,195,0.8,17,336.69,4,0
TEL-11050,2026-01,3.46,87,0.6,3,186.26,3,0
TEL-11050,2026-02,6.29,113,0.5,3,150.09,4,0
TEL-11050,2026-03,5.39,133,0.5,8,166.99,2,0
TEL-11050,2026-04,5.9,129,0.7,2,172.15,2,0
TEL-11050,2026-05,3.96,83,0.0,4,174.29,4,0
TEL-11050,2026-06,4.59,93,2.5,8,163.7,4,0
TEL-11051,2026-01,52.33,165,29.4,7,777.12,1,0
TEL-11051,2026-02,22.99,207,9.0,7,640.91,2,0
TEL-11051,2026-03,0.3,105,2676.6,8,717.91,1,0
TEL-11051,2026-04,0.35,51,2474.5,9,741.73,3,0
TEL-11051,2026-05,0.25,98,2231.5,9,740.55,4,0
TEL-11051,2026-06,0.07,104,2339.8,11,785.0,3,0
TEL-11052,2026-01,3.22,171,0.9,5,189.07,4,0
TEL-11052,2026-02,5.19,136,1.4,10,163.93,4,0
TEL-11052,2026-03,6.11,134,0.4,6,205.5,4,0
TEL-11052,2026-04,6.87,221,1.8,6,203.65,4,0
TEL-11052,2026-05,8.15,210,0.3,8,210.52,2,0
TEL-11052,2026-06,6.72,163,5.3,10,197.51,1,0
TEL-11053,2026-01,29.84,228,0.2,4,378.36,4,0
TEL-11053,2026-02,42.53,295,0.7,4,403.5,3,0
TEL-11053,2026-03,40.97,255,1.2,6,456.45,2,0
TEL-11053,2026-04,46.62,342,0.2,8,417.52,1,0
TEL-11053,2026-05,48.41,277,0.6,7,359.42,4,0
TEL-11053,2026-06,40.65,239,1.2,2,494.76,2,0
TEL-11054,2026-01,25.18,384,0.1,22,402.32,4,0
TEL-11054,2026-02,17.33,222,0.6,19,411.72,4,0
TEL-11054,2026-03,29.19,332,1.3,22,475.03,2,0
TEL-11054,2026-04,19.77,220,0.1,15,446.19,4,0
TEL-11054,2026-05,15.99,314,0.4,22,432.53,1,0
TEL-11054,2026-06,23.62,319,0.1,17,422.75,1,0
TEL-11055,2026-01,2.7,309,0.1,12,222.91,1,0
TEL-11055,2026-02,2.69,204,0.1,8,169.09,2,0
TEL-11055,2026-03,2.12,185,1.7,9,212.3,3,0
TEL-11055,2026-04,3.47,152,0.8,9,174.8,4,0
TEL-11055,2026-05,3.19,233,1.5,13,200.66,4,0
TEL-11055,2026-06,3.98,160,0.0,13,157.32,3,0
TEL-11056,2026-01,29.91,242,64.0,14,875.53,3,0
TEL-11056,2026-02,28.89,270,0.2,25,671.78,1,0
TEL-11056,2026-03,20.22,300,19.2,27,827.24,1,0
TEL-11056,2026-04,14.5,261,3.6,24,901.46,3,0
TEL-11056,2026-05,22.73,265,6.0,13,808.57,1,0
TEL-11056,2026-06,22.87,241,8.6,12,816.73,1,0
TEL-11057,2026-01,26.25,214,1.1,11,464.34,2,0
TEL-11057,2026-02,19.64,232,1.1,12,466.17,2,0
TEL-11057,2026-03,25.76,195,0.3,8,534.88,3,0
TEL-11057,2026-04,34.49,237,1.5,8,423.07,4,0
TEL-11057,2026-05,38.88,125,1.1,10,592.9,2,0
TEL-11057,2026-06,27.38,186,1.2,7,479.07,4,0
TEL-11058,2026-01,4.21,177,0.8,13,160.89,1,0
TEL-11058,2026-02,4.73,178,0.2,19,179.79,4,0
TEL-11058,2026-03,4.12,118,0.9,24,188.87,1,0
TEL-11058,2026-04,3.61,149,1.3,16,187.22,1,0
TEL-11058,2026-05,4.76,203,0.6,14,194.12,4,0
TEL-11058,2026-06,4.15,195,0.3,14,150.22,4,0
TEL-11059,2026-01,2.09,448,2.1,40,303.08,4,0
TEL-11059,2026-02,2.26,484,1.8,38,291.87,3,0
TEL-11059,2026-03,2.64,405,0.1,53,265.4,3,0
TEL-11059,2026-04,2.38,353,0.5,33,280.62,3,0
TEL-11059,2026-05,2.06,502,1.2,36,246.78,3,0
TEL-11059,2026-06,1.59,427,0.2,43,313.81,2,0
TEL-11060,2026-01,11.81,363,0.4,25,394.78,4,0
TEL-11060,2026-02,5.14,465,3.1,9,336.96,4,0
TEL-11060,2026-03,8.75,453,1.1,7,387.41,4,0
TEL-11060,2026-04,7.1,329,0.0,20,391.43,2,0
TEL-11060,2026-05,6.98,410,0.7,21,367.35,2,0
TEL-11060,2026-06,9.23,549,1.9,14,344.13,1,0
TEL-11061,2026-01,2.37,270,0.9,33,305.35,3,0
TEL-11061,2026-02,1.81,494,1.8,38,269.59,2,0
TEL-11061,2026-03,3.44,250,0.5,38,246.98,3,0
TEL-11061,2026-04,2.97,423,0.9,34,224.91,3,0
TEL-11061,2026-05,3.01,253,0.5,45,303.83,4,0
TEL-11061,2026-06,3.47,406,0.3,41,244.18,3,0
TEL-11062,2026-01,28.64,306,0.7,8,749.0,1,0
TEL-11062,2026-02,28.68,224,0.6,7,646.72,4,0
TEL-11062,2026-03,39.12,137,1.7,8,576.43,3,0
TEL-11062,2026-04,25.82,501,0.5,7,555.61,3,0
TEL-11062,2026-05,22.35,335,1.1,7,621.62,1,0
TEL-11062,2026-06,30.4,357,0.3,11,593.35,4,0
TEL-11063,2026-01,4.6,163,0.5,2,293.41,3,0
TEL-11063,2026-02,5.27,150,0.1,5,317.5,3,0
TEL-11063,2026-03,2.75,124,0.4,6,415.64,1,0
TEL-11063,2026-04,3.08,168,0.3,3,315.65,4,0
TEL-11063,2026-05,5.39,136,0.8,5,362.8,4,0
TEL-11063,2026-06,4.65,96,0.2,8,358.43,1,0
TEL-11064,2026-01,17.82,287,25.8,18,509.41,1,0
TEL-11064,2026-02,26.14,281,15.4,25,537.34,2,0
TEL-11064,2026-03,29.87,297,10.9,11,487.08,3,0
TEL-11064,2026-04,23.54,219,11.5,17,619.16,2,0
TEL-11064,2026-05,20.2,297,19.1,17,520.61,1,0
TEL-11064,2026-06,19.03,240,10.3,22,540.37,3,0
TEL-11065,2026-01,16.07,276,1.7,16,393.75,3,0
TEL-11065,2026-02,13.36,281,0.1,19,440.07,4,0
TEL-11065,2026-03,13.02,201,1.4,14,408.79,1,0
TEL-11065,2026-04,15.93,366,0.6,10,415.89,3,0
TEL-11065,2026-05,16.86,471,1.4,16,426.41,4,0
TEL-11065,2026-06,11.29,69,1.9,15,401.32,2,0
TEL-11066,2026-01,0.11,224,2.4,9,390.08,1,0
TEL-11066,2026-02,0.11,278,13.9,10,412.18,1,0
TEL-11066,2026-03,0.1,302,22.9,13,317.28,3,0
TEL-11066,2026-04,0.1,125,1.7,11,347.43,4,0
TEL-11066,2026-05,0.1,230,13.5,6,464.99,3,0
TEL-11066,2026-06,0.1,262,1.0,10,411.45,4,0
TEL-11067,2026-01,4.74,161,0.4,21,150.64,3,0
TEL-11067,2026-02,2.75,184,2.0,9,137.64,3,0
TEL-11067,2026-03,2.8,142,2.1,15,151.59,2,0
TEL-11067,2026-04,3.17,229,0.1,17,121.08,1,0
TEL-11067,2026-05,3.67,106,2.1,10,156.97,3,0
TEL-11067,2026-06,4.26,118,0.3,11,128.41,4,0
TEL-11068,2026-01,11.55,304,12.2,30,537.29,3,0
TEL-11068,2026-02,12.14,210,0.6,18,485.01,4,0
TEL-11068,2026-03,15.93,380,10.0,17,499.08,2,0
TEL-11068,2026-04,12.26,307,1.3,16,554.86,1,0
TEL-11068,2026-05,13.99,339,5.7,13,438.12,4,0
TEL-11068,2026-06,11.23,418,1.0,11,569.36,1,0
TEL-11069,2026-01,38.7,221,1.2,10,568.08,2,0
TEL-11069,2026-02,20.44,198,1.1,9,595.41,2,0
TEL-11069,2026-03,35.9,161,0.7,7,620.01,3,0
TEL-11069,2026-04,37.33,183,0.3,2,626.9,3,0
TEL-11069,2026-05,34.23,122,2.7,1,563.02,1,0
TEL-11069,2026-06,39.13,133,0.6,7,596.28,3,0
TEL-11070,2026-01,18.01,103,0.7,3,420.85,4,0
TEL-11070,2026-02,27.55,187,0.0,8,410.16,2,0
TEL-11070,2026-03,22.16,143,0.0,3,456.84,4,0
TEL-11070,2026-04,19.44,193,2.0,3,395.14,3,0
TEL-11070,2026-05,20.89,134,0.1,3,382.08,3,0
TEL-11070,2026-06,27.46,246,4.0,2,422.1,3,0
TEL-11071,2026-01,3.19,61,0.2,16,217.26,1,0
TEL-11071,2026-02,3.87,78,0.7,11,246.47,1,0
TEL-11071,2026-03,2.65,78,0.3,13,228.37,2,0
TEL-11071,2026-04,4.2,133,0.4,8,224.09,4,0
TEL-11071,2026-05,2.77,91,1.1,10,203.0,2,0
TEL-11071,2026-06,3.47,115,0.2,8,204.89,4,0
TEL-11072,2026-01,3.91,98,0.7,1,264.12,1,0
TEL-11072,2026-02,5.92,41,1.5,8,210.37,3,0
TEL-11072,2026-03,3.65,31,0.1,5,293.33,4,0
TEL-11072,2026-04,3.07,128,1.6,4,279.78,1,0
TEL-11072,2026-05,4.26,66,0.4,7,293.93,3,0
TEL-11072,2026-06,4.82,86,1.1,9,211.73,4,0
TEL-11073,2026-01,23.37,162,0.7,3,500.12,1,0
TEL-11073,2026-02,27.11,136,0.2,4,445.3,1,0
TEL-11073,2026-03,21.42,101,0.6,5,407.59,2,0
TEL-11073,2026-04,35.51,216,3.5,6,488.05,4,0
TEL-11073,2026-05,32.32,202,0.7,7,412.16,4,0
TEL-11073,2026-06,21.08,106,0.3,4,428.84,1,0
TEL-11074,2026-01,2.68,120,1.7,8,122.48,4,0
TEL-11074,2026-02,4.18,134,2.5,10,132.19,3,0
TEL-11074,2026-03,3.12,128,0.1,6,128.23,2,0
TEL-11074,2026-04,4.41,58,1.0,9,113.61,2,0
TEL-11074,2026-05,4.86,128,0.1,11,114.96,4,0
TEL-11074,2026-06,3.06,155,1.5,12,122.49,3,0
TEL-11075,2026-01,3.64,83,7.4,11,476.92,1,0
TEL-11075,2026-02,5.69,180,11.9,10,425.29,2,0
TEL-11075,2026-03,3.18,150,11.7,17,534.23,3,0
TEL-11075,2026-04,4.11,147,11.5,13,500.78,2,0
TEL-11075,2026-05,4.21,208,5.7,10,406.27,4,0
TEL-11075,2026-06,4.85,200,14.8,14,485.64,2,0
TEL-11076,2026-01,17.64,222,0.3,19,413.8,3,0
TEL-11076,2026-02,11.26,261,0.4,28,385.26,2,0
TEL-11076,2026-03,15.17,324,0.6,11,353.46,3,0
TEL-11076,2026-04,7.62,193,0.1,21,497.04,3,0
TEL-11076,2026-05,12.51,246,1.2,11,350.48,3,0
TEL-11076,2026-06,13.86,188,0.6,14,389.35,1,0
TEL-11077,2026-01,27.87,56,0.7,11,540.87,3,0
TEL-11077,2026-02,23.47,124,0.2,7,387.19,2,0
TEL-11077,2026-03,41.66,83,0.2,5,543.97,2,0
TEL-11077,2026-04,27.69,63,0.1,4,428.77,2,0
TEL-11077,2026-05,35.78,92,0.1,5,484.71,1,0
TEL-11077,2026-06,27.51,76,0.4,4,447.92,1,0
TEL-11078,2026-01,3.26,335,0.1,12,196.13,4,0
TEL-11078,2026-02,1.8,188,2.3,19,255.66,2,0
TEL-11078,2026-03,2.46,207,1.9,9,222.19,3,0
TEL-11078,2026-04,2.37,309,1.1,17,217.01,2,0
TEL-11078,2026-05,2.43,195,2.9,7,254.37,4,0
TEL-11078,2026-06,2.32,155,0.3,8,267.8,3,0
TEL-11079,2026-01,1.88,92,1.6,7,201.91,1,0
TEL-11079,2026-02,2.57,90,0.4,7,296.7,2,0
TEL-11079,2026-03,2.03,62,0.4,6,295.91,2,0
TEL-11079,2026-04,3.21,151,0.3,8,306.0,2,0
TEL-11079,2026-05,2.57,103,0.5,7,281.74,3,0
TEL-11079,2026-06,2.46,75,0.0,6,246.78,1,0
TEL-11080,2026-01,24.63,130,0.5,7,419.23,4,0
TEL-11080,2026-02,29.56,72,0.5,8,481.35,4,0
TEL-11080,2026-03,33.01,155,0.1,8,483.83,1,0
TEL-11080,2026-04,10.47,190,0.7,6,472.17,3,0
TEL-11080,2026-05,26.91,107,0.9,5,429.83,1,0
TEL-11080,2026-06,43.69,109,1.6,8,445.77,1,0
TEL-11081,2026-01,11.16,394,0.0,17,244.94,4,0
TEL-11081,2026-02,18.9,344,0.2,18,220.34,2,0
TEL-11081,2026-03,7.82,266,0.3,21,195.92,4,0
TEL-11081,2026-04,18.27,260,0.4,15,221.85,4,0
TEL-11081,2026-05,10.89,221,0.3,24,232.18,4,0
TEL-11081,2026-06,12.67,237,0.9,19,186.47,4,0
TEL-11082,2026-01,20.72,144,1.4,10,536.38,4,0
TEL-11082,2026-02,46.87,234,1.3,6,472.39,4,0
TEL-11082,2026-03,20.42,174,1.0,6,484.79,4,0
TEL-11082,2026-04,34.72,156,1.4,6,511.34,3,0
TEL-11082,2026-05,43.15,135,0.3,11,437.94,1,0
TEL-11082,2026-06,35.11,227,0.5,8,456.61,4,0
TEL-11083,2026-01,5.62,134,0.4,12,262.08,3,0
TEL-11083,2026-02,4.7,11,0.6,12,245.06,2,0
TEL-11083,2026-03,5.36,121,1.9,9,273.03,2,0
TEL-11083,2026-04,4.77,109,0.1,10,267.45,3,0
TEL-11083,2026-05,4.79,132,1.2,16,253.82,4,0
TEL-11083,2026-06,5.92,120,0.6,12,246.84,3,0
TEL-11084,2026-01,1.39,418,0.2,26,340.79,3,0
TEL-11084,2026-02,1.7,147,0.6,27,356.4,2,0
TEL-11084,2026-03,1.07,530,0.4,29,354.44,1,0
TEL-11084,2026-04,1.44,508,0.3,14,404.78,4,0
TEL-11084,2026-05,2.25,818,1.1,27,334.68,2,0
TEL-11084,2026-06,1.91,427,0.4,38,379.18,4,0
TEL-11085,2026-01,27.6,277,0.7,22,245.87,3,0
TEL-11085,2026-02,23.0,332,0.2,13,282.12,2,0
TEL-11085,2026-03,18.31,410,0.2,14,242.93,2,0
TEL-11085,2026-04,22.5,202,0.1,15,296.51,3,0
TEL-11085,2026-05,9.54,276,0.6,16,244.68,1,0
TEL-11085,2026-06,25.6,276,0.7,23,229.58,2,0
TEL-11086,2026-01,36.21,175,0.1,3,361.3,3,0
TEL-11086,2026-02,22.59,197,1.1,4,287.6,3,0
TEL-11086,2026-03,35.26,292,0.2,1,359.93,4,0
TEL-11086,2026-04,24.28,276,2.6,2,387.76,4,0
TEL-11086,2026-05,22.86,309,0.2,3,320.75,1,0
TEL-11086,2026-06,28.86,331,2.9,3,328.11,3,0
TEL-11087,2026-01,12.91,328,0.2,10,309.74,4,0
TEL-11087,2026-02,19.27,422,0.1,13,255.18,2,0
TEL-11087,2026-03,16.94,378,0.1,15,324.71,4,0
TEL-11087,2026-04,16.13,467,0.2,14,290.42,2,0
TEL-11087,2026-05,12.49,293,0.1,14,295.85,3,0
TEL-11087,2026-06,16.98,351,1.2,13,326.24,3,0
TEL-11088,2026-01,15.14,85,1.6,19,399.7,3,0
TEL-11088,2026-02,10.68,326,0.5,28,432.45,3,0
TEL-11088,2026-03,16.14,383,0.1,22,415.36,2,0
TEL-11088,2026-04,14.75,338,0.4,18,390.54,2,0
TEL-11088,2026-05,16.17,428,0.6,22,0.0,2,0
TEL-11088,2026-06,13.84,193,0.2,22,379.73,4,0
TEL-11089,2026-01,2.3,62,0.9,11,200.35,3,0
TEL-11089,2026-02,3.68,104,0.8,10,245.66,2,0
TEL-11089,2026-03,3.23,126,0.9,5,180.15,4,0
TEL-11089,2026-04,3.85,115,1.2,8,174.75,3,0
TEL-11089,2026-05,2.13,157,0.3,5,241.69,3,0
TEL-11089,2026-06,3.28,100,0.4,6,206.87,2,0
TEL-11090,2026-01,3.56,410,0.3,39,223.19,4,0
TEL-11090,2026-02,3.08,441,0.1,33,251.81,2,0
TEL-11090,2026-03,3.99,668,0.3,32,232.11,3,0
TEL-11090,2026-04,2.71,589,0.2,41,217.54,3,0
TEL-11090,2026-05,3.75,493,1.2,34,170.19,2,0
TEL-11090,2026-06,3.3,401,1.4,27,258.52,1,0
TEL-11091,2026-01,38.95,198,0.6,11,305.11,1,0
TEL-11091,2026-02,28.85,194,1.1,6,280.57,1,0
TEL-11091,2026-03,34.6,148,0.4,11,278.19,3,0
TEL-11091,2026-04,25.25,147,0.1,10,298.23,2,0
TEL-11091,2026-05,34.49,184,4.4,6,319.56,1,0
TEL-11091,2026-06,28.13,222,3.4,9,301.65,1,0
TEL-11092,2026-01,30.11,226,1.1,4,439.01,1,0
TEL-11092,2026-02,23.97,250,0.3,1,443.78,1,0
TEL-11092,2026-03,32.39,289,0.1,1,460.11,2,0
TEL-11092,2026-04,39.99,113,0.5,2,423.74,3,0
TEL-11092,2026-05,21.14,224,0.3,3,478.38,4,0
TEL-11092,2026-06,23.64,333,0.5,2,503.63,2,0
TEL-11093,2026-01,1.62,511,1.6,31,257.38,2,0
TEL-11093,2026-02,1.79,465,0.3,43,250.27,4,0
TEL-11093,2026-03,1.32,217,2.2,36,230.02,1,0
TEL-11093,2026-04,0.94,420,0.8,45,225.1,2,0
TEL-11093,2026-05,1.18,286,0.2,39,236.41,3,0
TEL-11093,2026-06,1.57,417,1.1,37,257.18,1,0
TEL-11094,2026-01,5.39,213,0.2,11,425.76,1,0
TEL-11094,2026-02,6.05,318,0.1,10,377.01,4,0
TEL-11094,2026-03,6.03,256,1.6,15,327.86,3,0
TEL-11094,2026-04,7.43,113,0.4,13,366.5,3,0
TEL-11094,2026-05,7.28,217,0.3,16,422.84,1,0
TEL-11094,2026-06,6.99,159,1.7,6,340.89,2,0
TEL-11095,2026-01,4.93,153,0.2,4,245.45,1,0
TEL-11095,2026-02,3.11,110,0.6,6,355.08,1,0
TEL-11095,2026-03,4.59,154,1.2,9,343.44,1,0
TEL-11095,2026-04,4.24,114,3.1,9,349.79,1,0
TEL-11095,2026-05,4.65,232,1.8,4,260.44,4,0
TEL-11095,2026-06,5.39,119,0.6,3,304.06,1,0
TEL-11096,2026-01,26.29,211,2.7,3,380.94,2,0
TEL-11096,2026-02,38.26,283,0.2,1,295.13,1,0
TEL-11096,2026-03,30.35,208,0.6,5,372.6,3,0
TEL-11096,2026-04,24.93,257,1.5,5,403.49,1,0
TEL-11096,2026-05,25.34,186,0.4,5,385.56,4,0
TEL-11096,2026-06,28.93,258,0.5,3,289.82,4,0
TEL-11097,2026-01,33.53,179,0.2,4,526.98,3,0
TEL-11097,2026-02,18.91,129,0.8,2,460.96,3,0
TEL-11097,2026-03,36.49,160,0.6,6,527.36,1,0
TEL-11097,2026-04,48.71,129,0.0,3,528.17,3,0
TEL-11097,2026-05,38.43,109,0.5,8,485.34,2,0
TEL-11097,2026-06,47.53,153,0.9,6,441.17,2,0
TEL-11098,2026-01,21.67,417,0.1,16,412.09,1,0
TEL-11098,2026-02,18.54,336,0.2,12,506.27,4,0
TEL-11098,2026-03,24.16,283,0.7,20,388.19,3,0
TEL-11098,2026-04,24.5,416,0.1,16,408.39,3,0
TEL-11098,2026-05,28.63,359,1.6,10,459.15,2,0
TEL-11098,2026-06,28.2,372,0.5,9,411.56,2,0
TEL-11099,2026-01,50.51,192,0.3,5,582.47,2,0
TEL-11099,2026-02,36.99,119,0.4,6,550.98,3,0
TEL-11099,2026-03,43.86,164,0.1,5,693.61,3,0
TEL-11099,2026-04,31.45,209,0.2,2,728.7,3,0
TEL-11099,2026-05,38.9,207,1.6,10,570.34,3,0
TEL-11099,2026-06,63.83,186,0.5,7,507.95,3,0
TEL-11100,2026-01,15.01,692,5.2,7,753.27,1,0
TEL-11100,2026-02,25.2,700,5.6,15,664.19,1,0
TEL-11100,2026-03,17.98,804,2.2,19,733.85,2,0
TEL-11100,2026-04,22.79,551,20.2,14,745.73,1,0
TEL-11100,2026-05,26.35,520,1.0,8,828.49,4,0
TEL-11100,2026-06,29.42,774,10.9,12,720.88,4,0
TEL-11101,2026-01,5.68,172,0.3,9,142.34,1,0
TEL-11101,2026-02,4.49,240,1.8,11,116.99,1,0
TEL-11101,2026-03,3.88,264,0.7,6,130.5,4,0
TEL-11101,2026-04,5.42,246,0.4,7,98.02,4,0
TEL-11101,2026-05,2.58,152,0.7,10,108.72,1,0
TEL-11101,2026-06,4.36,173,0.5,3,109.97,3,0
TEL-11102,2026-01,1.54,147,0.8,43,230.23,4,0
TEL-11102,2026-02,1.7,312,0.4,39,214.92,4,0
TEL-11102,2026-03,1.97,401,1.0,33,276.41,2,0
TEL-11102,2026-04,1.2,226,1.4,46,299.1,1,0
TEL-11102,2026-05,1.55,301,0.1,43,270.69,4,0
TEL-11102,2026-06,2.03,256,1.6,28,270.6,4,0
TEL-11103,2026-01,18.06,246,0.1,10,225.22,2,0
TEL-11103,2026-02,9.26,320,1.2,7,224.7,2,0
TEL-11103,2026-03,15.75,246,1.1,17,228.84,2,0
TEL-11103,2026-04,9.29,228,1.8,10,235.92,3,0
TEL-11103,2026-05,13.78,218,0.0,8,239.27,2,0
TEL-11103,2026-06,13.92,97,0.2,7,235.05,2,0
TEL-11104,2026-01,7.04,110,0.2,6,199.34,3,0
TEL-11104,2026-02,5.78,146,0.3,8,231.04,3,0
TEL-11104,2026-03,4.47,114,1.6,8,193.43,3,0
TEL-11104,2026-04,6.64,141,0.1,8,224.24,4,0
TEL-11104,2026-05,5.71,85,0.1,7,167.38,4,0
TEL-11104,2026-06,7.52,136,1.6,12,184.25,4,0
TEL-11105,2026-01,2.27,1077,0.7,25,364.7,3,0
TEL-11105,2026-02,1.48,810,0.5,21,337.95,2,0
TEL-11105,2026-03,2.95,847,0.0,16,297.07,2,0
TEL-11105,2026-04,2.17,1186,0.2,35,337.46,2,0
TEL-11105,2026-05,3.25,1061,0.2,26,303.62,4,0
TEL-11105,2026-06,2.49,1207,0.0,18,351.68,4,0
TEL-11106,2026-01,2.02,398,0.1,49,279.71,2,0
TEL-11106,2026-02,2.66,573,1.7,46,272.53,1,0
TEL-11106,2026-03,2.63,522,1.5,36,248.06,4,0
TEL-11106,2026-04,2.6,425,0.2,38,212.36,1,0
TEL-11106,2026-05,2.83,531,0.6,34,249.82,4,0
TEL-11106,2026-06,3.31,357,0.1,30,229.3,4,0
TEL-11107,2026-01,5.26,45,0.5,9,292.82,1,0
TEL-11107,2026-02,6.33,34,1.5,12,255.55,3,0
TEL-11107,2026-03,4.44,39,0.3,13,239.4,1,0
TEL-11107,2026-04,6.59,36,0.8,2,224.46,1,0
TEL-11107,2026-05,5.5,32,0.7,9,238.58,1,0
TEL-11107,2026-06,4.99,41,0.3,7,223.12,3,0
TEL-11108,2026-01,3.16,118,0.4,3,166.75,2,0
TEL-11108,2026-02,3.04,75,0.7,10,143.88,3,0
TEL-11108,2026-03,4.3,140,0.7,12,185.45,3,0
TEL-11108,2026-04,3.66,99,0.7,5,162.76,4,0
TEL-11108,2026-05,3.54,99,1.6,6,189.1,2,0
TEL-11108,2026-06,2.94,87,1.3,12,188.04,1,0
TEL-11109,2026-01,1.43,600,1.3,38,132.1,2,0
TEL-11109,2026-02,2.35,649,0.3,36,140.04,4,0
TEL-11109,2026-03,1.86,586,1.4,43,138.4,4,0
TEL-11109,2026-04,1.98,806,2.5,29,127.15,4,0
TEL-11109,2026-05,2.53,530,2.7,21,142.39,4,0
TEL-11109,2026-06,2.01,629,1.2,42,107.52,2,0
TEL-11110,2026-01,4.17,157,0.7,12,112.3,4,0
TEL-11110,2026-02,3.41,126,0.6,15,100.46,2,0
TEL-11110,2026-03,1.76,164,0.2,10,125.73,2,0
TEL-11110,2026-04,3.58,239,2.2,11,88.69,4,0
TEL-11110,2026-05,3.36,253,0.0,7,112.64,1,0
TEL-11110,2026-06,4.44,211,0.0,8,96.43,4,0
TEL-11111,2026-01,23.01,191,0.1,7,447.27,3,0
TEL-11111,2026-02,29.98,189,0.3,7,421.4,3,0
TEL-11111,2026-03,30.31,257,0.8,4,425.03,4,0
TEL-11111,2026-04,47.55,199,0.9,3,472.01,4,0
TEL-11111,2026-05,30.48,301,1.1,1,447.04,2,0
TEL-11111,2026-06,22.85,229,0.4,7,455.51,3,0
TEL-11112,2026-01,2.29,223,0.1,39,201.26,1,0
TEL-11112,2026-02,3.23,347,0.2,44,199.74,3,0
TEL-11112,2026-03,3.04,291,0.2,33,212.37,3,0
TEL-11112,2026-04,2.35,194,1.4,34,197.33,3,0
TEL-11112,2026-05,1.64,158,0.7,30,190.02,1,0
TEL-11112,2026-06,2.43,283,0.9,50,196.23,4,0
TEL-11113,2026-01,23.06,172,0.2,6,489.76,1,0
TEL-11113,2026-02,34.01,287,0.3,5,489.86,3,0
TEL-11113,2026-03,25.5,163,2.1,3,483.07,1,0
TEL-11113,2026-04,19.52,197,0.8,6,461.1,2,0
TEL-11113,2026-05,24.11,202,3.8,5,450.69,2,0
TEL-11113,2026-06,24.88,232,1.0,6,497.13,1,0
TEL-11114,2026-01,3.04,652,2.1,30,378.47,4,0
TEL-11114,2026-02,3.4,286,1.0,27,396.85,3,0
TEL-11114,2026-03,3.85,616,0.2,36,404.72,1,0
TEL-11114,2026-04,2.88,491,0.2,25,395.12,1,0
TEL-11114,2026-05,1.72,577,0.0,23,393.86,1,0
TEL-11114,2026-06,3.44,713,0.5,24,414.9,1,0
TEL-11115,2026-01,14.97,285,1.7,22,526.99,1,0
TEL-11115,2026-02,24.72,233,6.3,18,473.95,4,0
TEL-11115,2026-03,15.46,287,12.6,18,473.15,1,0
TEL-11115,2026-04,20.05,178,0.9,15,451.88,1,0
TEL-11115,2026-05,21.34,213,11.0,18,533.25,2,0
TEL-11115,2026-06,22.68,278,7.2,23,505.23,3,0
TEL-11116,2026-01,2.73,526,0.2,17,139.62,2,0
TEL-11116,2026-02,2.3,594,0.9,25,139.52,2,0
TEL-11116,2026-03,2.37,602,0.8,28,136.65,1,0
TEL-11116,2026-04,2.16,553,0.8,35,150.67,2,0
TEL-11116,2026-05,2.25,591,0.2,40,130.26,1,0
TEL-11116,2026-06,2.09,416,0.9,34,166.23,2,0
TEL-11117,2026-01,4.1,823,2.9,31,225.08,2,0
TEL-11117,2026-02,3.01,933,3.3,36,230.6,3,0
TEL-11117,2026-03,1.76,595,0.0,33,222.3,1,0
TEL-11117,2026-04,1.88,981,0.1,34,240.52,4,0
TEL-11117,2026-05,3.1,1011,1.5,35,254.44,4,0
TEL-11117,2026-06,4.27,521,3.3,28,215.36,4,0
TEL-11118,2026-01,1.97,468,0.1,45,235.29,1,0
TEL-11118,2026-02,1.2,369,0.7,37,297.8,3,0
TEL-11118,2026-03,1.35,564,0.5,41,318.47,4,0
TEL-11118,2026-04,1.41,428,0.1,52,312.04,1,0
TEL-11118,2026-05,1.34,520,0.7,39,291.84,1,0
TEL-11118,2026-06,1.93,445,0.5,49,311.94,4,0
TEL-11119,2026-01,3.41,57,0.1,3,316.26,4,0
TEL-11119,2026-02,2.8,4,0.1,3,419.77,2,0
TEL-11119,2026-03,3.6,81,0.0,4,259.75,3,0
TEL-11119,2026-04,3.42,70,0.4,6,321.3,1,0
TEL-11119,2026-05,3.12,27,0.8,7,302.02,4,0
TEL-11119,2026-06,4.78,48,0.5,5,325.7,2,0
TEL-11120,2026-01,47.16,132,10.0,6,673.28,1,0
TEL-11120,2026-02,32.77,97,4.1,0,657.56,2,0
TEL-11120,2026-03,57.21,89,21.1,2,491.39,4,0
TEL-11120,2026-04,29.99,72,10.1,3,665.14,2,0
TEL-11120,2026-05,40.84,53,29.5,4,634.73,1,0
TEL-11120,2026-06,44.79,90,7.5,3,630.59,2,0
TEL-11121,2026-01,33.41,157,1.3,11,456.5,4,0
TEL-11121,2026-02,35.18,144,0.3,8,415.65,1,0
TEL-11121,2026-03,24.99,104,0.8,12,517.24,2,0
TEL-11121,2026-04,33.01,166,0.4,8,464.91,2,0
TEL-11121,2026-05,16.7,142,0.8,4,506.5,4,0
TEL-11121,2026-06,30.93,109,0.1,10,505.98,3,0
TEL-11122,2026-01,5.68,131,0.1,6,141.4,4,0
TEL-11122,2026-02,6.49,118,0.5,6,145.5,1,0
TEL-11122,2026-03,7.11,101,1.7,5,182.82,1,0
TEL-11122,2026-04,4.05,84,0.8,4,203.75,3,0
TEL-11122,2026-05,5.33,77,0.6,6,177.49,1,0
TEL-11122,2026-06,6.38,154,1.5,2,156.72,1,0
TEL-11123,2026-01,2.02,265,0.5,33,221.05,1,0
TEL-11123,2026-02,2.66,510,0.4,36,194.93,3,0
TEL-11123,2026-03,1.76,491,0.5,35,249.59,2,0
TEL-11123,2026-04,2.18,493,0.7,42,273.29,4,0
TEL-11123,2026-05,1.8,503,0.4,40,242.18,4,0
TEL-11123,2026-06,1.33,432,0.6,30,235.02,4,0
TEL-11124,2026-01,3.01,200,1.5,3,89.37,3,0
TEL-11124,2026-02,3.97,156,0.1,4,99.35,3,0
TEL-11124,2026-03,3.91,203,0.6,5,91.68,1,0
TEL-11124,2026-04,2.97,198,0.7,0,102.23,2,0
TEL-11124,2026-05,4.38,174,0.4,3,95.04,3,0
TEL-11124,2026-06,3.61,186,0.6,2,95.44,3,0
TEL-11125,2026-01,38.64,359,24.9,8,794.26,1,0
TEL-11125,2026-02,24.85,289,5.9,7,721.67,1,0
TEL-11125,2026-03,54.52,466,8.6,5,711.46,2,0
TEL-11125,2026-04,42.77,428,42.4,5,737.75,2,0
TEL-11125,2026-05,42.96,225,18.5,3,721.8,3,0
TEL-11125,2026-06,43.29,291,4.6,3,701.61,4,0
TEL-11126,2026-01,51.45,308,3.0,7,418.05,4,0
TEL-11126,2026-02,51.0,302,0.4,2,538.98,3,0
TEL-11126,2026-03,48.06,175,0.5,9,458.43,3,0
TEL-11126,2026-04,29.91,255,0.9,4,562.96,4,0
TEL-11126,2026-05,49.56,340,2.5,3,567.67,2,0
TEL-11126,2026-06,42.14,227,0.5,4,470.73,3,0
TEL-11127,2026-01,19.98,318,22.3,19,572.99,1,0
TEL-11127,2026-02,17.54,315,6.2,19,657.83,2,0
TEL-11127,2026-03,13.6,502,33.8,15,644.11,3,0
TEL-11127,2026-04,19.43,396,17.9,16,528.93,4,0
TEL-11127,2026-05,15.93,432,6.3,17,681.16,1,0
TEL-11127,2026-06,16.53,293,6.2,13,537.37,3,0
TEL-11128,2026-01,5.93,98,1.1,8,113.8,1,0
TEL-11128,2026-02,5.55,114,0.5,7,97.41,2,0
TEL-11128,2026-03,8.18,82,2.5,3,83.52,3,0
TEL-11128,2026-04,6.25,75,0.5,10,88.39,2,0
TEL-11128,2026-05,5.09,109,0.2,10,92.72,2,0
TEL-11128,2026-06,4.63,81,0.2,10,110.34,1,0
TEL-11129,2026-01,3.12,151,0.4,8,237.93,2,0
TEL-11129,2026-02,3.42,229,0.2,11,294.59,3,0
TEL-11129,2026-03,2.83,193,0.2,7,229.84,4,0
TEL-11129,2026-04,2.77,199,0.5,15,272.15,2,0
TEL-11129,2026-05,3.4,161,0.0,3,267.78,3,0
TEL-11129,2026-06,1.49,102,2.1,6,252.76,2,0
TEL-11130,2026-01,32.16,363,0.8,9,443.24,3,0
TEL-11130,2026-02,21.88,404,0.1,12,421.51,2,0
TEL-11130,2026-03,30.88,475,0.9,7,423.16,2,0
TEL-11130,2026-04,40.36,269,0.3,13,408.18,2,0
TEL-11130,2026-05,37.4,355,0.2,10,368.4,3,0
TEL-11130,2026-06,18.62,109,0.3,7,464.07,3,0
TEL-11131,2026-01,26.89,363,0.1,4,445.92,4,0
TEL-11131,2026-02,25.14,396,0.5,2,406.22,3,0
TEL-11131,2026-03,29.57,249,0.6,2,377.12,2,0
TEL-11131,2026-04,54.77,281,0.1,2,460.28,2,0
TEL-11131,2026-05,42.84,134,1.2,3,430.38,4,0
TEL-11131,2026-06,29.4,210,0.1,4,406.56,3,0
TEL-11132,2026-01,28.01,159,0.6,5,0.0,2,0
TEL-11132,2026-02,33.08,314,0.2,5,533.54,1,0
TEL-11132,2026-03,29.56,247,0.1,8,555.14,4,0
TEL-11132,2026-04,29.47,307,2.6,11,449.3,2,0
TEL-11132,2026-05,24.59,254,0.1,12,585.68,2,0
TEL-11132,2026-06,21.67,325,0.2,10,591.84,3,0
TEL-11133,2026-01,3.19,917,0.9,44,185.92,4,0
TEL-11133,2026-02,2.63,586,0.4,40,202.28,4,0
TEL-11133,2026-03,4.07,471,2.4,40,211.62,2,0
TEL-11133,2026-04,2.78,821,0.6,36,206.86,2,0
TEL-11133,2026-05,2.42,793,1.9,31,209.3,2,0
TEL-11133,2026-06,3.05,831,0.3,40,179.61,2,0
TEL-11134,2026-01,1.66,806,0.1,33,182.61,4,0
TEL-11134,2026-02,1.71,925,0.4,36,236.75,4,0
TEL-11134,2026-03,1.41,648,1.0,36,172.87,2,0
TEL-11134,2026-04,1.93,397,0.8,40,211.97,1,0
TEL-11134,2026-05,0.35,786,2.7,32,226.08,2,0
TEL-11134,2026-06,1.48,781,0.3,30,199.42,4,0
TEL-11135,2026-01,40.92,286,18.3,15,718.8,3,0
TEL-11135,2026-02,15.65,254,3.4,15,741.5,1,0
TEL-11135,2026-03,22.61,316,8.5,16,681.15,1,0
TEL-11135,2026-04,24.57,301,3.7,16,680.02,4,0
TEL-11135,2026-05,23.95,274,18.3,15,723.48,1,0
TEL-11135,2026-06,21.79,224,10.5,14,657.42,1,0
TEL-11136,2026-01,6.1,139,0.3,2,240.87,4,0
TEL-11136,2026-02,6.8,228,0.7,2,269.11,3,0
TEL-11136,2026-03,5.84,158,0.9,9,275.49,4,0
TEL-11136,2026-04,7.94,216,0.9,7,244.06,4,0
TEL-11136,2026-05,6.06,187,0.1,4,258.59,4,0
TEL-11136,2026-06,6.32,85,0.0,2,230.74,2,0
TEL-11137,2026-01,3.61,138,0.9,10,320.95,2,0
TEL-11137,2026-02,4.21,148,0.0,9,318.39,3,0
TEL-11137,2026-03,2.69,135,0.3,6,318.42,3,0
TEL-11137,2026-04,4.42,261,0.3,7,329.44,1,0
TEL-11137,2026-05,3.38,131,1.8,8,247.87,3,0
TEL-11137,2026-06,3.4,173,0.9,9,369.15,2,0
TEL-11138,2026-01,1.33,139,0.2,8,193.46,2,0
TEL-11138,2026-02,4.02,159,0.5,9,209.08,4,0
TEL-11138,2026-03,2.52,194,2.2,14,198.33,1,0
TEL-11138,2026-04,3.61,90,0.5,10,220.27,3,0
TEL-11138,2026-05,1.91,209,0.4,6,177.03,1,0
TEL-11138,2026-06,3.47,156,0.1,11,209.28,3,0
TEL-11139,2026-01,5.58,143,0.9,6,446.94,1,0
TEL-11139,2026-02,5.29,123,0.8,8,522.51,3,0
TEL-11139,2026-03,5.78,142,0.7,11,470.07,3,0
TEL-11139,2026-04,5.73,91,1.3,6,436.71,4,0
TEL-11139,2026-05,4.78,196,1.1,13,400.71,4,0
TEL-11139,2026-06,4.82,111,0.6,14,454.63,2,0
TEL-11140,2026-01,23.36,120,24.9,16,683.84,3,0
TEL-11140,2026-02,22.45,200,5.2,10,773.72,1,0
TEL-11140,2026-03,24.83,243,7.1,10,626.66,4,0
TEL-11140,2026-04,26.38,146,0.6,17,649.65,3,0
TEL-11140,2026-05,20.13,131,2.0,14,603.33,3,0
TEL-11140,2026-06,18.93,142,43.6,9,636.45,2,0
TEL-11141,2026-01,10.89,316,2.9,10,408.84,3,0
TEL-11141,2026-02,13.64,356,28.1,15,402.71,1,0
TEL-11141,2026-03,11.29,350,2.5,15,421.53,4,0
TEL-11141,2026-04,13.03,401,16.8,15,401.65,4,0
TEL-11141,2026-05,18.17,367,20.0,13,434.55,1,0
TEL-11141,2026-06,16.24,269,34.3,12,411.56,3,0
TEL-11142,2026-01,8.32,272,0.5,24,349.88,2,0
TEL-11142,2026-02,11.14,545,0.5,26,344.2,2,0
TEL-11142,2026-03,13.46,218,1.0,19,391.71,1,0
TEL-11142,2026-04,15.76,328,0.0,25,357.02,4,0
TEL-11142,2026-05,14.25,287,1.0,15,404.64,2,0
TEL-11142,2026-06,12.42,299,0.9,19,371.51,1,0
TEL-11143,2026-01,36.06,221,1.5,15,544.78,3,0
TEL-11143,2026-02,49.85,144,1.2,11,600.69,2,0
TEL-11143,2026-03,34.78,183,0.1,7,591.96,2,0
TEL-11143,2026-04,41.72,152,0.0,5,505.15,3,0
TEL-11143,2026-05,43.33,115,1.4,5,485.18,2,0
TEL-11143,2026-06,49.42,260,0.0,5,517.54,2,0
TEL-11144,2026-01,16.35,258,0.1,26,327.28,2,0
TEL-11144,2026-02,18.61,362,0.3,19,504.43,4,0
TEL-11144,2026-03,15.29,418,1.8,15,477.4,4,0
TEL-11144,2026-04,15.93,324,0.9,21,419.92,3,0
TEL-11144,2026-05,18.44,309,0.8,13,358.65,4,0
TEL-11144,2026-06,15.12,355,0.1,12,430.92,4,0
TEL-11145,2026-01,4.92,238,0.3,7,238.06,2,0
TEL-11145,2026-02,3.72,209,0.1,8,273.27,4,0
TEL-11145,2026-03,4.84,206,2.1,5,272.91,1,0
TEL-11145,2026-04,3.33,251,1.5,15,209.68,2,0
TEL-11145,2026-05,6.57,190,0.5,11,238.44,4,0
TEL-11145,2026-06,2.97,324,0.6,6,286.81,3,0
TEL-11146,2026-01,1.95,356,0.3,24,189.29,2,0
TEL-11146,2026-02,1.54,232,1.7,33,153.41,3,0
TEL-11146,2026-03,1.55,453,0.1,31,172.44,1,0
TEL-11146,2026-04,1.52,362,2.0,33,150.19,1,0
TEL-11146,2026-05,1.24,354,0.4,39,181.74,1,0
TEL-11146,2026-06,1.18,322,0.9,29,170.89,4,0
TEL-11147,2026-01,10.42,181,0.7,10,192.17,2,0
TEL-11147,2026-02,12.29,271,0.1,13,178.6,2,0
TEL-11147,2026-03,9.63,171,1.9,10,187.04,2,0
TEL-11147,2026-04,9.92,204,1.0,11,175.09,1,0
TEL-11147,2026-05,11.22,239,0.1,13,186.16,1,0
TEL-11147,2026-06,9.14,189,0.4,12,197.49,4,0
TEL-11148,2026-01,9.69,492,0.2,9,343.78,4,0
TEL-11148,2026-02,12.12,430,1.5,11,328.29,4,0
TEL-11148,2026-03,13.49,359,1.2,15,362.25,2,0
TEL-11148,2026-04,9.08,291,0.1,19,282.88,2,0
TEL-11148,2026-05,14.11,426,0.9,10,343.92,3,0
TEL-11148,2026-06,15.06,407,0.7,11,403.72,1,0
TEL-11149,2026-01,6.53,204,0.3,9,204.02,1,0
TEL-11149,2026-02,4.49,156,0.7,7,208.75,2,0
TEL-11149,2026-03,5.38,220,0.6,8,224.76,2,0
TEL-11149,2026-04,4.24,86,1.0,8,204.19,3,0
TEL-11149,2026-05,2.97,202,0.9,2,215.64,2,0
TEL-11149,2026-06,5.19,120,0.4,4,213.37,3,0
TEL-11150,2026-01,1.62,169,1.7,6,358.77,3,0
TEL-11150,2026-02,1.53,143,1.1,3,307.7,4,0
TEL-11150,2026-03,1.76,171,0.5,7,289.19,2,0
TEL-11150,2026-04,1.38,165,0.1,5,279.17,4,0
TEL-11150,2026-05,1.57,176,0.9,5,291.06,3,0
TEL-11150,2026-06,2.18,182,0.2,3,256.2,2,0
TEL-11151,2026-01,18.28,393,1.5,19,303.01,4,0
TEL-11151,2026-02,27.06,415,0.1,7,275.14,3,0
TEL-11151,2026-03,23.91,487,0.6,12,262.35,2,0
TEL-11151,2026-04,18.15,409,0.0,11,310.84,3,0
TEL-11151,2026-05,20.22,383,0.5,13,291.63,3,0
TEL-11151,2026-06,27.05,357,0.6,7,254.99,2,0
TEL-11152,2026-01,28.0,150,0.3,1,622.9,3,0
TEL-11152,2026-02,27.8,145,0.1,5,551.44,2,0
TEL-11152,2026-03,29.94,172,1.4,2,606.73,4,0
TEL-11152,2026-04,40.44,102,1.8,2,548.75,3,0
TEL-11152,2026-05,39.82,136,0.3,2,549.87,4,0
TEL-11152,2026-06,47.02,140,0.8,4,583.83,3,0
TEL-11153,2026-01,3.88,160,0.7,10,67.97,2,0
TEL-11153,2026-02,3.08,212,1.2,8,62.53,3,0
TEL-11153,2026-03,4.4,149,0.9,10,80.87,1,0
TEL-11153,2026-04,5.77,149,0.3,4,75.59,1,0
TEL-11153,2026-05,3.5,123,1.6,7,62.16,4,0
TEL-11153,2026-06,6.04,96,0.2,6,75.64,4,0
TEL-11154,2026-01,35.54,215,0.3,8,578.37,2,0
TEL-11154,2026-02,50.27,291,1.3,3,585.34,1,0
TEL-11154,2026-03,34.15,173,0.0,6,655.19,2,0
TEL-11154,2026-04,37.55,251,0.3,6,573.47,3,0
TEL-11154,2026-05,49.59,410,0.3,12,698.22,2,0
TEL-11154,2026-06,49.59,216,0.1,5,707.76,2,0
TEL-11155,2026-01,1.98,451,1.1,31,205.25,3,0
TEL-11155,2026-02,3.18,638,0.9,28,205.43,4,0
TEL-11155,2026-03,1.97,553,0.3,37,234.75,2,0
TEL-11155,2026-04,2.75,621,0.3,35,219.93,1,0
TEL-11155,2026-05,2.76,523,0.8,32,198.01,1,0
TEL-11155,2026-06,2.51,534,0.9,34,252.46,4,0
TEL-11156,2026-01,2.62,459,1.7,25,226.41,3,0
TEL-11156,2026-02,1.64,674,0.7,28,208.92,4,0
TEL-11156,2026-03,2.32,515,0.5,38,273.92,2,0
TEL-11156,2026-04,2.35,281,0.3,36,295.96,3,0
TEL-11156,2026-05,2.79,303,0.5,43,278.16,2,0
TEL-11156,2026-06,2.42,214,1.2,31,262.33,4,0
TEL-11157,2026-01,2.3,411,0.6,21,310.08,3,0
TEL-11157,2026-02,2.9,479,0.0,22,275.49,2,0
TEL-11157,2026-03,2.23,189,2.1,18,253.77,1,0
TEL-11157,2026-04,3.53,294,0.1,18,308.22,1,0
TEL-11157,2026-05,2.08,481,0.7,14,249.2,1,0
TEL-11157,2026-06,2.74,416,0.4,19,276.33,4,0
TEL-11158,2026-01,1.02,613,1.1,48,161.66,3,0
TEL-11158,2026-02,2.13,438,1.4,31,177.3,1,0
TEL-11158,2026-03,1.17,517,0.6,48,180.22,2,0
TEL-11158,2026-04,1.21,531,0.6,42,190.87,2,0
TEL-11158,2026-05,0.86,687,0.3,30,192.53,3,0
TEL-11158,2026-06,1.16,526,0.5,35,170.26,3,0
TEL-11159,2026-01,4.26,78,0.2,2,132.14,1,0
TEL-11159,2026-02,4.29,111,1.7,3,121.13,4,0
TEL-11159,2026-03,2.97,111,1.2,1,132.94,2,0
TEL-11159,2026-04,4.64,77,0.3,2,124.71,1,0
TEL-11159,2026-05,4.85,75,2.2,2,110.48,3,0
TEL-11159,2026-06,4.91,113,0.4,1,106.37,2,0
TEL-11160,2026-01,2.32,387,0.3,32,208.63,1,0
TEL-11160,2026-02,2.49,716,3.0,46,230.54,4,0
TEL-11160,2026-03,1.62,600,1.1,41,246.29,1,0
TEL-11160,2026-04,2.76,447,0.4,52,243.65,3,0
TEL-11160,2026-05,2.05,319,0.5,40,251.79,1,0
TEL-11160,2026-06,2.29,431,0.6,40,213.32,4,0
TEL-11161,2026-01,12.39,372,1.1,13,250.06,1,0
TEL-11161,2026-02,15.35,650,0.5,12,297.44,4,0
TEL-11161,2026-03,15.61,299,0.3,13,285.45,4,0
TEL-11161,2026-04,17.85,460,1.3,7,265.26,1,0
TEL-11161,2026-05,13.64,521,0.1,12,298.12,2,0
TEL-11161,2026-06,16.24,507,0.1,8,261.59,1,0
TEL-11162,2026-01,1.91,199,0.6,6,267.06,2,0
TEL-11162,2026-02,2.67,279,1.8,6,281.1,2,0
TEL-11162,2026-03,2.71,161,1.4,10,274.63,4,0
TEL-11162,2026-04,2.05,219,0.1,7,331.85,3,0
TEL-11162,2026-05,3.14,219,0.0,11,277.6,2,0
TEL-11162,2026-06,1.21,151,0.4,5,298.83,3,0
TEL-11163,2026-01,17.54,238,0.7,0,310.67,3,0
TEL-11163,2026-02,17.83,204,2.0,2,426.29,3,0
TEL-11163,2026-03,15.31,95,2.5,0,440.2,3,0
TEL-11163,2026-04,11.85,229,1.3,3,352.21,3,0
TEL-11163,2026-05,14.25,318,0.3,2,346.53,3,0
TEL-11163,2026-06,17.47,146,0.2,0,385.97,1,0
TEL-11164,2026-01,34.23,125,17.5,21,798.0,1,0
TEL-11164,2026-02,29.24,108,4.9,19,506.16,3,0
TEL-11164,2026-03,27.5,133,19.8,10,693.92,1,0
TEL-11164,2026-04,28.29,157,12.2,10,640.1,3,0
TEL-11164,2026-05,25.04,147,67.9,19,479.64,4,0
TEL-11164,2026-06,27.66,131,16.6,20,618.64,1,0
TEL-11165,2026-01,0.76,307,0.6,33,175.14,3,0
TEL-11165,2026-02,0.83,213,0.2,34,144.1,1,0
TEL-11165,2026-03,0.88,461,0.2,34,128.64,4,0
TEL-11165,2026-04,0.57,261,0.7,29,146.32,2,0
TEL-11165,2026-05,1.03,202,1.4,27,129.94,2,0
TEL-11165,2026-06,0.68,500,0.4,21,132.8,3,0
TEL-11166,2026-01,1.93,96,0.4,11,147.96,2,0
TEL-11166,2026-02,2.36,123,0.3,15,132.11,3,0
TEL-11166,2026-03,1.81,130,0.5,15,189.68,3,0
TEL-11166,2026-04,2.66,91,1.0,7,150.69,2,0
TEL-11166,2026-05,2.54,123,1.6,14,177.55,3,0
TEL-11166,2026-06,2.86,97,1.3,17,157.9,4,0
TEL-11167,2026-01,16.13,148,1.2,6,255.72,1,0
TEL-11167,2026-02,22.16,168,0.2,6,250.02,3,0
TEL-11167,2026-03,18.4,123,0.2,6,287.62,2,0
TEL-11167,2026-04,21.9,135,0.4,2,252.29,3,0
TEL-11167,2026-05,21.04,164,1.1,5,273.31,2,0
TEL-11167,2026-06,14.4,149,1.5,7,282.85,1,0
TEL-11168,2026-01,2.05,391,0.1,50,342.81,4,0
TEL-11168,2026-02,3.17,490,0.2,52,360.51,3,0
TEL-11168,2026-03,1.24,542,4.7,45,322.94,4,0
TEL-11168,2026-04,1.52,441,0.9,47,299.52,4,0
TEL-11168,2026-05,2.36,565,0.8,53,320.0,2,0
TEL-11168,2026-06,2.73,300,0.9,46,340.14,1,0
TEL-11169,2026-01,43.01,136,0.8,1,489.26,4,0
TEL-11169,2026-02,50.98,161,1.5,1,474.45,2,0
TEL-11169,2026-03,41.58,177,0.2,3,473.42,3,0
TEL-11169,2026-04,21.86,163,0.3,0,477.64,4,0
TEL-11169,2026-05,39.22,164,0.0,3,440.51,4,0
TEL-11169,2026-06,35.37,188,1.0,2,507.09,1,0
TEL-11170,2026-01,1.95,767,0.5,36,179.47,2,0
TEL-11170,2026-02,0.77,475,2.0,47,207.48,4,0
TEL-11170,2026-03,1.26,528,0.4,25,204.19,3,0
TEL-11170,2026-04,1.62,458,1.3,29,221.1,3,0
TEL-11170,2026-05,1.1,402,0.9,43,211.71,4,0
TEL-11170,2026-06,0.76,734,0.4,34,216.15,1,0
TEL-11171,2026-01,16.62,377,6.8,13,799.59,4,0
TEL-11171,2026-02,30.51,327,12.0,26,754.83,2,0
TEL-11171,2026-03,15.42,244,14.7,11,664.45,2,0
TEL-11171,2026-04,19.57,439,5.1,17,778.23,4,0
TEL-11171,2026-05,20.32,337,17.3,20,727.32,1,0
TEL-11171,2026-06,11.33,272,5.6,16,808.75,1,0
TEL-11172,2026-01,19.62,258,18.1,14,512.27,4,0
TEL-11172,2026-02,12.22,313,16.9,15,607.62,1,0
TEL-11172,2026-03,25.78,312,23.5,20,493.75,2,0
TEL-11172,2026-04,13.14,254,2.5,15,476.66,4,0
TEL-11172,2026-05,20.81,156,2.0,9,312.1,4,0
TEL-11172,2026-06,26.08,280,35.4,19,520.78,2,0
TEL-11173,2026-01,4.37,77,0.3,5,188.57,2,0
TEL-11173,2026-02,4.13,108,1.6,4,176.41,4,0
TEL-11173,2026-03,5.14,77,0.2,5,220.76,3,0
TEL-11173,2026-04,5.56,124,0.5,7,187.35,3,0
TEL-11173,2026-05,5.41,127,0.2,7,219.58,2,0
TEL-11173,2026-06,4.79,112,1.0,3,211.24,4,0
TEL-11174,2026-01,16.96,270,0.4,18,305.63,1,0
TEL-11174,2026-02,24.2,194,4.1,10,266.98,4,0
TEL-11174,2026-03,18.36,291,1.0,15,292.82,4,0
TEL-11174,2026-04,17.63,193,0.1,14,280.04,1,0
TEL-11174,2026-05,20.92,257,1.5,5,293.89,2,0
TEL-11174,2026-06,22.24,196,0.7,8,301.74,1,0
TEL-11175,2026-01,2.64,77,0.4,15,289.23,3,0
TEL-11175,2026-02,2.69,97,0.2,16,309.85,1,0
TEL-11175,2026-03,3.44,91,1.0,18,274.89,4,0
TEL-11175,2026-04,2.62,113,2.3,17,354.75,1,0
TEL-11175,2026-05,2.91,56,0.4,18,294.93,1,0
TEL-11175,2026-06,3.62,109,1.3,13,339.87,3,0
TEL-11176,2026-01,4.31,186,0.8,8,123.95,2,0
TEL-11176,2026-02,4.14,205,0.1,11,132.46,3,0
TEL-11176,2026-03,3.2,65,0.8,15,147.84,4,0
TEL-11176,2026-04,1.93,163,0.5,7,125.48,1,0
TEL-11176,2026-05,3.39,139,2.0,6,112.0,1,0
TEL-11176,2026-06,3.01,162,0.2,10,117.2,2,0
TEL-11177,2026-01,7.15,344,0.3,8,164.05,4,0
TEL-11177,2026-02,11.99,301,0.5,10,177.18,2,0
TEL-11177,2026-03,13.42,272,1.0,10,160.57,4,0
TEL-11177,2026-04,11.52,183,0.2,12,174.21,3,0
TEL-11177,2026-05,10.55,310,0.6,9,208.55,1,0
TEL-11177,2026-06,9.57,323,0.5,8,194.1,4,0
TEL-11178,2026-01,17.04,268,0.6,23,244.24,4,0
TEL-11178,2026-02,21.48,323,0.6,10,244.4,3,0
TEL-11178,2026-03,13.98,275,1.3,12,272.05,4,0
TEL-11178,2026-04,12.05,242,0.7,16,306.81,2,0
TEL-11178,2026-05,19.5,225,0.3,13,285.82,3,0
TEL-11178,2026-06,12.44,198,0.5,12,255.38,1,0
TEL-11179,2026-01,22.25,216,0.5,12,287.88,2,0
TEL-11179,2026-02,26.64,197,1.0,11,316.99,3,0
TEL-11179,2026-03,22.23,430,0.1,13,331.18,1,0
TEL-11179,2026-04,21.41,266,0.1,11,253.57,2,0
TEL-11179,2026-05,25.59,400,0.3,11,312.67,3,0
TEL-11179,2026-06,23.81,201,2.5,12,368.61,1,0
TEL-11180,2026-01,2.68,614,2.0,31,114.33,2,0
TEL-11180,2026-02,2.08,367,0.5,30,132.02,2,0
TEL-11180,2026-03,2.44,404,1.3,23,104.19,2,0
TEL-11180,2026-04,2.72,487,0.7,35,128.95,4,0
TEL-11180,2026-05,2.26,488,0.4,24,142.11,4,0
TEL-11180,2026-06,2.16,549,0.5,32,141.04,1,0
TEL-11181,2026-01,1.6,402,1.8,25,352.95,3,0
TEL-11181,2026-02,1.56,437,0.4,31,304.63,2,0
TEL-11181,2026-03,1.17,263,1.2,28,284.76,4,0
TEL-11181,2026-04,1.88,312,1.8,35,305.79,2,0
TEL-11181,2026-05,1.66,253,0.3,25,297.26,1,0
TEL-11181,2026-06,1.51,245,1.3,36,352.9,1,0
TEL-11182,2026-01,12.45,408,4.8,10,429.07,3,0
TEL-11182,2026-02,14.07,330,1.5,14,415.74,2,0
TEL-11182,2026-03,12.36,335,33.5,17,408.41,1,0
TEL-11182,2026-04,12.52,406,6.3,19,410.07,4,0
TEL-11182,2026-05,16.29,278,5.8,13,0.0,3,0
TEL-11182,2026-06,12.68,433,6.3,15,432.4,4,0
TEL-11183,2026-01,1.62,222,0.5,29,265.56,2,0
TEL-11183,2026-02,1.19,205,1.7,24,293.61,2,0
TEL-11183,2026-03,1.51,227,0.1,39,284.3,3,0
TEL-11183,2026-04,1.9,196,0.9,30,308.54,2,0
TEL-11183,2026-05,1.31,140,1.3,32,310.78,3,0
TEL-11183,2026-06,1.86,180,0.5,23,334.26,3,0
TEL-11184,2026-01,32.72,300,1.4,10,277.19,2,0
TEL-11184,2026-02,18.45,377,0.1,14,272.36,4,0
TEL-11184,2026-03,16.2,279,0.8,9,273.29,4,0
TEL-11184,2026-04,21.16,440,0.2,10,247.74,2,0
TEL-11184,2026-05,19.94,348,1.0,10,318.18,4,0
TEL-11184,2026-06,21.89,351,1.4,10,281.57,3,0
TEL-11185,2026-01,1.67,879,0.3,35,271.45,2,0
TEL-11185,2026-02,2.6,958,1.9,43,225.56,2,0
TEL-11185,2026-03,2.33,697,0.4,38,272.16,2,0
TEL-11185,2026-04,1.5,908,2.5,25,295.97,4,0
TEL-11185,2026-05,0.97,701,0.3,44,270.66,1,0
TEL-11185,2026-06,1.73,1140,1.4,40,239.35,2,0
TEL-11186,2026-01,29.45,113,0.8,7,602.51,3,0
TEL-11186,2026-02,26.74,235,0.6,6,537.68,3,0
TEL-11186,2026-03,20.26,148,2.6,4,670.28,1,0
TEL-11186,2026-04,29.67,124,0.5,2,532.33,1,0
TEL-11186,2026-05,32.78,170,0.1,5,502.55,4,0
TEL-11186,2026-06,33.5,171,0.7,6,628.61,1,0
TEL-11187,2026-01,6.99,289,6.6,20,328.83,3,0
TEL-11187,2026-02,8.86,242,1.5,26,406.61,3,0
TEL-11187,2026-03,11.77,373,6.3,23,415.87,3,0
TEL-11187,2026-04,10.07,164,5.1,22,348.44,2,0
TEL-11187,2026-05,9.14,333,8.5,14,382.67,3,0
TEL-11187,2026-06,10.7,481,9.6,20,374.01,3,0
TEL-11188,2026-01,28.0,86,25.7,6,598.03,4,0
TEL-11188,2026-02,28.16,77,21.1,3,568.97,3,0
TEL-11188,2026-03,34.39,97,4.4,2,610.13,2,0
TEL-11188,2026-04,44.81,73,20.8,7,559.71,1,0
TEL-11188,2026-05,40.84,70,34.4,7,676.31,1,0
TEL-11188,2026-06,53.11,29,9.5,6,687.53,2,0
TEL-11189,2026-01,9.79,428,0.4,16,344.96,3,0
TEL-11189,2026-02,9.41,267,0.1,14,263.48,4,0
TEL-11189,2026-03,12.96,231,0.3,24,364.12,2,0
TEL-11189,2026-04,11.53,152,0.8,18,410.83,1,0
TEL-11189,2026-05,11.72,320,0.9,29,420.99,3,0
TEL-11189,2026-06,10.51,241,2.8,18,403.37,4,0
TEL-11190,2026-01,5.63,217,0.7,4,206.49,1,0
TEL-11190,2026-02,6.22,189,0.1,3,230.91,4,0
TEL-11190,2026-03,5.07,123,0.7,8,169.58,3,0
TEL-11190,2026-04,5.52,188,1.4,11,177.67,4,0
TEL-11190,2026-05,6.23,196,0.3,8,179.37,2,0
TEL-11190,2026-06,4.51,148,0.7,17,243.42,1,0
TEL-11191,2026-01,26.42,255,2.0,4,533.02,2,0
TEL-11191,2026-02,29.26,287,1.1,5,399.0,4,0
TEL-11191,2026-03,31.46,333,0.3,4,478.11,2,0
TEL-11191,2026-04,25.97,160,0.4,1,470.12,4,0
TEL-11191,2026-05,29.89,132,0.6,4,436.0,2,0
TEL-11191,2026-06,20.34,213,0.5,7,504.99,4,0
TEL-11192,2026-01,24.63,185,0.4,16,366.35,1,0
TEL-11192,2026-02,28.6,123,1.3,8,374.26,1,0
TEL-11192,2026-03,30.75,196,1.3,19,318.16,1,0
TEL-11192,2026-04,23.3,186,0.1,11,322.67,3,0
TEL-11192,2026-05,30.55,101,0.6,11,327.65,4,0
TEL-11192,2026-06,21.0,187,1.0,11,383.42,4,0
TEL-11193,2026-01,5.95,252,0.1,15,184.61,2,0
TEL-11193,2026-02,5.25,311,2.8,4,166.25,4,0
TEL-11193,2026-03,6.6,218,0.5,9,172.86,3,0
TEL-11193,2026-04,4.66,273,0.5,15,160.03,3,0
TEL-11193,2026-05,5.04,297,0.1,13,183.12,1,0
TEL-11193,2026-06,4.06,314,0.3,10,159.75,3,0
TEL-11194,2026-01,53.99,119,2.5,12,599.7,2,0
TEL-11194,2026-02,46.69,166,0.8,13,619.67,2,0
TEL-11194,2026-03,24.13,176,0.2,10,626.8,3,0
TEL-11194,2026-04,48.44,190,1.3,8,624.63,3,0
TEL-11194,2026-05,23.75,152,0.8,10,615.82,4,0
TEL-11194,2026-06,58.08,230,0.5,4,601.97,4,0
TEL-11195,2026-01,17.75,408,1.2,17,455.45,4,0
TEL-11195,2026-02,13.14,208,0.2,20,466.51,2,0
TEL-11195,2026-03,18.2,427,0.0,17,438.44,3,0
TEL-11195,2026-04,16.63,176,0.2,18,430.18,3,0
TEL-11195,2026-05,9.42,286,0.1,19,445.21,2,0
TEL-11195,2026-06,11.78,505,1.5,18,503.57,3,0
TEL-11196,2026-01,7.83,166,0.2,1,232.69,2,0
TEL-11196,2026-02,13.48,120,0.5,0,245.54,3,0
TEL-11196,2026-03,7.88,121,0.1,5,191.57,4,0
TEL-11196,2026-04,12.17,126,0.0,3,233.19,2,0
TEL-11196,2026-05,9.4,101,0.2,3,235.0,3,0
TEL-11196,2026-06,11.91,154,0.2,2,237.66,2,0
TEL-11197,2026-01,28.05,180,2.1,15,561.3,1,0
TEL-11197,2026-02,36.11,158,1.4,12,474.46,2,0
TEL-11197,2026-03,31.21,151,1.5,10,485.51,3,0
TEL-11197,2026-04,38.12,223,0.1,14,542.96,4,0
TEL-11197,2026-05,42.79,145,0.4,15,481.29,4,0
TEL-11197,2026-06,33.09,91,0.7,12,554.39,3,0
TEL-11198,2026-01,14.14,259,1.2,9,160.89,4,0
TEL-11198,2026-02,11.08,188,0.4,4,140.64,2,0
TEL-11198,2026-03,11.81,320,3.8,8,185.65,3,0
TEL-11198,2026-04,14.33,227,0.9,20,160.13,1,0
TEL-11198,2026-05,11.93,187,0.2,12,175.55,1,0
TEL-11198,2026-06,10.6,286,0.0,7,162.5,3,0
TEL-11199,2026-01,23.39,270,1.6,10,429.91,1,0
TEL-11199,2026-02,32.68,323,0.5,11,382.13,4,0
TEL-11199,2026-03,21.28,328,0.4,17,478.73,3,0
TEL-11199,2026-04,19.17,337,2.9,14,435.79,1,0
TEL-11199,2026-05,18.38,312,0.0,13,404.19,3,0
TEL-11199,2026-06,23.75,272,0.6,15,490.04,4,0
TEL-11200,2026-01,1.87,758,0.3,25,347.1,4,0
TEL-11200,2026-02,1.49,457,0.1,30,295.57,4,0
TEL-11200,2026-03,1.63,600,0.4,30,375.85,3,0
TEL-11200,2026-04,2.14,692,0.7,28,345.56,3,0
TEL-11200,2026-05,2.44,667,0.7,24,366.03,4,0
TEL-11200,2026-06,1.69,663,0.4,32,353.35,3,0
TEL-11201,2026-01,29.17,156,1.6,6,442.27,4,0
TEL-11201,2026-02,28.35,174,1.4,8,373.16,4,0
TEL-11201,2026-03,37.39,134,0.4,9,423.3,3,0
TEL-11201,2026-04,31.58,162,2.3,5,482.95,2,0
TEL-11201,2026-05,9.28,178,0.6,5,428.84,2,0
TEL-11201,2026-06,22.37,150,0.2,10,446.58,1,0
TEL-11202,2026-01,2.95,104,0.4,8,159.71,2,0
TEL-11202,2026-02,4.2,150,0.8,6,148.28,4,0
TEL-11202,2026-03,3.44,165,0.1,10,133.55,3,0
TEL-11202,2026-04,2.98,199,0.2,6,138.71,2,0
TEL-11202,2026-05,4.09,208,1.4,7,149.26,2,0
TEL-11202,2026-06,2.73,226,0.1,0,149.59,4,0
TEL-11203,2026-01,6.53,159,0.9,7,224.91,1,0
TEL-11203,2026-02,5.97,121,1.0,7,240.02,2,0
TEL-11203,2026-03,4.83,203,0.9,9,199.68,3,0
TEL-11203,2026-04,6.05,244,0.4,9,288.92,4,0
TEL-11203,2026-05,4.12,189,0.3,9,175.81,1,0
TEL-11203,2026-06,5.74,255,0.4,7,273.6,4,0
TEL-11204,2026-01,6.7,128,0.0,8,396.93,4,0
TEL-11204,2026-02,5.28,115,0.7,4,387.89,4,0
TEL-11204,2026-03,5.67,144,0.3,9,311.3,2,0
TEL-11204,2026-04,7.16,170,0.4,12,334.22,4,0
TEL-11204,2026-05,7.58,138,0.7,13,349.19,3,0
TEL-11204,2026-06,7.99,106,1.6,8,390.92,4,0
TEL-11205,2026-01,4.14,203,0.6,13,227.58,3,0
TEL-11205,2026-02,4.09,206,0.3,21,188.22,2,0
TEL-11205,2026-03,4.63,139,0.5,23,195.55,2,0
TEL-11205,2026-04,4.19,120,0.9,18,237.79,2,0
TEL-11205,2026-05,2.77,160,0.0,13,213.28,1,0
TEL-11205,2026-06,3.46,223,0.6,16,173.3,1,0
TEL-11206,2026-01,2.4,327,0.1,23,246.98,2,0
TEL-11206,2026-02,2.62,340,0.1,37,231.59,4,0
TEL-11206,2026-03,2.09,428,2.8,35,244.38,2,0
TEL-11206,2026-04,1.61,250,0.3,25,242.87,4,0
TEL-11206,2026-05,2.67,195,0.3,29,238.49,2,0
TEL-11206,2026-06,2.59,208,2.2,30,266.85,4,0
TEL-11207,2026-01,2.71,452,0.0,28,150.73,1,0
TEL-11207,2026-02,1.79,610,1.7,36,177.7,2,0
TEL-11207,2026-03,1.59,555,1.0,25,157.85,3,0
TEL-11207,2026-04,2.19,538,1.9,32,150.86,3,0
TEL-11207,2026-05,2.39,759,2.7,39,135.75,1,0
TEL-11207,2026-06,1.48,528,0.3,31,127.02,4,0
TEL-11208,2026-01,1.79,395,0.6,31,156.66,1,0
TEL-11208,2026-02,1.44,368,1.1,25,176.36,3,0
TEL-11208,2026-03,2.02,263,0.0,37,162.23,4,0
TEL-11208,2026-04,0.82,469,0.0,30,213.38,4,0
TEL-11208,2026-05,1.6,338,1.8,36,165.15,3,0
TEL-11208,2026-06,1.15,437,0.1,31,184.98,4,0
TEL-11209,2026-01,4.86,157,0.3,10,195.07,3,0
TEL-11209,2026-02,2.23,209,0.4,8,213.79,4,0
TEL-11209,2026-03,4.5,103,0.6,13,231.34,1,0
TEL-11209,2026-04,5.38,124,0.0,8,180.71,3,0
TEL-11209,2026-05,6.75,184,1.6,9,225.13,4,0
TEL-11209,2026-06,5.58,200,0.7,9,175.56,3,0
TEL-11210,2026-01,23.09,359,0.1,6,227.52,1,0
TEL-11210,2026-02,22.6,319,0.1,15,272.68,1,0
TEL-11210,2026-03,17.46,395,0.2,15,244.65,3,0
TEL-11210,2026-04,19.83,294,5.1,13,266.19,1,0
TEL-11210,2026-05,18.98,385,2.5,12,322.58,2,0
TEL-11210,2026-06,30.37,360,0.7,8,253.92,3,0
TEL-11211,2026-01,22.3,190,0.1,7,338.13,3,0
TEL-11211,2026-02,14.15,194,1.6,6,438.37,3,0
TEL-11211,2026-03,12.66,200,0.0,8,364.31,2,0
TEL-11211,2026-04,7.42,113,0.5,1,428.87,1,0
TEL-11211,2026-05,24.71,176,0.6,6,366.48,3,0
TEL-11211,2026-06,19.61,141,2.3,7,366.39,2,0
TEL-11212,2026-01,16.19,180,2.4,13,311.02,2,0
TEL-11212,2026-02,13.73,373,0.1,8,355.76,4,0
TEL-11212,2026-03,20.99,246,0.9,14,356.82,4,0
TEL-11212,2026-04,22.85,393,0.5,15,340.5,3,0
TEL-11212,2026-05,24.62,247,0.9,17,339.13,4,0
TEL-11212,2026-06,21.72,233,3.7,14,375.84,1,0
TEL-11213,2026-01,15.4,257,0.3,12,381.71,3,0
TEL-11213,2026-02,20.68,309,1.8,16,394.96,1,0
TEL-11213,2026-03,22.56,266,0.9,9,316.09,1,0
TEL-11213,2026-04,20.62,293,0.2,10,351.69,3,0
TEL-11213,2026-05,16.94,165,0.1,11,368.15,3,0
TEL-11213,2026-06,15.52,261,2.2,13,364.49,1,0
TEL-11214,2026-01,29.84,136,0.0,11,355.02,3,0
TEL-11214,2026-02,29.02,73,0.3,7,343.86,1,0
TEL-11214,2026-03,13.43,94,0.3,5,378.74,3,0
TEL-11214,2026-04,28.36,70,0.7,6,332.26,3,0
TEL-11214,2026-05,22.48,169,0.3,2,332.34,1,0
TEL-11214,2026-06,26.37,108,1.0,7,334.74,4,0
TEL-11215,2026-01,13.95,77,0.5,20,370.09,2,0
TEL-11215,2026-02,19.55,117,0.2,12,415.3,2,0
TEL-11215,2026-03,3.6,64,0.2,18,359.87,2,0
TEL-11215,2026-04,10.17,104,0.7,10,419.94,3,0
TEL-11215,2026-05,13.42,89,0.6,13,424.27,4,0
TEL-11215,2026-06,10.05,86,1.2,18,409.6,2,0
TEL-11216,2026-01,15.83,400,0.5,7,265.74,2,0
TEL-11216,2026-02,9.02,211,1.3,14,270.75,3,0
TEL-11216,2026-03,6.57,342,0.5,15,261.5,2,0
TEL-11216,2026-04,12.87,307,0.5,16,244.55,3,0
TEL-11216,2026-05,11.0,171,0.6,16,296.54,1,0
TEL-11216,2026-06,9.95,257,3.0,14,231.42,2,0
TEL-11217,2026-01,14.6,346,0.5,15,292.31,4,0
TEL-11217,2026-02,13.54,429,0.3,24,311.58,1,0
TEL-11217,2026-03,17.82,237,0.9,24,206.55,4,0
TEL-11217,2026-04,10.14,270,1.2,13,310.95,1,0
TEL-11217,2026-05,14.18,373,0.8,15,244.3,2,0
TEL-11217,2026-06,21.68,410,0.5,20,286.68,3,0
TEL-11218,2026-01,1.65,749,10.9,32,390.64,2,0
TEL-11218,2026-02,2.66,676,20.1,42,395.0,3,0
TEL-11218,2026-03,1.44,696,5.7,32,518.16,2,0
TEL-11218,2026-04,1.9,677,8.0,34,378.47,4,0
TEL-11218,2026-05,1.98,927,20.7,33,423.75,2,0
TEL-11218,2026-06,1.4,608,16.6,26,494.44,2,0
TEL-11219,2026-01,3.07,155,0.6,24,267.84,4,0
TEL-11219,2026-02,5.03,107,0.7,27,342.52,2,0
TEL-11219,2026-03,2.86,107,0.4,24,297.21,1,0
TEL-11219,2026-04,4.4,71,3.4,18,262.04,2,0
TEL-11219,2026-05,4.95,144,0.2,19,265.87,4,0
TEL-11219,2026-06,3.12,91,0.6,19,298.65,2,0
TEL-11220,2026-01,18.75,420,0.8,10,518.42,4,0
TEL-11220,2026-02,20.46,247,1.4,13,452.44,1,0
TEL-11220,2026-03,33.2,236,0.1,19,442.81,4,0
TEL-11220,2026-04,16.45,212,0.6,16,383.86,4,0
TEL-11220,2026-05,25.58,164,1.7,10,411.39,4,0
TEL-11220,2026-06,20.31,373,0.1,20,468.73,3,0
TEL-11221,2026-01,2.05,587,0.3,49,288.37,1,0
TEL-11221,2026-02,1.84,621,2.9,43,329.83,1,0
TEL-11221,2026-03,2.1,599,0.9,45,371.96,3,0
TEL-11221,2026-04,2.13,202,0.2,48,392.76,4,0
TEL-11221,2026-05,2.46,257,0.6,47,353.63,3,0
TEL-11221,2026-06,3.21,309,0.9,43,254.48,2,0
TEL-11222,2026-01,20.25,88,0.2,9,453.22,1,0
TEL-11222,2026-02,17.34,73,1.2,5,560.31,2,0
TEL-11222,2026-03,26.26,156,0.1,1,543.05,2,0
TEL-11222,2026-04,24.84,178,0.4,10,542.14,1,0
TEL-11222,2026-05,19.88,200,1.3,8,422.91,1,0
TEL-11222,2026-06,31.01,208,0.8,7,493.0,4,0
TEL-11223,2026-01,4.38,139,0.8,8,93.73,2,0
TEL-11223,2026-02,4.62,136,1.0,12,123.6,4,0
TEL-11223,2026-03,5.07,110,1.9,7,95.75,3,0
TEL-11223,2026-04,2.34,199,1.2,7,100.5,4,0
TEL-11223,2026-05,4.56,142,2.6,14,95.45,3,0
TEL-11223,2026-06,3.52,157,0.4,11,107.81,3,0
TEL-11224,2026-01,2.44,191,0.1,5,258.01,2,0
TEL-11224,2026-02,3.78,128,0.6,8,293.26,3,0
TEL-11224,2026-03,3.03,253,0.3,8,291.61,3,0
TEL-11224,2026-04,2.1,163,2.1,6,319.81,4,0
TEL-11224,2026-05,2.8,237,0.5,7,282.05,3,0
TEL-11224,2026-06,2.34,187,0.8,10,262.74,1,0
TEL-11225,2026-01,27.53,66,0.1,1,211.69,3,0
TEL-11225,2026-02,26.31,100,0.8,2,330.89,3,0
TEL-11225,2026-03,28.05,80,1.7,1,348.55,3,0
TEL-11225,2026-04,24.03,117,1.7,5,320.16,3,0
TEL-11225,2026-05,19.89,93,0.2,0,331.58,4,0
TEL-11225,2026-06,20.68,58,3.6,1,287.1,2,0
TEL-11226,2026-01,20.95,305,0.4,11,292.68,2,0
TEL-11226,2026-02,22.05,443,0.6,11,293.74,3,0
TEL-11226,2026-03,20.61,593,2.4,10,231.91,4,0
TEL-11226,2026-04,39.26,459,1.4,9,261.34,3,0
TEL-11226,2026-05,22.11,532,1.6,8,320.33,4,0
TEL-11226,2026-06,37.34,378,0.6,6,290.29,2,0
TEL-11227,2026-01,2.33,138,0.1,12,292.03,2,0
TEL-11227,2026-02,2.33,143,0.7,11,263.04,4,0
TEL-11227,2026-03,2.9,114,0.3,11,232.13,4,0
TEL-11227,2026-04,2.16,112,0.2,12,290.71,4,0
TEL-11227,2026-05,2.94,94,0.8,19,303.02,4,0
TEL-11227,2026-06,2.33,114,0.2,3,272.73,1,0
TEL-11228,2026-01,13.31,617,2.6,11,615.4,4,0
TEL-11228,2026-02,27.32,424,25.7,9,667.98,3,0
TEL-11228,2026-03,25.47,363,16.5,15,595.89,1,0
TEL-11228,2026-04,21.8,125,112.1,15,772.26,2,0
TEL-11228,2026-05,15.16,304,26.1,13,649.76,2,0
TEL-11228,2026-06,15.59,440,0.6,22,610.77,3,0
TEL-11229,2026-01,14.14,146,1.6,11,290.13,2,0
TEL-11229,2026-02,12.97,97,0.8,14,306.12,1,0
TEL-11229,2026-03,9.57,100,0.0,8,406.8,1,0
TEL-11229,2026-04,14.68,130,0.0,14,382.2,1,0
TEL-11229,2026-05,12.79,135,0.5,11,361.97,4,0
TEL-11229,2026-06,11.7,236,1.2,10,302.72,4,0
TEL-11230,2026-01,16.31,358,0.0,7,267.86,3,0
TEL-11230,2026-02,20.55,523,0.7,6,267.32,3,0
TEL-11230,2026-03,24.11,402,0.3,6,299.31,2,0
TEL-11230,2026-04,19.34,233,3.8,6,229.5,4,0
TEL-11230,2026-05,14.34,383,1.6,5,225.17,2,0
TEL-11230,2026-06,18.62,395,0.9,6,287.29,2,0
TEL-11231,2026-01,9.85,392,0.2,12,403.79,3,0
TEL-11231,2026-02,11.67,165,0.2,9,360.94,3,0
TEL-11231,2026-03,11.12,340,0.1,21,377.05,4,0
TEL-11231,2026-04,10.54,367,0.8,23,345.24,1,0
TEL-11231,2026-05,8.77,305,0.2,6,350.17,3,0
TEL-11231,2026-06,12.01,425,0.5,15,421.21,4,0
TEL-11232,2026-01,0.47,485,0.9,22,295.73,2,0
TEL-11232,2026-02,1.27,760,0.9,29,296.13,2,0
TEL-11232,2026-03,1.09,1172,0.5,27,272.84,4,0
TEL-11232,2026-04,1.34,800,2.5,20,267.27,1,0
TEL-11232,2026-05,0.72,1135,0.2,26,287.54,4,0
TEL-11232,2026-06,0.76,727,1.4,17,296.73,3,0
TEL-11233,2026-01,38.81,251,8.6,10,674.74,1,0
TEL-11233,2026-02,49.99,250,29.7,8,748.82,2,0
TEL-11233,2026-03,44.2,322,4.5,7,756.84,1,0
TEL-11233,2026-04,46.78,203,7.9,4,856.4,2,0
TEL-11233,2026-05,29.62,285,11.0,14,735.13,1,0
TEL-11233,2026-06,27.43,209,3.9,4,809.98,2,0
TEL-11234,2026-01,24.76,273,1.1,0,640.1,3,0
TEL-11234,2026-02,29.7,232,0.3,1,550.52,3,0
TEL-11234,2026-03,35.45,238,1.1,1,469.54,4,0
TEL-11234,2026-04,32.1,309,0.1,6,465.4,3,0
TEL-11234,2026-05,21.08,164,1.8,4,590.47,2,0
TEL-11234,2026-06,28.63,219,2.5,5,518.0,1,0
TEL-11235,2026-01,49.07,91,1.0,2,484.43,1,0
TEL-11235,2026-02,31.23,101,0.8,3,450.3,2,0
TEL-11235,2026-03,45.82,156,0.3,4,475.76,1,0
TEL-11235,2026-04,46.69,87,1.0,4,461.48,2,0
TEL-11235,2026-05,25.56,210,0.5,5,512.96,3,0
TEL-11235,2026-06,32.58,87,0.5,4,535.15,2,0
TEL-11236,2026-01,1.72,642,1.0,47,239.17,4,0
TEL-11236,2026-02,1.96,293,0.1,43,173.49,1,0
TEL-11236,2026-03,1.55,577,0.4,35,149.88,4,0
TEL-11236,2026-04,2.05,651,0.6,39,207.67,4,0
TEL-11236,2026-05,1.79,671,0.7,40,230.68,2,0
TEL-11236,2026-06,2.13,527,1.3,38,236.6,3,0
TEL-11237,2026-01,21.55,234,0.7,14,302.47,3,0
TEL-11237,2026-02,25.71,160,0.4,13,306.12,4,0
TEL-11237,2026-03,16.97,165,1.1,7,399.5,4,0
TEL-11237,2026-04,16.74,205,0.6,10,326.66,2,0
TEL-11237,2026-05,20.74,259,0.2,8,340.42,4,0
TEL-11237,2026-06,20.29,163,1.2,8,306.92,4,0
TEL-11238,2026-01,2.13,466,0.2,37,254.69,2,0
TEL-11238,2026-02,1.77,539,0.4,43,286.96,3,0
TEL-11238,2026-03,1.63,646,0.5,43,268.42,3,0
TEL-11238,2026-04,2.16,870,0.2,43,229.94,4,0
TEL-11238,2026-05,2.27,693,0.7,31,256.32,4,0
TEL-11238,2026-06,1.71,568,0.5,44,226.14,1,0
TEL-11239,2026-01,5.52,182,0.7,9,254.25,3,0
TEL-11239,2026-02,3.58,268,1.7,3,225.19,1,0
TEL-11239,2026-03,4.68,335,0.7,12,223.95,3,0
TEL-11239,2026-04,4.27,192,3.1,8,253.2,2,0
TEL-11239,2026-05,2.46,270,1.0,10,231.88,2,0
TEL-11239,2026-06,3.69,207,0.1,8,250.31,2,0
TEL-11240,2026-01,3.4,271,17.3,17,490.08,4,0
TEL-11240,2026-02,3.17,251,11.3,14,563.6,4,0
TEL-11240,2026-03,2.97,73,9.4,8,477.49,1,0
TEL-11240,2026-04,4.36,168,11.1,9,532.3,4,0
TEL-11240,2026-05,3.45,283,1.5,13,464.03,1,0
TEL-11240,2026-06,4.21,227,24.7,10,617.15,1,0
TEL-11241,2026-01,8.06,150,2.3,22,239.14,1,0
TEL-11241,2026-02,14.22,244,3.0,12,232.07,3,0
TEL-11241,2026-03,8.26,330,1.8,14,273.6,2,0
TEL-11241,2026-04,9.08,353,0.0,18,263.6,4,0
TEL-11241,2026-05,11.5,235,0.3,20,223.33,2,0
TEL-11241,2026-06,12.08,172,1.0,20,261.77,2,0
TEL-11242,2026-01,5.04,670,0.2,36,212.65,1,0
TEL-11242,2026-02,3.23,628,0.2,34,205.33,4,0
TEL-11242,2026-03,4.16,260,0.2,33,205.51,2,0
TEL-11242,2026-04,2.14,683,0.5,24,193.69,1,0
TEL-11242,2026-05,2.63,426,0.9,40,180.63,1,0
TEL-11242,2026-06,2.92,657,1.5,32,242.99,3,0
TEL-11243,2026-01,3.55,73,0.9,8,177.96,1,0
TEL-11243,2026-02,4.99,65,0.9,14,157.28,2,0
TEL-11243,2026-03,4.03,74,0.4,4,156.99,2,0
TEL-11243,2026-04,4.93,57,0.3,10,142.77,4,0
TEL-11243,2026-05,5.97,66,1.0,7,147.43,3,0
TEL-11243,2026-06,4.08,50,2.7,7,149.63,2,0
TEL-11244,2026-01,8.08,107,0.0,8,91.35,1,0
TEL-11244,2026-02,4.52,143,0.4,8,103.45,1,0
TEL-11244,2026-03,5.18,104,0.8,7,118.62,2,0
TEL-11244,2026-04,4.77,91,0.3,11,79.45,4,0
TEL-11244,2026-05,6.27,96,0.1,11,95.22,2,0
TEL-11244,2026-06,3.86,127,0.2,8,91.57,4,0
TEL-11245,2026-01,26.38,232,0.1,4,302.48,4,0
TEL-11245,2026-02,5.97,192,0.1,4,320.7,3,0
TEL-11245,2026-03,25.23,202,1.5,8,302.28,4,0
TEL-11245,2026-04,16.51,212,0.4,14,0.0,2,0
TEL-11245,2026-05,17.06,266,1.6,6,373.12,2,0
TEL-11245,2026-06,23.26,230,0.1,10,280.75,1,0
TEL-11246,2026-01,8.92,157,1.2,21,278.17,1,0
TEL-11246,2026-02,11.78,378,1.8,24,316.37,3,0
TEL-11246,2026-03,14.94,472,1.1,23,291.95,3,0
TEL-11246,2026-04,8.41,336,1.3,19,339.2,2,0
TEL-11246,2026-05,11.1,471,0.1,21,305.92,2,0
TEL-11246,2026-06,12.69,598,1.9,11,251.79,3,0
TEL-11247,2026-01,16.72,217,5.8,34,394.27,1,0
TEL-11247,2026-02,21.32,244,0.9,22,348.23,2,0
TEL-11247,2026-03,11.44,333,0.0,22,413.22,3,0
TEL-11247,2026-04,33.2,310,0.6,33,411.02,2,0
TEL-11247,2026-05,26.02,312,0.1,27,502.17,3,0
TEL-11247,2026-06,25.45,277,0.2,26,479.19,1,0
TEL-11248,2026-01,13.98,299,1.1,13,400.64,2,0
TEL-11248,2026-02,11.68,157,0.5,13,322.69,2,0
TEL-11248,2026-03,16.31,192,0.4,16,331.94,3,0
TEL-11248,2026-04,15.54,245,0.5,9,345.13,4,0
TEL-11248,2026-05,14.71,422,0.7,14,324.08,1,0
TEL-11248,2026-06,22.12,445,0.0,11,372.45,1,0
TEL-11249,2026-01,2.52,558,0.4,41,312.98,1,0
TEL-11249,2026-02,3.65,532,0.8,34,301.43,3,0
TEL-11249,2026-03,2.6,756,0.4,28,303.44,2,0
TEL-11249,2026-04,2.93,619,1.8,30,355.99,1,0
TEL-11249,2026-05,2.33,603,1.9,35,311.18,4,0
TEL-11249,2026-06,2.06,683,0.7,41,336.7,3,0
TEL-11250,2026-01,13.83,286,0.4,16,298.77,3,0
TEL-11250,2026-02,17.54,288,0.8,16,241.87,4,0
TEL-11250,2026-03,18.45,275,0.4,17,262.59,2,0
TEL-11250,2026-04,12.77,230,1.2,17,239.89,3,0
TEL-11250,2026-05,14.48,335,2.4,7,293.43,4,0
TEL-11250,2026-06,16.51,275,0.3,13,296.75,2,0
TEL-11251,2026-01,4.65,92,0.3,10,131.08,1,0
TEL-11251,2026-02,4.25,103,0.0,8,150.86,3,0
TEL-11251,2026-03,3.6,120,0.3,6,161.11,4,0
TEL-11251,2026-04,4.53,2,0.1,6,133.43,3,0
TEL-11251,2026-05,3.46,99,0.3,10,135.97,4,0
TEL-11251,2026-06,3.26,66,0.2,7,137.12,4,0
TEL-11252,2026-01,1.57,653,0.4,25,189.91,2,0
TEL-11252,2026-02,1.62,569,0.4,28,136.43,2,0
TEL-11252,2026-03,2.31,805,3.0,31,163.19,3,0
TEL-11252,2026-04,1.97,593,0.0,25,174.2,4,0
TEL-11252,2026-05,2.13,511,0.5,27,192.04,4,0
TEL-11252,2026-06,1.8,670,0.7,18,145.88,1,0
TEL-11253,2026-01,25.13,287,0.0,10,442.43,3,0
TEL-11253,2026-02,16.96,126,0.4,7,412.51,1,0
TEL-11253,2026-03,25.1,211,0.1,2,437.81,1,0
TEL-11253,2026-04,18.22,455,0.3,9,457.58,3,0
TEL-11253,2026-05,18.28,363,1.6,6,405.2,3,0
TEL-11253,2026-06,11.57,282,1.3,8,325.32,4,0
TEL-11254,2026-01,2.17,382,0.1,47,260.83,3,0
TEL-11254,2026-02,1.68,625,1.2,50,286.2,4,0
TEL-11254,2026-03,2.4,676,0.7,45,296.73,3,0
TEL-11254,2026-04,2.19,373,0.9,35,281.98,2,0
TEL-11254,2026-05,2.92,724,1.5,41,271.03,2,0
TEL-11254,2026-06,2.43,490,0.6,36,274.31,2,0
TEL-11255,2026-01,2.64,465,0.2,32,197.55,2,0
TEL-11255,2026-02,1.95,671,0.2,30,199.26,1,0
TEL-11255,2026-03,3.08,580,0.4,33,177.6,1,0
TEL-11255,2026-04,2.11,644,1.6,38,210.02,3,0
TEL-11255,2026-05,1.51,764,0.6,28,227.45,4,0
TEL-11255,2026-06,2.19,470,0.4,26,177.85,1,0
TEL-11256,2026-01,11.9,223,0.0,8,317.23,4,0
TEL-11256,2026-02,9.45,213,0.6,7,303.07,3,0
TEL-11256,2026-03,12.37,133,0.9,11,302.49,1,0
TEL-11256,2026-04,11.21,231,0.6,12,300.63,1,0
TEL-11256,2026-05,11.94,257,0.1,15,339.51,2,0
TEL-11256,2026-06,9.96,112,2.1,9,219.01,4,0
TEL-11257,2026-01,11.02,404,2.0,8,286.79,1,0
TEL-11257,2026-02,6.04,285,0.6,10,261.85,1,0
TEL-11257,2026-03,11.32,285,0.1,13,269.96,3,0
TEL-11257,2026-04,7.13,341,1.7,14,251.8,2,0
TEL-11257,2026-05,6.45,235,0.7,17,275.11,2,0
TEL-11257,2026-06,10.02,308,0.1,13,250.96,1,0
TEL-11258,2026-01,2.37,232,0.1,44,164.95,4,0
TEL-11258,2026-02,2.32,325,0.4,24,204.35,2,0
TEL-11258,2026-03,2.21,399,0.6,25,153.81,3,0
TEL-11258,2026-04,1.61,367,0.5,26,220.4,4,0
TEL-11258,2026-05,2.15,415,2.0,39,205.97,1,0
TEL-11258,2026-06,1.95,334,0.7,33,176.58,2,0
TEL-11259,2026-01,5.47,137,0.7,8,99.68,4,0
TEL-11259,2026-02,7.16,140,0.6,3,113.15,2,0
TEL-11259,2026-03,3.15,118,1.1,7,121.03,2,0
TEL-11259,2026-04,4.23,133,1.0,12,127.97,2,0
TEL-11259,2026-05,2.86,145,0.9,9,153.08,2,0
TEL-11259,2026-06,4.82,118,0.2,9,126.69,4,0
TEL-11260,2026-01,2.48,692,1.0,33,214.55,3,0
TEL-11260,2026-02,2.67,771,0.9,40,235.83,3,0
TEL-11260,2026-03,3.95,664,0.8,42,214.01,1,0
TEL-11260,2026-04,2.15,478,1.1,35,234.23,4,0
TEL-11260,2026-05,3.46,1060,0.2,32,202.71,3,0
TEL-11260,2026-06,4.52,273,0.6,33,202.3,4,0
TEL-11261,2026-01,25.07,231,0.0,3,573.31,3,0
TEL-11261,2026-02,33.76,145,0.6,6,507.24,1,0
TEL-11261,2026-03,28.65,139,0.7,6,628.71,4,0
TEL-11261,2026-04,19.0,145,0.2,4,592.85,3,0
TEL-11261,2026-05,34.15,87,0.1,6,610.84,3,0
TEL-11261,2026-06,31.09,201,0.6,4,588.24,4,0
TEL-11262,2026-01,4.03,258,3.3,9,62.85,4,0
TEL-11262,2026-02,3.33,197,1.1,7,70.43,1,0
TEL-11262,2026-03,1.88,208,0.5,9,69.51,4,0
TEL-11262,2026-04,3.68,221,1.1,9,78.31,3,0
TEL-11262,2026-05,3.34,194,2.8,10,72.7,2,0
TEL-11262,2026-06,2.9,179,0.1,12,74.45,2,0
TEL-11263,2026-01,3.5,117,0.2,11,112.11,2,0
TEL-11263,2026-02,4.04,112,0.2,6,143.09,2,0
TEL-11263,2026-03,2.58,175,1.1,4,140.3,3,0
TEL-11263,2026-04,4.03,135,0.1,6,135.13,3,0
TEL-11263,2026-05,2.03,162,0.2,7,140.24,3,0
TEL-11263,2026-06,3.04,118,0.7,6,117.04,2,0
TEL-11264,2026-01,4.6,194,0.5,7,222.68,2,0
TEL-11264,2026-02,4.35,121,0.4,6,189.78,3,0
TEL-11264,2026-03,6.13,175,0.3,5,206.15,4,0
TEL-11264,2026-04,5.76,193,1.3,6,243.62,2,0
TEL-11264,2026-05,4.51,226,0.6,10,193.74,4,0
TEL-11264,2026-06,3.4,160,0.2,2,164.16,3,0
TEL-11265,2026-01,3.73,145,0.8,7,337.18,3,0
TEL-11265,2026-02,3.22,134,0.5,8,311.53,3,0
TEL-11265,2026-03,3.5,128,2.7,12,344.22,2,0
TEL-11265,2026-04,5.3,88,1.3,6,258.22,4,0
TEL-11265,2026-05,4.78,154,1.7,10,311.55,4,0
TEL-11265,2026-06,4.11,118,0.0,5,363.59,2,0
TEL-11266,2026-01,5.07,75,0.4,13,215.57,3,0
TEL-11266,2026-02,5.65,98,0.2,11,216.03,1,0
TEL-11266,2026-03,6.83,103,0.2,11,226.82,1,0
TEL-11266,2026-04,4.57,56,0.6,6,202.2,3,0
TEL-11266,2026-05,4.51,111,0.3,4,192.33,4,0
TEL-11266,2026-06,3.21,117,0.0,12,186.24,2,0
TEL-11267,2026-01,3.45,172,1.0,16,132.14,2,0
TEL-11267,2026-02,2.68,148,0.6,16,152.06,1,0
TEL-11267,2026-03,2.61,147,0.8,16,149.24,4,0
TEL-11267,2026-04,5.05,166,0.3,17,129.83,3,0
TEL-11267,2026-05,3.92,147,0.2,20,167.7,4,0
TEL-11267,2026-06,4.03,171,0.1,16,146.43,1,0
TEL-11268,2026-01,27.17,251,0.9,3,512.0,2,0
TEL-11268,2026-02,31.34,205,0.0,3,499.64,4,0
TEL-11268,2026-03,26.15,178,0.9,1,563.32,1,0
TEL-11268,2026-04,24.49,150,0.9,2,562.13,3,0
TEL-11268,2026-05,20.59,197,0.9,5,608.36,1,0
TEL-11268,2026-06,21.41,147,1.0,2,579.77,1,0
TEL-11269,2026-01,2.7,541,15.3,33,532.71,3,0
TEL-11269,2026-02,2.89,545,20.3,32,530.97,1,0
TEL-11269,2026-03,3.07,708,6.6,32,503.37,2,0
TEL-11269,2026-04,3.69,747,3.1,34,555.05,1,0
TEL-11269,2026-05,3.82,697,14.9,40,473.07,4,0
TEL-11269,2026-06,3.93,679,10.1,32,536.0,1,0
TEL-11270,2026-01,5.31,193,0.5,4,246.1,3,0
TEL-11270,2026-02,7.68,148,0.4,5,306.49,3,0
TEL-11270,2026-03,6.03,168,1.0,14,228.25,1,0
TEL-11270,2026-04,5.72,212,0.8,14,245.09,1,0
TEL-11270,2026-05,7.46,123,2.5,12,254.89,4,0
TEL-11270,2026-06,8.2,131,0.4,15,234.63,2,0
TEL-11271,2026-01,33.45,305,0.5,13,347.48,1,0
TEL-11271,2026-02,30.81,208,0.8,13,382.93,1,0
TEL-11271,2026-03,31.18,264,2.8,12,362.45,2,0
TEL-11271,2026-04,20.28,170,1.8,11,310.13,2,0
TEL-11271,2026-05,27.66,176,0.7,22,280.71,4,0
TEL-11271,2026-06,28.2,267,0.1,7,352.9,4,0
TEL-11272,2026-01,7.58,282,0.7,7,171.79,2,0
TEL-11272,2026-02,9.09,162,1.6,13,140.93,4,0
TEL-11272,2026-03,9.83,254,0.6,19,173.33,3,0
TEL-11272,2026-04,6.42,314,1.4,14,165.46,1,0
TEL-11272,2026-05,6.18,370,0.2,13,188.74,2,0
TEL-11272,2026-06,5.79,238,1.2,10,147.89,3,0
TEL-11273,2026-01,2.21,701,1.8,33,157.63,2,0
TEL-11273,2026-02,1.79,401,0.1,24,156.43,4,0
TEL-11273,2026-03,2.64,375,0.5,28,171.49,2,0
TEL-11273,2026-04,3.69,647,0.3,23,163.33,1,0
TEL-11273,2026-05,2.97,604,0.2,38,168.31,2,0
TEL-11273,2026-06,3.13,507,1.4,31,117.79,3,0
TEL-11274,2026-01,3.37,840,1.2,31,308.12,2,0
TEL-11274,2026-02,3.13,622,0.5,27,336.84,1,0
TEL-11274,2026-03,2.61,511,0.4,33,340.38,4,0
TEL-11274,2026-04,3.63,823,0.1,23,331.53,3,0
TEL-11274,2026-05,2.62,904,1.3,35,335.49,2,0
TEL-11274,2026-06,2.53,539,0.1,30,391.55,2,0
TEL-11275,2026-01,1.65,336,0.1,42,213.46,2,0
TEL-11275,2026-02,2.38,469,1.2,47,201.54,4,0
TEL-11275,2026-03,2.25,776,0.4,57,198.32,3,0
TEL-11275,2026-04,2.52,347,1.4,52,206.84,4,0
TEL-11275,2026-05,2.77,423,0.6,62,207.96,1,0
TEL-11275,2026-06,2.3,835,0.1,49,223.81,4,0
TEL-11276,2026-01,10.87,101,0.5,9,267.94,4,0
TEL-11276,2026-02,9.21,201,2.2,11,258.38,3,0
TEL-11276,2026-03,6.85,134,0.5,4,270.03,3,0
TEL-11276,2026-04,12.67,178,0.8,11,188.7,4,0
TEL-11276,2026-05,8.31,312,0.7,6,259.74,2,0
TEL-11276,2026-06,13.63,294,0.9,6,280.19,2,0
TEL-11277,2026-01,0.07,377,0.3,40,312.1,4,0
TEL-11277,2026-02,0.08,482,0.7,30,263.66,4,0
TEL-11277,2026-03,0.09,652,0.5,44,326.67,2,0
TEL-11277,2026-04,0.08,584,0.4,42,288.37,3,0
TEL-11277,2026-05,0.11,285,0.8,38,265.46,2,0
TEL-11277,2026-06,0.1,597,0.8,50,249.98,4,0
TEL-11278,2026-01,2.71,133,0.3,6,360.03,3,0
TEL-11278,2026-02,5.05,215,0.8,5,444.91,1,0
TEL-11278,2026-03,3.27,140,0.4,6,357.21,4,0
TEL-11278,2026-04,3.81,179,0.3,5,418.52,2,0
TEL-11278,2026-05,2.18,173,1.6,10,390.82,2,0
TEL-11278,2026-06,2.52,145,2.4,3,401.06,3,0
TEL-11279,2026-01,1.46,677,15.6,31,444.42,2,0
TEL-11279,2026-02,3.62,1090,34.5,41,472.57,4,0
TEL-11279,2026-03,2.58,983,1.6,27,464.63,1,0
TEL-11279,2026-04,2.76,942,44.4,41,479.15,2,0
TEL-11279,2026-05,2.67,982,39.3,28,412.41,1,0
TEL-11279,2026-06,2.37,848,30.6,40,466.71,3,0
TEL-11280,2026-01,42.53,221,0.2,4,444.08,4,0
TEL-11280,2026-02,44.6,235,0.2,1,406.3,1,0
TEL-11280,2026-03,44.99,225,1.3,1,416.72,4,0
TEL-11280,2026-04,34.71,189,0.8,1,427.84,2,0
TEL-11280,2026-05,33.73,136,0.2,2,366.21,2,0
TEL-11280,2026-06,36.83,195,0.1,2,420.54,1,0
TEL-11281,2026-01,34.52,300,0.2,3,265.11,2,0
TEL-11281,2026-02,45.3,426,0.3,4,367.98,4,0
TEL-11281,2026-03,32.74,286,0.8,4,407.71,1,0
TEL-11281,2026-04,38.32,132,0.3,0,317.8,1,0
TEL-11281,2026-05,32.28,229,1.2,2,387.38,4,0
TEL-11281,2026-06,24.22,339,0.2,4,399.26,3,0
TEL-11282,2026-01,47.31,251,0.0,14,601.64,1,0
TEL-11282,2026-02,37.22,225,0.2,19,628.39,2,0
TEL-11282,2026-03,54.19,274,0.9,16,558.08,2,0
TEL-11282,2026-04,47.47,320,1.4,14,625.29,2,0
TEL-11282,2026-05,42.12,154,0.4,18,421.81,3,0
TEL-11282,2026-06,38.14,307,0.2,14,593.7,2,0
TEL-11283,2026-01,1.86,64,0.3,6,348.18,1,0
TEL-11283,2026-02,2.23,203,1.0,10,391.53,2,0
TEL-11283,2026-03,2.67,85,0.5,7,408.4,4,0
TEL-11283,2026-04,2.07,155,0.4,4,327.07,4,0
TEL-11283,2026-05,2.11,124,0.4,7,386.44,2,0
TEL-11283,2026-06,2.67,178,0.5,7,336.01,4,0
TEL-11284,2026-01,47.12,201,0.0,7,623.05,2,0
TEL-11284,2026-02,43.85,242,0.2,5,563.64,4,0
TEL-11284,2026-03,38.16,224,1.0,2,550.98,4,0
TEL-11284,2026-04,44.88,231,0.1,4,585.92,2,0
TEL-11284,2026-05,30.2,171,0.2,5,518.94,2,0
TEL-11284,2026-06,50.82,133,1.0,6,553.73,4,0
TEL-11285,2026-01,4.88,84,0.3,14,283.88,3,0
TEL-11285,2026-02,3.38,72,0.9,10,308.33,2,0
TEL-11285,2026-03,6.42,70,0.1,12,292.51,4,0
TEL-11285,2026-04,4.74,43,0.5,14,253.59,2,0
TEL-11285,2026-05,5.17,44,1.0,18,279.47,1,0
TEL-11285,2026-06,4.26,54,0.1,14,271.95,2,0
TEL-11286,2026-01,1.76,230,0.9,31,152.14,4,0
TEL-11286,2026-02,1.87,405,0.4,33,180.75,3,0
TEL-11286,2026-03,1.8,518,0.7,43,186.67,3,0
TEL-11286,2026-04,1.93,480,0.3,25,158.77,2,0
TEL-11286,2026-05,1.03,271,0.1,31,162.24,4,0
TEL-11286,2026-06,1.66,278,0.5,19,131.06,4,0
TEL-11287,2026-01,8.92,336,0.8,16,260.14,2,0
TEL-11287,2026-02,4.45,142,0.6,16,228.3,1,0
TEL-11287,2026-03,7.86,316,0.1,19,271.41,4,0
TEL-11287,2026-04,8.69,306,0.5,22,201.88,1,0
TEL-11287,2026-05,6.57,215,0.3,9,229.77,2,0
TEL-11287,2026-06,6.73,335,0.9,27,217.79,3,0
TEL-11288,2026-01,1.36,318,1.0,30,187.67,4,0
TEL-11288,2026-02,1.56,337,2.2,37,166.65,1,0
TEL-11288,2026-03,1.4,322,0.4,36,187.82,3,0
TEL-11288,2026-04,1.11,409,0.6,34,168.95,3,0
TEL-11288,2026-05,1.92,303,1.7,37,195.45,2,0
TEL-11288,2026-06,1.47,462,1.0,34,208.8,1,0
TEL-11289,2026-01,4.52,141,0.6,12,98.71,2,0
TEL-11289,2026-02,3.87,196,2.0,16,98.99,2,0
TEL-11289,2026-03,3.51,136,1.8,15,93.18,3,0
TEL-11289,2026-04,4.09,120,1.7,9,100.14,4,0
TEL-11289,2026-05,3.57,136,0.2,14,88.51,1,0
TEL-11289,2026-06,3.71,145,1.3,11,90.34,2,0
TEL-11290,2026-01,1.86,440,0.5,28,166.93,1,0
TEL-11290,2026-02,0.98,542,0.4,20,201.76,4,0
TEL-11290,2026-03,1.23,601,0.8,25,193.84,4,0
TEL-11290,2026-04,1.33,603,0.6,35,204.58,2,0
TEL-11290,2026-05,2.06,522,1.6,31,212.99,1,0
TEL-11290,2026-06,1.53,519,0.8,26,176.49,4,0
TEL-11291,2026-01,33.69,309,0.4,15,507.72,2,0
TEL-11291,2026-02,26.21,477,0.0,17,496.4,2,0
TEL-11291,2026-03,40.27,417,0.2,17,462.26,3,0
TEL-11291,2026-04,32.34,207,2.3,14,472.57,3,0
TEL-11291,2026-05,34.98,267,1.3,15,424.25,4,0
TEL-11291,2026-06,27.56,425,0.8,14,534.81,4,0
TEL-11292,2026-01,33.29,174,47.6,4,572.31,3,0
TEL-11292,2026-02,30.52,203,30.6,12,617.24,1,0
TEL-11292,2026-03,21.75,207,18.8,15,576.82,1,0
TEL-11292,2026-04,84.97,233,16.5,5,0.0,0,2
TEL-11292,2026-05,70.55,268,6.4,11,0.0,0,1
TEL-11292,2026-06,84.65,157,3.1,10,0.0,0,2
TEL-11293,2026-01,4.83,134,0.2,9,334.57,4,0
TEL-11293,2026-02,3.3,88,0.3,9,351.63,3,0
TEL-11293,2026-03,5.85,101,0.8,11,334.51,1,0
TEL-11293,2026-04,4.0,114,0.9,10,268.97,3,0
TEL-11293,2026-05,3.24,95,1.5,10,358.51,2,0
TEL-11293,2026-06,2.17,104,0.9,13,306.0,1,0
TEL-11294,2026-01,2.63,108,1.1,8,101.82,2,0
TEL-11294,2026-02,3.58,74,0.7,9,104.31,2,0
TEL-11294,2026-03,3.91,55,1.4,9,107.01,3,0
TEL-11294,2026-04,4.32,100,0.1,8,78.88,4,0
TEL-11294,2026-05,3.58,134,0.4,12,101.66,2,0
TEL-11294,2026-06,1.66,108,0.3,6,98.76,4,0
TEL-11295,2026-01,20.76,220,21.5,17,577.53,2,0
TEL-11295,2026-02,17.53,315,2.0,13,517.82,3,0
TEL-11295,2026-03,18.26,186,23.5,16,437.79,2,0
TEL-11295,2026-04,10.0,315,4.5,19,551.37,1,0
TEL-11295,2026-05,19.18,310,29.2,9,383.77,1,0
TEL-11295,2026-06,11.33,304,21.9,13,401.55,4,0
TEL-11296,2026-01,16.17,264,0.3,22,395.39,1,0
TEL-11296,2026-02,13.78,233,0.2,16,310.36,3,0
TEL-11296,2026-03,15.21,363,0.8,15,282.81,1,0
TEL-11296,2026-04,16.21,307,0.7,20,383.54,4,0
TEL-11296,2026-05,17.32,336,0.3,24,403.01,2,0
TEL-11296,2026-06,14.3,326,0.9,19,334.7,4,0
TEL-11297,2026-01,10.62,258,0.7,21,437.83,1,0
TEL-11297,2026-02,12.44,279,0.9,17,430.76,1,0
TEL-11297,2026-03,20.1,573,0.7,27,433.49,4,0
TEL-11297,2026-04,15.76,281,1.8,22,469.57,3,0
TEL-11297,2026-05,17.46,410,1.2,17,421.11,3,0
TEL-11297,2026-06,14.16,328,0.7,17,367.15,2,0
TEL-11298,2026-01,15.82,477,25.8,16,631.28,4,0
TEL-11298,2026-02,5.27,255,4.7,8,553.68,4,0
TEL-11298,2026-03,10.95,375,0.4,7,529.27,1,0
TEL-11298,2026-04,19.03,353,0.6,11,484.37,4,0
TEL-11298,2026-05,17.54,352,0.3,6,641.97,3,0
TEL-11298,2026-06,15.97,315,0.9,10,474.43,4,0
TEL-11299,2026-01,47.0,103,0.7,5,482.14,3,0
TEL-11299,2026-02,31.92,290,0.5,0,620.31,4,0
TEL-11299,2026-03,53.43,223,0.1,2,497.66,4,0
TEL-11299,2026-04,27.01,90,0.0,6,526.38,4,0
TEL-11299,2026-05,36.78,204,0.2,6,559.63,4,0
TEL-11299,2026-06,45.27,245,0.2,5,465.33,2,0
TEL-11300,2026-01,15.19,403,2.5,11,641.68,3,0
TEL-11300,2026-02,13.67,563,10.1,15,664.64,4,0
TEL-11300,2026-03,15.27,526,29.2,16,493.64,4,0
TEL-11300,2026-04,9.54,421,2.5,22,674.03,3,0
TEL-11300,2026-05,15.81,348,0.3,21,601.61,1,0
TEL-11300,2026-06,13.35,511,7.4,27,782.65,3,0
TEL-11301,2026-01,3.02,154,0.2,8,125.37,4,0
TEL-11301,2026-02,3.64,140,1.1,4,166.73,2,0
TEL-11301,2026-03,4.54,181,0.3,7,164.99,2,0
TEL-11301,2026-04,2.98,155,0.1,5,161.72,4,0
TEL-11301,2026-05,4.28,121,0.1,4,161.39,3,0
TEL-11301,2026-06,5.14,148,0.2,4,165.84,4,0
TEL-11302,2026-01,2.41,110,0.5,8,374.29,2,0
TEL-11302,2026-02,3.29,85,2.6,10,292.63,3,0
TEL-11302,2026-03,2.38,57,0.2,8,323.09,1,0
TEL-11302,2026-04,3.28,78,1.1,11,294.1,2,0
TEL-11302,2026-05,2.09,84,0.2,12,306.55,2,0
TEL-11302,2026-06,3.01,92,0.4,11,320.59,1,0
TEL-11303,2026-01,44.97,168,0.1,6,531.26,3,0
TEL-11303,2026-02,39.62,190,1.3,10,566.4,4,0
TEL-11303,2026-03,18.62,156,0.1,6,700.36,1,0
TEL-11303,2026-04,57.69,267,4.0,5,790.89,1,0
TEL-11303,2026-05,39.79,202,0.3,8,629.31,4,0
TEL-11303,2026-06,49.75,300,0.6,7,846.61,3,0
TEL-11304,2026-01,54.11,328,0.6,0,641.86,4,0
TEL-11304,2026-02,46.87,198,0.4,2,683.54,2,0
TEL-11304,2026-03,49.31,240,0.1,1,589.94,1,0
TEL-11304,2026-04,37.49,412,4.0,1,727.91,2,0
TEL-11304,2026-05,44.01,294,0.1,2,621.07,2,0
TEL-11304,2026-06,43.67,204,1.0,2,778.27,1,0
TEL-11305,2026-01,13.14,325,0.5,19,288.94,4,0
TEL-11305,2026-02,11.33,455,0.1,18,293.39,2,0
TEL-11305,2026-03,10.4,536,1.2,17,281.66,4,0
TEL-11305,2026-04,9.98,447,0.0,24,304.66,4,0
TEL-11305,2026-05,8.6,330,0.1,23,322.31,1,0
TEL-11305,2026-06,10.54,442,0.4,29,343.27,1,0
TEL-11306,2026-01,21.68,430,1.4,19,549.34,1,0
TEL-11306,2026-02,17.45,231,30.0,21,428.89,4,0
TEL-11306,2026-03,17.9,480,3.7,29,449.17,2,0
TEL-11306,2026-04,15.17,272,24.8,21,441.69,1,0
TEL-11306,2026-05,27.57,322,7.8,19,422.99,2,0
TEL-11306,2026-06,26.93,479,0.7,27,480.12,3,0
TEL-11307,2026-01,5.5,100,1.8,8,289.08,3,0
TEL-11307,2026-02,4.56,202,0.4,6,281.37,3,0
TEL-11307,2026-03,0.26,55,3064.3,6,291.5,1,0
TEL-11307,2026-04,0.19,70,2192.4,7,326.94,2,0
TEL-11307,2026-05,0.37,45,2474.5,14,309.59,3,0
TEL-11307,2026-06,0.19,60,2088.9,11,256.61,4,0
TEL-11308,2026-01,27.97,141,1.0,6,544.89,1,0
TEL-11308,2026-02,27.85,176,0.4,14,590.86,4,0
TEL-11308,2026-03,37.61,164,0.6,9,582.01,3,0
TEL-11308,2026-04,24.02,178,1.6,8,670.5,4,0
TEL-11308,2026-05,41.33,136,0.0,12,565.65,3,0
TEL-11308,2026-06,29.56,196,0.2,3,514.92,3,0
TEL-11309,2026-01,17.95,458,1.3,15,428.81,4,0
TEL-11309,2026-02,29.1,359,0.9,24,370.71,3,0
TEL-11309,2026-03,20.24,385,1.2,16,470.84,4,0
TEL-11309,2026-04,20.72,434,0.1,13,390.97,4,0
TEL-11309,2026-05,17.07,331,0.5,12,440.85,4,0
TEL-11309,2026-06,16.07,360,0.0,20,311.95,4,0
TEL-11310,2026-01,21.32,196,0.2,4,217.89,3,0
TEL-11310,2026-02,27.57,124,0.1,8,258.99,1,0
TEL-11310,2026-03,22.45,193,0.8,7,256.67,3,0
TEL-11310,2026-04,28.43,122,0.5,3,286.27,4,0
TEL-11310,2026-05,16.14,196,4.2,4,232.09,4,0
TEL-11310,2026-06,15.28,164,0.2,6,253.06,2,0
TEL-11311,2026-01,3.35,178,0.0,18,381.58,1,0
TEL-11311,2026-02,2.28,201,0.9,10,310.1,4,0
TEL-11311,2026-03,2.68,201,2.9,15,341.39,4,0
TEL-11311,2026-04,2.1,199,1.1,15,384.52,3,0
TEL-11311,2026-05,3.24,203,0.9,12,245.46,1,0
TEL-11311,2026-06,2.95,102,1.2,14,376.53,4,0
TEL-11312,2026-01,2.93,49,0.5,7,230.06,1,0
TEL-11312,2026-02,5.62,115,0.5,14,217.49,1,0
TEL-11312,2026-03,6.87,96,1.6,12,191.72,3,0
TEL-11312,2026-04,6.04,81,0.6,7,210.4,3,0
TEL-11312,2026-05,6.69,53,0.8,7,205.47,1,0
TEL-11312,2026-06,5.31,66,0.5,10,210.92,3,0
TEL-11313,2026-01,20.57,176,0.5,6,342.2,2,0
TEL-11313,2026-02,23.39,211,0.5,3,231.87,1,0
TEL-11313,2026-03,27.35,210,0.8,4,326.21,1,0
TEL-11313,2026-04,30.31,144,0.4,4,325.69,4,0
TEL-11313,2026-05,28.11,151,1.0,9,264.72,3,0
TEL-11313,2026-06,15.51,130,0.2,2,339.24,1,0
TEL-11314,2026-01,5.14,153,0.9,15,284.24,1,0
TEL-11314,2026-02,8.27,118,1.4,12,276.19,3,0
TEL-11314,2026-03,4.98,202,0.2,11,234.05,2,0
TEL-11314,2026-04,6.8,114,1.5,9,308.71,3,0
TEL-11314,2026-05,6.39,102,0.1,19,258.39,4,0
TEL-11314,2026-06,5.71,180,0.2,13,308.12,4,0
TEL-11315,2026-01,30.25,187,0.5,4,480.56,1,0
TEL-11315,2026-02,18.93,155,0.0,5,459.19,4,0
TEL-11315,2026-03,28.31,151,0.9,6,381.09,1,0
TEL-11315,2026-04,19.59,111,0.7,5,426.0,3,0
TEL-11315,2026-05,23.4,103,0.4,4,547.88,2,0
TEL-11315,2026-06,19.56,113,2.1,7,466.46,1,0
TEL-11316,2026-01,2.35,178,1.0,5,157.41,3,0
TEL-11316,2026-02,2.59,190,1.0,5,155.06,3,0
TEL-11316,2026-03,4.13,183,0.3,7,163.13,4,0
TEL-11316,2026-04,2.11,221,0.0,9,179.74,3,0
TEL-11316,2026-05,2.49,127,0.4,14,182.45,2,0
TEL-11316,2026-06,2.77,132,0.7,7,149.01,4,0
TEL-11317,2026-01,2.75,167,7.5,16,445.07,2,0
TEL-11317,2026-02,4.54,199,36.8,12,409.18,2,0
TEL-11317,2026-03,3.57,265,26.7,20,404.74,3,0
TEL-11317,2026-04,3.48,107,3.0,11,456.64,3,0
TEL-11317,2026-05,2.09,208,20.9,13,432.16,2,0
TEL-11317,2026-06,2.81,182,10.4,13,382.25,3,0
TEL-11318,2026-01,45.06,221,0.5,7,402.27,1,0
TEL-11318,2026-02,34.68,155,0.5,6,457.15,2,0
TEL-11318,2026-03,33.77,274,0.8,5,431.2,2,0
TEL-11318,2026-04,39.49,236,3.0,1,365.15,3,0
TEL-11318,2026-05,35.58,199,0.8,6,479.78,2,0
TEL-11318,2026-06,29.78,221,0.6,6,528.94,4,0
TEL-11319,2026-01,15.03,192,2.4,13,867.89,2,0
TEL-11319,2026-02,17.18,290,2.0,10,826.64,2,0
TEL-11319,2026-03,16.64,170,16.4,7,854.08,3,0
TEL-11319,2026-04,22.53,198,5.4,14,734.78,1,0
TEL-11319,2026-05,20.2,283,1.8,13,652.58,2,0
TEL-11319,2026-06,19.59,261,50.2,11,777.63,4,0
TEL-11320,2026-01,5.99,146,0.1,16,166.7,1,0
TEL-11320,2026-02,6.89,201,0.1,12,187.02,4,0
TEL-11320,2026-03,4.32,128,2.1,12,208.6,3,0
TEL-11320,2026-04,8.52,91,1.1,9,171.07,1,0
TEL-11320,2026-05,6.98,141,0.8,13,177.72,3,0
TEL-11320,2026-06,5.27,94,0.4,16,183.69,1,0
TEL-11321,2026-01,1.51,543,0.2,45,240.71,3,0
TEL-11321,2026-02,1.92,736,1.7,47,289.5,2,0
TEL-11321,2026-03,2.7,681,0.1,42,376.99,3,0
TEL-11321,2026-04,1.6,565,1.9,50,316.02,1,0
TEL-11321,2026-05,2.44,577,1.5,52,264.75,2,0
TEL-11321,2026-06,2.0,753,1.0,51,298.81,1,0
TEL-11322,2026-01,1.83,98,0.6,5,163.66,4,0
TEL-11322,2026-02,1.31,135,2.9,4,151.43,4,0
TEL-11322,2026-03,1.32,205,0.0,4,190.76,3,0
TEL-11322,2026-04,1.38,115,1.9,5,162.77,1,0
TEL-11322,2026-05,1.41,233,0.6,6,170.07,3,0
TEL-11322,2026-06,1.29,204,0.8,2,145.49,4,0
TEL-11323,2026-01,23.73,110,0.1,9,536.72,4,0
TEL-11323,2026-02,43.45,190,0.6,7,493.07,1,0
TEL-11323,2026-03,39.32,122,0.4,4,520.48,4,0
TEL-11323,2026-04,34.78,162,1.1,6,621.86,2,0
TEL-11323,2026-05,32.0,155,1.2,8,607.55,2,0
TEL-11323,2026-06,39.42,110,0.0,5,594.41,3,0
TEL-11324,2026-01,30.01,258,0.7,1,344.56,4,0
TEL-11324,2026-02,21.95,128,0.6,8,372.95,4,0
TEL-11324,2026-03,43.8,258,0.2,4,303.9,2,0
TEL-11324,2026-04,38.51,195,1.2,3,325.27,3,0
TEL-11324,2026-05,37.23,182,0.3,7,390.24,2,0
TEL-11324,2026-06,26.86,251,0.5,7,371.82,3,0
TEL-11325,2026-01,33.26,101,0.1,7,393.16,2,0
TEL-11325,2026-02,42.78,102,0.6,10,479.21,1,0
TEL-11325,2026-03,37.62,94,1.6,9,498.06,3,0
TEL-11325,2026-04,32.1,102,0.7,18,411.97,2,0
TEL-11325,2026-05,28.38,106,0.4,8,491.59,2,0
TEL-11325,2026-06,37.0,85,4.0,12,534.62,2,0
TEL-11326,2026-01,28.3,372,1.0,26,386.76,3,0
TEL-11326,2026-02,30.08,263,0.2,16,329.47,1,0
TEL-11326,2026-03,23.06,534,1.2,12,294.22,3,0
TEL-11326,2026-04,25.83,395,0.2,23,320.89,3,0
TEL-11326,2026-05,19.63,375,0.2,19,301.72,1,0
TEL-11326,2026-06,23.02,566,0.1,20,325.7,4,0
TEL-11327,2026-01,50.43,144,0.9,1,741.18,3,0
TEL-11327,2026-02,37.14,141,0.3,0,630.41,3,0
TEL-11327,2026-03,51.22,199,0.8,2,597.31,4,0
TEL-11327,2026-04,49.31,277,0.6,4,615.55,4,0
TEL-11327,2026-05,58.85,189,0.7,3,677.05,2,0
TEL-11327,2026-06,80.5,152,0.4,1,698.34,1,0
TEL-11328,2026-01,20.68,208,0.2,20,373.91,3,0
TEL-11328,2026-02,17.61,270,0.4,40,411.08,1,0
TEL-11328,2026-03,22.85,232,0.1,14,346.59,3,0
TEL-11328,2026-04,22.34,193,2.0,19,439.53,2,0
TEL-11328,2026-05,21.23,305,3.8,26,357.96,2,0
TEL-11328,2026-06,15.67,306,0.3,25,313.15,4,0
TEL-11329,2026-01,36.48,244,0.4,3,443.28,2,0
TEL-11329,2026-02,22.89,116,1.8,2,396.09,2,0
TEL-11329,2026-03,22.73,192,0.5,2,437.61,2,0
TEL-11329,2026-04,43.65,178,0.2,2,515.5,4,0
TEL-11329,2026-05,49.26,253,0.4,1,422.72,2,0
TEL-11329,2026-06,41.36,170,0.5,1,395.44,2,0
TEL-11330,2026-01,2.33,190,0.0,10,473.84,2,0
TEL-11330,2026-02,4.73,250,2.0,10,475.91,1,0
TEL-11330,2026-03,1.76,208,0.0,12,402.38,2,0
TEL-11330,2026-04,4.78,196,0.2,6,544.65,2,0
TEL-11330,2026-05,4.78,170,0.1,9,400.8,2,0
TEL-11330,2026-06,4.32,219,0.6,9,436.62,2,0
TEL-11331,2026-01,15.38,304,0.3,18,428.67,2,0
TEL-11331,2026-02,10.39,398,0.2,29,397.79,3,0
TEL-11331,2026-03,14.75,353,0.1,17,475.63,3,0
TEL-11331,2026-04,15.64,250,0.3,23,377.67,3,0
TEL-11331,2026-05,18.71,354,0.6,18,423.75,2,0
TEL-11331,2026-06,13.44,298,2.5,12,373.53,2,0
TEL-11332,2026-01,33.99,233,0.2,11,567.0,1,0
TEL-11332,2026-02,57.31,147,0.3,7,613.13,3,0
TEL-11332,2026-03,33.88,136,0.4,3,586.93,2,0
TEL-11332,2026-04,33.02,259,1.4,8,568.9,3,0
TEL-11332,2026-05,34.33,248,1.2,9,593.76,3,0
TEL-11332,2026-06,40.96,230,1.1,6,487.14,1,0
TEL-11333,2026-01,4.1,183,0.2,20,172.05,3,0
TEL-11333,2026-02,3.5,121,0.2,24,202.79,2,0
TEL-11333,2026-03,3.08,130,1.6,13,190.05,3,0
TEL-11333,2026-04,2.68,84,0.0,11,246.64,2,0
TEL-11333,2026-05,3.49,92,3.2,20,202.51,4,0
TEL-11333,2026-06,3.4,170,0.3,10,182.04,3,0
TEL-11334,2026-01,3.45,171,0.2,11,226.84,1,0
TEL-11334,2026-02,5.1,126,1.3,12,262.88,4,0
TEL-11334,2026-03,6.01,147,0.0,10,256.53,2,0
TEL-11334,2026-04,5.2,131,0.4,8,258.16,1,0
TEL-11334,2026-05,5.31,129,0.1,6,252.72,1,0
TEL-11334,2026-06,6.42,153,0.6,10,276.63,2,0
TEL-11335,2026-01,6.43,190,0.1,3,146.84,1,0
TEL-11335,2026-02,6.25,159,1.4,5,147.25,1,0
TEL-11335,2026-03,7.66,188,0.5,7,132.11,3,0
TEL-11335,2026-04,6.37,198,0.1,6,136.36,1,0
TEL-11335,2026-05,5.51,133,1.9,5,157.42,2,0
TEL-11335,2026-06,5.52,153,0.2,8,141.09,2,0
TEL-11336,2026-01,1.38,566,0.5,29,303.09,3,0
TEL-11336,2026-02,2.48,483,0.2,37,307.39,3,0
TEL-11336,2026-03,1.9,436,0.8,28,397.93,4,0
TEL-11336,2026-04,1.79,450,2.0,39,318.52,4,0
TEL-11336,2026-05,1.54,710,0.8,15,313.97,2,0
TEL-11336,2026-06,2.21,212,2.4,39,356.4,1,0
TEL-11337,2026-01,3.95,213,0.7,2,157.45,1,0
TEL-11337,2026-02,4.54,202,2.4,3,163.21,3,0
TEL-11337,2026-03,3.94,249,0.6,3,159.44,1,0
TEL-11337,2026-04,5.91,151,0.7,8,170.25,2,0
TEL-11337,2026-05,4.29,195,0.4,0,151.87,2,0
TEL-11337,2026-06,3.96,140,0.6,4,171.41,3,0
TEL-11338,2026-01,3.23,482,0.5,39,327.98,4,0
TEL-11338,2026-02,3.32,393,1.0,34,319.04,1,0
TEL-11338,2026-03,4.24,285,0.1,35,297.95,2,0
TEL-11338,2026-04,4.96,254,5.7,33,250.34,1,0
TEL-11338,2026-05,3.05,430,0.5,32,246.81,4,0
TEL-11338,2026-06,2.7,570,0.4,42,294.61,3,0
TEL-11339,2026-01,1.68,612,0.4,43,325.28,1,0
TEL-11339,2026-02,1.66,739,1.8,35,338.52,1,0
TEL-11339,2026-03,1.39,625,0.4,38,301.08,1,0
TEL-11339,2026-04,1.51,769,0.3,42,323.15,2,0
TEL-11339,2026-05,0.53,598,0.1,35,331.19,3,0
TEL-11339,2026-06,1.16,356,0.6,33,302.9,4,0
TEL-11340,2026-01,16.65,268,0.2,8,263.95,2,0
TEL-11340,2026-02,16.18,436,0.1,14,335.31,1,0
TEL-11340,2026-03,19.22,371,2.5,15,351.83,3,0
TEL-11340,2026-04,16.91,311,0.2,21,301.38,2,0
TEL-11340,2026-05,20.27,485,0.1,15,310.86,1,0
TEL-11340,2026-06,16.52,7,0.0,17,337.16,4,0
TEL-11341,2026-01,1.54,746,1.7,42,221.94,1,0
TEL-11341,2026-02,2.17,871,2.4,42,236.89,1,0
TEL-11341,2026-03,1.73,760,0.7,42,216.13,3,0
TEL-11341,2026-04,1.71,993,0.1,37,210.14,4,0
TEL-11341,2026-05,2.09,912,1.0,38,229.73,2,0
TEL-11341,2026-06,1.39,780,0.3,35,196.68,1,0
TEL-11342,2026-01,2.68,149,1.5,11,159.97,2,0
TEL-11342,2026-02,2.52,94,1.9,6,148.14,1,0
TEL-11342,2026-03,2.63,115,0.5,13,147.63,1,0
TEL-11342,2026-04,1.93,180,0.3,6,135.8,2,0
TEL-11342,2026-05,1.67,105,0.0,19,169.28,2,0
TEL-11342,2026-06,3.01,123,0.6,10,181.35,2,0
TEL-11343,2026-01,14.39,513,0.2,28,278.71,2,0
TEL-11343,2026-02,13.66,396,0.3,22,277.27,1,0
TEL-11343,2026-03,19.37,372,1.0,22,285.13,4,0
TEL-11343,2026-04,16.75,177,0.1,18,299.34,1,0
TEL-11343,2026-05,16.32,321,0.0,30,247.85,2,0
TEL-11343,2026-06,11.95,310,0.6,18,279.71,2,0
TEL-11344,2026-01,4.13,144,0.5,12,300.53,3,0
TEL-11344,2026-02,2.56,136,1.0,9,227.27,3,0
TEL-11344,2026-03,2.63,225,0.5,12,259.16,1,0
TEL-11344,2026-04,3.81,192,0.3,8,235.97,2,0
TEL-11344,2026-05,3.7,166,0.5,11,232.78,3,0
TEL-11344,2026-06,3.35,187,0.3,5,209.79,3,0
TEL-11345,2026-01,23.09,221,1.0,1,656.06,3,0
TEL-11345,2026-02,23.37,218,0.3,5,630.72,1,0
TEL-11345,2026-03,22.4,191,0.5,6,647.56,2,0
TEL-11345,2026-04,28.4,128,1.0,2,599.59,4,0
TEL-11345,2026-05,35.7,231,0.3,3,539.75,4,0
TEL-11345,2026-06,21.17,242,0.1,3,618.98,1,0
TEL-11346,2026-01,1.48,418,0.3,32,289.61,2,0
TEL-11346,2026-02,2.36,405,1.5,27,275.45,4,0
TEL-11346,2026-03,2.22,328,0.5,25,279.89,1,0
TEL-11346,2026-04,3.03,305,1.0,31,265.64,2,0
TEL-11346,2026-05,2.04,333,0.7,28,229.27,1,0
TEL-11346,2026-06,2.17,542,1.6,34,276.98,3,0
TEL-11347,2026-01,2.67,88,2.6,4,228.34,2,0
TEL-11347,2026-02,1.29,121,0.6,6,182.27,1,0
TEL-11347,2026-03,3.21,108,0.2,6,194.43,4,0
TEL-11347,2026-04,2.42,93,1.2,4,172.12,4,0
TEL-11347,2026-05,3.38,52,0.4,3,174.9,3,0
TEL-11347,2026-06,2.1,113,0.1,3,178.49,2,0
TEL-11348,2026-01,4.0,154,0.5,6,209.39,1,0
TEL-11348,2026-02,3.52,179,0.3,4,220.62,4,0
TEL-11348,2026-03,3.16,127,0.0,7,251.35,4,0
TEL-11348,2026-04,3.23,103,1.4,11,221.53,1,0
TEL-11348,2026-05,4.41,101,1.9,6,251.08,4,0
TEL-11348,2026-06,3.39,164,0.1,7,226.64,1,0
TEL-11349,2026-01,23.24,319,3.0,15,289.86,2,0
TEL-11349,2026-02,21.72,304,1.2,14,318.75,4,0
TEL-11349,2026-03,23.96,227,0.0,16,321.21,4,0
TEL-11349,2026-04,28.74,227,0.4,14,242.28,1,0
TEL-11349,2026-05,10.27,205,0.3,11,298.22,1,0
TEL-11349,2026-06,20.48,300,0.0,13,303.26,2,0
TEL-11350,2026-01,25.7,300,1.3,5,429.55,3,0
TEL-11350,2026-02,25.41,417,0.3,5,425.8,3,0
TEL-11350,2026-03,28.49,258,0.4,9,411.46,3,0
TEL-11350,2026-04,18.2,365,1.2,5,404.28,2,0
TEL-11350,2026-05,23.71,473,1.2,13,374.32,2,0
TEL-11350,2026-06,19.27,297,0.1,12,385.31,1,0
TEL-11351,2026-01,26.23,259,0.5,18,398.97,1,0
TEL-11351,2026-02,26.0,289,1.2,9,437.04,2,0
TEL-11351,2026-03,20.99,316,1.3,10,496.52,2,0
TEL-11351,2026-04,27.0,290,0.6,17,472.4,3,0
TEL-11351,2026-05,20.25,321,1.6,17,419.99,4,0
TEL-11351,2026-06,14.55,320,0.1,14,402.79,2,0
TEL-11352,2026-01,12.39,325,1.2,7,162.65,3,0
TEL-11352,2026-02,9.33,208,0.6,12,174.37,2,0
TEL-11352,2026-03,10.14,322,0.1,15,167.23,4,0
TEL-11352,2026-04,11.37,331,1.6,15,183.77,4,0
TEL-11352,2026-05,10.45,257,0.7,5,159.47,1,0
TEL-11352,2026-06,12.57,329,0.5,8,194.74,2,0
TEL-11353,2026-01,61.43,71,0.1,5,645.02,1,0
TEL-11353,2026-02,45.62,85,1.1,6,705.38,1,0
TEL-11353,2026-03,38.81,113,0.1,5,546.2,1,0
TEL-11353,2026-04,42.51,68,1.2,8,632.07,4,0
TEL-11353,2026-05,27.16,128,0.2,6,680.46,3,0
TEL-11353,2026-06,42.96,130,0.5,4,507.99,3,0
TEL-11354,2026-01,1.55,474,2.3,47,320.39,4,0
TEL-11354,2026-02,1.88,386,1.2,32,397.98,2,0
TEL-11354,2026-03,2.92,594,0.4,41,367.42,2,0
TEL-11354,2026-04,1.89,343,0.3,44,390.73,1,0
TEL-11354,2026-05,1.29,518,0.4,40,370.57,1,0
TEL-11354,2026-06,3.13,566,0.0,27,363.32,2,0
TEL-11355,2026-01,22.82,357,1.1,16,528.75,4,0
TEL-11355,2026-02,9.48,429,0.2,9,592.27,3,0
TEL-11355,2026-03,15.74,688,0.4,19,586.07,1,0
TEL-11355,2026-04,16.5,551,0.2,17,637.39,4,0
TEL-11355,2026-05,20.91,354,0.1,12,602.93,3,0
TEL-11355,2026-06,22.83,558,0.9,14,532.93,1,0
TEL-11356,2026-01,2.12,228,3.4,8,265.7,3,0
TEL-11356,2026-02,2.1,110,0.1,3,229.4,2,0
TEL-11356,2026-03,2.02,136,0.2,3,183.0,2,0
TEL-11356,2026-04,1.99,207,1.3,1,267.94,1,0
TEL-11356,2026-05,1.54,165,0.3,2,264.12,4,0
TEL-11356,2026-06,2.42,254,0.4,5,230.2,4,0
TEL-11357,2026-01,12.25,154,0.3,6,352.87,2,0
TEL-11357,2026-02,24.86,113,1.0,4,282.04,3,0
TEL-11357,2026-03,22.77,88,0.4,5,393.93,1,0
TEL-11357,2026-04,71.42,159,1.7,2,0.0,0,2
TEL-11357,2026-05,88.22,111,1.5,5,0.0,0,2
TEL-11357,2026-06,93.89,157,0.6,1,0.0,0,1
TEL-11358,2026-01,22.5,240,0.7,8,428.37,3,0
TEL-11358,2026-02,7.27,258,0.2,9,389.08,4,0
TEL-11358,2026-03,17.9,160,0.2,5,381.01,3,0
TEL-11358,2026-04,14.69,168,0.3,6,390.94,3,0
TEL-11358,2026-05,24.54,210,1.2,8,408.89,2,0
TEL-11358,2026-06,17.3,191,0.1,9,428.74,3,0
TEL-11359,2026-01,1.99,152,0.3,6,277.2,4,0
TEL-11359,2026-02,1.58,120,1.9,8,273.63,3,0
TEL-11359,2026-03,2.37,140,0.3,9,306.23,3,0
TEL-11359,2026-04,2.06,116,0.4,9,259.63,4,0
TEL-11359,2026-05,2.0,80,1.9,11,284.96,2,0
TEL-11359,2026-06,1.7,154,0.6,9,238.37,1,0
TEL-11360,2026-01,1.97,699,2.8,34,98.32,4,0
TEL-11360,2026-02,1.69,733,1.1,20,109.29,4,0
TEL-11360,2026-03,2.37,543,1.2,27,111.36,4,0
TEL-11360,2026-04,1.67,863,0.2,31,115.75,2,0
TEL-11360,2026-05,3.32,512,0.3,32,120.21,1,0
TEL-11360,2026-06,1.82,793,0.9,29,113.94,4,0
TEL-11361,2026-01,17.59,337,0.3,17,297.19,4,0
TEL-11361,2026-02,15.76,233,1.3,17,334.66,2,0
TEL-11361,2026-03,19.06,364,0.2,22,317.42,4,0
TEL-11361,2026-04,24.82,362,0.3,16,293.04,3,0
TEL-11361,2026-05,19.71,364,2.8,24,307.01,4,0
TEL-11361,2026-06,23.71,333,0.5,22,299.29,3,0
TEL-11362,2026-01,2.54,38,0.7,5,271.52,2,0
TEL-11362,2026-02,5.6,36,0.6,6,232.26,4,0
TEL-11362,2026-03,3.78,33,2.5,3,221.51,1,0
TEL-11362,2026-04,3.22,40,1.3,9,264.9,2,0
TEL-11362,2026-05,2.92,33,0.2,8,242.22,3,0
TEL-11362,2026-06,2.61,23,0.1,6,235.44,2,0
TEL-11363,2026-01,11.13,365,0.0,18,433.69,3,0
TEL-11363,2026-02,17.19,636,0.8,16,339.31,3,0
TEL-11363,2026-03,14.96,424,0.1,14,432.31,4,0
TEL-11363,2026-04,18.45,415,2.2,10,321.77,3,0
TEL-11363,2026-05,19.62,575,0.3,18,440.94,4,0
TEL-11363,2026-06,21.82,462,0.6,15,423.0,2,0
TEL-11364,2026-01,2.88,311,10.9,39,481.79,4,0
TEL-11364,2026-02,2.96,249,5.0,42,471.21,3,0
TEL-11364,2026-03,3.06,356,29.5,34,373.57,2,0
TEL-11364,2026-04,2.3,453,8.3,44,481.6,3,0
TEL-11364,2026-05,2.99,269,6.2,31,448.66,4,0
TEL-11364,2026-06,2.05,213,27.2,33,453.68,3,0
TEL-11365,2026-01,11.14,179,0.3,6,326.02,3,0
TEL-11365,2026-02,12.8,94,0.3,12,208.44,1,0
TEL-11365,2026-03,12.78,125,0.5,11,286.68,2,0
TEL-11365,2026-04,6.83,111,2.1,19,239.69,2,0
TEL-11365,2026-05,13.54,107,0.2,9,226.25,1,0
TEL-11365,2026-06,10.0,80,0.0,9,281.02,3,0
TEL-11366,2026-01,4.1,167,18.6,4,668.15,1,0
TEL-11366,2026-02,5.47,141,7.4,2,573.37,2,0
TEL-11366,2026-03,2.76,120,1.3,4,581.84,2,0
TEL-11366,2026-04,4.58,201,27.5,2,699.32,2,0
TEL-11366,2026-05,4.22,172,14.6,2,693.8,1,0
TEL-11366,2026-06,5.45,150,6.6,4,686.01,1,0
TEL-11367,2026-01,13.72,372,0.6,8,184.66,1,0
TEL-11367,2026-02,8.6,352,1.6,18,203.06,4,0
TEL-11367,2026-03,8.51,284,0.6,14,221.77,2,0
TEL-11367,2026-04,12.46,312,0.1,11,180.66,2,0
TEL-11367,2026-05,10.06,339,0.4,10,208.33,2,0
TEL-11367,2026-06,10.46,258,0.2,16,205.54,3,0
TEL-11368,2026-01,26.46,310,0.4,2,290.36,3,0
TEL-11368,2026-02,21.07,215,2.4,1,348.56,4,0
TEL-11368,2026-03,19.03,205,0.2,1,272.82,4,0
TEL-11368,2026-04,17.23,234,0.5,0,415.22,1,0
TEL-11368,2026-05,24.74,251,1.0,1,331.16,3,0
TEL-11368,2026-06,23.33,205,1.5,2,307.78,1,0
TEL-11369,2026-01,28.2,306,0.5,16,340.53,3,0
TEL-11369,2026-02,17.89,248,1.6,14,405.14,3,0
TEL-11369,2026-03,24.13,302,3.1,9,385.96,4,0
TEL-11369,2026-04,23.05,344,0.7,22,310.07,2,0
TEL-11369,2026-05,30.61,486,0.7,19,326.82,2,0
TEL-11369,2026-06,12.1,436,0.1,14,382.99,1,0
TEL-11370,2026-01,1.4,241,28.7,34,358.9,1,0
TEL-11370,2026-02,2.22,499,20.4,19,352.76,2,0
TEL-11370,2026-03,2.39,413,27.6,23,316.11,4,0
TEL-11370,2026-04,1.96,417,33.7,26,364.3,1,0
TEL-11370,2026-05,1.79,423,23.2,32,388.26,4,0
TEL-11370,2026-06,1.92,411,33.5,26,315.5,2,0
TEL-11371,2026-01,46.43,89,1.5,4,372.89,2,0
TEL-11371,2026-02,35.63,100,1.6,11,396.33,3,0
TEL-11371,2026-03,24.85,110,1.7,3,445.68,1,0
TEL-11371,2026-04,30.23,75,1.0,9,376.3,2,0
TEL-11371,2026-05,38.76,106,0.5,7,349.12,2,0
TEL-11371,2026-06,35.76,77,0.6,10,391.2,2,0
TEL-11372,2026-01,9.6,447,0.9,10,246.73,2,0
TEL-11372,2026-02,11.58,248,0.4,6,216.42,1,0
TEL-11372,2026-03,8.86,396,0.5,12,186.38,1,0
TEL-11372,2026-04,13.2,333,1.0,8,234.61,3,0
TEL-11372,2026-05,8.86,610,0.5,9,260.8,1,0
TEL-11372,2026-06,12.0,297,0.5,13,230.39,4,0
TEL-11373,2026-01,1.74,453,1.3,38,387.76,2,0
TEL-11373,2026-02,1.95,497,0.2,44,470.73,3,0
TEL-11373,2026-03,1.8,443,0.1,34,432.71,3,0
TEL-11373,2026-04,1.81,484,2.3,26,427.68,1,0
TEL-11373,2026-05,1.73,459,0.6,46,435.61,3,0
TEL-11373,2026-06,1.56,537,0.5,32,419.91,1,0
TEL-11374,2026-01,0.92,515,1.5,30,266.29,1,0
TEL-11374,2026-02,0.43,745,0.1,27,245.37,2,0
TEL-11374,2026-03,0.7,1039,0.1,30,353.41,1,0
TEL-11374,2026-04,80.01,494,0.3,25,0.0,0,2
TEL-11374,2026-05,56.85,577,0.2,23,0.0,0,3
TEL-11374,2026-06,58.88,551,1.5,19,0.0,0,3
TEL-11375,2026-01,2.59,548,0.5,43,205.01,2,0
TEL-11375,2026-02,1.63,345,0.2,46,214.89,1,0
TEL-11375,2026-03,3.5,777,0.2,41,219.19,2,0
TEL-11375,2026-04,2.89,689,0.8,40,207.3,1,0
TEL-11375,2026-05,1.44,474,1.6,46,193.76,4,0
TEL-11375,2026-06,2.52,710,0.0,41,251.75,1,0
TEL-11376,2026-01,1.64,383,0.6,43,311.27,1,0
TEL-11376,2026-02,1.53,551,0.3,51,236.42,1,0
TEL-11376,2026-03,1.41,425,0.5,35,263.65,4,0
TEL-11376,2026-04,2.55,674,1.0,35,258.84,3,0
TEL-11376,2026-05,2.2,437,0.5,43,278.61,1,0
TEL-11376,2026-06,2.13,447,2.6,25,286.04,1,0
TEL-11377,2026-01,33.64,145,1.7,1,320.35,4,0
TEL-11377,2026-02,30.6,186,0.0,2,315.71,4,0
TEL-11377,2026-03,29.19,195,0.2,2,377.71,1,0
TEL-11377,2026-04,57.41,143,0.9,1,376.95,3,0
TEL-11377,2026-05,29.7,189,0.2,0,356.21,2,0
TEL-11377,2026-06,25.08,163,0.4,1,340.24,2,0
TEL-11378,2026-01,17.43,436,3.6,9,522.48,1,0
TEL-11378,2026-02,19.2,433,1.5,16,506.54,3,0
TEL-11378,2026-03,13.93,387,18.5,11,508.34,2,0
TEL-11378,2026-04,18.42,492,20.4,13,563.71,4,0
TEL-11378,2026-05,15.23,348,53.6,13,498.28,1,0
TEL-11378,2026-06,16.13,414,1.8,11,520.41,1,0
TEL-11379,2026-01,27.46,278,1.9,18,349.34,2,0
TEL-11379,2026-02,36.86,214,1.0,15,390.1,3,0
TEL-11379,2026-03,21.71,267,0.2,20,346.36,1,0
TEL-11379,2026-04,21.39,264,0.5,8,391.84,1,0
TEL-11379,2026-05,26.2,300,0.5,9,365.09,1,0
TEL-11379,2026-06,33.2,241,2.5,18,398.77,4,0
TEL-11380,2026-01,22.36,162,0.7,4,516.93,3,0
TEL-11380,2026-02,35.78,163,0.1,7,493.85,2,0
TEL-11380,2026-03,31.49,150,0.0,6,519.49,4,0
TEL-11380,2026-04,39.54,150,1.3,7,546.36,4,0
TEL-11380,2026-05,35.76,156,0.1,9,497.96,2,0
TEL-11380,2026-06,29.39,97,1.3,10,515.15,1,0
TEL-11381,2026-01,42.99,44,2.7,6,777.04,2,0
TEL-11381,2026-02,34.57,58,19.6,11,735.23,1,0
TEL-11381,2026-03,27.42,59,4.9,2,698.01,2,0
TEL-11381,2026-04,32.2,65,6.0,6,688.33,2,0
TEL-11381,2026-05,33.9,69,5.3,6,646.68,1,0
TEL-11381,2026-06,35.63,49,1.5,7,835.71,2,0
TEL-11382,2026-01,25.34,319,0.2,16,692.2,3,0
TEL-11382,2026-02,33.25,174,50.8,19,784.44,2,0
TEL-11382,2026-03,35.3,459,33.1,17,734.28,1,0
TEL-11382,2026-04,27.9,235,1.8,13,684.94,3,0
TEL-11382,2026-05,23.58,361,6.8,18,683.9,3,0
TEL-11382,2026-06,11.22,284,10.2,13,678.0,1,0
TEL-11383,2026-01,4.38,275,0.3,7,139.24,4,0
TEL-11383,2026-02,4.56,91,2.1,10,141.58,1,0
TEL-11383,2026-03,1.95,131,1.1,6,166.03,2,0
TEL-11383,2026-04,2.14,188,0.5,10,163.04,1,0
TEL-11383,2026-05,3.92,110,0.1,12,176.96,3,0
TEL-11383,2026-06,3.9,196,2.6,10,154.12,3,0
TEL-11384,2026-01,15.16,347,1.2,32,631.72,2,0
TEL-11384,2026-02,15.15,430,25.3,17,650.38,3,0
TEL-11384,2026-03,25.35,213,47.7,9,560.87,4,0
TEL-11384,2026-04,20.62,248,24.9,21,654.76,4,0
TEL-11384,2026-05,11.78,180,1.1,23,624.36,2,0
TEL-11384,2026-06,22.33,315,5.2,22,659.75,3,0
TEL-11385,2026-01,4.08,172,0.7,10,248.43,4,0
TEL-11385,2026-02,4.31,260,0.1,6,270.95,3,0
TEL-11385,2026-03,5.1,172,0.7,6,261.2,1,0
TEL-11385,2026-04,4.41,199,0.2,8,255.06,1,0
TEL-11385,2026-05,7.15,181,0.6,11,241.8,1,0
TEL-11385,2026-06,4.95,231,2.7,15,214.42,4,0
TEL-11386,2026-01,27.2,194,0.1,6,285.65,2,0
TEL-11386,2026-02,31.27,156,0.3,11,355.0,3,0
TEL-11386,2026-03,20.44,152,0.2,6,283.77,4,0
TEL-11386,2026-04,25.84,119,0.1,6,339.88,3,0
TEL-11386,2026-05,21.46,197,1.3,6,301.01,2,0
TEL-11386,2026-06,31.5,211,0.7,7,222.6,4,0
TEL-11387,2026-01,26.89,549,0.5,10,625.6,1,0
TEL-11387,2026-02,24.94,453,0.9,12,588.25,2,0
TEL-11387,2026-03,22.62,520,3.2,20,611.18,4,0
TEL-11387,2026-04,17.37,275,0.2,20,596.74,3,0
TEL-11387,2026-05,24.29,306,0.6,16,560.94,2,0
TEL-11387,2026-06,18.48,394,0.1,13,626.98,3,0
TEL-11388,2026-01,1.71,701,0.3,32,243.05,4,0
TEL-11388,2026-02,2.56,802,0.3,27,245.73,1,0
TEL-11388,2026-03,2.64,578,1.0,32,300.65,2,0
TEL-11388,2026-04,3.54,602,0.1,33,229.53,1,0
TEL-11388,2026-05,1.72,655,1.9,26,250.66,2,0
TEL-11388,2026-06,3.02,840,1.6,35,253.73,2,0
TEL-11389,2026-01,20.78,449,2.0,4,557.5,1,0
TEL-11389,2026-02,11.65,264,4.4,4,440.9,3,0
TEL-11389,2026-03,19.87,632,44.6,4,460.03,4,0
TEL-11389,2026-04,13.76,400,13.0,6,445.56,1,0
TEL-11389,2026-05,21.34,362,5.2,5,509.49,3,0
TEL-11389,2026-06,13.1,408,23.5,5,447.95,2,0
TEL-11390,2026-01,2.19,540,0.1,32,273.14,3,0
TEL-11390,2026-02,2.95,298,0.6,35,278.76,1,0
TEL-11390,2026-03,1.95,399,0.6,26,276.49,2,0
TEL-11390,2026-04,3.1,425,1.3,31,270.37,1,0
TEL-11390,2026-05,2.2,299,0.0,34,282.07,4,0
TEL-11390,2026-06,2.15,175,0.6,33,293.71,1,0
TEL-11391,2026-01,4.67,150,0.1,17,118.09,3,0
TEL-11391,2026-02,5.19,101,0.2,16,135.81,1,0
TEL-11391,2026-03,5.02,111,1.0,23,145.38,4,0
TEL-11391,2026-04,5.37,123,0.3,16,118.26,4,0
TEL-11391,2026-05,4.63,112,0.2,10,132.19,4,0
TEL-11391,2026-06,6.73,90,0.2,17,126.35,4,0
TEL-11392,2026-01,40.89,163,0.0,3,665.43,4,0
TEL-11392,2026-02,54.04,228,0.3,8,675.97,4,0
TEL-11392,2026-03,40.27,155,0.1,5,534.2,3,0
TEL-11392,2026-04,44.04,179,0.2,3,739.34,3,0
TEL-11392,2026-05,52.5,200,0.0,5,592.26,4,0
TEL-11392,2026-06,46.91,191,0.9,6,585.06,3,0
TEL-11393,2026-01,1.97,115,1.0,7,180.43,3,0
TEL-11393,2026-02,1.31,205,0.8,6,161.53,1,0
TEL-11393,2026-03,2.22,256,0.6,8,198.84,2,0
TEL-11393,2026-04,1.34,188,0.8,6,162.05,4,0
TEL-11393,2026-05,2.45,193,0.8,6,171.71,2,0
TEL-11393,2026-06,2.04,218,0.3,13,154.65,4,0
TEL-11394,2026-01,1.16,686,0.3,34,268.15,2,0
TEL-11394,2026-02,1.9,479,0.1,26,202.25,4,0
TEL-11394,2026-03,2.0,560,0.8,38,214.77,4,0
TEL-11394,2026-04,1.45,594,2.6,35,234.8,2,0
TEL-11394,2026-05,1.84,961,0.1,32,241.34,4,0
TEL-11394,2026-06,2.5,526,0.7,39,209.61,1,0
TEL-11395,2026-01,3.28,94,1.1,9,327.61,1,0
TEL-11395,2026-02,4.46,109,0.9,17,386.75,2,0
TEL-11395,2026-03,2.78,196,0.2,8,317.01,3,0
TEL-11395,2026-04,2.66,209,1.7,3,380.97,1,0
TEL-11395,2026-05,3.65,186,0.9,8,381.66,1,0
TEL-11395,2026-06,3.15,169,0.3,8,328.34,4,0
TEL-11396,2026-01,2.58,30,1.5,2,249.74,3,0
TEL-11396,2026-02,5.71,33,2.1,5,184.19,4,0
TEL-11396,2026-03,5.26,33,0.3,1,255.62,4,0
TEL-11396,2026-04,4.5,26,0.5,1,262.25,3,0
TEL-11396,2026-05,4.28,26,0.5,4,247.3,2,0
TEL-11396,2026-06,2.58,22,0.6,5,277.76,2,0
TEL-11397,2026-01,1.61,340,0.7,43,183.18,4,0
TEL-11397,2026-02,2.53,464,0.0,41,229.56,3,0
TEL-11397,2026-03,2.31,420,2.6,34,164.0,1,0
TEL-11397,2026-04,2.49,504,0.7,28,188.43,3,0
TEL-11397,2026-05,1.45,635,0.4,21,211.23,2,0
TEL-11397,2026-06,2.16,469,0.6,32,238.52,1,0
TEL-11398,2026-01,5.06,156,0.6,20,343.51,2,0
TEL-11398,2026-02,1.95,142,1.4,14,348.02,4,0
TEL-11398,2026-03,4.02,161,0.2,17,330.46,4,0
TEL-11398,2026-04,3.69,82,1.1,12,374.31,1,0
TEL-11398,2026-05,2.27,128,0.3,13,286.3,2,0
TEL-11398,2026-06,2.58,119,0.1,12,360.3,4,0
TEL-11399,2026-01,4.97,54,0.3,4,114.69,1,0
TEL-11399,2026-02,4.39,107,0.3,4,101.6,3,0
TEL-11399,2026-03,3.44,84,0.4,4,107.65,1,0
TEL-11399,2026-04,3.06,77,0.2,8,97.67,1,0
TEL-11399,2026-05,4.63,98,0.1,7,116.15,1,0
TEL-11399,2026-06,4.59,73,1.0,11,120.39,4,0
TEL-11400,2026-01,7.07,483,0.5,30,268.4,4,0
TEL-11400,2026-02,5.49,581,0.1,19,244.12,3,0
TEL-11400,2026-03,7.95,442,0.2,16,223.25,1,0
TEL-11400,2026-04,8.55,484,0.3,18,274.59,3,0
TEL-11400,2026-05,6.65,388,0.2,21,289.85,3,0
TEL-11400,2026-06,8.87,355,3.7,19,253.46,2,0
TEL-11401,2026-01,16.3,687,14.1,24,782.24,3,0
TEL-11401,2026-02,13.01,505,11.0,14,678.25,2,0
TEL-11401,2026-03,16.35,222,10.7,19,722.32,4,0
TEL-11401,2026-04,16.21,637,24.2,19,675.49,4,0
TEL-11401,2026-05,15.04,411,0.2,18,605.88,2,0
TEL-11401,2026-06,13.78,695,10.8,13,680.93,3,0
TEL-11402,2026-01,2.81,309,0.4,30,193.26,2,0
TEL-11402,2026-02,2.49,359,0.4,34,247.54,3,0
TEL-11402,2026-03,2.71,492,0.8,40,219.25,4,0
TEL-11402,2026-04,2.19,486,0.4,32,240.3,3,0
TEL-11402,2026-05,2.27,287,0.1,40,227.87,1,0
TEL-11402,2026-06,3.41,429,0.6,29,261.46,2,0
TEL-11403,2026-01,2.24,741,1.8,23,331.57,1,0
TEL-11403,2026-02,1.95,668,0.6,26,286.7,4,0
TEL-11403,2026-03,1.82,475,2.3,25,345.98,1,0
TEL-11403,2026-04,1.75,732,0.5,24,299.5,2,0
TEL-11403,2026-05,1.96,678,0.5,31,320.34,3,0
TEL-11403,2026-06,2.82,752,0.9,15,349.29,2,0
TEL-11404,2026-01,2.72,102,1.2,7,249.46,4,0
TEL-11404,2026-02,3.5,91,0.2,5,267.28,3,0
TEL-11404,2026-03,1.74,55,0.2,4,218.88,4,0
TEL-11404,2026-04,3.21,61,0.7,5,339.67,3,0
TEL-11404,2026-05,2.62,80,1.3,6,296.42,3,0
TEL-11404,2026-06,3.21,102,0.2,14,311.72,4,0
TEL-11405,2026-01,22.37,200,0.8,1,381.55,4,0
TEL-11405,2026-02,22.97,115,0.4,3,469.17,2,0
TEL-11405,2026-03,21.18,140,2.0,2,395.07,4,0
TEL-11405,2026-04,20.7,151,0.6,1,438.68,3,0
TEL-11405,2026-05,28.75,165,0.5,3,440.48,4,0
TEL-11405,2026-06,32.73,122,2.2,2,426.27,4,0
TEL-11406,2026-01,20.24,196,0.8,16,523.89,1,0
TEL-11406,2026-02,21.53,272,1.6,18,512.18,2,0
TEL-11406,2026-03,20.5,325,0.7,13,470.43,3,0
TEL-11406,2026-04,20.35,165,2.0,16,490.57,4,0
TEL-11406,2026-05,23.24,251,1.5,13,474.28,3,0
TEL-11406,2026-06,14.62,232,0.7,13,548.88,4,0
TEL-11407,2026-01,2.54,148,0.4,11,243.04,3,0
TEL-11407,2026-02,1.53,175,0.4,4,272.19,1,0
TEL-11407,2026-03,2.05,141,3.4,10,262.34,1,0
TEL-11407,2026-04,2.03,164,2.5,6,255.17,4,0
TEL-11407,2026-05,2.31,219,0.6,14,243.32,4,0
TEL-11407,2026-06,2.55,221,0.1,12,246.83,4,0
TEL-11408,2026-01,11.72,323,0.8,23,551.11,4,0
TEL-11408,2026-02,24.63,263,0.1,24,415.45,3,0
TEL-11408,2026-03,19.55,510,1.1,22,454.23,1,0
TEL-11408,2026-04,18.2,315,0.4,28,502.06,2,0
TEL-11408,2026-05,20.14,353,0.7,26,476.43,3,0
TEL-11408,2026-06,21.75,238,1.7,32,550.03,3,0
TEL-11409,2026-01,9.84,485,12.4,23,695.09,4,0
TEL-11409,2026-02,13.44,601,20.5,19,632.87,2,0
TEL-11409,2026-03,22.02,571,5.7,10,536.8,4,0
TEL-11409,2026-04,12.09,351,5.5,16,569.63,4,0
TEL-11409,2026-05,22.76,482,20.9,14,616.64,3,0
TEL-11409,2026-06,18.99,437,27.0,12,614.85,1,0
TEL-11410,2026-01,3.77,128,2.2,7,105.07,2,0
TEL-11410,2026-02,5.59,205,0.7,7,116.98,4,0
TEL-11410,2026-03,4.39,97,0.7,11,117.4,2,0
TEL-11410,2026-04,3.34,117,0.1,9,112.71,4,0
TEL-11410,2026-05,3.44,148,0.7,8,100.02,2,0
TEL-11410,2026-06,3.93,175,0.8,8,125.94,4,0
TEL-11411,2026-01,19.11,55,0.5,0,320.9,3,0
TEL-11411,2026-02,16.53,119,1.3,1,278.69,2,0
TEL-11411,2026-03,29.04,65,0.2,0,289.14,2,0
TEL-11411,2026-04,15.29,115,1.0,2,303.25,3,0
TEL-11411,2026-05,15.45,81,0.7,1,242.49,3,0
TEL-11411,2026-06,13.58,117,0.0,1,339.24,2,0
TEL-11412,2026-01,35.21,150,0.7,9,914.39,3,0
TEL-11412,2026-02,27.24,102,15.4,4,768.11,3,0
TEL-11412,2026-03,28.18,191,19.9,8,666.47,2,0
TEL-11412,2026-04,36.55,115,4.7,7,770.4,1,0
TEL-11412,2026-05,37.82,228,5.9,5,809.64,4,0
TEL-11412,2026-06,37.87,115,28.4,8,839.23,4,0
TEL-11413,2026-01,11.79,421,1.0,16,342.51,4,0
TEL-11413,2026-02,9.84,250,1.4,19,366.02,1,0
TEL-11413,2026-03,9.25,577,0.1,13,287.42,3,0
TEL-11413,2026-04,8.63,465,0.1,17,375.46,2,0
TEL-11413,2026-05,11.68,452,0.1,23,304.5,4,0
TEL-11413,2026-06,12.99,602,1.1,11,341.17,3,0
TEL-11414,2026-01,10.3,234,0.1,12,290.48,2,0
TEL-11414,2026-02,22.55,322,0.9,12,276.45,4,0
TEL-11414,2026-03,14.52,475,0.5,10,380.85,3,0
TEL-11414,2026-04,26.19,286,0.3,10,347.19,2,0
TEL-11414,2026-05,19.78,372,0.1,26,286.99,3,0
TEL-11414,2026-06,21.27,242,1.4,11,327.1,1,0
TEL-11415,2026-01,15.05,439,0.8,17,448.31,1,0
TEL-11415,2026-02,15.18,421,47.6,14,466.23,2,0
TEL-11415,2026-03,11.41,383,5.6,20,382.03,1,0
TEL-11415,2026-04,22.14,492,12.8,21,429.12,1,0
TEL-11415,2026-05,18.32,438,13.9,17,409.72,1,0
TEL-11415,2026-06,12.39,461,9.9,17,506.96,2,0
TEL-11416,2026-01,4.39,59,1.3,9,188.12,2,0
TEL-11416,2026-02,4.73,98,0.3,3,191.8,2,0
TEL-11416,2026-03,4.32,83,0.5,11,182.13,2,0
TEL-11416,2026-04,4.84,102,0.1,6,176.32,3,0
TEL-11416,2026-05,7.13,60,1.7,7,180.61,2,0
TEL-11416,2026-06,5.01,67,0.5,6,178.09,2,0
TEL-11417,2026-01,3.29,96,0.1,5,252.86,1,0
TEL-11417,2026-02,3.18,159,0.3,12,349.06,2,0
TEL-11417,2026-03,2.32,126,0.6,7,257.73,2,0
TEL-11417,2026-04,2.95,150,2.1,10,306.12,4,0
TEL-11417,2026-05,3.14,195,0.4,16,258.7,1,0
TEL-11417,2026-06,4.25,161,1.5,15,323.06,1,0
TEL-11418,2026-01,2.23,244,0.2,35,183.43,1,0
TEL-11418,2026-02,1.77,265,1.4,29,183.63,2,0
TEL-11418,2026-03,2.09,321,0.0,40,183.07,2,0
TEL-11418,2026-04,2.51,238,0.6,36,181.78,4,0
TEL-11418,2026-05,2.18,156,0.4,34,161.98,1,0
TEL-11418,2026-06,2.64,195,2.1,40,163.77,2,0
TEL-11419,2026-01,5.96,89,0.1,10,195.52,4,0
TEL-11419,2026-02,4.19,110,0.3,6,231.25,3,0
TEL-11419,2026-03,4.1,97,0.0,9,229.32,2,0
TEL-11419,2026-04,3.78,117,1.0,5,219.74,2,0
TEL-11419,2026-05,4.01,106,0.5,13,198.88,2,0
TEL-11419,2026-06,4.22,111,0.4,7,199.34,3,0
TEL-11420,2026-01,2.03,410,2.0,38,336.17,2,0
TEL-11420,2026-02,1.91,353,0.1,29,280.96,3,0
TEL-11420,2026-03,1.69,279,0.8,24,268.74,3,0
TEL-11420,2026-04,1.86,387,1.7,25,305.47,3,0
TEL-11420,2026-05,1.74,172,0.9,42,250.14,1,0
TEL-11420,2026-06,1.77,416,0.3,33,340.83,4,0
TEL-11421,2026-01,13.58,473,0.4,11,367.73,2,0
TEL-11421,2026-02,11.06,305,0.5,12,364.74,1,0
TEL-11421,2026-03,10.23,263,1.3,10,347.67,1,0
TEL-11421,2026-04,10.48,262,0.1,9,386.11,1,0
TEL-11421,2026-05,10.61,376,0.1,14,410.86,1,0
TEL-11421,2026-06,8.27,302,1.5,20,381.01,4,0
TEL-11422,2026-01,11.6,357,0.0,16,517.3,3,0
TEL-11422,2026-02,25.13,344,0.3,15,571.03,3,0
TEL-11422,2026-03,27.54,288,0.8,15,564.03,4,0
TEL-11422,2026-04,19.56,458,0.0,20,529.9,3,0
TEL-11422,2026-05,19.56,206,0.2,20,588.45,2,0
TEL-11422,2026-06,15.07,338,0.6,14,550.32,3,0
TEL-11423,2026-01,24.57,157,1.4,3,621.41,4,0
TEL-11423,2026-02,47.9,209,0.9,4,682.34,1,0
TEL-11423,2026-03,40.61,175,1.1,5,615.85,1,0
TEL-11423,2026-04,51.7,201,1.5,5,677.97,3,0
TEL-11423,2026-05,36.78,151,0.2,2,561.4,4,0
TEL-11423,2026-06,61.95,145,0.2,4,680.01,1,0
TEL-11424,2026-01,2.38,162,0.3,11,190.63,1,0
TEL-11424,2026-02,2.36,224,0.9,18,207.04,4,0
TEL-11424,2026-03,3.86,108,1.0,15,217.62,3,0
TEL-11424,2026-04,4.38,155,0.5,8,227.18,1,0
TEL-11424,2026-05,3.25,109,0.7,12,222.77,3,0
TEL-11424,2026-06,2.18,196,0.8,12,196.82,3,0
TEL-11425,2026-01,0.96,630,0.3,37,189.23,1,0
TEL-11425,2026-02,1.25,469,0.7,25,172.98,4,0
TEL-11425,2026-03,0.99,509,1.1,27,170.87,1,0
TEL-11425,2026-04,1.07,533,0.6,23,136.0,2,0
TEL-11425,2026-05,1.05,623,2.7,37,149.04,2,0
TEL-11425,2026-06,1.0,855,0.1,30,169.61,4,0
TEL-11426,2026-01,10.75,145,0.7,15,172.38,3,0
TEL-11426,2026-02,8.91,153,1.0,22,175.9,1,0
TEL-11426,2026-03,14.59,211,0.4,22,177.83,1,0
TEL-11426,2026-04,10.17,180,1.5,21,194.5,4,0
TEL-11426,2026-05,10.34,200,0.6,13,198.93,3,0
TEL-11426,2026-06,8.74,182,1.7,10,159.45,3,0
TEL-11427,2026-01,2.14,195,0.6,63,168.75,2,0
TEL-11427,2026-02,3.36,241,0.1,56,145.65,4,0
TEL-11427,2026-03,3.31,178,0.3,44,163.0,3,0
TEL-11427,2026-04,2.3,131,0.2,54,164.49,4,0
TEL-11427,2026-05,2.22,294,0.8,40,179.69,2,0
TEL-11427,2026-06,3.45,187,1.3,50,116.64,4,0
TEL-11428,2026-01,46.47,245,5.0,6,714.36,2,0
TEL-11428,2026-02,61.59,226,2.2,9,712.08,2,0
TEL-11428,2026-03,44.17,209,20.5,5,638.2,1,0
TEL-11428,2026-04,52.22,251,37.8,7,650.76,1,0
TEL-11428,2026-05,57.39,342,6.2,8,761.38,3,0
TEL-11428,2026-06,47.45,281,13.1,5,645.71,1,0
TEL-11429,2026-01,20.57,221,0.5,5,273.98,3,0
TEL-11429,2026-02,22.56,287,0.1,7,270.03,2,0
TEL-11429,2026-03,17.38,180,0.5,9,282.33,2,0
TEL-11429,2026-04,19.93,334,0.2,5,358.91,2,0
TEL-11429,2026-05,27.84,120,0.3,5,318.87,4,0
TEL-11429,2026-06,25.15,256,0.2,10,305.92,4,0
TEL-11430,2026-01,15.66,370,0.8,8,231.72,1,0
TEL-11430,2026-02,9.25,311,1.5,12,245.91,1,0
TEL-11430,2026-03,16.37,318,2.6,9,234.15,1,0
TEL-11430,2026-04,13.41,335,0.5,8,220.07,2,0
TEL-11430,2026-05,12.56,203,1.9,14,216.01,4,0
TEL-11430,2026-06,19.02,342,0.5,10,225.49,3,0
TEL-11431,2026-01,3.15,653,0.1,30,296.24,4,0
TEL-11431,2026-02,2.44,492,0.3,20,374.25,3,0
TEL-11431,2026-03,3.49,258,2.0,30,357.27,1,0
TEL-11431,2026-04,3.88,312,0.2,42,323.93,1,0
TEL-11431,2026-05,2.23,451,0.5,39,323.25,3,0
TEL-11431,2026-06,2.31,615,1.0,33,353.88,4,0
TEL-11432,2026-01,23.71,111,4.5,19,433.14,4,0
TEL-11432,2026-02,13.26,216,14.9,33,408.02,3,0
TEL-11432,2026-03,18.87,301,13.0,32,551.36,2,0
TEL-11432,2026-04,21.9,424,13.5,36,478.46,4,0
TEL-11432,2026-05,27.57,345,17.6,24,588.35,3,0
TEL-11432,2026-06,21.97,302,28.3,29,607.05,4,0
TEL-11433,2026-01,53.27,151,1.9,4,489.32,3,0
TEL-11433,2026-02,41.24,260,0.9,9,551.54,4,0
TEL-11433,2026-03,27.65,233,0.3,4,653.8,4,0
TEL-11433,2026-04,47.97,202,0.5,2,588.74,2,0
TEL-11433,2026-05,44.07,201,0.6,4,581.63,4,0
TEL-11433,2026-06,21.1,162,1.0,5,553.11,3,0
TEL-11434,2026-01,3.16,414,0.8,39,240.56,3,0
TEL-11434,2026-02,3.09,605,0.2,40,212.84,3,0
TEL-11434,2026-03,1.64,600,0.1,50,217.24,3,0
TEL-11434,2026-04,1.98,285,0.9,30,174.3,1,0
TEL-11434,2026-05,2.75,465,0.8,27,226.81,4,0
TEL-11434,2026-06,1.74,551,0.1,38,243.07,4,0
TEL-11435,2026-01,16.8,155,0.7,3,409.19,3,0
TEL-11435,2026-02,21.74,212,3.0,11,523.63,3,0
TEL-11435,2026-03,17.66,191,4.4,2,449.38,3,0
TEL-11435,2026-04,25.81,203,0.9,4,398.14,3,0
TEL-11435,2026-05,17.04,140,0.1,11,400.11,3,0
TEL-11435,2026-06,22.59,97,0.7,4,447.76,1,0
TEL-11436,2026-01,15.57,313,10.1,12,533.36,1,0
TEL-11436,2026-02,15.76,281,19.4,8,515.69,4,0
TEL-11436,2026-03,17.02,215,0.9,11,487.25,1,0
TEL-11436,2026-04,13.34,274,13.7,13,446.6,4,0
TEL-11436,2026-05,13.25,237,5.8,13,706.2,4,0
TEL-11436,2026-06,14.47,307,5.1,11,509.94,2,0
TEL-11437,2026-01,37.25,114,0.7,6,550.73,3,0
TEL-11437,2026-02,26.14,122,0.4,6,508.48,4,0
TEL-11437,2026-03,0.33,84,2362.4,3,670.49,1,0
TEL-11437,2026-04,0.3,84,2385.4,4,578.0,2,0
TEL-11437,2026-05,0.28,34,1678.5,3,501.63,4,0
TEL-11437,2026-06,0.27,44,1563.6,5,534.74,2,0
TEL-11438,2026-01,13.09,406,2.6,14,411.58,2,0
TEL-11438,2026-02,13.37,475,1.3,11,395.43,4,0
TEL-11438,2026-03,12.97,555,0.0,10,436.01,1,0
TEL-11438,2026-04,13.86,321,0.2,10,344.95,2,0
TEL-11438,2026-05,8.96,495,0.1,10,336.68,4,0
TEL-11438,2026-06,12.82,361,0.2,12,391.28,1,0
TEL-11439,2026-01,21.37,326,0.3,14,267.99,3,0
TEL-11439,2026-02,10.68,370,0.3,14,279.52,1,0
TEL-11439,2026-03,17.28,362,1.4,26,310.9,2,0
TEL-11439,2026-04,19.96,308,1.0,17,236.68,1,0
TEL-11439,2026-05,14.24,305,1.2,13,246.98,2,0
TEL-11439,2026-06,11.33,230,0.4,7,282.65,2,0
TEL-11440,2026-01,36.42,135,0.7,4,513.85,2,0
TEL-11440,2026-02,35.6,197,0.3,11,597.47,2,0
TEL-11440,2026-03,26.09,189,0.3,6,427.1,2,0
TEL-11440,2026-04,29.27,130,1.0,7,532.71,4,0
TEL-11440,2026-05,32.89,116,2.9,4,476.17,1,0
TEL-11440,2026-06,15.78,130,0.0,5,504.57,3,0
TEL-11441,2026-01,0.88,518,1.6,37,295.37,2,0
TEL-11441,2026-02,3.21,509,0.0,35,304.77,3,0
TEL-11441,2026-03,2.66,331,0.5,32,242.94,3,0
TEL-11441,2026-04,2.17,360,2.0,34,247.41,2,0
TEL-11441,2026-05,1.86,433,1.4,30,300.55,4,0
TEL-11441,2026-06,2.65,464,0.7,39,315.46,2,0
TEL-11442,2026-01,9.17,268,0.3,17,305.83,4,0
TEL-11442,2026-02,22.26,273,0.1,23,380.28,1,0
TEL-11442,2026-03,15.68,298,0.8,22,343.01,4,0
TEL-11442,2026-04,22.48,284,0.7,25,385.58,2,0
TEL-11442,2026-05,10.73,234,0.4,14,387.29,1,0
TEL-11442,2026-06,15.84,149,0.9,17,392.83,2,0
TEL-11443,2026-01,17.05,391,3.3,18,479.32,2,0
TEL-11443,2026-02,16.65,165,0.2,20,464.44,2,0
TEL-11443,2026-03,21.71,380,0.4,22,463.15,3,0
TEL-11443,2026-04,18.19,414,0.6,19,465.72,3,0
TEL-11443,2026-05,15.88,276,0.4,16,459.35,2,0
TEL-11443,2026-06,13.72,400,0.4,19,461.42,1,0
TEL-11444,2026-01,20.63,227,0.3,4,559.11,2,0
TEL-11444,2026-02,18.18,257,1.3,6,562.1,1,0
TEL-11444,2026-03,28.8,235,0.9,7,496.36,1,0
TEL-11444,2026-04,29.91,279,0.9,5,532.81,2,0
TEL-11444,2026-05,26.37,205,0.0,10,455.35,1,0
TEL-11444,2026-06,25.09,229,0.6,10,408.99,1,0
TEL-11445,2026-01,1.61,792,1.5,31,367.09,2,0
TEL-11445,2026-02,1.9,825,0.2,33,326.93,2,0
TEL-11445,2026-03,1.33,633,0.6,34,264.16,1,0
TEL-11445,2026-04,2.78,521,1.5,37,299.97,3,0
TEL-11445,2026-05,1.62,480,0.2,39,235.39,1,0
TEL-11445,2026-06,1.6,691,0.1,37,288.4,4,0
TEL-11446,2026-01,13.0,284,13.3,13,818.67,2,0
TEL-11446,2026-02,9.54,152,28.9,10,680.1,3,0
TEL-11446,2026-03,9.44,273,4.8,19,623.44,4,0
TEL-11446,2026-04,15.16,406,18.5,16,739.13,3,0
TEL-11446,2026-05,12.2,47,33.3,15,677.25,3,0
TEL-11446,2026-06,11.07,234,32.9,9,669.3,4,0
TEL-11447,2026-01,0.61,101,0.7,10,323.45,1,0
TEL-11447,2026-02,1.8,143,0.3,10,328.64,3,0
TEL-11447,2026-03,2.09,181,1.3,9,331.8,3,0
TEL-11447,2026-04,1.55,193,1.1,11,287.11,2,0
TEL-11447,2026-05,1.37,65,0.7,8,320.94,4,0
TEL-11447,2026-06,1.5,241,0.2,13,278.05,3,0
TEL-11448,2026-01,29.54,109,0.4,6,347.43,3,0
TEL-11448,2026-02,24.16,128,0.5,6,359.07,3,0
TEL-11448,2026-03,32.41,219,0.7,5,327.88,1,0
TEL-11448,2026-04,17.48,77,0.3,7,305.01,4,0
TEL-11448,2026-05,16.59,154,0.0,8,310.92,4,0
TEL-11448,2026-06,23.21,198,0.5,5,334.23,2,0
TEL-11449,2026-01,2.87,286,0.2,11,145.72,3,0
TEL-11449,2026-02,2.49,171,0.2,5,136.34,3,0
TEL-11449,2026-03,1.79,208,0.2,8,174.84,3,0
TEL-11449,2026-04,2.96,219,0.4,12,188.18,4,0
TEL-11449,2026-05,2.2,263,0.6,10,150.57,3,0
TEL-11449,2026-06,2.77,222,0.2,9,163.71,3,0
TEL-11450,2026-01,29.62,150,0.3,5,441.28,1,0
TEL-11450,2026-02,22.3,215,0.7,7,439.28,4,0
TEL-11450,2026-03,24.92,223,0.3,4,425.35,4,0
TEL-11450,2026-04,23.02,155,0.0,6,332.46,2,0
TEL-11450,2026-05,21.8,242,0.8,1,331.43,3,0
TEL-11450,2026-06,23.57,250,0.3,4,361.6,2,0
TEL-11451,2026-01,13.16,205,0.1,16,196.63,1,0
TEL-11451,2026-02,12.06,77,0.3,10,199.76,4,0
TEL-11451,2026-03,12.78,86,1.0,7,252.93,4,0
TEL-11451,2026-04,11.64,245,0.8,10,238.13,4,0
TEL-11451,2026-05,10.31,192,1.5,6,198.7,4,0
TEL-11451,2026-06,16.55,176,0.5,6,231.16,3,0
TEL-11452,2026-01,10.36,425,0.2,9,323.21,4,0
TEL-11452,2026-02,12.81,353,0.7,11,305.25,3,0
TEL-11452,2026-03,7.69,279,1.0,17,294.54,3,0
TEL-11452,2026-04,14.25,641,0.3,9,273.14,4,0
TEL-11452,2026-05,15.41,512,1.9,12,303.83,3,0
TEL-11452,2026-06,17.93,262,0.5,12,352.57,2,0
TEL-11453,2026-01,5.45,80,0.1,5,206.52,1,0
TEL-11453,2026-02,5.22,81,0.2,7,190.2,3,0
TEL-11453,2026-03,7.96,97,0.1,3,221.12,2,0
TEL-11453,2026-04,5.04,90,0.1,3,209.51,1,0
TEL-11453,2026-05,4.67,57,1.5,9,185.14,1,0
TEL-11453,2026-06,6.07,63,0.1,3,213.75,2,0
TEL-11454,2026-01,1.53,549,0.3,23,269.7,1,0
TEL-11454,2026-02,2.7,673,1.5,39,238.17,3,0
TEL-11454,2026-03,1.81,222,0.3,31,247.42,2,0
TEL-11454,2026-04,1.49,551,0.2,44,261.46,3,0
TEL-11454,2026-05,1.97,481,0.9,40,242.33,3,0
TEL-11454,2026-06,1.38,511,1.1,30,213.69,1,0
TEL-11455,2026-01,1.8,587,1.4,28,274.31,4,0
TEL-11455,2026-02,1.6,751,0.2,24,267.72,1,0
TEL-11455,2026-03,2.0,816,0.9,21,264.53,4,0
TEL-11455,2026-04,2.02,922,0.1,30,263.8,3,0
TEL-11455,2026-05,1.66,484,1.1,30,278.63,4,0
TEL-11455,2026-06,2.09,336,2.6,27,246.15,3,0
TEL-11456,2026-01,9.4,269,0.3,24,192.67,1,0
TEL-11456,2026-02,6.19,270,1.1,17,214.8,1,0
TEL-11456,2026-03,9.75,372,1.5,20,244.86,4,0
TEL-11456,2026-04,15.06,208,0.9,24,206.91,3,0
TEL-11456,2026-05,13.39,334,0.1,19,215.19,3,0
TEL-11456,2026-06,15.13,389,2.6,18,241.42,2,0
TEL-11457,2026-01,2.06,525,1.9,31,384.96,4,0
TEL-11457,2026-02,2.04,582,0.4,35,325.06,3,0
TEL-11457,2026-03,2.46,809,1.1,28,364.38,3,0
TEL-11457,2026-04,1.66,442,2.5,36,346.59,1,0
TEL-11457,2026-05,1.09,584,1.1,33,313.07,2,0
TEL-11457,2026-06,1.12,439,0.5,53,332.87,2,0
TEL-11458,2026-01,2.29,427,0.8,37,339.62,3,0
TEL-11458,2026-02,1.31,383,0.2,40,333.75,3,0
TEL-11458,2026-03,2.44,521,3.8,19,334.05,2,0
TEL-11458,2026-04,1.49,340,1.0,32,316.19,4,0
TEL-11458,2026-05,1.36,490,0.1,31,304.27,4,0
TEL-11458,2026-06,2.24,451,0.2,32,351.07,2,0
TEL-11459,2026-01,2.53,422,17.4,37,311.04,3,0
TEL-11459,2026-02,3.11,585,1.8,30,370.57,1,0
TEL-11459,2026-03,2.85,465,11.4,30,346.47,1,0
TEL-11459,2026-04,2.1,349,11.9,19,310.74,2,0
TEL-11459,2026-05,2.57,726,38.8,31,352.84,4,0
TEL-11459,2026-06,2.66,525,16.4,35,314.31,3,0
TEL-11460,2026-01,3.71,164,1.1,7,336.39,3,0
TEL-11460,2026-02,2.97,275,0.1,12,280.96,4,0
TEL-11460,2026-03,3.22,297,1.0,10,286.63,1,0
TEL-11460,2026-04,3.1,225,1.9,10,300.44,4,0
TEL-11460,2026-05,4.14,130,0.2,15,314.09,3,0
TEL-11460,2026-06,2.7,242,0.1,8,266.15,2,0
TEL-11461,2026-01,3.86,88,0.2,7,358.27,1,0
TEL-11461,2026-02,4.14,160,0.4,6,275.58,3,0
TEL-11461,2026-03,4.63,85,0.3,8,277.1,3,0
TEL-11461,2026-04,4.33,202,0.9,11,292.32,2,0
TEL-11461,2026-05,4.12,121,0.9,7,289.02,2,0
TEL-11461,2026-06,4.88,147,0.5,6,340.67,2,0
TEL-11462,2026-01,19.29,471,0.4,21,507.0,4,0
TEL-11462,2026-02,15.05,396,1.3,16,582.04,4,0
TEL-11462,2026-03,20.57,537,0.1,17,588.43,2,0
TEL-11462,2026-04,19.3,297,0.7,11,583.05,3,0
TEL-11462,2026-05,22.06,439,0.9,27,557.27,2,0
TEL-11462,2026-06,19.35,359,1.3,25,606.97,3,0
TEL-11463,2026-01,39.58,160,0.4,4,292.27,1,0
TEL-11463,2026-02,25.15,145,1.1,5,437.56,1,0
TEL-11463,2026-03,44.67,101,0.1,8,407.57,3,0
TEL-11463,2026-04,48.3,189,0.1,5,319.02,3,0
TEL-11463,2026-05,28.62,98,0.1,6,377.15,4,0
TEL-11463,2026-06,34.46,94,0.2,8,403.98,1,0
TEL-11464,2026-01,16.83,234,1.6,4,421.47,4,0
TEL-11464,2026-02,24.12,195,0.1,6,359.67,2,0
TEL-11464,2026-03,23.86,199,0.1,4,422.58,1,0
TEL-11464,2026-04,22.77,186,0.9,7,351.36,1,0
TEL-11464,2026-05,19.84,121,0.3,7,339.7,2,0
TEL-11464,2026-06,18.82,204,0.0,8,472.15,1,0
TEL-11465,2026-01,19.14,142,0.3,7,215.33,3,0
TEL-11465,2026-02,10.09,168,0.3,7,271.37,1,0
TEL-11465,2026-03,17.21,180,1.0,8,218.15,2,0
TEL-11465,2026-04,22.35,167,0.0,7,256.51,1,0
TEL-11465,2026-05,12.65,119,0.7,8,274.61,4,0
TEL-11465,2026-06,15.02,174,0.9,8,249.9,1,0
TEL-11466,2026-01,3.37,93,0.8,12,303.01,3,0
TEL-11466,2026-02,5.27,192,0.1,10,281.36,2,0
TEL-11466,2026-03,3.71,107,0.9,6,266.42,2,0
TEL-11466,2026-04,5.1,144,0.8,13,324.67,3,0
TEL-11466,2026-05,4.83,132,0.7,9,291.22,2,0
TEL-11466,2026-06,3.74,115,0.1,11,223.86,1,0
TEL-11467,2026-01,2.42,134,1.0,6,106.18,2,0
TEL-11467,2026-02,4.0,158,0.2,9,106.01,3,0
TEL-11467,2026-03,2.24,111,3.5,6,118.74,4,0
TEL-11467,2026-04,2.39,38,2.4,2,123.6,4,0
TEL-11467,2026-05,2.73,105,1.0,2,116.11,4,0
TEL-11467,2026-06,4.0,103,1.4,1,126.85,3,0
TEL-11468,2026-01,3.07,115,4.3,11,320.95,1,0
TEL-11468,2026-02,2.66,145,0.5,3,256.41,2,0
TEL-11468,2026-03,2.23,96,8.0,5,249.76,3,0
TEL-11468,2026-04,2.65,137,3.8,5,323.39,3,0
TEL-11468,2026-05,3.52,143,3.5,4,297.08,2,0
TEL-11468,2026-06,2.92,155,22.7,9,281.61,2,0
TEL-11469,2026-01,17.78,334,1.6,23,324.8,3,0
TEL-11469,2026-02,16.8,194,0.3,25,400.43,2,0
TEL-11469,2026-03,15.27,201,1.1,25,456.69,3,0
TEL-11469,2026-04,19.57,283,1.4,24,0.0,2,0
TEL-11469,2026-05,15.27,274,1.4,27,384.08,3,0
TEL-11469,2026-06,21.57,262,0.9,29,419.73,3,0
TEL-11470,2026-01,3.23,115,25.5,8,461.54,2,0
TEL-11470,2026-02,3.68,173,39.8,9,593.69,3,0
TEL-11470,2026-03,5.84,116,10.8,1,541.12,2,0
TEL-11470,2026-04,78.19,102,0.5,8,0.0,0,2
TEL-11470,2026-05,51.0,171,1.3,5,0.0,0,2
TEL-11470,2026-06,103.14,104,8.9,12,0.0,0,2
TEL-11471,2026-01,4.36,150,2.2,11,239.74,4,0
TEL-11471,2026-02,5.52,163,0.9,15,215.8,3,0
TEL-11471,2026-03,6.18,104,1.1,12,231.72,2,0
TEL-11471,2026-04,6.73,164,1.5,15,201.8,2,0
TEL-11471,2026-05,5.79,86,1.1,9,270.34,4,0
TEL-11471,2026-06,5.87,99,1.2,10,242.3,4,0
TEL-11472,2026-01,13.96,328,0.5,16,364.07,4,0
TEL-11472,2026-02,16.28,394,1.2,9,407.01,2,0
TEL-11472,2026-03,10.25,327,1.6,16,397.68,1,0
TEL-11472,2026-04,16.76,278,0.1,18,324.86,2,0
TEL-11472,2026-05,13.83,415,0.7,20,363.96,4,0
TEL-11472,2026-06,14.72,445,0.8,8,351.4,2,0
TEL-11473,2026-01,4.34,101,0.8,10,358.78,3,0
TEL-11473,2026-02,3.75,108,0.5,8,329.39,3,0
TEL-11473,2026-03,3.73,163,1.0,9,363.21,1,0
TEL-11473,2026-04,2.96,109,1.1,12,333.03,1,0
TEL-11473,2026-05,3.36,149,2.2,7,447.4,2,0
TEL-11473,2026-06,1.98,143,0.1,9,349.44,1,0
TEL-11474,2026-01,1.62,464,0.9,35,193.87,3,0
TEL-11474,2026-02,2.22,648,0.2,23,166.0,3,0
TEL-11474,2026-03,1.56,354,0.8,29,199.45,1,0
TEL-11474,2026-04,1.88,448,0.1,27,186.8,3,0
TEL-11474,2026-05,2.33,424,0.5,44,176.69,1,0
TEL-11474,2026-06,1.99,567,0.8,25,196.16,1,0
TEL-11475,2026-01,37.82,179,0.5,4,294.58,2,0
TEL-11475,2026-02,34.44,160,0.3,9,366.01,4,0
TEL-11475,2026-03,32.16,146,0.3,7,438.9,3,0
TEL-11475,2026-04,33.27,130,0.5,4,363.47,4,0
TEL-11475,2026-05,36.54,156,0.3,6,256.48,4,0
TEL-11475,2026-06,33.12,148,0.5,8,377.16,1,0
TEL-11476,2026-01,2.33,178,0.6,6,313.74,4,0
TEL-11476,2026-02,2.82,103,0.6,15,271.42,3,0
TEL-11476,2026-03,2.46,137,0.1,4,265.97,2,0
TEL-11476,2026-04,1.74,162,0.0,4,263.52,3,0
TEL-11476,2026-05,2.32,152,1.3,10,274.8,1,0
TEL-11476,2026-06,4.41,155,2.1,8,270.5,1,0
TEL-11477,2026-01,2.94,247,2.2,13,357.07,2,0
TEL-11477,2026-02,3.38,244,14.7,13,341.41,3,0
TEL-11477,2026-03,3.55,254,5.8,10,355.9,4,0
TEL-11477,2026-04,2.11,168,1.8,8,327.87,3,0
TEL-11477,2026-05,4.47,171,24.7,7,308.86,2,0
TEL-11477,2026-06,3.54,128,1.3,16,308.28,4,0
TEL-11478,2026-01,3.71,117,0.6,9,182.25,3,0
TEL-11478,2026-02,4.26,205,0.2,8,197.17,4,0
TEL-11478,2026-03,3.08,108,0.5,8,179.26,4,0
TEL-11478,2026-04,3.83,114,0.2,7,190.88,4,0
TEL-11478,2026-05,3.45,236,4.5,8,203.53,1,0
TEL-11478,2026-06,4.88,214,1.2,7,174.91,1,0
TEL-11479,2026-01,28.23,395,1.7,15,503.61,1,0
TEL-11479,2026-02,20.98,505,0.9,13,475.17,4,0
TEL-11479,2026-03,26.61,410,0.5,14,467.77,2,0
TEL-11479,2026-04,10.24,462,0.6,13,449.8,3,0
TEL-11479,2026-05,18.87,343,0.4,8,445.46,3,0
TEL-11479,2026-06,13.96,378,0.1,15,450.34,2,0
TEL-11480,2026-01,5.15,226,0.1,8,275.58,3,0
TEL-11480,2026-02,4.52,157,0.4,11,327.73,2,0
TEL-11480,2026-03,4.56,177,0.1,11,331.79,4,0
TEL-11480,2026-04,4.19,170,0.4,12,276.13,1,0
TEL-11480,2026-05,3.15,168,0.1,8,268.88,1,0
TEL-11480,2026-06,3.35,257,1.2,6,347.01,1,0
TEL-11481,2026-01,5.57,192,3.1,5,218.32,3,0
TEL-11481,2026-02,6.63,215,0.1,7,221.94,3,0
TEL-11481,2026-03,4.06,126,1.1,7,197.09,1,0
TEL-11481,2026-04,5.94,87,0.6,7,202.94,1,0
TEL-11481,2026-05,4.92,162,0.2,8,193.83,3,0
TEL-11481,2026-06,5.05,184,0.2,10,189.02,2,0
TEL-11482,2026-01,31.45,179,0.3,2,538.46,4,0
TEL-11482,2026-02,25.9,245,0.8,10,431.13,3,0
TEL-11482,2026-03,21.47,126,0.5,5,519.21,3,0
TEL-11482,2026-04,28.71,100,0.9,4,489.63,4,0
TEL-11482,2026-05,23.47,169,1.0,4,516.95,4,0
TEL-11482,2026-06,21.17,139,0.5,1,476.85,2,0
TEL-11483,2026-01,6.61,224,0.3,5,318.84,3,0
TEL-11483,2026-02,5.28,287,0.8,8,387.71,4,0
TEL-11483,2026-03,4.54,230,1.7,2,355.75,2,0
TEL-11483,2026-04,4.21,288,0.3,8,374.22,4,0
TEL-11483,2026-05,6.61,119,0.4,3,399.77,4,0
TEL-11483,2026-06,7.5,164,0.9,8,324.17,1,0
TEL-11484,2026-01,4.96,113,0.2,6,298.84,1,0
TEL-11484,2026-02,4.99,175,0.3,6,313.78,2,0
TEL-11484,2026-03,3.99,202,0.2,1,272.82,2,0
TEL-11484,2026-04,6.17,63,0.1,3,301.7,1,0
TEL-11484,2026-05,4.25,129,0.7,2,295.86,2,0
TEL-11484,2026-06,3.18,112,0.5,7,313.69,2,0
TEL-11485,2026-01,25.5,173,1.2,2,810.12,3,0
TEL-11485,2026-02,29.01,246,9.1,4,711.5,4,0
TEL-11485,2026-03,25.12,169,35.1,3,557.74,4,0
TEL-11485,2026-04,38.57,144,5.4,4,665.42,3,0
TEL-11485,2026-05,20.85,175,15.3,1,637.91,3,0
TEL-11485,2026-06,36.15,181,13.0,5,631.78,4,0
TEL-11486,2026-01,4.02,159,1.1,5,285.99,3,0
TEL-11486,2026-02,2.06,83,28.1,8,326.57,2,0
TEL-11486,2026-03,4.1,145,13.2,7,306.22,2,0
TEL-11486,2026-04,2.89,172,7.0,1,307.16,1,0
TEL-11486,2026-05,4.31,123,1.4,10,274.23,1,0
TEL-11486,2026-06,4.89,194,7.7,3,306.06,1,0
TEL-11487,2026-01,4.92,177,0.5,7,154.73,3,0
TEL-11487,2026-02,2.85,155,0.1,7,117.6,1,0
TEL-11487,2026-03,3.67,154,0.1,3,128.03,1,0
TEL-11487,2026-04,2.57,147,0.6,4,142.26,4,0
TEL-11487,2026-05,3.34,118,1.1,9,139.19,4,0
TEL-11487,2026-06,3.51,235,0.8,4,101.02,3,0
TEL-11488,2026-01,0.84,588,0.2,25,170.26,1,0
TEL-11488,2026-02,1.55,366,0.4,45,153.23,1,0
TEL-11488,2026-03,1.46,727,0.9,38,132.42,4,0
TEL-11488,2026-04,1.12,975,1.2,32,128.24,2,0
TEL-11488,2026-05,0.69,479,0.5,38,167.31,4,0
TEL-11488,2026-06,1.24,629,0.4,43,165.94,4,0
TEL-11489,2026-01,63.0,108,22.8,5,698.82,4,0
TEL-11489,2026-02,26.1,137,11.6,2,680.41,4,0
TEL-11489,2026-03,35.91,222,12.6,3,816.17,4,0
TEL-11489,2026-04,43.5,111,16.8,2,756.85,2,0
TEL-11489,2026-05,23.81,121,5.2,2,644.84,2,0
TEL-11489,2026-06,21.32,196,21.3,4,861.71,2,0
TEL-11490,2026-01,3.09,493,0.7,30,195.53,3,0
TEL-11490,2026-02,1.8,802,1.0,31,177.67,4,0
TEL-11490,2026-03,1.39,489,0.4,32,173.65,4,0
TEL-11490,2026-04,1.73,814,0.4,33,203.19,4,0
TEL-11490,2026-05,2.3,630,0.9,40,168.13,2,0
TEL-11490,2026-06,2.17,455,0.5,21,252.9,4,0
TEL-11491,2026-01,3.68,107,0.1,12,310.39,1,0
TEL-11491,2026-02,4.8,126,0.7,12,298.58,2,0
TEL-11491,2026-03,4.57,89,0.9,12,260.88,2,0
TEL-11491,2026-04,4.3,89,2.7,7,300.82,4,0
TEL-11491,2026-05,4.05,86,2.1,13,340.29,2,0
TEL-11491,2026-06,3.87,32,0.1,5,235.03,1,0
TEL-11492,2026-01,2.95,715,1.5,24,230.0,2,0
TEL-11492,2026-02,3.27,711,0.0,35,259.03,3,0
TEL-11492,2026-03,3.18,579,1.5,29,260.78,1,0
TEL-11492,2026-04,2.3,551,0.3,34,277.36,1,0
TEL-11492,2026-05,2.11,938,0.1,22,259.22,4,0
TEL-11492,2026-06,2.35,401,0.4,26,214.27,3,0
TEL-11493,2026-01,3.92,66,1.0,9,240.01,4,0
TEL-11493,2026-02,3.45,89,0.3,9,266.13,1,0
TEL-11493,2026-03,3.72,93,0.6,11,230.86,1,0
TEL-11493,2026-04,3.48,91,0.2,8,241.33,1,0
TEL-11493,2026-05,4.1,110,0.7,4,236.84,3,0
TEL-11493,2026-06,2.82,72,0.6,7,264.59,2,0
TEL-11494,2026-01,22.68,198,0.5,16,220.31,4,0
TEL-11494,2026-02,18.28,364,0.2,10,235.14,4,0
TEL-11494,2026-03,13.62,190,0.3,9,247.94,2,0
TEL-11494,2026-04,16.94,216,1.3,10,245.5,2,0
TEL-11494,2026-05,10.27,185,0.3,6,237.04,4,0
TEL-11494,2026-06,19.53,278,0.3,7,264.64,2,0
TEL-11495,2026-01,18.41,167,1.2,7,343.95,4,0
TEL-11495,2026-02,25.88,260,0.5,3,325.08,2,0
TEL-11495,2026-03,19.31,204,0.1,6,386.81,2,0
TEL-11495,2026-04,23.32,275,0.1,0,354.22,1,0
TEL-11495,2026-05,29.17,151,0.9,5,286.28,1,0
TEL-11495,2026-06,19.83,257,0.8,5,319.72,4,0
TEL-11496,2026-01,17.13,218,0.1,14,285.09,2,0
TEL-11496,2026-02,20.44,213,1.4,13,338.22,1,0
TEL-11496,2026-03,13.5,250,0.4,14,349.65,2,0
TEL-11496,2026-04,13.21,233,1.7,15,336.17,3,0
TEL-11496,2026-05,21.56,175,0.1,14,322.46,2,0
TEL-11496,2026-06,20.46,419,0.3,15,305.74,3,0
TEL-11497,2026-01,34.98,264,0.1,4,397.24,3,0
TEL-11497,2026-02,32.8,225,1.5,6,388.58,2,0
TEL-11497,2026-03,32.41,248,0.5,3,373.06,3,0
TEL-11497,2026-04,30.98,185,0.9,5,380.8,3,0
TEL-11497,2026-05,29.39,330,0.0,3,403.08,1,0
TEL-11497,2026-06,36.4,319,1.8,5,365.28,3,0
TEL-11498,2026-01,38.69,145,0.1,4,506.33,3,0
TEL-11498,2026-02,45.95,132,0.1,12,526.11,2,0
TEL-11498,2026-03,38.68,132,0.7,7,573.67,4,0
TEL-11498,2026-04,39.82,205,0.7,3,586.64,2,0
TEL-11498,2026-05,48.07,102,0.3,4,496.08,4,0
TEL-11498,2026-06,44.22,159,0.3,4,560.18,3,0
TEL-11499,2026-01,2.88,189,0.1,4,121.71,1,0
TEL-11499,2026-02,4.33,188,0.3,5,141.15,3,0
TEL-11499,2026-03,4.33,206,0.3,8,118.79,3,0
TEL-11499,2026-04,4.2,200,1.8,12,114.42,4,0
TEL-11499,2026-05,4.04,202,0.4,3,117.97,3,0
TEL-11499,2026-06,3.04,253,0.1,4,144.33,1,0
TEL-11500,2026-01,5.44,134,0.7,12,102.27,2,0
TEL-11500,2026-02,5.72,129,1.7,12,128.45,3,0
TEL-11500,2026-03,5.78,156,1.8,9,115.91,3,0
TEL-11500,2026-04,4.28,107,0.6,13,115.94,1,0
TEL-11500,2026-05,6.53,198,5.5,11,127.1,2,0
TEL-11500,2026-06,7.38,54,1.2,6,115.91,2,0
TEL-11501,2026-01,3.32,136,7.1,9,342.92,1,0
TEL-11501,2026-02,2.55,172,4.4,1,456.44,2,0
TEL-11501,2026-03,1.85,116,13.1,8,524.34,1,0
TEL-11501,2026-04,3.09,78,12.4,7,429.48,4,0
TEL-11501,2026-05,2.85,116,31.8,6,427.77,3,0
TEL-11501,2026-06,1.85,90,12.9,8,386.76,4,0
TEL-11502,2026-01,35.67,244,1.3,15,585.17,2,0
TEL-11502,2026-02,39.44,378,0.8,17,415.48,1,0
TEL-11502,2026-03,39.93,288,0.5,17,601.08,2,0
TEL-11502,2026-04,22.08,302,1.3,21,514.42,2,0
TEL-11502,2026-05,19.19,417,0.0,16,582.39,3,0
TEL-11502,2026-06,44.21,220,0.9,13,510.5,1,0
TEL-11503,2026-01,3.22,359,0.4,32,359.15,1,0
TEL-11503,2026-02,2.27,436,0.3,33,343.38,4,0
TEL-11503,2026-03,2.95,562,0.0,33,332.02,2,0
TEL-11503,2026-04,2.46,464,0.8,32,339.56,4,0
TEL-11503,2026-05,2.77,385,1.2,35,342.15,4,0
TEL-11503,2026-06,2.76,508,0.3,31,358.9,4,0
TEL-11504,2026-01,2.2,614,0.9,32,247.34,2,0
TEL-11504,2026-02,3.29,705,1.0,35,324.05,3,0
TEL-11504,2026-03,2.56,315,2.7,30,312.83,1,0
TEL-11504,2026-04,1.77,835,0.7,43,304.27,3,0
TEL-11504,2026-05,3.14,656,0.2,23,259.55,2,0
TEL-11504,2026-06,2.69,566,1.4,26,269.37,4,0
TEL-11505,2026-01,5.38,187,1.3,5,262.48,2,0
TEL-11505,2026-02,4.97,137,0.8,9,269.3,1,0
TEL-11505,2026-03,3.48,121,0.3,10,279.09,1,0
TEL-11505,2026-04,4.72,134,1.9,13,290.64,2,0
TEL-11505,2026-05,3.32,108,1.7,6,305.12,3,0
TEL-11505,2026-06,3.37,192,1.1,5,283.41,4,0
TEL-11506,2026-01,17.79,136,0.5,8,413.16,4,0
TEL-11506,2026-02,24.62,133,0.4,17,381.85,4,0
TEL-11506,2026-03,32.87,154,0.9,14,392.4,1,0
TEL-11506,2026-04,25.44,105,0.3,7,341.45,3,0
TEL-11506,2026-05,26.33,114,0.0,5,365.6,4,0
TEL-11506,2026-06,36.67,145,1.8,7,402.81,2,0
TEL-11507,2026-01,58.09,158,2.9,4,534.0,3,0
TEL-11507,2026-02,49.06,173,1.2,3,514.41,1,0
TEL-11507,2026-03,24.53,216,0.4,1,565.32,3,0
TEL-11507,2026-04,23.07,173,1.0,7,609.77,4,0
TEL-11507,2026-05,51.1,133,0.9,3,641.12,1,0
TEL-11507,2026-06,36.85,143,0.5,7,532.84,1,0
TEL-11508,2026-01,3.6,105,0.1,8,162.24,1,0
TEL-11508,2026-02,4.77,181,0.8,8,164.14,2,0
TEL-11508,2026-03,2.53,86,0.1,6,183.59,2,0
TEL-11508,2026-04,3.4,160,0.3,5,156.81,3,0
TEL-11508,2026-05,3.56,143,0.1,8,182.55,2,0
TEL-11508,2026-06,4.56,69,0.0,4,141.74,1,0
TEL-11509,2026-01,2.3,181,23.9,9,302.99,4,0
TEL-11509,2026-02,2.99,235,7.8,5,287.64,4,0
TEL-11509,2026-03,2.55,250,44.7,12,281.4,4,0
TEL-11509,2026-04,2.87,239,1.5,9,355.25,4,0
TEL-11509,2026-05,3.82,259,0.1,8,276.12,4,0
TEL-11509,2026-06,2.59,125,11.1,4,354.35,2,0
TEL-11510,2026-01,27.59,638,1.6,8,684.13,2,0
TEL-11510,2026-02,9.38,295,0.8,7,666.25,2,0
TEL-11510,2026-03,16.0,386,0.2,6,619.54,2,0
TEL-11510,2026-04,13.2,441,0.1,7,710.43,1,0
TEL-11510,2026-05,27.71,442,0.2,9,706.31,4,0
TEL-11510,2026-06,24.14,415,0.7,6,734.0,4,0
TEL-11511,2026-01,3.37,268,0.5,7,366.46,2,0
TEL-11511,2026-02,3.47,141,0.3,13,348.64,2,0
TEL-11511,2026-03,2.82,213,0.0,13,428.03,2,0
TEL-11511,2026-04,4.65,163,0.8,7,328.93,2,0
TEL-11511,2026-05,2.78,114,0.5,12,283.62,2,0
TEL-11511,2026-06,3.5,120,0.6,9,285.26,4,0
TEL-11512,2026-01,3.59,652,0.0,42,328.75,3,0
TEL-11512,2026-02,4.19,829,0.5,43,278.41,2,0
TEL-11512,2026-03,3.26,623,0.4,44,311.15,4,0
TEL-11512,2026-04,4.23,610,0.9,36,276.95,2,0
TEL-11512,2026-05,3.6,660,3.4,41,306.3,2,0
TEL-11512,2026-06,1.77,412,0.4,47,280.94,2,0
TEL-11513,2026-01,3.13,348,0.2,44,140.48,4,0
TEL-11513,2026-02,3.24,307,1.9,38,175.64,3,0
TEL-11513,2026-03,2.43,460,0.7,36,155.92,1,0
TEL-11513,2026-04,3.1,404,0.3,34,160.62,2,0
TEL-11513,2026-05,2.78,444,0.2,37,156.84,4,0
TEL-11513,2026-06,3.02,300,0.1,35,157.68,4,0
TEL-11514,2026-01,42.38,238,0.4,5,629.21,1,0
TEL-11514,2026-02,41.61,174,0.2,4,576.9,4,0
TEL-11514,2026-03,36.94,158,0.3,6,577.7,4,0
TEL-11514,2026-04,30.32,153,0.6,4,549.59,4,0
TEL-11514,2026-05,32.57,188,1.3,3,595.22,1,0
TEL-11514,2026-06,37.55,189,3.3,6,505.54,4,0
TEL-11515,2026-01,3.79,169,1.2,8,222.66,2,0
TEL-11515,2026-02,5.59,159,0.1,7,193.07,4,0
TEL-11515,2026-03,4.89,140,0.2,4,247.4,3,0
TEL-11515,2026-04,4.62,231,1.3,6,235.46,4,0
TEL-11515,2026-05,4.53,201,0.8,10,214.64,2,0
TEL-11515,2026-06,5.33,323,1.1,9,206.08,1,0
TEL-11516,2026-01,10.56,197,0.7,7,380.5,4,0
TEL-11516,2026-02,13.76,549,0.2,11,300.1,2,0
TEL-11516,2026-03,12.29,417,0.0,14,306.41,3,0
TEL-11516,2026-04,11.52,482,2.7,13,364.57,2,0
TEL-11516,2026-05,10.97,452,4.7,12,349.74,4,0
TEL-11516,2026-06,10.27,547,0.4,10,280.47,1,0
TEL-11517,2026-01,2.78,149,1.0,3,124.7,2,0
TEL-11517,2026-02,2.57,150,0.3,6,121.56,2,0
TEL-11517,2026-03,3.89,110,2.4,2,113.02,4,0
TEL-11517,2026-04,3.22,149,1.6,6,139.42,1,0
TEL-11517,2026-05,2.97,91,0.6,6,148.21,2,0
TEL-11517,2026-06,3.98,155,0.1,10,119.0,4,0
TEL-11518,2026-01,21.07,459,0.2,10,372.34,2,0
TEL-11518,2026-02,16.96,378,3.0,11,269.23,2,0
TEL-11518,2026-03,24.49,415,0.2,8,369.36,2,0
TEL-11518,2026-04,11.63,313,0.6,9,312.51,2,0
TEL-11518,2026-05,18.09,397,1.3,9,401.97,2,0
TEL-11518,2026-06,21.07,459,0.5,12,380.17,2,0
TEL-11519,2026-01,20.74,302,17.0,11,592.27,3,0
TEL-11519,2026-02,23.23,306,1.9,20,691.61,4,0
TEL-11519,2026-03,31.12,206,1.4,17,601.14,3,0
TEL-11519,2026-04,21.95,305,17.5,19,539.29,2,0
TEL-11519,2026-05,23.69,278,24.0,22,642.16,1,0
TEL-11519,2026-06,33.64,227,20.5,15,528.33,3,0
TEL-11520,2026-01,60.6,166,0.5,10,564.76,4,0
TEL-11520,2026-02,53.18,326,0.3,7,628.96,1,0
TEL-11520,2026-03,23.46,267,1.7,10,560.14,2,0
TEL-11520,2026-04,54.3,209,0.7,7,688.45,2,0
TEL-11520,2026-05,40.49,207,1.7,8,482.87,1,0
TEL-11520,2026-06,54.73,138,0.2,6,679.86,2,0
TEL-11521,2026-01,32.3,73,0.6,9,550.49,3,0
TEL-11521,2026-02,42.15,73,0.2,3,487.76,2,0
TEL-11521,2026-03,27.98,82,2.7,9,468.47,2,0
TEL-11521,2026-04,30.53,80,0.0,12,441.21,2,0
TEL-11521,2026-05,36.3,48,0.3,8,498.7,4,0
TEL-11521,2026-06,16.94,87,1.4,9,454.69,3,0
TEL-11522,2026-01,3.02,479,1.5,34,319.21,2,0
TEL-11522,2026-02,1.49,410,0.1,41,325.04,2,0
TEL-11522,2026-03,1.81,435,0.1,41,321.93,4,0
TEL-11522,2026-04,1.46,328,1.1,40,328.78,4,0
TEL-11522,2026-05,2.08,311,0.2,42,324.21,1,0
TEL-11522,2026-06,1.67,608,0.1,40,281.22,2,0
TEL-11523,2026-01,16.6,472,0.7,8,241.49,2,0
TEL-11523,2026-02,18.81,383,0.1,7,270.76,1,0
TEL-11523,2026-03,18.91,617,0.9,12,256.09,2,0
TEL-11523,2026-04,18.93,749,1.2,9,247.27,2,0
TEL-11523,2026-05,16.52,656,0.3,7,218.85,4,0
TEL-11523,2026-06,15.36,608,0.7,7,237.98,3,0
TEL-11524,2026-01,3.54,89,1.5,4,178.16,1,0
TEL-11524,2026-02,2.71,162,1.0,3,224.21,2,0
TEL-11524,2026-03,5.21,140,1.0,6,190.7,4,0
TEL-11524,2026-04,3.63,123,0.3,5,171.65,4,0
TEL-11524,2026-05,5.07,125,0.4,2,192.75,2,0
TEL-11524,2026-06,3.98,109,0.1,4,181.91,3,0
TEL-11525,2026-01,4.65,174,0.7,9,196.56,4,0
TEL-11525,2026-02,3.16,148,9.3,12,180.28,4,0
TEL-11525,2026-03,5.32,111,0.8,10,200.84,2,0
TEL-11525,2026-04,4.82,134,0.2,7,154.88,1,0
TEL-11525,2026-05,2.32,83,0.2,8,218.35,2,0
TEL-11525,2026-06,4.66,173,0.4,8,184.14,3,0
TEL-11526,2026-01,36.11,261,0.1,7,442.73,3,0
TEL-11526,2026-02,14.43,56,1.3,10,449.36,1,0
TEL-11526,2026-03,19.11,92,1.5,6,485.53,4,0
TEL-11526,2026-04,24.2,175,1.5,9,417.04,2,0
TEL-11526,2026-05,17.85,176,0.5,12,418.17,4,0
TEL-11526,2026-06,18.02,193,1.7,7,411.7,4,0
TEL-11527,2026-01,2.32,610,2.2,35,580.79,1,0
TEL-11527,2026-02,2.91,448,2.4,20,661.31,4,0
TEL-11527,2026-03,2.08,717,27.2,27,653.44,1,0
TEL-11527,2026-04,2.33,723,16.5,37,663.36,2,0
TEL-11527,2026-05,2.48,391,5.9,30,672.88,1,0
TEL-11527,2026-06,2.43,648,2.0,24,775.72,1,0
TEL-11528,2026-01,21.76,267,1.9,3,525.97,1,0
TEL-11528,2026-02,38.8,220,0.1,3,486.33,2,0
TEL-11528,2026-03,25.3,229,1.3,1,544.76,3,0
TEL-11528,2026-04,44.79,186,0.2,3,521.91,4,0
TEL-11528,2026-05,39.88,252,0.1,10,616.13,3,0
TEL-11528,2026-06,50.01,149,1.6,4,562.68,1,0
TEL-11529,2026-01,47.73,175,1.5,5,538.81,1,0
TEL-11529,2026-02,27.95,109,0.0,6,566.54,3,0
TEL-11529,2026-03,49.09,99,0.2,4,529.75,3,0
TEL-11529,2026-04,38.11,134,1.8,2,508.92,1,0
TEL-11529,2026-05,34.81,148,0.4,3,650.32,2,0
TEL-11529,2026-06,41.0,136,1.0,11,607.36,2,0
TEL-11530,2026-01,19.38,144,2.6,9,388.49,2,0
TEL-11530,2026-02,29.77,218,0.6,8,425.28,3,0
TEL-11530,2026-03,20.51,195,0.0,7,416.43,2,0
TEL-11530,2026-04,19.4,247,0.3,3,407.29,1,0
TEL-11530,2026-05,25.67,194,0.8,3,400.7,2,0
TEL-11530,2026-06,30.5,243,0.8,4,431.64,2,0
TEL-11531,2026-01,4.18,480,2.8,29,311.38,4,0
TEL-11531,2026-02,3.13,538,1.1,39,325.32,1,0
TEL-11531,2026-03,1.37,855,0.3,47,288.22,1,0
TEL-11531,2026-04,3.39,476,0.4,42,336.48,2,0
TEL-11531,2026-05,3.43,911,0.1,42,332.73,1,0
TEL-11531,2026-06,2.27,382,0.5,41,323.9,2,0
TEL-11532,2026-01,4.11,634,1.9,28,180.65,3,0
TEL-11532,2026-02,4.53,541,0.5,30,224.7,1,0
TEL-11532,2026-03,3.52,347,1.9,30,222.7,2,0
TEL-11532,2026-04,3.12,638,0.2,28,179.84,2,0
TEL-11532,2026-05,3.24,618,0.6,29,212.5,4,0
TEL-11532,2026-06,3.11,467,0.0,28,229.05,3,0
TEL-11533,2026-01,2.32,175,0.2,9,194.83,2,0
TEL-11533,2026-02,2.67,192,0.2,15,217.87,3,0
TEL-11533,2026-03,2.55,177,1.9,8,169.13,3,0
TEL-11533,2026-04,1.89,120,0.4,7,205.78,3,0
TEL-11533,2026-05,1.95,128,1.1,6,231.92,4,0
TEL-11533,2026-06,2.52,186,0.0,15,209.52,1,0
TEL-11534,2026-01,33.87,287,0.3,2,625.9,1,0
TEL-11534,2026-02,29.5,335,0.2,9,646.46,1,0
TEL-11534,2026-03,30.14,346,1.6,14,652.47,4,0
TEL-11534,2026-04,37.48,209,2.5,7,737.88,3,0
TEL-11534,2026-05,38.9,426,0.3,6,499.65,1,0
TEL-11534,2026-06,27.47,289,0.8,1,644.21,4,0
TEL-11535,2026-01,7.1,438,0.6,19,165.61,2,0
TEL-11535,2026-02,4.74,439,0.2,18,156.78,4,0
TEL-11535,2026-03,5.33,429,0.6,16,177.73,1,0
TEL-11535,2026-04,5.29,421,0.8,16,193.4,3,0
TEL-11535,2026-05,2.62,263,3.0,16,170.6,1,0
TEL-11535,2026-06,6.97,505,0.6,17,199.36,2,0
TEL-11536,2026-01,28.99,190,1.1,3,497.16,4,0
TEL-11536,2026-02,23.09,117,0.1,9,515.12,1,0
TEL-11536,2026-03,24.25,256,1.0,5,456.38,2,0
TEL-11536,2026-04,31.05,184,0.8,5,558.81,2,0
TEL-11536,2026-05,30.92,136,0.6,7,602.6,1,0
TEL-11536,2026-06,23.15,193,0.7,5,532.03,4,0
TEL-11537,2026-01,3.19,553,7.9,32,877.83,4,0
TEL-11537,2026-02,2.1,541,4.4,29,834.13,1,0
TEL-11537,2026-03,2.37,823,2.1,26,810.61,2,0
TEL-11537,2026-04,2.12,751,18.3,32,691.24,1,0
TEL-11537,2026-05,2.14,903,39.7,21,811.35,3,0
TEL-11537,2026-06,1.95,590,3.4,29,715.49,1,0
TEL-11538,2026-01,20.9,265,0.5,25,301.38,1,0
TEL-11538,2026-02,13.39,181,0.1,19,322.01,1,0
TEL-11538,2026-03,17.17,243,2.1,15,266.81,4,0
TEL-11538,2026-04,16.96,259,0.3,23,291.36,2,0
TEL-11538,2026-05,15.74,363,0.0,18,246.58,3,0
TEL-11538,2026-06,15.1,258,0.1,21,269.99,3,0
TEL-11539,2026-01,12.64,227,1.1,11,245.39,2,0
TEL-11539,2026-02,13.09,175,1.4,20,226.42,1,0
TEL-11539,2026-03,20.77,248,0.4,15,237.5,1,0
TEL-11539,2026-04,16.98,263,0.9,20,270.41,1,0
TEL-11539,2026-05,16.51,249,0.4,20,278.24,4,0
TEL-11539,2026-06,12.63,297,1.4,16,215.15,2,0
TEL-11540,2026-01,25.6,152,0.1,11,456.49,3,0
TEL-11540,2026-02,30.53,152,0.5,8,414.51,2,0
TEL-11540,2026-03,35.5,132,0.2,7,402.71,2,0
TEL-11540,2026-04,30.3,97,1.1,7,457.92,1,0
TEL-11540,2026-05,35.17,84,0.4,8,414.54,1,0
TEL-11540,2026-06,19.59,147,2.2,10,417.98,4,0
TEL-11541,2026-01,31.96,65,0.3,3,655.94,3,0
TEL-11541,2026-02,25.5,88,2.6,4,511.0,3,0
TEL-11541,2026-03,29.83,107,0.3,4,560.57,2,0
TEL-11541,2026-04,32.75,91,0.7,3,540.19,1,0
TEL-11541,2026-05,18.16,58,0.1,5,603.19,2,0
TEL-11541,2026-06,25.01,129,0.9,3,527.07,4,0
TEL-11542,2026-01,2.02,194,1.7,3,321.85,3,0
TEL-11542,2026-02,3.36,107,0.7,7,312.16,1,0
TEL-11542,2026-03,3.47,205,0.4,8,314.1,4,0
TEL-11542,2026-04,3.92,172,0.5,3,264.75,1,0
TEL-11542,2026-05,3.48,259,0.4,7,289.33,2,0
TEL-11542,2026-06,1.34,278,1.0,6,303.47,4,0
TEL-11543,2026-01,2.82,680,0.3,20,271.65,3,0
TEL-11543,2026-02,3.24,703,1.2,29,207.5,4,0
TEL-11543,2026-03,3.59,732,0.7,35,235.23,1,0
TEL-11543,2026-04,2.4,466,0.0,25,226.36,1,0
TEL-11543,2026-05,2.39,759,0.0,26,265.94,3,0
TEL-11543,2026-06,3.51,705,0.2,24,240.48,3,0
TEL-11544,2026-01,5.32,95,3.6,18,543.06,4,0
TEL-11544,2026-02,5.18,164,3.2,17,497.59,1,0
TEL-11544,2026-03,5.44,214,10.5,17,531.16,2,0
TEL-11544,2026-04,5.47,200,19.1,10,475.05,2,0
TEL-11544,2026-05,6.49,214,3.6,18,446.93,4,0
TEL-11544,2026-06,4.29,160,9.6,17,424.0,1,0
TEL-11545,2026-01,3.61,192,0.4,17,200.83,1,0
TEL-11545,2026-02,5.0,269,1.4,8,215.2,1,0
TEL-11545,2026-03,2.51,252,0.1,8,209.77,3,0
TEL-11545,2026-04,3.09,284,2.1,10,194.64,3,0
TEL-11545,2026-05,5.9,279,1.4,8,190.69,3,0
TEL-11545,2026-06,4.59,240,1.0,14,174.55,3,0
TEL-11546,2026-01,3.59,123,2.8,7,381.44,3,0
TEL-11546,2026-02,3.59,99,0.8,4,376.34,3,0
TEL-11546,2026-03,4.5,117,0.6,7,316.21,4,0
TEL-11546,2026-04,5.73,116,0.2,4,354.47,1,0
TEL-11546,2026-05,4.41,100,0.1,1,358.5,4,0
TEL-11546,2026-06,6.43,90,0.2,3,325.91,2,0
TEL-11547,2026-01,1.62,699,4.8,24,752.06,2,0
TEL-11547,2026-02,1.74,583,12.6,29,770.61,4,0
TEL-11547,2026-03,1.63,494,2.0,32,629.78,3,0
TEL-11547,2026-04,1.51,187,6.0,30,693.2,4,0
TEL-11547,2026-05,2.07,688,17.1,37,805.92,2,0
TEL-11547,2026-06,0.9,651,17.2,34,774.55,2,0
TEL-11548,2026-01,22.59,145,0.8,4,491.94,1,0
TEL-11548,2026-02,21.76,180,0.0,4,504.82,3,0
TEL-11548,2026-03,20.93,131,0.4,4,519.83,3,0
TEL-11548,2026-04,32.08,150,0.3,6,369.3,3,0
TEL-11548,2026-05,23.87,291,1.7,5,412.45,3,0
TEL-11548,2026-06,9.85,174,0.9,1,454.61,2,0
TEL-11549,2026-01,35.18,140,0.4,4,366.81,1,0
TEL-11549,2026-02,40.26,147,0.0,4,331.22,2,0
TEL-11549,2026-03,21.37,108,1.2,1,372.77,1,0
TEL-11549,2026-04,37.55,195,3.6,5,378.9,3,0
TEL-11549,2026-05,35.94,105,0.0,2,286.48,2,0
TEL-11549,2026-06,40.94,156,0.5,4,367.8,4,0
TEL-11550,2026-01,2.41,68,0.5,9,247.81,4,0
TEL-11550,2026-02,3.17,114,1.5,10,268.41,2,0
TEL-11550,2026-03,1.8,110,0.2,9,235.68,3,0
TEL-11550,2026-04,1.88,149,0.2,15,282.64,1,0
TEL-11550,2026-05,3.06,182,0.2,8,264.95,2,0
TEL-11550,2026-06,2.4,162,0.5,15,278.05,1,0
TEL-11551,2026-01,18.65,269,0.2,9,612.7,1,0
TEL-11551,2026-02,17.41,477,1.5,6,594.57,4,0
TEL-11551,2026-03,23.42,533,0.9,9,628.43,1,0
TEL-11551,2026-04,23.36,411,0.6,9,587.02,2,0
TEL-11551,2026-05,19.0,372,1.1,7,538.46,1,0
TEL-11551,2026-06,16.79,390,1.4,20,505.55,3,0
TEL-11552,2026-01,11.66,300,0.1,17,315.51,2,0
TEL-11552,2026-02,18.13,202,2.1,21,258.61,2,0
TEL-11552,2026-03,15.69,323,0.3,22,294.94,4,0
TEL-11552,2026-04,20.76,408,1.9,24,375.47,2,0
TEL-11552,2026-05,8.42,401,0.1,18,334.8,4,0
TEL-11552,2026-06,14.79,232,1.5,16,348.53,3,0
TEL-11553,2026-01,15.66,392,15.5,21,570.94,4,0
TEL-11553,2026-02,13.23,196,0.1,14,669.17,3,0
TEL-11553,2026-03,13.3,157,10.4,15,441.8,1,0
TEL-11553,2026-04,19.16,166,41.1,9,627.84,3,0
TEL-11553,2026-05,18.11,219,8.8,18,603.57,1,0
TEL-11553,2026-06,19.32,317,7.4,16,535.55,2,0
TEL-11554,2026-01,2.08,774,1.2,33,254.95,3,0
TEL-11554,2026-02,2.84,480,1.2,42,202.97,3,0
TEL-11554,2026-03,1.84,830,0.7,25,226.49,4,0
TEL-11554,2026-04,3.05,392,0.5,30,199.56,3,0
TEL-11554,2026-05,3.57,650,0.7,29,245.19,3,0
TEL-11554,2026-06,3.32,538,0.7,31,258.59,4,0
TEL-11555,2026-01,4.05,146,0.5,8,73.29,4,0
TEL-11555,2026-02,4.01,112,1.0,9,60.67,3,0
TEL-11555,2026-03,3.47,172,0.1,7,60.0,2,0
TEL-11555,2026-04,3.61,119,0.6,4,76.47,3,0
TEL-11555,2026-05,4.44,134,0.5,4,65.77,1,0
TEL-11555,2026-06,4.31,120,0.8,7,61.08,1,0
TEL-11556,2026-01,3.66,159,0.3,8,221.81,3,0
TEL-11556,2026-02,6.06,234,0.4,8,208.41,2,0
TEL-11556,2026-03,4.87,126,0.5,3,210.03,1,0
TEL-11556,2026-04,3.38,168,1.1,6,213.7,4,0
TEL-11556,2026-05,5.33,128,0.9,4,227.19,4,0
TEL-11556,2026-06,3.88,132,0.2,6,207.49,3,0
TEL-11557,2026-01,4.11,288,0.8,9,319.26,1,0
TEL-11557,2026-02,4.12,151,0.4,9,346.19,1,0
TEL-11557,2026-03,2.46,323,0.3,9,313.85,3,0
TEL-11557,2026-04,2.98,229,0.6,7,367.97,1,0
TEL-11557,2026-05,2.69,142,0.1,13,369.32,2,0
TEL-11557,2026-06,3.38,190,0.8,8,372.14,2,0
TEL-11558,2026-01,21.86,190,0.0,15,263.62,1,0
TEL-11558,2026-02,20.85,325,0.7,16,254.8,3,0
TEL-11558,2026-03,13.84,380,1.0,9,281.52,1,0
TEL-11558,2026-04,25.77,382,0.0,12,260.75,4,0
TEL-11558,2026-05,24.73,299,0.2,21,285.25,2,0
TEL-11558,2026-06,25.19,347,1.0,15,265.42,4,0
TEL-11559,2026-01,4.19,109,0.2,16,232.03,2,0
TEL-11559,2026-02,4.33,76,1.2,9,264.11,3,0
TEL-11559,2026-03,5.61,96,1.2,8,257.19,4,0
TEL-11559,2026-04,4.81,49,0.4,10,223.68,1,0
TEL-11559,2026-05,4.63,125,0.2,10,231.59,4,0
TEL-11559,2026-06,4.84,111,0.3,20,222.4,3,0
TEL-11560,2026-01,21.09,450,1.7,9,222.76,2,0
TEL-11560,2026-02,24.29,363,0.2,8,241.72,1,0
TEL-11560,2026-03,24.6,636,1.5,13,200.94,3,0
TEL-11560,2026-04,16.77,355,0.6,13,267.15,4,0
TEL-11560,2026-05,19.88,376,1.1,8,266.01,3,0
TEL-11560,2026-06,19.82,228,0.8,7,245.61,3,0
TEL-11561,2026-01,3.28,95,1.1,13,204.93,4,0
TEL-11561,2026-02,3.79,111,0.6,5,255.9,4,0
TEL-11561,2026-03,3.04,128,0.7,11,192.04,1,0
TEL-11561,2026-04,4.47,99,0.9,8,226.59,3,0
TEL-11561,2026-05,4.81,114,0.2,15,228.75,2,0
TEL-11561,2026-06,4.53,130,0.3,8,290.75,3,0
TEL-11562,2026-01,4.54,240,5.0,2,389.1,2,0
TEL-11562,2026-02,8.02,245,40.5,2,346.03,3,0
TEL-11562,2026-03,6.78,211,3.3,1,393.86,2,0
TEL-11562,2026-04,5.82,227,12.6,2,410.48,4,0
TEL-11562,2026-05,7.32,203,10.8,1,362.2,4,0
TEL-11562,2026-06,6.37,344,14.3,1,329.14,2,0
TEL-11563,2026-01,4.86,86,0.4,11,244.38,1,0
TEL-11563,2026-02,3.98,116,0.0,3,208.14,1,0
TEL-11563,2026-03,3.67,64,0.2,10,220.75,2,0
TEL-11563,2026-04,4.92,53,1.6,13,255.18,3,0
TEL-11563,2026-05,3.0,114,0.1,11,214.58,3,0
TEL-11563,2026-06,4.42,122,0.5,15,192.36,3,0
TEL-11564,2026-01,14.66,455,3.8,7,364.29,3,0
TEL-11564,2026-02,19.76,464,0.2,9,364.28,1,0
TEL-11564,2026-03,21.58,353,0.1,9,403.99,1,0
TEL-11564,2026-04,26.77,502,0.7,7,366.09,4,0
TEL-11564,2026-05,17.16,285,0.1,9,389.79,1,0
TEL-11564,2026-06,27.96,468,1.1,9,454.91,2,0
TEL-11565,2026-01,20.11,83,0.2,5,224.52,4,0
TEL-11565,2026-02,21.96,124,1.1,5,307.75,1,0
TEL-11565,2026-03,20.69,88,1.2,1,345.63,1,0
TEL-11565,2026-04,24.93,85,0.3,4,274.81,2,0
TEL-11565,2026-05,26.37,121,1.2,6,287.0,1,0
TEL-11565,2026-06,25.08,145,0.1,4,251.0,1,0
TEL-11566,2026-01,5.12,202,0.2,6,295.36,4,0
TEL-11566,2026-02,5.14,160,0.1,7,220.53,2,0
TEL-11566,2026-03,4.68,247,0.8,7,267.39,2,0
TEL-11566,2026-04,4.35,189,0.9,3,230.51,2,0
TEL-11566,2026-05,3.5,201,1.1,3,244.96,2,0
TEL-11566,2026-06,3.3,153,0.8,1,246.07,1,0
TEL-11567,2026-01,2.41,524,0.4,40,147.23,1,0
TEL-11567,2026-02,2.71,317,0.5,32,154.39,3,0
TEL-11567,2026-03,3.16,494,0.2,54,140.93,1,0
TEL-11567,2026-04,2.34,525,2.5,42,168.88,1,0
TEL-11567,2026-05,1.88,509,1.5,43,172.13,3,0
TEL-11567,2026-06,3.04,445,0.2,28,170.87,3,0
TEL-11568,2026-01,25.11,103,9.1,3,733.47,1,0
TEL-11568,2026-02,30.77,101,26.7,10,639.49,4,0
TEL-11568,2026-03,14.74,92,2.6,2,593.37,4,0
TEL-11568,2026-04,20.01,99,5.7,2,643.04,4,0
TEL-11568,2026-05,26.86,46,10.4,7,618.12,1,0
TEL-11568,2026-06,26.5,113,33.8,3,655.5,3,0
TEL-11569,2026-01,2.86,103,0.9,10,236.1,1,0
TEL-11569,2026-02,2.68,190,0.8,13,277.54,4,0
TEL-11569,2026-03,2.44,156,0.1,17,294.0,3,0
TEL-11569,2026-04,3.13,129,0.0,13,237.41,1,0
TEL-11569,2026-05,2.54,145,0.3,14,300.01,4,0
TEL-11569,2026-06,3.07,159,0.9,16,256.09,3,0
TEL-11570,2026-01,16.01,411,1.4,19,318.16,3,0
TEL-11570,2026-02,11.77,267,0.9,25,396.94,4,0
TEL-11570,2026-03,13.32,249,0.3,13,370.35,4,0
TEL-11570,2026-04,13.3,347,1.2,22,432.33,2,0
TEL-11570,2026-05,10.12,302,0.3,28,322.51,4,0
TEL-11570,2026-06,13.52,466,0.7,26,355.13,2,0
TEL-11571,2026-01,5.28,171,0.6,12,157.46,3,0
TEL-11571,2026-02,4.61,207,3.0,12,199.78,2,0
TEL-11571,2026-03,4.9,224,1.0,9,141.89,3,0
TEL-11571,2026-04,5.66,154,1.2,17,162.71,2,0
TEL-11571,2026-05,5.85,265,0.4,13,149.52,2,0
TEL-11571,2026-06,6.53,203,0.9,12,155.03,2,0
TEL-11572,2026-01,3.08,283,0.2,23,452.83,4,0
TEL-11572,2026-02,4.2,229,0.1,19,431.84,1,0
TEL-11572,2026-03,3.81,245,0.7,22,361.49,1,0
TEL-11572,2026-04,3.62,255,1.9,24,394.93,3,0
TEL-11572,2026-05,4.78,203,0.4,26,370.77,3,0
TEL-11572,2026-06,3.85,293,2.1,29,418.1,4,0
TEL-11573,2026-01,16.05,154,0.5,21,259.39,2,0
TEL-11573,2026-02,28.69,209,0.4,16,302.05,2,0
TEL-11573,2026-03,24.19,221,1.5,16,285.96,3,0
TEL-11573,2026-04,22.3,271,0.0,16,255.58,4,0
TEL-11573,2026-05,25.48,70,0.5,17,284.67,2,0
TEL-11573,2026-06,14.33,195,0.0,15,282.29,3,0
TEL-11574,2026-01,11.36,461,1.0,22,345.74,1,0
TEL-11574,2026-02,11.16,553,0.8,14,449.63,3,0
TEL-11574,2026-03,11.73,488,0.2,13,446.36,4,0
TEL-11574,2026-04,10.17,154,1.5,15,501.13,1,0
TEL-11574,2026-05,13.1,389,0.2,18,367.09,1,0
TEL-11574,2026-06,12.12,299,0.0,21,468.2,2,0
TEL-11575,2026-01,3.63,95,0.7,15,99.29,4,0
TEL-11575,2026-02,3.71,106,0.9,15,85.11,2,0
TEL-11575,2026-03,0.13,59,2350.4,8,79.57,1,0
TEL-11575,2026-04,0.24,57,3005.9,9,87.3,1,0
TEL-11575,2026-05,0.38,82,3265.1,7,76.25,4,0
TEL-11575,2026-06,0.05,45,2656.4,14,81.37,2,0
TEL-11576,2026-01,3.38,154,0.0,14,251.85,2,0
TEL-11576,2026-02,3.26,107,1.2,8,299.96,3,0
TEL-11576,2026-03,2.72,148,0.4,9,276.63,4,0
TEL-11576,2026-04,3.09,202,0.2,15,302.76,2,0
TEL-11576,2026-05,2.91,188,1.7,12,322.9,3,0
TEL-11576,2026-06,3.13,208,0.5,7,270.23,1,0
TEL-11577,2026-01,7.1,259,1.1,24,514.24,4,0
TEL-11577,2026-02,9.63,170,0.3,19,431.08,4,0
TEL-11577,2026-03,14.04,228,1.5,15,401.54,1,0
TEL-11577,2026-04,72.58,336,1.1,18,0.0,0,3
TEL-11577,2026-05,90.78,299,0.2,24,0.0,0,3
TEL-11577,2026-06,74.17,249,1.0,18,0.0,0,2
TEL-11578,2026-01,6.55,115,3.5,3,176.32,3,0
TEL-11578,2026-02,5.8,141,1.3,5,162.66,2,0
TEL-11578,2026-03,4.27,134,0.2,6,135.86,1,0
TEL-11578,2026-04,6.05,116,0.2,9,150.31,3,0
TEL-11578,2026-05,6.05,142,0.0,11,131.78,1,0
TEL-11578,2026-06,5.77,89,0.7,3,140.31,2,0
TEL-11579,2026-01,6.47,192,1.7,11,194.35,2,0
TEL-11579,2026-02,2.63,232,1.1,3,222.14,1,0
TEL-11579,2026-03,6.56,248,0.5,6,201.06,4,0
TEL-11579,2026-04,4.98,176,0.9,4,227.13,2,0
TEL-11579,2026-05,5.76,278,1.3,11,202.67,2,0
TEL-11579,2026-06,5.38,217,0.6,9,201.6,2,0
TEL-11580,2026-01,3.4,204,0.6,2,289.07,4,0
TEL-11580,2026-02,2.58,218,2.3,7,243.54,1,0
TEL-11580,2026-03,2.7,255,1.2,3,266.6,3,0
TEL-11580,2026-04,3.42,143,0.2,2,264.69,2,0
TEL-11580,2026-05,3.15,93,0.6,4,296.29,4,0
TEL-11580,2026-06,2.59,139,0.1,6,309.34,2,0
TEL-11581,2026-01,21.88,143,1.0,7,485.35,3,0
TEL-11581,2026-02,24.3,253,0.1,6,423.8,1,0
TEL-11581,2026-03,26.39,149,1.4,2,549.6,4,0
TEL-11581,2026-04,32.16,155,0.7,3,469.94,4,0
TEL-11581,2026-05,29.02,179,0.9,5,462.79,4,0
TEL-11581,2026-06,27.29,105,0.4,0,397.81,2,0
TEL-11582,2026-01,2.43,392,1.1,26,316.78,1,0
TEL-11582,2026-02,1.61,345,0.4,36,306.65,4,0
TEL-11582,2026-03,3.48,321,0.4,25,301.3,3,0
TEL-11582,2026-04,3.23,612,0.1,32,313.62,3,0
TEL-11582,2026-05,1.75,308,3.6,24,310.74,1,0
TEL-11582,2026-06,3.13,441,2.2,29,338.87,4,0
TEL-11583,2026-01,5.95,180,0.1,4,361.11,2,0
TEL-11583,2026-02,5.69,198,1.1,8,294.9,4,0
TEL-11583,2026-03,6.29,204,0.2,5,343.96,4,0
TEL-11583,2026-04,6.05,143,0.6,6,354.07,1,0
TEL-11583,2026-05,5.27,210,0.3,1,406.93,3,0
TEL-11583,2026-06,5.82,203,0.5,3,238.5,3,0
TEL-11584,2026-01,38.86,57,0.1,3,472.02,4,0
TEL-11584,2026-02,28.34,106,0.5,4,397.11,3,0
TEL-11584,2026-03,25.71,69,0.6,7,362.29,1,0
TEL-11584,2026-04,31.78,87,1.1,4,418.77,1,0
TEL-11584,2026-05,42.79,84,0.2,4,491.91,4,0
TEL-11584,2026-06,29.09,87,0.3,2,0.0,1,0
TEL-11585,2026-01,6.14,237,0.5,8,210.68,1,0
TEL-11585,2026-02,4.38,276,0.4,6,206.77,4,0
TEL-11585,2026-03,4.19,227,0.2,14,203.68,2,0
TEL-11585,2026-04,4.43,100,1.1,14,204.0,3,0
TEL-11585,2026-05,4.74,235,0.3,9,178.82,3,0
TEL-11585,2026-06,2.74,176,0.2,16,176.86,2,0
TEL-11586,2026-01,19.63,293,0.7,17,492.83,1,0
TEL-11586,2026-02,25.33,479,0.1,12,397.6,3,0
TEL-11586,2026-03,15.86,390,1.3,25,461.81,2,0
TEL-11586,2026-04,27.14,495,0.4,15,498.4,3,0
TEL-11586,2026-05,22.37,430,1.0,21,465.25,4,0
TEL-11586,2026-06,26.52,276,0.4,13,475.12,3,0
TEL-11587,2026-01,23.35,151,0.7,6,539.06,2,0
TEL-11587,2026-02,37.65,175,0.4,8,572.09,1,0
TEL-11587,2026-03,27.62,161,0.2,10,496.84,2,0
TEL-11587,2026-04,33.46,253,0.3,4,467.36,1,0
TEL-11587,2026-05,29.2,245,0.5,4,480.66,4,0
TEL-11587,2026-06,29.81,179,0.9,5,551.89,4,0
TEL-11588,2026-01,2.95,186,0.5,3,124.39,4,0
TEL-11588,2026-02,4.84,144,0.1,5,109.13,1,0
TEL-11588,2026-03,3.75,132,1.5,4,118.33,4,0
TEL-11588,2026-04,3.34,152,0.5,7,118.88,3,0
TEL-11588,2026-05,3.87,213,0.8,4,132.32,4,0
TEL-11588,2026-06,2.68,210,0.3,8,126.03,3,0
TEL-11589,2026-01,6.97,148,0.7,5,208.33,2,0
TEL-11589,2026-02,4.01,150,0.3,9,221.7,1,0
TEL-11589,2026-03,4.54,137,0.1,8,227.23,1,0
TEL-11589,2026-04,5.39,153,0.5,2,236.96,3,0
TEL-11589,2026-05,4.82,204,0.2,3,243.92,4,0
TEL-11589,2026-06,6.76,263,0.9,11,241.44,3,0
TEL-11590,2026-01,1.76,584,1.2,48,260.4,3,0
TEL-11590,2026-02,2.15,728,0.2,39,339.29,2,0
TEL-11590,2026-03,1.78,756,1.4,41,285.16,1,0
TEL-11590,2026-04,2.09,467,1.3,46,285.79,2,0
TEL-11590,2026-05,2.01,709,1.2,42,260.04,1,0
TEL-11590,2026-06,2.51,654,0.9,31,285.07,2,0
TEL-11591,2026-01,11.87,236,0.8,14,386.67,1,0
TEL-11591,2026-02,22.24,304,0.4,9,307.76,3,0
TEL-11591,2026-03,14.38,343,0.3,14,351.28,3,0
TEL-11591,2026-04,7.44,201,0.2,8,375.95,4,0
TEL-11591,2026-05,14.15,190,2.3,8,352.27,3,0
TEL-11591,2026-06,17.91,250,0.4,13,352.25,1,0
TEL-11592,2026-01,10.76,387,8.9,17,544.78,3,0
TEL-11592,2026-02,11.44,427,30.4,15,525.27,3,0
TEL-11592,2026-03,11.36,469,6.2,16,416.71,2,0
TEL-11592,2026-04,10.21,516,6.7,7,510.92,2,0
TEL-11592,2026-05,10.0,642,2.4,16,525.11,4,0
TEL-11592,2026-06,10.24,406,12.0,16,517.34,4,0
TEL-11593,2026-01,38.32,116,0.4,10,604.64,2,0
TEL-11593,2026-02,53.55,137,1.2,7,595.1,3,0
TEL-11593,2026-03,32.43,112,0.0,5,477.95,2,0
TEL-11593,2026-04,50.12,122,0.4,3,460.7,2,0
TEL-11593,2026-05,42.53,179,0.3,13,616.55,2,0
TEL-11593,2026-06,41.25,120,0.7,5,512.18,4,0
TEL-11594,2026-01,8.57,383,0.2,13,208.32,2,0
TEL-11594,2026-02,7.11,305,0.2,17,161.19,4,0
TEL-11594,2026-03,12.27,188,1.7,12,157.03,3,0
TEL-11594,2026-04,10.06,227,1.0,14,196.22,1,0
TEL-11594,2026-05,9.79,430,0.2,9,182.23,2,0
TEL-11594,2026-06,9.93,225,2.0,18,179.96,3,0
TEL-11595,2026-01,2.74,182,31.6,7,548.94,4,0
TEL-11595,2026-02,2.07,224,7.2,13,579.79,3,0
TEL-11595,2026-03,3.23,118,33.6,11,651.3,1,0
TEL-11595,2026-04,3.83,147,22.5,12,613.56,3,0
TEL-11595,2026-05,3.12,218,9.2,6,560.45,1,0
TEL-11595,2026-06,3.78,110,5.9,10,632.36,3,0
TEL-11596,2026-01,3.64,87,0.5,6,212.93,3,0
TEL-11596,2026-02,4.27,90,0.2,12,221.44,1,0
TEL-11596,2026-03,6.44,147,0.1,9,222.26,4,0
TEL-11596,2026-04,5.48,161,0.8,9,216.9,1,0
TEL-11596,2026-05,3.71,126,0.4,4,205.94,3,0
TEL-11596,2026-06,3.8,146,1.0,9,180.72,1,0
TEL-11597,2026-01,8.69,472,0.5,26,426.19,3,0
TEL-11597,2026-02,11.36,420,0.2,29,459.56,1,0
TEL-11597,2026-03,12.0,425,0.0,24,377.69,3,0
TEL-11597,2026-04,6.49,453,0.2,27,396.36,4,0
TEL-11597,2026-05,12.13,260,0.7,12,417.93,4,0
TEL-11597,2026-06,10.23,452,0.4,17,416.86,1,0
TEL-11598,2026-01,45.37,108,0.1,3,403.04,3,0
TEL-11598,2026-02,44.93,150,1.1,1,499.02,4,0
TEL-11598,2026-03,31.78,128,0.3,3,452.47,3,0
TEL-11598,2026-04,27.24,116,0.8,0,415.97,1,0
TEL-11598,2026-05,34.27,55,0.1,0,476.81,3,0
TEL-11598,2026-06,44.25,92,0.9,1,479.4,1,0
TEL-11599,2026-01,17.36,851,12.1,22,480.02,3,0
TEL-11599,2026-02,19.12,686,3.9,13,640.9,4,0
TEL-11599,2026-03,6.61,447,16.9,14,464.72,4,0
TEL-11599,2026-04,10.88,462,8.6,20,507.3,3,0
TEL-11599,2026-05,21.3,532,15.9,12,633.73,3,0
TEL-11599,2026-06,11.67,611,18.8,14,573.41,1,0
TEL-11600,2026-01,2.82,226,1.3,36,151.06,1,0
TEL-11600,2026-02,2.04,127,0.5,30,168.78,3,0
TEL-11600,2026-03,2.27,201,0.1,35,161.3,1,0
TEL-11600,2026-04,3.01,190,0.6,35,192.45,3,0
TEL-11600,2026-05,3.05,232,1.7,48,185.4,3,0
TEL-11600,2026-06,1.56,190,0.9,51,147.99,3,0
TEL-11601,2026-01,10.43,292,0.1,14,501.87,4,0
TEL-11601,2026-02,21.58,480,0.1,14,523.78,4,0
TEL-11601,2026-03,9.54,482,2.1,17,495.83,2,0
TEL-11601,2026-04,11.03,494,1.3,18,368.02,2,0
TEL-11601,2026-05,14.72,305,0.1,11,503.14,1,0
TEL-11601,2026-06,12.75,517,1.2,14,480.66,1,0
TEL-11602,2026-01,2.64,357,0.1,42,163.73,2,0
TEL-11602,2026-02,2.32,297,0.2,28,178.53,3,0
TEL-11602,2026-03,2.83,308,0.6,38,139.72,2,0
TEL-11602,2026-04,2.55,298,0.6,31,144.87,2,0
TEL-11602,2026-05,1.11,362,1.4,36,147.17,3,0
TEL-11602,2026-06,2.27,351,0.2,41,148.96,1,0
TEL-11603,2026-01,18.9,214,0.2,12,285.51,3,0
TEL-11603,2026-02,17.12,396,1.4,17,292.17,2,0
TEL-11603,2026-03,19.97,384,1.0,11,307.86,2,0
TEL-11603,2026-04,83.02,323,1.5,9,0.0,0,1
TEL-11603,2026-05,88.18,230,0.1,20,0.0,0,1
TEL-11603,2026-06,92.76,234,0.9,12,0.0,0,2
TEL-11604,2026-01,44.31,225,0.8,3,577.31,2,0
TEL-11604,2026-02,29.7,148,0.1,8,450.81,2,0
TEL-11604,2026-03,39.66,243,0.6,6,547.81,1,0
TEL-11604,2026-04,56.95,201,0.9,8,469.37,2,0
TEL-11604,2026-05,39.7,262,0.6,6,534.45,1,0
TEL-11604,2026-06,45.69,306,0.6,9,505.95,3,0
TEL-11605,2026-01,1.38,348,0.3,40,230.51,4,0
TEL-11605,2026-02,1.63,378,0.7,38,298.18,1,0
TEL-11605,2026-03,2.13,434,0.2,33,215.19,3,0
TEL-11605,2026-04,1.52,340,0.5,47,198.42,2,0
TEL-11605,2026-05,1.47,364,0.7,35,242.13,4,0
TEL-11605,2026-06,2.37,174,0.3,36,262.18,1,0
TEL-11606,2026-01,21.35,262,0.9,12,544.63,4,0
TEL-11606,2026-02,26.78,443,12.2,4,649.46,4,0
TEL-11606,2026-03,24.5,508,35.1,8,765.85,4,0
TEL-11606,2026-04,20.22,480,15.8,7,643.97,3,0
TEL-11606,2026-05,25.8,467,36.5,9,528.07,3,0
TEL-11606,2026-06,21.11,488,6.1,9,708.58,2,0
TEL-11607,2026-01,2.7,143,0.2,32,242.79,1,0
TEL-11607,2026-02,2.35,178,0.1,23,224.27,2,0
TEL-11607,2026-03,1.79,125,0.1,35,198.19,2,0
TEL-11607,2026-04,3.03,154,0.8,27,203.09,4,0
TEL-11607,2026-05,2.11,133,0.2,41,241.74,1,0
TEL-11607,2026-06,2.91,108,0.5,32,214.92,3,0
TEL-11608,2026-01,4.11,80,1.0,6,276.33,3,0
TEL-11608,2026-02,3.38,109,4.5,12,291.41,1,0
TEL-11608,2026-03,6.79,143,0.2,9,268.43,2,0
TEL-11608,2026-04,3.15,106,0.7,10,298.22,3,0
TEL-11608,2026-05,4.23,85,1.8,10,317.16,2,0
TEL-11608,2026-06,3.14,144,0.7,5,306.6,1,0
TEL-11609,2026-01,3.4,97,0.5,7,157.07,2,0
TEL-11609,2026-02,4.11,64,0.9,9,177.79,1,0
TEL-11609,2026-03,2.95,84,0.3,11,161.42,1,0
TEL-11609,2026-04,5.94,109,0.2,9,162.61,1,0
TEL-11609,2026-05,3.06,117,1.5,9,162.13,4,0
TEL-11609,2026-06,3.11,104,0.1,12,147.35,4,0
TEL-11610,2026-01,6.68,327,0.1,6,295.35,1,0
TEL-11610,2026-02,5.21,286,0.8,9,350.26,2,0
TEL-11610,2026-03,5.67,223,0.6,13,312.82,3,0
TEL-11610,2026-04,6.34,184,0.4,7,318.0,1,0
TEL-11610,2026-05,7.92,267,2.6,6,273.63,3,0
TEL-11610,2026-06,4.11,242,0.8,6,316.39,4,0
TEL-11611,2026-01,21.02,198,14.3,12,668.03,4,0
TEL-11611,2026-02,20.18,313,26.4,17,741.94,3,0
TEL-11611,2026-03,18.76,471,4.1,12,702.45,2,0
TEL-11611,2026-04,20.73,336,28.1,16,687.88,3,0
TEL-11611,2026-05,13.1,419,39.8,20,676.22,3,0
TEL-11611,2026-06,16.59,457,8.3,24,727.77,3,0
TEL-11612,2026-01,11.49,611,5.5,13,592.35,1,0
TEL-11612,2026-02,5.32,407,24.3,23,489.76,1,0
TEL-11612,2026-03,18.17,725,17.7,13,539.54,2,0
TEL-11612,2026-04,10.56,436,6.0,25,546.99,4,0
TEL-11612,2026-05,11.86,472,14.3,20,611.07,1,0
TEL-11612,2026-06,13.16,549,13.5,12,687.34,1,0
TEL-11613,2026-01,16.59,141,1.7,3,386.06,3,0
TEL-11613,2026-02,18.69,143,1.2,2,392.37,2,0
TEL-11613,2026-03,15.6,202,0.3,3,463.23,2,0
TEL-11613,2026-04,17.54,184,2.2,1,453.89,1,0
TEL-11613,2026-05,13.6,139,0.4,5,434.01,2,0
TEL-11613,2026-06,16.13,142,0.4,0,453.68,1,0
TEL-11614,2026-01,12.44,229,1.9,15,284.47,2,0
TEL-11614,2026-02,9.69,247,0.1,13,266.1,1,0
TEL-11614,2026-03,9.72,334,0.1,13,234.64,2,0
TEL-11614,2026-04,10.09,268,1.6,9,289.73,1,0
TEL-11614,2026-05,14.45,346,1.3,8,259.76,3,0
TEL-11614,2026-06,11.86,360,0.7,14,267.92,2,0
TEL-11615,2026-01,1.48,1108,0.8,25,238.82,2,0
TEL-11615,2026-02,1.74,789,0.5,27,281.63,3,0
TEL-11615,2026-03,1.52,929,1.8,28,260.6,3,0
TEL-11615,2026-04,1.41,927,1.2,23,270.85,2,0
TEL-11615,2026-05,1.8,883,0.2,21,293.73,4,0
TEL-11615,2026-06,1.16,1067,0.8,19,270.66,4,0
TEL-11616,2026-01,2.72,158,1.2,10,180.43,3,0
TEL-11616,2026-02,1.77,191,0.9,9,171.34,3,0
TEL-11616,2026-03,2.12,220,0.4,7,135.89,4,0
TEL-11616,2026-04,1.66,211,0.6,13,155.05,4,0
TEL-11616,2026-05,1.32,117,2.8,9,187.6,3,0
TEL-11616,2026-06,1.9,189,1.7,9,158.23,2,0
TEL-11617,2026-01,4.58,184,0.6,14,241.66,2,0
TEL-11617,2026-02,5.25,216,0.3,10,199.63,1,0
TEL-11617,2026-03,2.91,171,0.3,5,182.38,4,0
TEL-11617,2026-04,4.21,170,0.3,8,193.12,2,0
TEL-11617,2026-05,3.91,135,0.8,7,175.77,3,0
TEL-11617,2026-06,4.2,182,1.0,16,178.78,4,0
TEL-11618,2026-01,37.75,125,16.6,4,779.26,2,0
TEL-11618,2026-02,59.12,236,5.9,3,768.52,1,0
TEL-11618,2026-03,35.31,140,24.0,2,702.14,4,0
TEL-11618,2026-04,43.21,123,8.5,6,735.63,2,0
TEL-11618,2026-05,44.51,138,7.2,7,644.57,2,0
TEL-11618,2026-06,29.39,169,16.7,6,708.92,1,0
TEL-11619,2026-01,3.61,176,2.1,17,199.1,4,0
TEL-11619,2026-02,3.24,109,0.3,15,197.1,4,0
TEL-11619,2026-03,2.82,176,0.5,19,226.13,3,0
TEL-11619,2026-04,3.17,234,0.0,12,210.61,3,0
TEL-11619,2026-05,3.47,197,1.5,9,202.77,1,0
TEL-11619,2026-06,4.14,148,0.6,11,206.36,2,0
TEL-11620,2026-01,4.86,277,0.3,6,364.21,2,0
TEL-11620,2026-02,2.65,244,1.9,9,351.79,2,0
TEL-11620,2026-03,6.23,139,0.3,8,297.39,1,0
TEL-11620,2026-04,3.27,201,0.8,11,359.84,3,0
TEL-11620,2026-05,5.72,261,2.7,12,318.25,4,0
TEL-11620,2026-06,3.19,169,1.5,7,332.14,4,0
TEL-11621,2026-01,4.77,114,0.1,10,182.74,4,0
TEL-11621,2026-02,5.0,129,1.4,9,162.35,4,0
TEL-11621,2026-03,5.42,159,0.1,11,180.69,3,0
TEL-11621,2026-04,6.14,223,0.3,5,149.52,3,0
TEL-11621,2026-05,6.01,78,0.7,10,196.48,4,0
TEL-11621,2026-06,5.9,114,0.5,11,186.12,3,0
TEL-11622,2026-01,34.13,88,2.3,10,521.16,2,0
TEL-11622,2026-02,33.08,99,1.3,8,544.5,2,0
TEL-11622,2026-03,49.11,137,0.3,8,569.24,2,0
TEL-11622,2026-04,33.96,124,0.4,9,504.78,3,0
TEL-11622,2026-05,28.6,151,0.5,8,420.48,1,0
TEL-11622,2026-06,25.62,137,0.2,4,493.64,2,0
TEL-11623,2026-01,27.27,165,1.0,8,500.73,1,0
TEL-11623,2026-02,26.87,234,0.5,5,384.07,1,0
TEL-11623,2026-03,21.67,248,0.2,7,417.65,3,0
TEL-11623,2026-04,20.46,203,0.6,4,438.77,4,0
TEL-11623,2026-05,19.94,232,0.4,10,409.69,1,0
TEL-11623,2026-06,15.72,197,0.1,5,377.3,3,0
TEL-11624,2026-01,14.34,158,0.3,22,448.2,3,0
TEL-11624,2026-02,21.12,127,0.3,16,367.42,3,0
TEL-11624,2026-03,12.93,223,0.4,8,433.8,1,0
TEL-11624,2026-04,14.86,154,0.1,18,422.91,1,0
TEL-11624,2026-05,15.15,204,0.1,18,408.73,1,0
TEL-11624,2026-06,15.84,124,0.7,21,414.02,2,0
TEL-11625,2026-01,3.52,151,0.4,6,182.07,4,0
TEL-11625,2026-02,4.04,148,0.1,7,184.73,2,0
TEL-11625,2026-03,3.53,190,0.4,10,208.69,2,0
TEL-11625,2026-04,3.04,140,0.2,7,192.29,1,0
TEL-11625,2026-05,3.1,102,0.8,3,162.27,1,0
TEL-11625,2026-06,5.24,15,1.3,8,191.14,1,0
TEL-11626,2026-01,3.85,91,12.3,5,456.41,3,0
TEL-11626,2026-02,2.21,70,1.4,6,452.9,3,0
TEL-11626,2026-03,4.07,106,2.9,6,432.18,2,0
TEL-11626,2026-04,2.2,86,1.9,7,438.24,3,0
TEL-11626,2026-05,3.24,121,1.2,13,436.31,2,0
TEL-11626,2026-06,3.37,102,10.4,9,489.28,1,0
TEL-11627,2026-01,1.34,207,0.3,34,169.16,1,0
TEL-11627,2026-02,1.01,334,1.3,34,155.87,4,0
TEL-11627,2026-03,1.09,436,0.4,39,156.52,3,0
TEL-11627,2026-04,0.94,363,0.4,31,181.68,2,0
TEL-11627,2026-05,1.39,277,0.8,42,184.88,3,0
TEL-11627,2026-06,1.29,333,0.9,48,152.16,1,0
TEL-11628,2026-01,17.31,454,0.1,21,271.46,1,0
TEL-11628,2026-02,12.17,412,0.1,16,300.87,3,0
TEL-11628,2026-03,20.83,451,0.1,16,299.34,1,0
TEL-11628,2026-04,15.71,220,3.7,16,318.61,1,0
TEL-11628,2026-05,9.73,355,0.4,14,339.09,4,0
TEL-11628,2026-06,12.1,632,0.2,23,335.2,1,0
TEL-11629,2026-01,54.49,292,0.3,1,681.95,2,0
TEL-11629,2026-02,47.1,96,1.3,4,631.6,2,0
TEL-11629,2026-03,58.85,268,0.3,4,656.12,3,0
TEL-11629,2026-04,66.07,183,1.8,5,519.78,3,0
TEL-11629,2026-05,45.34,201,0.7,5,675.95,1,0
TEL-11629,2026-06,43.34,217,0.8,3,634.35,3,0
TEL-11630,2026-01,17.16,570,0.8,19,459.39,2,0
TEL-11630,2026-02,14.65,326,2.6,14,398.32,1,0
TEL-11630,2026-03,14.25,369,0.0,13,422.99,3,0
TEL-11630,2026-04,18.41,310,0.1,10,459.56,2,0
TEL-11630,2026-05,18.02,230,0.7,13,450.58,2,0
TEL-11630,2026-06,13.76,402,0.5,13,444.13,2,0
TEL-11631,2026-01,2.28,262,0.4,28,183.05,1,0
TEL-11631,2026-02,3.17,337,0.1,38,170.28,3,0
TEL-11631,2026-03,2.45,165,0.6,25,172.33,1,0
TEL-11631,2026-04,2.33,172,0.7,30,151.96,3,0
TEL-11631,2026-05,2.93,313,2.2,39,161.77,1,0
TEL-11631,2026-06,3.06,233,0.1,45,132.29,3,0
TEL-11632,2026-01,2.09,533,0.6,46,200.52,3,0
TEL-11632,2026-02,1.86,340,0.4,23,227.83,1,0
TEL-11632,2026-03,1.33,531,2.1,33,201.59,4,0
TEL-11632,2026-04,1.87,666,1.0,33,192.09,3,0
TEL-11632,2026-05,2.23,458,0.7,36,179.27,1,0
TEL-11632,2026-06,1.99,688,0.2,30,164.56,3,0
TEL-11633,2026-01,35.44,248,0.2,7,504.92,3,0
TEL-11633,2026-02,32.04,214,1.0,7,577.1,3,0
TEL-11633,2026-03,47.83,339,0.2,7,544.17,2,0
TEL-11633,2026-04,42.5,316,0.9,6,462.76,3,0
TEL-11633,2026-05,26.06,265,0.2,9,561.8,4,0
TEL-11633,2026-06,40.24,136,0.0,6,508.07,3,0
TEL-11634,2026-01,4.13,191,0.8,6,166.81,1,0
TEL-11634,2026-02,4.14,73,0.1,8,181.78,2,0
TEL-11634,2026-03,4.04,280,0.1,5,166.74,4,0
TEL-11634,2026-04,4.54,175,0.4,11,147.56,1,0
TEL-11634,2026-05,4.73,149,0.6,5,188.56,2,0
TEL-11634,2026-06,7.1,183,0.9,6,178.93,3,0
TEL-11635,2026-01,7.42,119,1.0,5,161.82,1,0
TEL-11635,2026-02,4.08,94,0.1,3,150.66,1,0
TEL-11635,2026-03,4.0,110,0.0,3,171.01,1,0
TEL-11635,2026-04,2.13,151,0.7,5,170.79,4,0
TEL-11635,2026-05,5.09,84,0.4,5,140.32,1,0
TEL-11635,2026-06,3.31,99,2.1,6,150.64,1,0
TEL-11636,2026-01,34.36,247,1.1,4,380.45,1,0
TEL-11636,2026-02,23.64,219,1.8,6,401.35,2,0
TEL-11636,2026-03,34.89,179,1.6,7,329.46,3,0
TEL-11636,2026-04,28.26,168,1.6,6,435.85,3,0
TEL-11636,2026-05,32.91,189,0.5,1,401.94,1,0
TEL-11636,2026-06,34.75,105,0.7,2,404.2,3,0
TEL-11637,2026-01,3.22,100,0.3,6,121.52,2,0
TEL-11637,2026-02,1.9,74,0.0,0,122.59,1,0
TEL-11637,2026-03,1.83,114,0.7,3,117.97,1,0
TEL-11637,2026-04,3.19,124,0.4,6,153.54,3,0
TEL-11637,2026-05,2.67,74,0.9,7,107.12,1,0
TEL-11637,2026-06,1.82,71,0.0,6,112.57,1,0
TEL-11638,2026-01,4.03,99,0.3,8,348.13,3,0
TEL-11638,2026-02,5.11,241,3.1,10,238.04,2,0
TEL-11638,2026-03,4.02,112,0.3,8,316.81,1,0
TEL-11638,2026-04,3.78,148,1.5,10,265.96,3,0
TEL-11638,2026-05,4.92,167,0.7,12,316.26,4,0
TEL-11638,2026-06,3.06,102,0.8,16,294.48,2,0
TEL-11639,2026-01,3.2,136,0.1,17,261.23,4,0
TEL-11639,2026-02,3.18,117,0.5,12,275.12,1,0
TEL-11639,2026-03,3.79,108,1.2,8,231.53,4,0
TEL-11639,2026-04,4.52,114,0.3,12,267.94,2,0
TEL-11639,2026-05,4.54,123,0.7,9,340.88,3,0
TEL-11639,2026-06,2.69,108,0.4,13,267.12,3,0
TEL-11640,2026-01,34.65,433,0.3,6,643.61,2,0
TEL-11640,2026-02,40.78,255,0.0,8,496.93,2,0
TEL-11640,2026-03,30.2,278,0.6,10,535.39,4,0
TEL-11640,2026-04,19.66,282,1.8,10,568.63,4,0
TEL-11640,2026-05,53.06,244,0.6,6,674.43,3,0
TEL-11640,2026-06,37.23,208,0.6,9,668.68,1,0
TEL-11641,2026-01,2.82,671,0.1,38,336.56,3,0
TEL-11641,2026-02,2.13,637,1.5,28,449.34,1,0
TEL-11641,2026-03,2.36,679,0.8,43,446.33,4,0
TEL-11641,2026-04,1.72,767,0.0,36,380.51,2,0
TEL-11641,2026-05,2.44,532,0.9,34,299.92,3,0
TEL-11641,2026-06,1.03,232,0.2,18,316.13,3,0
TEL-11642,2026-01,11.4,146,1.4,3,362.62,1,0
TEL-11642,2026-02,8.32,162,1.8,0,325.57,3,0
TEL-11642,2026-03,9.32,222,0.3,1,283.04,4,0
TEL-11642,2026-04,15.52,225,2.7,0,359.75,3,0
TEL-11642,2026-05,12.21,198,1.9,1,298.88,2,0
TEL-11642,2026-06,10.04,191,0.5,4,312.63,2,0
TEL-11643,2026-01,30.21,247,2.0,6,448.24,1,0
TEL-11643,2026-02,27.09,228,0.1,15,521.71,2,0
TEL-11643,2026-03,33.17,288,2.6,12,419.46,1,0
TEL-11643,2026-04,23.62,272,0.5,7,451.89,4,0
TEL-11643,2026-05,22.88,306,0.0,8,458.63,4,0
TEL-11643,2026-06,26.11,215,0.6,8,458.92,1,0
TEL-11644,2026-01,6.35,52,15.2,13,689.41,1,0
TEL-11644,2026-02,5.68,120,1.1,8,727.33,4,0
TEL-11644,2026-03,7.05,179,31.5,11,773.85,2,0
TEL-11644,2026-04,5.02,189,3.5,4,706.1,4,0
TEL-11644,2026-05,6.06,150,18.2,6,875.53,2,0
TEL-11644,2026-06,5.47,157,2.4,11,910.87,2,0
TEL-11645,2026-01,1.67,539,2.0,20,317.92,4,0
TEL-11645,2026-02,1.68,712,1.1,40,321.82,2,0
TEL-11645,2026-03,3.33,526,0.0,43,321.44,3,0
TEL-11645,2026-04,3.31,403,0.4,40,356.43,1,0
TEL-11645,2026-05,3.0,497,1.8,41,308.77,3,0
TEL-11645,2026-06,2.48,378,0.6,32,345.11,1,0
TEL-11646,2026-01,4.0,150,49.0,8,567.9,3,0
TEL-11646,2026-02,5.23,169,23.0,13,574.75,1,0
TEL-11646,2026-03,3.22,54,1.6,12,512.36,4,0
TEL-11646,2026-04,1.99,115,0.7,17,637.8,2,0
TEL-11646,2026-05,4.1,98,4.3,9,678.0,4,0
TEL-11646,2026-06,4.7,126,30.8,6,527.38,1,0
TEL-11647,2026-01,27.91,187,0.9,11,264.66,1,0
TEL-11647,2026-02,25.59,307,0.1,12,314.89,4,0
TEL-11647,2026-03,22.07,274,0.4,8,316.64,3,0
TEL-11647,2026-04,24.23,144,0.5,13,238.75,3,0
TEL-11647,2026-05,29.57,158,0.6,10,308.13,4,0
TEL-11647,2026-06,27.36,340,0.2,13,326.72,4,0
TEL-11648,2026-01,3.53,61,0.6,7,171.27,2,0
TEL-11648,2026-02,5.4,89,0.2,14,182.6,3,0
TEL-11648,2026-03,3.78,91,0.2,8,223.02,3,0
TEL-11648,2026-04,5.45,90,1.4,11,175.75,3,0
TEL-11648,2026-05,4.35,79,1.4,13,185.12,3,0
TEL-11648,2026-06,4.25,64,0.3,13,167.54,1,0
TEL-11649,2026-01,58.83,307,0.8,3,584.04,4,0
TEL-11649,2026-02,56.21,165,2.2,8,506.56,3,0
TEL-11649,2026-03,48.94,194,1.4,10,705.55,4,0
TEL-11649,2026-04,40.09,293,0.6,10,615.58,2,0
TEL-11649,2026-05,42.17,300,2.6,9,569.58,3,0
TEL-11649,2026-06,39.27,230,0.3,5,567.45,1,0
TEL-11650,2026-01,53.93,145,0.3,1,753.59,4,0
TEL-11650,2026-02,42.75,238,1.3,4,751.21,1,0
TEL-11650,2026-03,51.86,169,0.7,0,645.44,4,0
TEL-11650,2026-04,50.59,244,0.2,3,627.89,2,0
TEL-11650,2026-05,41.85,222,0.7,5,648.32,2,0
TEL-11650,2026-06,57.47,213,0.9,3,747.24,4,0
TEL-11651,2026-01,4.55,123,0.5,9,229.06,2,0
TEL-11651,2026-02,2.57,132,0.3,9,232.32,3,0
TEL-11651,2026-03,2.55,102,0.0,10,226.83,2,0
TEL-11651,2026-04,3.2,161,0.6,5,210.55,1,0
TEL-11651,2026-05,3.35,137,0.1,3,243.54,1,0
TEL-11651,2026-06,3.46,175,0.8,11,232.0,2,0
TEL-11652,2026-01,17.68,199,0.7,11,247.57,1,0
TEL-11652,2026-02,6.69,211,0.3,12,250.42,1,0
TEL-11652,2026-03,14.59,268,0.6,13,205.38,3,0
TEL-11652,2026-04,12.5,200,1.1,17,178.61,1,0
TEL-11652,2026-05,16.89,298,1.7,11,258.3,3,0
TEL-11652,2026-06,13.94,181,1.3,11,195.06,3,0
TEL-11653,2026-01,1.42,740,0.5,34,223.48,1,0
TEL-11653,2026-02,2.26,584,0.2,35,191.41,2,0
TEL-11653,2026-03,2.36,585,0.8,27,192.59,4,0
TEL-11653,2026-04,1.48,494,3.3,41,216.55,2,0
TEL-11653,2026-05,1.55,397,1.0,36,217.94,2,0
TEL-11653,2026-06,1.7,434,0.2,33,221.03,4,0
TEL-11654,2026-01,1.85,544,5.7,31,408.31,3,0
TEL-11654,2026-02,1.83,518,1.5,41,448.58,3,0
TEL-11654,2026-03,1.81,614,14.2,32,397.71,2,0
TEL-11654,2026-04,2.52,621,11.4,35,441.04,4,0
TEL-11654,2026-05,1.93,632,4.9,19,439.82,3,0
TEL-11654,2026-06,2.19,655,3.0,25,388.59,1,0
TEL-11655,2026-01,1.95,512,0.2,28,231.83,2,0
TEL-11655,2026-02,1.74,748,3.0,32,235.81,2,0
TEL-11655,2026-03,2.0,641,0.2,41,239.27,3,0
TEL-11655,2026-04,98.15,684,1.6,39,0.0,0,1
TEL-11655,2026-05,79.94,682,1.8,29,0.0,0,1
TEL-11655,2026-06,74.33,653,0.4,30,0.0,0,1
TEL-11656,2026-01,14.62,365,0.6,22,459.82,3,0
TEL-11656,2026-02,12.93,245,0.5,17,398.92,4,0
TEL-11656,2026-03,8.85,366,0.3,20,347.33,3,0
TEL-11656,2026-04,15.99,169,0.2,12,353.16,2,0
TEL-11656,2026-05,12.33,269,0.8,15,334.64,4,0
TEL-11656,2026-06,10.25,343,0.1,13,421.8,1,0
TEL-11657,2026-01,18.58,283,0.6,21,198.39,1,0
TEL-11657,2026-02,14.42,120,1.9,15,229.48,4,0
TEL-11657,2026-03,9.92,359,7.7,11,234.84,4,0
TEL-11657,2026-04,15.54,279,1.2,16,214.88,3,0
TEL-11657,2026-05,19.25,179,1.3,11,203.1,2,0
TEL-11657,2026-06,14.94,343,0.6,13,221.32,1,0
TEL-11658,2026-01,9.64,232,1.4,24,338.87,1,0
TEL-11658,2026-02,8.43,331,0.5,10,267.03,4,0
TEL-11658,2026-03,10.48,218,1.9,20,303.53,2,0
TEL-11658,2026-04,7.31,238,0.1,23,312.53,2,0
TEL-11658,2026-05,14.25,162,0.1,16,299.24,4,0
TEL-11658,2026-06,12.93,163,1.2,16,256.24,3,0
TEL-11659,2026-01,1.53,580,2.3,21,324.01,1,0
TEL-11659,2026-02,1.28,614,0.5,20,297.41,1,0
TEL-11659,2026-03,1.61,345,0.4,19,332.0,4,0
TEL-11659,2026-04,1.05,534,1.2,29,327.04,2,0
TEL-11659,2026-05,1.64,668,0.9,22,309.87,1,0
TEL-11659,2026-06,0.78,904,0.0,25,334.72,2,0
TEL-11660,2026-01,2.02,148,0.5,11,94.95,2,0
TEL-11660,2026-02,2.72,159,0.4,10,104.82,3,0
TEL-11660,2026-03,2.31,195,0.4,8,101.17,4,0
TEL-11660,2026-04,2.04,168,0.8,6,128.61,3,0
TEL-11660,2026-05,2.4,206,1.7,8,107.65,2,0
TEL-11660,2026-06,2.51,122,1.3,6,120.06,1,0
TEL-11661,2026-01,15.68,156,0.0,4,453.01,2,0
TEL-11661,2026-02,22.92,93,0.4,7,571.28,3,0
TEL-11661,2026-03,31.65,159,0.4,4,477.24,1,0
TEL-11661,2026-04,35.23,109,0.1,4,535.32,1,0
TEL-11661,2026-05,20.08,196,0.0,10,498.16,3,0
TEL-11661,2026-06,24.31,150,1.2,6,510.75,1,0
TEL-11662,2026-01,18.73,286,0.7,15,281.37,3,0
TEL-11662,2026-02,21.87,208,1.0,11,321.24,2,0
TEL-11662,2026-03,21.78,282,1.1,12,264.53,1,0
TEL-11662,2026-04,24.26,264,1.4,18,307.88,4,0
TEL-11662,2026-05,17.98,309,0.2,14,315.74,4,0
TEL-11662,2026-06,20.48,358,1.4,15,378.84,3,0
TEL-11663,2026-01,23.8,362,2.0,11,355.09,1,0
TEL-11663,2026-02,19.48,244,0.3,16,359.83,2,0
TEL-11663,2026-03,22.55,210,0.6,21,417.26,3,0
TEL-11663,2026-04,14.01,291,1.2,18,354.3,1,0
TEL-11663,2026-05,23.34,373,1.1,12,427.24,2,0
TEL-11663,2026-06,21.68,229,0.1,16,392.97,3,0
TEL-11664,2026-01,2.87,523,0.1,51,370.55,4,0
TEL-11664,2026-02,2.71,585,2.6,28,283.57,1,0
TEL-11664,2026-03,3.3,571,0.1,53,296.99,4,0
TEL-11664,2026-04,3.42,101,1.9,48,351.72,1,0
TEL-11664,2026-05,2.74,395,0.1,48,358.18,2,0
TEL-11664,2026-06,2.44,632,0.1,43,321.09,2,0
TEL-11665,2026-01,3.41,241,0.1,6,234.53,1,0
TEL-11665,2026-02,3.71,85,0.1,3,261.51,2,0
TEL-11665,2026-03,3.59,123,0.1,11,298.41,1,0
TEL-11665,2026-04,3.51,213,1.4,6,287.3,1,0
TEL-11665,2026-05,4.08,210,0.8,7,243.95,1,0
TEL-11665,2026-06,3.86,192,0.4,4,241.04,4,0
TEL-11666,2026-01,21.99,194,1.2,19,436.15,4,0
TEL-11666,2026-02,20.82,189,0.2,24,395.47,1,0
TEL-11666,2026-03,26.42,299,0.2,16,473.9,2,0
TEL-11666,2026-04,23.69,337,0.4,11,494.66,2,0
TEL-11666,2026-05,28.56,180,0.9,18,485.6,4,0
TEL-11666,2026-06,27.05,199,0.6,17,398.15,3,0
TEL-11667,2026-01,33.95,105,1.1,7,593.07,1,0
TEL-11667,2026-02,33.23,142,1.6,6,493.84,4,0
TEL-11667,2026-03,45.09,182,0.8,2,463.28,3,0
TEL-11667,2026-04,26.07,229,0.1,7,593.24,1,0
TEL-11667,2026-05,39.24,187,0.2,7,510.72,4,0
TEL-11667,2026-06,45.43,148,1.4,11,559.55,3,0
TEL-11668,2026-01,1.39,862,1.2,20,164.06,3,0
TEL-11668,2026-02,1.83,719,0.9,23,245.51,1,0
TEL-11668,2026-03,1.86,381,0.0,26,221.81,3,0
TEL-11668,2026-04,1.34,585,1.2,23,235.5,1,0
TEL-11668,2026-05,2.38,606,0.3,13,249.13,2,0
TEL-11668,2026-06,1.9,708,0.4,25,274.88,2,0
TEL-11669,2026-01,2.31,736,1.2,37,234.52,2,0
TEL-11669,2026-02,1.93,649,0.2,33,238.12,2,0
TEL-11669,2026-03,2.05,666,0.1,32,264.11,4,0
TEL-11669,2026-04,2.04,859,0.3,35,214.07,3,0
TEL-11669,2026-05,2.94,362,0.3,38,277.02,1,0
TEL-11669,2026-06,1.82,293,0.6,34,298.21,4,0
TEL-11670,2026-01,11.24,259,1.5,10,277.12,3,0
TEL-11670,2026-02,12.96,284,0.0,6,325.83,1,0
TEL-11670,2026-03,13.35,370,0.9,15,252.86,4,0
TEL-11670,2026-04,16.06,274,0.4,10,310.58,2,0
TEL-11670,2026-05,13.78,188,0.8,13,283.08,3,0
TEL-11670,2026-06,10.0,229,0.4,15,247.49,4,0
TEL-11671,2026-01,22.16,316,0.8,21,346.81,3,0
TEL-11671,2026-02,11.77,386,0.6,16,322.03,3,0
TEL-11671,2026-03,16.85,395,0.0,18,419.92,1,0
TEL-11671,2026-04,17.39,369,0.4,17,331.94,3,0
TEL-11671,2026-05,17.37,270,0.0,20,343.6,4,0
TEL-11671,2026-06,16.55,287,0.5,13,302.97,3,0
TEL-11672,2026-01,2.31,140,0.3,4,119.05,4,0
TEL-11672,2026-02,4.53,169,0.6,8,81.8,4,0
TEL-11672,2026-03,3.91,152,0.0,16,129.46,1,0
TEL-11672,2026-04,2.55,160,1.0,6,124.38,4,0
TEL-11672,2026-05,5.34,223,0.6,10,119.84,1,0
TEL-11672,2026-06,3.06,200,2.3,4,136.59,4,0
TEL-11673,2026-01,5.63,69,3.3,4,142.66,1,0
TEL-11673,2026-02,3.91,173,0.2,8,167.65,4,0
TEL-11673,2026-03,3.44,208,0.1,7,175.82,4,0
TEL-11673,2026-04,3.08,212,0.7,5,132.99,1,0
TEL-11673,2026-05,5.89,62,0.5,3,145.38,1,0
TEL-11673,2026-06,3.44,322,0.4,2,130.7,1,0
TEL-11674,2026-01,15.75,141,2.3,3,547.48,2,0
TEL-11674,2026-02,12.13,170,0.8,3,561.07,2,0
TEL-11674,2026-03,21.0,172,0.6,8,417.54,2,0
TEL-11674,2026-04,17.22,192,0.6,4,476.56,2,0
TEL-11674,2026-05,22.71,219,0.2,3,525.59,3,0
TEL-11674,2026-06,12.84,169,0.4,9,520.22,3,0
TEL-11675,2026-01,22.19,308,0.9,9,290.57,4,0
TEL-11675,2026-02,18.99,183,0.5,9,259.93,1,0
TEL-11675,2026-03,13.06,264,0.9,7,267.91,3,0
TEL-11675,2026-04,19.13,324,0.7,10,218.07,4,0
TEL-11675,2026-05,22.27,255,1.0,15,251.1,2,0
TEL-11675,2026-06,17.2,258,1.8,8,307.46,3,0
TEL-11676,2026-01,5.56,260,0.7,9,174.71,4,0
TEL-11676,2026-02,7.46,157,1.6,3,167.61,1,0
TEL-11676,2026-03,7.88,175,0.4,9,204.84,4,0
TEL-11676,2026-04,5.03,149,0.2,9,162.5,4,0
TEL-11676,2026-05,7.65,235,0.6,6,188.49,4,0
TEL-11676,2026-06,7.57,200,1.8,15,159.8,2,0
TEL-11677,2026-01,30.07,152,0.2,1,594.52,1,0
TEL-11677,2026-02,31.49,122,0.4,4,676.25,4,0
TEL-11677,2026-03,29.77,161,0.3,8,0.0,3,0
TEL-11677,2026-04,52.21,152,0.3,7,456.94,4,0
TEL-11677,2026-05,39.16,160,1.7,7,607.31,1,0
TEL-11677,2026-06,34.52,133,0.4,6,490.69,4,0
TEL-11678,2026-01,2.18,182,0.7,7,322.76,2,0
TEL-11678,2026-02,3.25,242,82.1,4,336.85,3,0
TEL-11678,2026-03,4.47,108,2.8,8,374.64,3,0
TEL-11678,2026-04,2.5,113,5.5,8,293.57,3,0
TEL-11678,2026-05,3.71,210,20.4,5,332.26,1,0
TEL-11678,2026-06,4.1,161,8.5,7,285.15,4,0
TEL-11679,2026-01,2.71,774,0.3,32,211.48,4,0
TEL-11679,2026-02,2.15,621,0.3,33,237.12,2,0
TEL-11679,2026-03,2.38,913,0.3,27,250.28,3,0
TEL-11679,2026-04,2.72,740,1.4,38,241.59,4,0
TEL-11679,2026-05,1.5,405,0.4,26,207.56,3,0
TEL-11679,2026-06,2.34,784,0.4,22,269.03,3,0
TEL-11680,2026-01,4.92,232,0.7,23,168.95,4,0
TEL-11680,2026-02,4.76,138,0.4,18,148.74,3,0
TEL-11680,2026-03,4.38,89,1.4,12,170.22,2,0
TEL-11680,2026-04,3.86,218,0.3,9,171.89,4,0
TEL-11680,2026-05,3.92,268,1.3,11,175.95,4,0
TEL-11680,2026-06,4.63,135,2.2,11,155.6,2,0
TEL-11681,2026-01,23.5,183,2.4,5,296.15,2,0
TEL-11681,2026-02,23.88,210,0.4,11,310.55,3,0
TEL-11681,2026-03,21.34,251,2.3,7,344.94,4,0
TEL-11681,2026-04,20.05,212,0.5,4,288.93,4,0
TEL-11681,2026-05,14.09,181,1.1,9,309.23,1,0
TEL-11681,2026-06,31.29,176,0.4,11,255.13,2,0
TEL-11682,2026-01,5.22,164,0.0,15,225.88,3,0
TEL-11682,2026-02,5.15,119,2.9,7,193.92,1,0
TEL-11682,2026-03,3.99,114,0.2,18,231.58,2,0
TEL-11682,2026-04,4.92,190,2.0,7,169.63,2,0
TEL-11682,2026-05,4.96,137,0.8,20,186.03,3,0
TEL-11682,2026-06,4.93,171,1.3,17,224.87,1,0
TEL-11683,2026-01,5.39,238,0.2,11,254.03,3,0
TEL-11683,2026-02,2.84,161,2.0,5,263.87,3,0
TEL-11683,2026-03,5.33,209,0.6,7,313.43,2,0
TEL-11683,2026-04,4.94,270,2.9,6,291.17,3,0
TEL-11683,2026-05,4.19,111,0.4,7,262.01,3,0
TEL-11683,2026-06,3.18,186,0.9,7,258.94,3,0
TEL-11684,2026-01,2.76,128,0.2,9,193.86,4,0
TEL-11684,2026-02,3.38,170,0.1,10,212.04,2,0
TEL-11684,2026-03,2.73,76,0.4,8,159.29,1,0
TEL-11684,2026-04,4.39,125,1.5,9,191.56,3,0
TEL-11684,2026-05,3.83,136,0.2,13,200.21,1,0
TEL-11684,2026-06,3.83,186,0.1,3,172.48,2,0
TEL-11685,2026-01,4.04,119,1.9,5,159.82,3,0
TEL-11685,2026-02,5.79,145,0.4,6,161.62,1,0
TEL-11685,2026-03,5.01,109,0.7,6,156.68,2,0
TEL-11685,2026-04,3.92,110,0.2,7,142.53,3,0
TEL-11685,2026-05,5.92,103,0.4,10,157.88,3,0
TEL-11685,2026-06,4.48,162,0.6,5,158.35,3,0
TEL-11686,2026-01,5.34,108,0.7,10,140.98,4,0
TEL-11686,2026-02,4.57,108,1.3,8,135.07,3,0
TEL-11686,2026-03,4.0,182,0.4,3,133.07,2,0
TEL-11686,2026-04,5.52,182,1.7,5,156.8,4,0
TEL-11686,2026-05,4.34,115,0.4,3,143.07,4,0
TEL-11686,2026-06,4.23,138,1.1,3,118.56,1,0
TEL-11687,2026-01,8.23,340,0.1,19,336.57,4,0
TEL-11687,2026-02,8.68,216,0.3,23,328.99,1,0
TEL-11687,2026-03,11.88,281,2.3,21,320.78,1,0
TEL-11687,2026-04,11.78,460,0.7,22,315.3,4,0
TEL-11687,2026-05,5.27,354,0.1,17,309.78,3,0
TEL-11687,2026-06,9.51,221,0.7,22,346.85,1,0
TEL-11688,2026-01,1.37,555,0.3,34,405.52,1,0
TEL-11688,2026-02,1.45,513,0.4,37,296.96,2,0
TEL-11688,2026-03,1.19,575,0.2,34,391.7,2,0
TEL-11688,2026-04,1.22,172,0.5,30,349.36,3,0
TEL-11688,2026-05,1.56,238,0.5,25,393.05,3,0
TEL-11688,2026-06,1.38,631,0.3,43,349.42,1,0
TEL-11689,2026-01,27.19,141,0.0,3,442.05,1,0
TEL-11689,2026-02,33.62,218,1.7,2,395.99,1,0
TEL-11689,2026-03,38.57,193,1.8,1,402.05,1,0
TEL-11689,2026-04,45.32,187,1.6,3,497.27,3,0
TEL-11689,2026-05,39.93,162,2.5,6,418.88,1,0
TEL-11689,2026-06,35.2,202,0.4,4,469.7,1,0
TEL-11690,2026-01,19.8,339,0.3,5,403.52,3,0
TEL-11690,2026-02,21.75,186,2.1,10,294.61,2,0
TEL-11690,2026-03,33.26,281,0.2,8,352.75,2,0
TEL-11690,2026-04,35.34,296,0.6,7,391.25,1,0
TEL-11690,2026-05,26.58,152,0.6,4,344.26,3,0
TEL-11690,2026-06,27.86,289,0.9,6,318.16,1,0
TEL-11691,2026-01,1.38,455,0.3,45,218.64,3,0
TEL-11691,2026-02,1.21,589,0.8,41,225.46,4,0
TEL-11691,2026-03,2.42,490,1.0,44,247.3,3,0
TEL-11691,2026-04,1.73,517,0.2,41,260.68,3,0
TEL-11691,2026-05,2.68,510,0.1,44,276.55,1,0
TEL-11691,2026-06,1.74,435,0.0,37,262.64,4,0
TEL-11692,2026-01,4.52,134,0.3,5,284.88,1,0
TEL-11692,2026-02,2.83,180,0.3,3,260.38,2,0
TEL-11692,2026-03,4.19,61,1.3,15,284.63,3,0
TEL-11692,2026-04,3.8,126,3.1,10,292.79,2,0
TEL-11692,2026-05,6.22,131,0.3,8,287.46,3,0
TEL-11692,2026-06,3.94,150,0.2,10,319.58,2,0
TEL-11693,2026-01,12.61,233,0.2,11,484.83,1,0
TEL-11693,2026-02,15.36,343,0.6,20,536.49,3,0
TEL-11693,2026-03,16.56,386,0.5,7,505.04,2,0
TEL-11693,2026-04,22.7,553,0.4,13,563.11,1,0
TEL-11693,2026-05,12.26,355,0.7,10,562.1,2,0
TEL-11693,2026-06,9.99,466,3.0,18,454.88,2,0
TEL-11694,2026-01,40.5,110,0.0,6,563.08,1,0
TEL-11694,2026-02,54.41,197,0.4,12,627.84,3,0
TEL-11694,2026-03,54.94,169,0.0,6,564.16,3,0
TEL-11694,2026-04,51.9,180,1.4,8,535.63,4,0
TEL-11694,2026-05,40.28,104,3.4,10,553.14,1,0
TEL-11694,2026-06,41.37,101,0.1,5,594.0,4,0
TEL-11695,2026-01,17.07,10,48.5,7,556.73,1,0
TEL-11695,2026-02,16.0,17,17.6,8,624.15,4,0
TEL-11695,2026-03,18.85,20,4.9,6,568.22,3,0
TEL-11695,2026-04,19.71,14,3.9,11,621.54,1,0
TEL-11695,2026-05,18.45,23,8.1,6,545.89,1,0
TEL-11695,2026-06,16.08,16,2.5,6,571.91,4,0
TEL-11696,2026-01,11.62,237,0.7,4,422.06,4,0
TEL-11696,2026-02,17.16,285,0.3,2,376.89,4,0
TEL-11696,2026-03,12.41,196,0.5,10,491.53,4,0
TEL-11696,2026-04,84.66,260,0.9,9,0.0,0,1
TEL-11696,2026-05,88.01,141,1.3,5,0.0,0,1
TEL-11696,2026-06,74.69,267,0.2,8,0.0,0,2
TEL-11697,2026-01,3.79,172,1.1,12,257.11,4,0
TEL-11697,2026-02,3.11,156,1.4,13,306.22,3,0
TEL-11697,2026-03,4.27,125,0.4,10,253.24,1,0
TEL-11697,2026-04,4.3,94,0.2,11,336.07,1,0
TEL-11697,2026-05,4.7,194,2.2,7,262.59,3,0
TEL-11697,2026-06,4.62,145,0.3,10,291.88,3,0
TEL-11698,2026-01,20.72,191,0.6,5,642.17,2,0
TEL-11698,2026-02,33.99,228,0.3,7,648.44,3,0
TEL-11698,2026-03,36.96,191,0.2,6,638.0,3,0
TEL-11698,2026-04,36.06,198,0.5,5,636.74,2,0
TEL-11698,2026-05,34.51,155,1.5,8,724.51,2,0
TEL-11698,2026-06,45.48,196,0.8,7,604.18,1,0
TEL-11699,2026-01,14.2,102,0.6,14,202.17,2,0
TEL-11699,2026-02,16.65,234,1.0,23,284.22,4,0
TEL-11699,2026-03,12.72,301,0.0,11,240.16,1,0
TEL-11699,2026-04,13.31,156,0.9,13,244.29,1,0
TEL-11699,2026-05,15.13,297,1.2,22,250.27,2,0
TEL-11699,2026-06,10.91,306,1.4,8,204.58,4,0
TEL-11700,2026-01,5.31,118,2.6,9,279.06,4,0
TEL-11700,2026-02,5.23,82,0.3,11,279.09,4,0
TEL-11700,2026-03,4.15,145,0.1,12,215.1,4,0
TEL-11700,2026-04,5.08,74,1.0,3,248.29,2,0
TEL-11700,2026-05,6.11,93,1.4,11,248.65,3,0
TEL-11700,2026-06,8.44,101,0.3,7,263.43,3,0
TEL-11701,2026-01,4.91,125,1.1,7,208.84,1,0
TEL-11701,2026-02,4.08,109,0.8,6,236.66,3,0
TEL-11701,2026-03,6.25,87,0.7,5,198.7,1,0
TEL-11701,2026-04,4.18,148,4.4,3,215.13,3,0
TEL-11701,2026-05,5.44,171,0.5,7,235.23,1,0
TEL-11701,2026-06,4.36,169,0.0,8,172.53,1,0
TEL-11702,2026-01,24.88,492,0.3,16,392.54,2,0
TEL-11702,2026-02,32.48,444,0.3,20,437.24,1,0
TEL-11702,2026-03,29.73,288,1.4,12,401.21,2,0
TEL-11702,2026-04,23.94,491,1.1,14,372.62,3,0
TEL-11702,2026-05,21.93,309,1.5,10,366.97,1,0
TEL-11702,2026-06,32.82,465,1.1,13,384.28,2,0
TEL-11703,2026-01,4.31,198,0.1,11,382.01,3,0
TEL-11703,2026-02,4.57,109,1.0,14,328.82,4,0
TEL-11703,2026-03,4.34,180,0.3,10,352.63,3,0
TEL-11703,2026-04,3.78,250,0.3,11,321.33,1,0
TEL-11703,2026-05,5.92,165,0.3,14,354.89,4,0
TEL-11703,2026-06,4.42,162,0.4,9,344.42,1,0
TEL-11704,2026-01,1.98,382,0.2,25,139.72,2,0
TEL-11704,2026-02,2.01,324,2.2,38,139.05,1,0
TEL-11704,2026-03,3.25,397,1.1,26,132.02,3,0
TEL-11704,2026-04,3.3,249,0.9,34,128.08,4,0
TEL-11704,2026-05,2.53,405,1.8,30,120.51,1,0
TEL-11704,2026-06,2.05,303,0.6,39,128.11,2,0
TEL-11705,2026-01,2.09,411,0.2,51,307.66,1,0
TEL-11705,2026-02,1.71,367,1.1,51,211.31,2,0
TEL-11705,2026-03,1.2,436,1.7,41,217.08,3,0
TEL-11705,2026-04,1.26,525,1.3,57,230.31,1,0
TEL-11705,2026-05,1.17,459,0.5,43,251.97,4,0
TEL-11705,2026-06,1.58,464,1.5,49,244.04,3,0
TEL-11706,2026-01,1.42,118,0.4,4,224.0,3,0
TEL-11706,2026-02,2.92,108,2.0,2,165.08,2,0
TEL-11706,2026-03,2.68,94,0.3,3,162.27,1,0
TEL-11706,2026-04,1.88,139,0.8,3,180.76,3,0
TEL-11706,2026-05,1.84,142,1.7,2,189.93,2,0
TEL-11706,2026-06,3.17,145,0.3,1,158.23,1,0
TEL-11707,2026-01,1.82,452,2.5,40,351.54,3,0
TEL-11707,2026-02,2.51,440,0.1,35,410.14,3,0
TEL-11707,2026-03,1.46,537,0.7,35,338.62,4,0
TEL-11707,2026-04,3.05,276,0.8,33,317.08,1,0
TEL-11707,2026-05,1.75,522,0.3,41,315.96,1,0
TEL-11707,2026-06,2.43,446,1.9,33,326.12,3,0
TEL-11708,2026-01,37.18,157,0.3,3,882.31,2,0
TEL-11708,2026-02,25.34,116,1.7,8,804.2,1,0
TEL-11708,2026-03,40.35,171,3.2,10,791.96,2,0
TEL-11708,2026-04,53.84,157,1.2,5,777.12,3,0
TEL-11708,2026-05,61.23,207,0.2,5,765.04,2,0
TEL-11708,2026-06,45.35,161,1.9,7,704.96,3,0
TEL-11709,2026-01,5.89,63,0.3,7,204.72,2,0
TEL-11709,2026-02,6.42,49,0.7,9,244.19,4,0
TEL-11709,2026-03,3.97,87,0.3,7,252.15,1,0
TEL-11709,2026-04,6.34,54,0.1,7,215.44,4,0
TEL-11709,2026-05,6.46,35,0.4,11,179.67,4,0
TEL-11709,2026-06,3.6,53,0.6,7,202.8,3,0
TEL-11710,2026-01,7.41,195,0.9,10,379.83,2,0
TEL-11710,2026-02,10.5,196,0.1,10,410.33,3,0
TEL-11710,2026-03,9.55,278,0.4,14,390.28,3,0
TEL-11710,2026-04,11.22,153,0.1,15,393.49,2,0
TEL-11710,2026-05,10.55,329,0.0,16,363.94,3,0
TEL-11710,2026-06,9.49,285,1.0,11,413.57,4,0
TEL-11711,2026-01,4.69,93,1.7,5,350.37,3,0
TEL-11711,2026-02,8.11,131,0.8,8,335.19,3,0
TEL-11711,2026-03,6.55,147,5.1,3,379.56,3,0
TEL-11711,2026-04,6.78,128,11.8,7,309.89,4,0
TEL-11711,2026-05,5.03,66,4.1,9,300.02,3,0
TEL-11711,2026-06,5.43,145,6.0,5,340.98,3,0
TEL-11712,2026-01,1.9,214,1.1,23,324.28,3,0
TEL-11712,2026-02,1.48,597,0.6,24,324.79,2,0
TEL-11712,2026-03,1.99,981,1.1,20,355.03,4,0
TEL-11712,2026-04,0.83,704,0.3,22,333.75,1,0
TEL-11712,2026-05,1.66,407,0.6,27,337.24,2,0
TEL-11712,2026-06,1.91,400,1.1,19,260.81,3,0
TEL-11713,2026-01,0.7,648,0.1,37,132.78,1,0
TEL-11713,2026-02,0.76,566,0.1,36,123.07,3,0
TEL-11713,2026-03,0.53,419,2.4,29,112.38,3,0
TEL-11713,2026-04,1.15,565,0.2,39,135.74,1,0
TEL-11713,2026-05,0.43,441,1.0,49,120.48,3,0
TEL-11713,2026-06,0.78,452,1.6,37,114.2,2,0
TEL-11714,2026-01,22.9,169,1.5,7,474.6,3,0
TEL-11714,2026-02,40.38,204,0.1,2,508.49,1,0
TEL-11714,2026-03,17.23,224,2.0,5,524.14,4,0
TEL-11714,2026-04,43.58,170,0.1,5,581.5,2,0
TEL-11714,2026-05,36.63,214,0.1,6,474.1,1,0
TEL-11714,2026-06,35.52,229,0.6,12,520.31,1,0
TEL-11715,2026-01,46.43,314,2.5,6,523.21,2,0
TEL-11715,2026-02,30.79,186,1.4,7,654.25,3,0
TEL-11715,2026-03,38.24,257,1.2,8,664.07,2,0
TEL-11715,2026-04,45.42,369,1.3,16,627.15,4,0
TEL-11715,2026-05,37.47,246,0.6,10,712.1,2,0
TEL-11715,2026-06,53.94,241,0.2,10,626.98,1,0
TEL-11716,2026-01,44.57,59,1.1,3,410.95,3,0
TEL-11716,2026-02,48.46,140,1.3,0,324.23,1,0
TEL-11716,2026-03,39.07,160,1.3,6,412.24,2,0
TEL-11716,2026-04,36.54,141,0.1,1,367.97,1,0
TEL-11716,2026-05,29.79,114,0.2,2,378.58,3,0
TEL-11716,2026-06,32.97,118,1.1,3,390.92,4,0
TEL-11717,2026-01,40.78,208,0.2,2,477.27,2,0
TEL-11717,2026-02,37.48,127,1.2,0,470.07,1,0
TEL-11717,2026-03,33.02,184,0.0,1,407.51,2,0
TEL-11717,2026-04,35.28,244,0.8,0,485.68,4,0
TEL-11717,2026-05,35.14,181,0.1,2,388.94,3,0
TEL-11717,2026-06,33.65,281,1.4,1,439.17,4,0
TEL-11718,2026-01,15.46,187,0.3,9,383.28,1,0
TEL-11718,2026-02,11.55,213,0.4,12,366.02,2,0
TEL-11718,2026-03,14.46,130,1.9,8,479.03,3,0
TEL-11718,2026-04,18.0,269,0.1,11,474.92,2,0
TEL-11718,2026-05,22.1,223,0.3,9,376.9,2,0
TEL-11718,2026-06,14.25,105,2.7,13,371.03,3,0
TEL-11719,2026-01,5.53,142,0.4,12,326.91,1,0
TEL-11719,2026-02,5.63,143,0.0,15,316.21,3,0
TEL-11719,2026-03,3.73,95,0.6,20,269.31,4,0
TEL-11719,2026-04,4.52,142,0.6,9,299.64,4,0
TEL-11719,2026-05,5.42,145,1.7,14,323.59,1,0
TEL-11719,2026-06,4.71,144,3.0,13,313.26,3,0
TEL-11720,2026-01,13.47,317,0.0,19,215.53,1,0
TEL-11720,2026-02,6.84,175,0.3,22,228.57,3,0
TEL-11720,2026-03,9.47,292,0.0,23,237.96,2,0
TEL-11720,2026-04,16.2,284,0.7,18,210.73,2,0
TEL-11720,2026-05,12.06,288,0.1,17,226.47,3,0
TEL-11720,2026-06,11.94,274,1.1,20,223.19,3,0
TEL-11721,2026-01,3.83,154,0.7,10,164.7,4,0
TEL-11721,2026-02,2.83,138,0.5,4,179.41,4,0
TEL-11721,2026-03,2.41,76,0.5,4,207.88,4,0
TEL-11721,2026-04,2.37,130,0.0,5,175.42,1,0
TEL-11721,2026-05,4.13,206,0.7,2,182.29,4,0
TEL-11721,2026-06,2.93,192,0.1,7,178.4,1,0
TEL-11722,2026-01,43.57,148,0.8,6,489.1,4,0
TEL-11722,2026-02,53.64,150,1.1,7,679.0,3,0
TEL-11722,2026-03,34.43,192,1.3,3,503.27,1,0
TEL-11722,2026-04,41.35,94,0.7,3,532.94,3,0
TEL-11722,2026-05,34.66,208,3.9,6,687.89,4,0
TEL-11722,2026-06,30.2,164,0.9,3,531.78,1,0
TEL-11723,2026-01,22.34,151,0.5,10,598.16,2,0
TEL-11723,2026-02,26.77,414,0.2,15,586.45,2,0
TEL-11723,2026-03,13.34,424,0.3,19,573.51,1,0
TEL-11723,2026-04,20.64,409,0.6,13,480.65,3,0
TEL-11723,2026-05,22.82,471,1.3,21,488.79,4,0
TEL-11723,2026-06,24.15,305,0.6,20,471.81,4,0
TEL-11724,2026-01,33.33,89,1.0,5,625.96,2,0
TEL-11724,2026-02,40.3,73,1.0,6,533.22,3,0
TEL-11724,2026-03,39.28,55,0.5,4,486.5,3,0
TEL-11724,2026-04,33.92,68,1.4,10,574.03,3,0
TEL-11724,2026-05,41.0,73,0.2,9,580.49,3,0
TEL-11724,2026-06,21.95,77,0.5,5,551.2,1,0
TEL-11725,2026-01,21.53,356,5.2,10,604.46,3,0
TEL-11725,2026-02,19.84,458,9.0,9,664.01,2,0
TEL-11725,2026-03,22.64,344,2.6,8,526.24,2,0
TEL-11725,2026-04,20.36,351,24.2,10,572.41,4,0
TEL-11725,2026-05,16.54,204,9.5,12,752.35,3,0
TEL-11725,2026-06,23.83,367,11.4,13,684.73,4,0
TEL-11726,2026-01,29.67,289,0.6,14,526.06,4,0
TEL-11726,2026-02,24.07,330,1.6,24,586.36,2,0
TEL-11726,2026-03,30.23,275,0.4,19,472.3,1,0
TEL-11726,2026-04,15.99,264,0.7,16,457.94,2,0
TEL-11726,2026-05,27.7,101,1.0,14,410.67,2,0
TEL-11726,2026-06,28.58,234,0.1,21,469.27,3,0
TEL-11727,2026-01,2.5,129,0.2,8,135.93,4,0
TEL-11727,2026-02,2.42,141,0.1,1,184.1,4,0
TEL-11727,2026-03,3.32,141,1.3,10,179.48,1,0
TEL-11727,2026-04,2.13,209,0.0,10,174.41,4,0
TEL-11727,2026-05,2.0,175,0.5,8,150.41,1,0
TEL-11727,2026-06,1.92,182,1.2,10,147.5,3,0
TEL-11728,2026-01,20.57,233,1.0,3,478.2,4,0
TEL-11728,2026-02,19.29,294,0.1,8,502.91,4,0
TEL-11728,2026-03,9.19,331,1.1,4,533.96,3,0
TEL-11728,2026-04,22.04,385,2.5,11,492.66,3,0
TEL-11728,2026-05,20.69,359,0.2,11,427.78,3,0
TEL-11728,2026-06,20.24,218,0.4,12,529.07,2,0
TEL-11729,2026-01,42.44,273,0.7,1,503.39,3,0
TEL-11729,2026-02,42.73,184,1.0,2,557.81,3,0
TEL-11729,2026-03,56.16,145,0.6,7,536.87,3,0
TEL-11729,2026-04,28.9,112,0.4,2,547.46,3,0
TEL-11729,2026-05,33.36,251,0.4,5,508.03,4,0
TEL-11729,2026-06,34.29,233,1.2,3,513.22,2,0
TEL-11730,2026-01,1.78,498,1.2,40,374.58,1,0
TEL-11730,2026-02,2.51,470,0.5,39,346.97,1,0
TEL-11730,2026-03,1.19,799,0.1,36,291.13,2,0
TEL-11730,2026-04,2.42,677,1.1,38,322.29,2,0
TEL-11730,2026-05,2.72,123,0.9,36,315.54,3,0
TEL-11730,2026-06,1.97,578,1.6,32,302.07,2,0
TEL-11731,2026-01,2.37,457,0.2,37,253.14,4,0
TEL-11731,2026-02,1.91,475,0.2,32,198.61,3,0
TEL-11731,2026-03,1.26,531,0.9,33,210.61,2,0
TEL-11731,2026-04,1.97,570,1.3,30,217.77,1,0
TEL-11731,2026-05,1.81,317,1.7,26,223.6,3,0
TEL-11731,2026-06,2.31,382,2.3,29,184.89,1,0
TEL-11732,2026-01,2.66,604,3.0,44,151.11,2,0
TEL-11732,2026-02,2.41,501,0.7,47,155.37,4,0
TEL-11732,2026-03,2.89,543,0.2,36,181.58,3,0
TEL-11732,2026-04,2.38,711,0.3,43,165.75,2,0
TEL-11732,2026-05,2.42,605,0.0,38,150.94,1,0
TEL-11732,2026-06,1.79,586,0.1,29,181.51,2,0
TEL-11733,2026-01,6.95,106,0.0,7,229.65,4,0
TEL-11733,2026-02,5.83,91,0.2,6,200.22,1,0
TEL-11733,2026-03,7.19,156,0.1,9,209.47,3,0
TEL-11733,2026-04,6.84,96,0.0,6,223.82,3,0
TEL-11733,2026-05,4.8,119,0.8,9,183.99,4,0
TEL-11733,2026-06,4.86,103,0.7,8,196.37,1,0
TEL-11734,2026-01,2.81,495,0.6,33,183.76,3,0
TEL-11734,2026-02,3.86,543,0.2,44,208.39,3,0
TEL-11734,2026-03,3.85,468,0.0,32,174.07,3,0
TEL-11734,2026-04,2.99,594,0.6,30,180.39,3,0
TEL-11734,2026-05,3.85,450,1.5,44,200.55,1,0
TEL-11734,2026-06,2.61,512,0.1,28,200.58,2,0
TEL-11735,2026-01,29.36,150,1.6,4,429.28,3,0
TEL-11735,2026-02,20.55,82,2.6,2,493.67,1,0
TEL-11735,2026-03,35.33,109,0.8,4,468.93,4,0
TEL-11735,2026-04,30.23,67,1.4,8,542.16,4,0
TEL-11735,2026-05,32.92,50,0.2,6,464.01,3,0
TEL-11735,2026-06,25.77,103,0.7,1,436.58,4,0
TEL-11736,2026-01,6.06,186,0.3,9,135.7,4,0
TEL-11736,2026-02,4.92,135,0.3,10,162.42,4,0
TEL-11736,2026-03,4.86,130,0.1,9,120.44,1,0
TEL-11736,2026-04,4.33,156,0.1,9,148.65,4,0
TEL-11736,2026-05,5.45,117,0.7,8,153.32,4,0
TEL-11736,2026-06,5.74,73,2.1,11,125.87,2,0
TEL-11737,2026-01,17.06,221,20.6,15,790.74,4,0
TEL-11737,2026-02,10.63,276,15.4,13,697.26,3,0
TEL-11737,2026-03,15.14,280,37.5,16,645.63,4,0
TEL-11737,2026-04,16.43,237,3.7,25,664.44,4,0
TEL-11737,2026-05,15.08,367,41.5,14,705.17,4,0
TEL-11737,2026-06,12.74,305,26.4,21,646.56,1,0
TEL-11738,2026-01,3.19,195,1.1,8,180.79,4,0
TEL-11738,2026-02,3.51,112,0.1,10,179.7,2,0
TEL-11738,2026-03,3.18,120,0.6,10,186.37,3,0
TEL-11738,2026-04,2.91,119,0.1,13,161.7,1,0
TEL-11738,2026-05,2.23,194,1.6,9,189.54,4,0
TEL-11738,2026-06,1.92,154,0.2,13,187.17,1,0
TEL-11739,2026-01,6.56,150,0.4,6,72.76,3,0
TEL-11739,2026-02,3.88,170,0.3,11,62.23,1,0
TEL-11739,2026-03,4.95,168,1.3,21,60.0,1,0
TEL-11739,2026-04,3.82,129,0.3,14,72.07,4,0
TEL-11739,2026-05,6.29,169,0.0,14,67.32,2,0
TEL-11739,2026-06,7.15,162,0.1,18,65.88,4,0
TEL-11740,2026-01,1.61,913,1.8,32,300.74,3,0
TEL-11740,2026-02,2.29,564,0.4,42,282.03,4,0
TEL-11740,2026-03,1.84,871,0.8,42,250.91,4,0
TEL-11740,2026-04,2.13,759,4.1,40,270.09,1,0
TEL-11740,2026-05,2.74,706,2.0,42,291.13,1,0
TEL-11740,2026-06,2.5,318,1.7,49,306.0,2,0
TEL-11741,2026-01,4.51,204,1.1,6,202.47,2,0
TEL-11741,2026-02,4.57,135,1.0,10,186.18,1,0
TEL-11741,2026-03,6.71,144,1.8,9,154.16,1,0
TEL-11741,2026-04,3.72,156,0.3,8,219.05,2,0
TEL-11741,2026-05,5.2,157,1.9,8,208.5,3,0
TEL-11741,2026-06,4.24,81,0.1,12,228.51,1,0
TEL-11742,2026-01,6.64,562,0.2,13,508.33,4,0
TEL-11742,2026-02,5.67,436,0.3,13,415.92,3,0
TEL-11742,2026-03,4.14,458,0.3,17,337.18,4,0
TEL-11742,2026-04,9.33,503,0.0,11,410.8,4,0
TEL-11742,2026-05,7.93,306,1.0,13,420.47,3,0
TEL-11742,2026-06,6.74,403,0.3,9,431.7,2,0
TEL-11743,2026-01,4.68,118,0.4,2,153.91,2,0
TEL-11743,2026-02,4.09,169,0.3,3,137.03,4,0
TEL-11743,2026-03,4.92,203,1.8,3,146.19,1,0
TEL-11743,2026-04,4.74,133,2.0,0,134.59,4,0
TEL-11743,2026-05,4.16,180,0.1,3,144.77,4,0
TEL-11743,2026-06,4.91,111,0.5,1,134.08,4,0
TEL-11744,2026-01,23.85,209,2.5,3,316.98,3,0
TEL-11744,2026-02,18.33,192,0.2,5,291.97,2,0
TEL-11744,2026-03,23.14,238,0.7,2,345.23,1,0
TEL-11744,2026-04,32.8,165,0.9,3,342.6,2,0
TEL-11744,2026-05,25.85,185,0.0,4,327.16,4,0
TEL-11744,2026-06,21.66,242,0.6,3,281.45,3,0
TEL-11745,2026-01,16.98,288,2.6,9,225.49,4,0
TEL-11745,2026-02,18.09,117,0.8,17,238.68,3,0
TEL-11745,2026-03,15.91,410,0.1,21,249.43,2,0
TEL-11745,2026-04,10.25,378,0.6,15,251.4,3,0
TEL-11745,2026-05,21.71,258,0.4,14,264.17,2,0
TEL-11745,2026-06,10.73,410,1.3,13,223.59,2,0
TEL-11746,2026-01,23.53,460,0.2,19,261.19,3,0
TEL-11746,2026-02,18.7,715,4.0,21,243.14,1,0
TEL-11746,2026-03,14.28,599,1.0,12,255.07,1,0
TEL-11746,2026-04,22.99,842,0.7,19,254.59,2,0
TEL-11746,2026-05,19.11,915,0.9,15,248.72,3,0
TEL-11746,2026-06,11.66,871,0.2,22,294.77,1,0
TEL-11747,2026-01,27.64,169,1.2,0,357.39,4,0
TEL-11747,2026-02,30.76,226,0.1,0,356.56,3,0
TEL-11747,2026-03,29.93,224,0.0,2,383.81,1,0
TEL-11747,2026-04,45.17,225,0.3,1,441.03,4,0
TEL-11747,2026-05,41.65,208,0.4,2,357.25,4,0
TEL-11747,2026-06,31.37,273,1.9,3,303.25,1,0
TEL-11748,2026-01,2.75,123,0.2,9,158.09,1,0
TEL-11748,2026-02,3.66,84,0.5,3,141.86,2,0
TEL-11748,2026-03,3.2,117,1.9,6,137.04,4,0
TEL-11748,2026-04,3.09,113,1.5,11,133.2,3,0
TEL-11748,2026-05,1.79,101,0.0,3,153.4,4,0
TEL-11748,2026-06,3.48,83,0.2,5,138.46,1,0
TEL-11749,2026-01,28.92,182,0.8,0,320.21,2,0
TEL-11749,2026-02,21.41,212,0.2,4,306.58,1,0
TEL-11749,2026-03,24.27,199,0.2,0,267.19,2,0
TEL-11749,2026-04,28.11,180,0.9,3,312.61,2,0
TEL-11749,2026-05,19.45,126,1.5,6,314.87,3,0
TEL-11749,2026-06,18.75,250,0.5,2,359.6,4,0
TEL-11750,2026-01,30.98,202,1.6,12,588.62,3,0
TEL-11750,2026-02,19.86,135,6.4,13,554.75,4,0
TEL-11750,2026-03,23.9,110,6.6,10,780.02,4,0
TEL-11750,2026-04,20.79,170,8.5,13,579.82,4,0
TEL-11750,2026-05,23.3,214,0.7,11,573.42,4,0
TEL-11750,2026-06,27.78,135,13.9,10,560.7,1,0
TEL-11751,2026-01,9.88,249,0.4,13,430.72,3,0
TEL-11751,2026-02,15.55,341,0.6,8,431.8,3,0
TEL-11751,2026-03,18.16,599,0.2,12,369.38,1,0
TEL-11751,2026-04,17.8,455,0.6,6,414.64,4,0
TEL-11751,2026-05,22.85,378,0.7,9,378.75,2,0
TEL-11751,2026-06,27.67,345,0.4,13,364.03,4,0
TEL-11752,2026-01,13.04,242,1.1,15,604.3,1,0
TEL-11752,2026-02,21.93,275,32.3,16,601.68,2,0
TEL-11752,2026-03,13.81,225,6.0,12,693.38,1,0
TEL-11752,2026-04,6.73,150,0.8,14,621.74,1,0
TEL-11752,2026-05,14.74,249,11.7,18,721.94,1,0
TEL-11752,2026-06,16.05,270,11.8,14,599.42,1,0
TEL-11753,2026-01,32.15,260,20.3,6,618.27,3,0
TEL-11753,2026-02,24.76,172,9.6,4,585.08,2,0
TEL-11753,2026-03,38.87,242,13.3,1,627.84,2,0
TEL-11753,2026-04,26.91,221,30.9,5,525.8,3,0
TEL-11753,2026-05,48.4,212,0.5,1,636.53,2,0
TEL-11753,2026-06,52.62,359,23.6,2,597.17,1,0
TEL-11754,2026-01,1.64,452,0.2,34,267.8,4,0
TEL-11754,2026-02,1.22,470,0.4,31,282.26,3,0
TEL-11754,2026-03,1.85,615,1.2,34,261.56,1,0
TEL-11754,2026-04,2.07,358,2.4,30,228.98,3,0
TEL-11754,2026-05,1.87,525,0.2,26,242.16,3,0
TEL-11754,2026-06,1.14,480,0.6,28,238.68,2,0
TEL-11755,2026-01,51.61,98,0.1,3,614.08,4,0
TEL-11755,2026-02,28.56,138,0.7,6,569.14,3,0
TEL-11755,2026-03,43.51,93,0.1,4,570.09,4,0
TEL-11755,2026-04,46.53,101,2.4,4,546.79,4,0
TEL-11755,2026-05,38.97,106,0.4,9,603.13,1,0
TEL-11755,2026-06,40.44,80,0.6,7,516.22,4,0
TEL-11756,2026-01,23.92,111,0.4,4,502.74,2,0
TEL-11756,2026-02,41.85,178,0.9,3,461.07,2,0
TEL-11756,2026-03,36.92,186,0.2,3,460.22,3,0
TEL-11756,2026-04,40.53,137,1.0,7,371.38,3,0
TEL-11756,2026-05,34.58,144,1.6,5,391.84,1,0
TEL-11756,2026-06,19.5,151,0.5,5,423.27,4,0
TEL-11757,2026-01,2.69,484,3.0,32,308.23,4,0
TEL-11757,2026-02,3.43,558,0.5,19,299.56,2,0
TEL-11757,2026-03,2.31,373,1.3,15,287.9,4,0
TEL-11757,2026-04,2.93,386,2.4,25,323.4,3,0
TEL-11757,2026-05,2.95,324,0.6,20,329.77,4,0
TEL-11757,2026-06,1.1,470,0.3,21,320.02,3,0
TEL-11758,2026-01,9.03,115,0.3,17,180.31,3,0
TEL-11758,2026-02,7.0,275,0.1,18,165.51,4,0
TEL-11758,2026-03,10.05,236,0.5,13,163.27,2,0
TEL-11758,2026-04,11.05,366,1.7,15,175.99,3,0
TEL-11758,2026-05,5.41,311,0.2,18,182.61,3,0
TEL-11758,2026-06,6.78,155,2.2,10,192.58,4,0
TEL-11759,2026-01,4.3,140,0.5,12,307.89,4,0
TEL-11759,2026-02,5.47,92,2.2,15,228.91,3,0
TEL-11759,2026-03,7.32,176,0.0,15,272.44,4,0
TEL-11759,2026-04,5.25,161,0.2,8,301.07,4,0
TEL-11759,2026-05,6.25,127,2.9,22,283.18,1,0
TEL-11759,2026-06,6.59,115,1.0,16,323.94,3,0
TEL-11760,2026-01,3.0,82,2.0,9,110.18,3,0
TEL-11760,2026-02,4.06,48,0.1,10,107.92,1,0
TEL-11760,2026-03,2.46,63,0.4,14,99.27,2,0
TEL-11760,2026-04,3.61,47,1.0,14,117.88,2,0
TEL-11760,2026-05,2.66,48,0.5,16,117.81,4,0
TEL-11760,2026-06,3.01,56,0.2,14,151.03,3,0
TEL-11761,2026-01,2.45,399,0.1,29,293.09,4,0
TEL-11761,2026-02,3.14,210,0.1,26,372.23,1,0
TEL-11761,2026-03,2.96,350,0.8,15,431.76,1,0
TEL-11761,2026-04,2.82,406,0.2,35,385.32,2,0
TEL-11761,2026-05,2.59,436,0.2,30,413.59,1,0
TEL-11761,2026-06,3.37,378,0.6,30,365.33,2,0
TEL-11762,2026-01,38.16,278,0.3,11,543.6,4,0
TEL-11762,2026-02,29.38,155,1.1,16,463.24,2,0
TEL-11762,2026-03,35.18,174,0.2,8,526.37,4,0
TEL-11762,2026-04,39.6,79,0.2,9,502.2,2,0
TEL-11762,2026-05,26.42,187,1.1,12,425.34,2,0
TEL-11762,2026-06,31.83,158,0.8,13,488.09,4,0
TEL-11763,2026-01,3.0,81,1.5,5,189.77,3,0
TEL-11763,2026-02,5.19,121,1.6,10,186.65,1,0
TEL-11763,2026-03,4.13,136,2.4,10,198.75,4,0
TEL-11763,2026-04,5.23,102,1.1,11,194.63,3,0
TEL-11763,2026-05,3.97,57,0.2,7,212.86,3,0
TEL-11763,2026-06,5.91,109,1.0,15,214.2,2,0
TEL-11764,2026-01,1.88,535,3.6,43,288.5,1,0
TEL-11764,2026-02,2.12,640,0.7,25,348.21,4,0
TEL-11764,2026-03,3.12,859,2.0,33,361.1,4,0
TEL-11764,2026-04,2.52,734,1.6,31,345.41,1,0
TEL-11764,2026-05,2.21,653,0.1,34,362.52,4,0
TEL-11764,2026-06,2.27,476,3.7,45,406.64,3,0
TEL-11765,2026-01,16.75,331,1.7,10,374.5,3,0
TEL-11765,2026-02,14.28,399,0.8,10,355.12,3,0
TEL-11765,2026-03,17.02,375,0.2,14,368.54,4,0
TEL-11765,2026-04,14.04,270,0.2,5,0.0,2,0
TEL-11765,2026-05,11.01,344,0.5,7,320.25,2,0
TEL-11765,2026-06,8.7,368,0.0,9,443.27,3,0
TEL-11766,2026-01,7.59,94,11.9,6,603.93,2,0
TEL-11766,2026-02,8.48,61,9.1,9,653.28,3,0
TEL-11766,2026-03,4.77,77,12.6,9,576.93,4,0
TEL-11766,2026-04,4.08,58,7.4,8,645.0,2,0
TEL-11766,2026-05,5.85,97,20.2,4,700.26,1,0
TEL-11766,2026-06,7.51,78,5.6,8,667.66,4,0
TEL-11767,2026-01,13.78,375,0.9,21,299.08,3,0
TEL-11767,2026-02,13.88,394,1.6,14,302.8,4,0
TEL-11767,2026-03,16.15,208,0.9,15,246.8,3,0
TEL-11767,2026-04,15.38,358,0.8,15,342.21,3,0
TEL-11767,2026-05,16.08,419,0.7,14,299.85,3,0
TEL-11767,2026-06,13.55,447,0.8,12,304.29,3,0
TEL-11768,2026-01,11.7,383,1.5,13,385.02,1,0
TEL-11768,2026-02,8.45,317,0.2,10,391.11,2,0
TEL-11768,2026-03,0.11,117,1771.1,15,342.17,3,0
TEL-11768,2026-04,0.16,57,1797.2,12,401.28,3,0
TEL-11768,2026-05,0.25,110,2412.6,7,476.76,4,0
TEL-11768,2026-06,0.29,49,2485.0,7,369.86,3,0
TEL-11769,2026-01,4.6,118,1.0,12,159.22,2,0
TEL-11769,2026-02,5.14,119,1.9,4,141.88,2,0
TEL-11769,2026-03,4.03,149,0.5,10,138.37,2,0
TEL-11769,2026-04,4.48,36,0.1,7,140.34,3,0
TEL-11769,2026-05,3.73,136,0.6,12,141.71,2,0
TEL-11769,2026-06,3.63,127,0.5,7,153.62,2,0
TEL-11770,2026-01,20.92,133,0.5,13,357.3,1,0
TEL-11770,2026-02,12.55,219,1.0,18,325.0,1,0
TEL-11770,2026-03,14.31,181,1.8,10,359.45,2,0
TEL-11770,2026-04,20.56,160,0.1,16,351.53,4,0
TEL-11770,2026-05,8.73,28,0.3,13,349.6,4,0
TEL-11770,2026-06,8.29,187,0.9,17,300.52,2,0
TEL-11771,2026-01,1.94,210,0.8,10,198.62,4,0
TEL-11771,2026-02,2.67,240,0.6,11,259.14,1,0
TEL-11771,2026-03,2.9,149,0.3,7,234.63,1,0
TEL-11771,2026-04,2.46,175,1.9,10,227.66,4,0
TEL-11771,2026-05,3.17,257,0.2,12,239.95,3,0
TEL-11771,2026-06,1.82,218,0.3,11,223.89,4,0
TEL-11772,2026-01,5.48,174,0.4,14,170.68,3,0
TEL-11772,2026-02,5.21,110,0.1,8,145.11,3,0
TEL-11772,2026-03,5.35,125,0.3,20,150.85,4,0
TEL-11772,2026-04,5.29,116,1.0,8,134.45,4,0
TEL-11772,2026-05,5.49,105,0.1,10,150.15,2,0
TEL-11772,2026-06,6.11,143,0.1,14,136.96,3,0
TEL-11773,2026-01,39.83,99,1.5,7,560.19,4,0
TEL-11773,2026-02,38.5,159,0.1,3,594.88,3,0
TEL-11773,2026-03,43.69,136,0.8,8,668.74,2,0
TEL-11773,2026-04,41.49,212,1.0,2,553.6,1,0
TEL-11773,2026-05,42.65,163,0.1,5,516.93,2,0
TEL-11773,2026-06,32.14,159,0.0,2,607.73,1,0
TEL-11774,2026-01,0.47,533,0.4,33,174.89,4,0
TEL-11774,2026-02,0.69,549,0.7,42,181.42,2,0
TEL-11774,2026-03,0.51,454,0.1,34,207.41,1,0
TEL-11774,2026-04,0.42,216,0.4,30,165.1,4,0
TEL-11774,2026-05,0.67,449,0.0,27,174.37,1,0
TEL-11774,2026-06,0.6,415,2.1,31,145.38,4,0
TEL-11775,2026-01,17.67,399,0.3,13,436.34,3,0
TEL-11775,2026-02,19.83,324,0.8,13,390.48,3,0
TEL-11775,2026-03,21.3,466,0.7,9,431.83,3,0
TEL-11775,2026-04,23.6,459,0.1,15,485.65,1,0
TEL-11775,2026-05,20.75,304,0.6,11,418.15,2,0
TEL-11775,2026-06,24.0,536,0.7,11,478.32,2,0
TEL-11776,2026-01,11.54,141,2.5,7,479.05,1,0
TEL-11776,2026-02,18.38,101,1.4,7,466.87,3,0
TEL-11776,2026-03,19.32,231,6.6,10,462.47,1,0
TEL-11776,2026-04,12.26,185,5.5,6,578.89,4,0
TEL-11776,2026-05,18.6,189,0.9,7,512.18,2,0
TEL-11776,2026-06,11.41,150,10.5,12,531.02,4,0
TEL-11777,2026-01,2.36,377,0.4,49,182.89,4,0
TEL-11777,2026-02,2.24,525,1.8,33,216.08,2,0
TEL-11777,2026-03,2.27,389,0.2,42,185.52,1,0
TEL-11777,2026-04,1.34,488,1.3,50,169.96,1,0
TEL-11777,2026-05,2.54,635,0.3,55,180.25,3,0
TEL-11777,2026-06,2.01,565,0.4,43,177.58,1,0
TEL-11778,2026-01,14.49,427,0.6,24,327.74,2,0
TEL-11778,2026-02,16.29,305,0.4,19,316.69,4,0
TEL-11778,2026-03,16.24,281,1.7,10,296.68,2,0
TEL-11778,2026-04,12.04,303,0.3,20,300.87,3,0
TEL-11778,2026-05,14.8,226,0.3,17,270.16,4,0
TEL-11778,2026-06,11.78,410,0.2,21,331.69,1,0
TEL-11779,2026-01,3.17,138,0.2,15,150.06,2,0
TEL-11779,2026-02,2.99,169,0.7,13,112.12,1,0
TEL-11779,2026-03,2.31,136,0.4,17,131.84,3,0
TEL-11779,2026-04,2.99,106,0.9,12,112.11,4,0
TEL-11779,2026-05,2.21,137,0.4,11,124.36,2,0
TEL-11779,2026-06,3.72,157,0.7,14,133.1,1,0
TEL-11780,2026-01,26.27,186,0.7,6,414.44,1,0
TEL-11780,2026-02,23.57,281,0.0,3,502.3,1,0
TEL-11780,2026-03,27.63,158,1.6,7,467.62,1,0
TEL-11780,2026-04,22.39,231,0.5,6,465.02,4,0
TEL-11780,2026-05,19.4,351,1.7,3,413.11,2,0
TEL-11780,2026-06,30.66,278,0.2,7,400.41,1,0
TEL-11781,2026-01,2.82,484,0.1,39,272.8,3,0
TEL-11781,2026-02,2.69,565,1.5,37,257.13,3,0
TEL-11781,2026-03,2.87,410,2.5,39,341.3,1,0
TEL-11781,2026-04,2.97,459,0.1,42,278.33,2,0
TEL-11781,2026-05,2.84,843,0.1,41,307.39,4,0
TEL-11781,2026-06,3.52,755,0.9,41,298.29,1,0
TEL-11782,2026-01,4.27,230,0.2,13,195.68,3,0
TEL-11782,2026-02,3.43,137,2.3,7,182.67,2,0
TEL-11782,2026-03,3.24,220,0.4,11,139.46,1,0
TEL-11782,2026-04,4.7,181,0.8,9,174.21,4,0
TEL-11782,2026-05,5.26,141,0.3,10,200.35,4,0
TEL-11782,2026-06,3.7,273,0.5,6,191.45,2,0
TEL-11783,2026-01,21.35,124,0.2,13,511.08,2,0
TEL-11783,2026-02,38.84,208,0.0,10,496.84,1,0
TEL-11783,2026-03,33.29,212,0.2,11,442.55,3,0
TEL-11783,2026-04,40.56,271,0.1,9,563.63,3,0
TEL-11783,2026-05,34.27,245,0.7,8,476.13,4,0
TEL-11783,2026-06,29.96,231,0.7,9,510.76,2,0
TEL-11784,2026-01,1.83,734,0.1,25,211.87,3,0
TEL-11784,2026-02,2.16,1021,0.1,34,218.39,1,0
TEL-11784,2026-03,1.94,1050,0.8,26,238.54,4,0
TEL-11784,2026-04,1.26,620,0.5,35,200.1,1,0
TEL-11784,2026-05,1.48,733,1.1,19,208.66,1,0
TEL-11784,2026-06,1.59,820,0.0,19,235.07,1,0
TEL-11785,2026-01,38.21,253,1.9,5,377.23,4,0
TEL-11785,2026-02,25.07,216,1.5,2,382.52,1,0
TEL-11785,2026-03,33.17,169,0.1,4,373.86,2,0
TEL-11785,2026-04,29.51,221,1.2,5,394.97,1,0
TEL-11785,2026-05,39.22,213,0.5,5,415.34,2,0
TEL-11785,2026-06,23.98,196,2.1,3,453.45,4,0
TEL-11786,2026-01,12.14,363,0.5,24,328.68,2,0
TEL-11786,2026-02,8.95,321,0.6,29,331.87,3,0
TEL-11786,2026-03,11.27,289,0.6,34,300.03,3,0
TEL-11786,2026-04,18.18,324,0.0,22,302.65,4,0
TEL-11786,2026-05,12.48,164,0.7,15,316.06,3,0
TEL-11786,2026-06,10.44,421,0.2,33,319.96,1,0
TEL-11787,2026-01,3.37,114,0.5,16,240.71,3,0
TEL-11787,2026-02,2.85,146,0.6,10,273.21,2,0
TEL-11787,2026-03,4.21,105,0.9,11,261.79,4,0
TEL-11787,2026-04,3.33,128,1.6,10,288.22,4,0
TEL-11787,2026-05,3.81,150,1.8,17,236.45,3,0
TEL-11787,2026-06,4.57,123,0.1,7,246.9,3,0
TEL-11788,2026-01,4.09,174,22.2,8,280.49,3,0
TEL-11788,2026-02,2.78,107,5.5,13,281.07,1,0
TEL-11788,2026-03,4.5,188,14.7,6,332.03,3,0
TEL-11788,2026-04,2.89,163,10.6,10,260.04,4,0
TEL-11788,2026-05,5.82,113,10.4,8,303.4,4,0
TEL-11788,2026-06,3.44,128,67.2,9,202.57,2,0
TEL-11789,2026-01,25.95,213,0.9,8,539.44,1,0
TEL-11789,2026-02,33.43,217,0.1,4,625.46,2,0
TEL-11789,2026-03,36.59,181,0.2,12,550.67,2,0
TEL-11789,2026-04,35.7,209,0.1,8,640.97,3,0
TEL-11789,2026-05,22.42,192,1.2,7,522.23,1,0
TEL-11789,2026-06,18.93,54,0.2,3,551.53,4,0
TEL-11790,2026-01,37.25,146,1.1,5,495.55,1,0
TEL-11790,2026-02,38.52,125,0.9,10,406.39,4,0
TEL-11790,2026-03,26.74,135,1.6,5,515.97,1,0
TEL-11790,2026-04,26.72,187,0.1,4,465.79,3,0
TEL-11790,2026-05,33.58,128,0.8,5,611.51,2,0
TEL-11790,2026-06,29.6,185,0.7,5,582.72,3,0
TEL-11791,2026-01,4.08,118,0.4,19,151.01,3,0
TEL-11791,2026-02,2.07,92,0.5,16,126.68,1,0
TEL-11791,2026-03,4.06,82,0.9,10,130.47,2,0
TEL-11791,2026-04,3.89,141,0.1,11,118.9,1,0
TEL-11791,2026-05,5.08,97,0.5,10,147.06,3,0
TEL-11791,2026-06,3.8,73,0.3,18,156.02,1,0
TEL-11792,2026-01,2.64,209,0.5,14,155.92,2,0
TEL-11792,2026-02,3.37,148,1.2,18,132.37,4,0
TEL-11792,2026-03,2.52,220,1.7,13,178.92,1,0
TEL-11792,2026-04,4.03,237,2.5,16,169.03,4,0
TEL-11792,2026-05,2.49,203,1.2,17,168.35,2,0
TEL-11792,2026-06,2.3,150,0.3,13,163.6,3,0
TEL-11793,2026-01,19.95,347,0.6,15,359.7,1,0
TEL-11793,2026-02,14.72,320,1.1,20,299.18,1,0
TEL-11793,2026-03,14.59,636,1.3,18,267.14,2,0
TEL-11793,2026-04,13.96,506,0.6,16,308.67,4,0
TEL-11793,2026-05,20.43,340,0.9,16,348.79,1,0
TEL-11793,2026-06,15.83,462,0.7,18,367.96,1,0
TEL-11794,2026-01,35.86,313,20.4,1,654.09,2,0
TEL-11794,2026-02,33.63,329,13.0,0,630.99,2,0
TEL-11794,2026-03,35.43,304,1.7,3,599.3,2,0
TEL-11794,2026-04,26.73,336,24.3,3,463.17,3,0
TEL-11794,2026-05,21.28,360,5.9,2,552.34,4,0
TEL-11794,2026-06,35.81,357,6.0,2,519.31,4,0
TEL-11795,2026-01,25.24,466,0.1,20,446.7,3,0
TEL-11795,2026-02,22.35,430,1.6,17,377.37,4,0
TEL-11795,2026-03,16.69,336,1.5,24,375.95,3,0
TEL-11795,2026-04,18.96,188,0.1,25,397.1,3,0
TEL-11795,2026-05,23.99,344,3.2,19,380.49,4,0
TEL-11795,2026-06,13.49,503,0.4,28,413.2,3,0
TEL-11796,2026-01,2.85,186,0.2,7,293.22,2,0
TEL-11796,2026-02,4.44,250,0.1,8,306.22,1,0
TEL-11796,2026-03,4.77,211,0.3,12,290.6,2,0
TEL-11796,2026-04,4.6,161,2.1,13,280.15,2,0
TEL-11796,2026-05,5.61,231,0.7,8,303.82,4,0
TEL-11796,2026-06,4.49,236,0.4,9,356.21,3,0
TEL-11797,2026-01,24.62,49,1.4,9,514.05,1,0
TEL-11797,2026-02,22.49,78,1.6,3,539.33,3,0
TEL-11797,2026-03,22.57,68,4.7,10,493.7,3,0
TEL-11797,2026-04,22.86,65,0.9,7,478.95,2,0
TEL-11797,2026-05,29.39,85,0.2,8,474.5,1,0
TEL-11797,2026-06,22.04,87,0.1,5,509.24,2,0
TEL-11798,2026-01,32.92,220,0.8,3,512.75,2,0
TEL-11798,2026-02,30.06,331,1.3,3,385.53,3,0
TEL-11798,2026-03,46.2,303,1.2,4,438.49,1,0
TEL-11798,2026-04,29.67,275,3.1,4,341.41,1,0
TEL-11798,2026-05,25.32,248,0.9,4,504.84,4,0
TEL-11798,2026-06,36.18,165,1.3,5,446.11,4,0
TEL-11799,2026-01,4.02,49,1.8,7,338.4,2,0
TEL-11799,2026-02,5.06,59,0.5,5,345.36,1,0
TEL-11799,2026-03,8.83,42,0.2,2,352.48,1,0
TEL-11799,2026-04,9.22,62,1.1,4,322.98,3,0
TEL-11799,2026-05,4.9,56,0.3,5,343.98,3,0
TEL-11799,2026-06,6.53,50,0.3,10,363.43,2,0
TEL-11800,2026-01,3.76,69,0.4,9,362.16,3,0
TEL-11800,2026-02,1.5,94,0.5,5,485.03,4,0
TEL-11800,2026-03,4.14,91,0.4,10,396.87,1,0
TEL-11800,2026-04,4.77,121,0.0,6,402.27,3,0
TEL-11800,2026-05,2.37,126,0.7,5,426.97,3,0
TEL-11800,2026-06,5.18,91,0.3,11,510.58,4,0
TEL-11801,2026-01,1.67,167,19.8,9,389.78,1,0
TEL-11801,2026-02,2.93,203,8.4,9,449.59,1,0
TEL-11801,2026-03,2.31,209,1.7,19,435.68,4,0
TEL-11801,2026-04,3.98,142,6.0,13,451.59,2,0
TEL-11801,2026-05,3.37,130,14.5,16,469.52,1,0
TEL-11801,2026-06,3.52,175,43.7,10,446.65,1,0
TEL-11802,2026-01,2.63,132,4.8,9,495.03,4,0
TEL-11802,2026-02,3.52,73,31.1,8,469.99,3,0
TEL-11802,2026-03,3.52,152,4.2,9,494.13,2,0
TEL-11802,2026-04,3.77,116,22.1,11,492.25,3,0
TEL-11802,2026-05,1.37,46,31.2,11,465.11,4,0
TEL-11802,2026-06,4.55,72,12.5,8,540.04,4,0
TEL-11803,2026-01,2.61,152,0.4,15,300.18,4,0
TEL-11803,2026-02,3.89,100,0.1,16,307.1,1,0
TEL-11803,2026-03,3.01,115,0.5,15,270.88,3,0
TEL-11803,2026-04,2.9,98,0.3,14,338.75,1,0
TEL-11803,2026-05,3.31,89,0.6,21,331.98,1,0
TEL-11803,2026-06,2.78,150,0.0,15,277.02,4,0
TEL-11804,2026-01,22.3,208,0.5,9,550.89,1,0
TEL-11804,2026-02,28.95,283,0.3,5,539.33,1,0
TEL-11804,2026-03,24.82,209,2.0,9,431.62,2,0
TEL-11804,2026-04,25.07,273,0.9,5,480.48,3,0
TEL-11804,2026-05,20.49,350,0.3,7,425.35,3,0
TEL-11804,2026-06,27.06,387,2.1,6,546.28,4,0
TEL-11805,2026-01,18.7,245,0.1,8,275.47,4,0
TEL-11805,2026-02,27.24,205,0.5,9,339.87,2,0
TEL-11805,2026-03,17.75,166,0.4,9,270.18,4,0
TEL-11805,2026-04,21.44,154,0.9,9,252.51,2,0
TEL-11805,2026-05,25.94,212,1.5,11,231.83,1,0
TEL-11805,2026-06,30.7,191,0.2,9,304.66,1,0
TEL-11806,2026-01,11.49,385,0.9,17,280.02,2,0
TEL-11806,2026-02,9.14,421,0.7,17,249.98,4,0
TEL-11806,2026-03,13.98,374,1.4,13,320.66,4,0
TEL-11806,2026-04,13.36,301,0.3,15,298.4,4,0
TEL-11806,2026-05,14.41,388,0.9,20,340.13,1,0
TEL-11806,2026-06,10.7,440,0.3,15,287.22,2,0
TEL-11807,2026-01,34.28,240,1.7,10,645.21,2,0
TEL-11807,2026-02,22.27,116,0.6,2,645.16,4,0
TEL-11807,2026-03,31.34,193,0.6,6,632.47,3,0
TEL-11807,2026-04,34.69,142,1.1,4,547.39,2,0
TEL-11807,2026-05,42.44,186,0.6,5,536.8,3,0
TEL-11807,2026-06,24.56,212,0.9,2,600.36,2,0
TEL-11808,2026-01,2.52,176,0.3,10,83.5,3,0
TEL-11808,2026-02,2.65,159,0.7,9,96.69,1,0
TEL-11808,2026-03,3.41,221,1.0,10,97.03,3,0
TEL-11808,2026-04,3.68,203,0.3,9,95.6,1,0
TEL-11808,2026-05,3.63,204,0.5,12,100.52,3,0
TEL-11808,2026-06,3.06,147,1.8,6,112.63,2,0
TEL-11809,2026-01,13.31,291,0.9,25,263.53,2,0
TEL-11809,2026-02,13.89,298,0.3,21,246.23,3,0
TEL-11809,2026-03,12.16,223,1.7,19,258.92,3,0
TEL-11809,2026-04,17.02,294,0.9,13,278.23,2,0
TEL-11809,2026-05,17.72,269,1.1,18,246.68,4,0
TEL-11809,2026-06,17.74,163,0.3,13,245.07,3,0
TEL-11810,2026-01,3.42,112,7.3,11,406.06,3,0
TEL-11810,2026-02,2.5,119,12.7,12,409.97,1,0
TEL-11810,2026-03,3.32,117,18.8,13,375.24,3,0
TEL-11810,2026-04,3.46,97,29.6,16,356.51,3,0
TEL-11810,2026-05,2.58,78,12.9,18,364.44,4,0
TEL-11810,2026-06,3.36,142,15.0,16,372.44,4,0
TEL-11811,2026-01,2.09,111,0.3,11,399.3,4,0
TEL-11811,2026-02,4.29,112,2.2,16,352.48,3,0
TEL-11811,2026-03,3.49,146,0.2,12,353.41,1,0
TEL-11811,2026-04,2.83,101,0.3,14,379.18,3,0
TEL-11811,2026-05,2.63,118,0.5,4,400.76,2,0
TEL-11811,2026-06,4.05,155,0.9,12,326.12,4,0
TEL-11812,2026-01,10.61,273,3.1,21,144.99,1,0
TEL-11812,2026-02,6.16,222,0.3,19,129.02,2,0
TEL-11812,2026-03,11.65,264,0.5,25,124.12,1,0
TEL-11812,2026-04,12.48,228,1.2,18,120.14,3,0
TEL-11812,2026-05,7.17,495,1.6,15,151.04,4,0
TEL-11812,2026-06,12.67,335,0.0,13,149.66,4,0
TEL-11813,2026-01,26.46,203,1.2,16,362.37,4,0
TEL-11813,2026-02,20.53,407,0.9,19,382.25,3,0
TEL-11813,2026-03,27.18,343,1.4,29,373.11,2,0
TEL-11813,2026-04,21.73,285,0.8,23,419.3,2,0
TEL-11813,2026-05,20.21,263,0.5,18,395.14,3,0
TEL-11813,2026-06,17.79,352,0.1,15,338.34,2,0
TEL-11814,2026-01,7.16,124,0.2,9,315.84,2,0
TEL-11814,2026-02,5.55,156,0.6,6,273.78,1,0
TEL-11814,2026-03,6.91,266,2.2,11,257.06,4,0
TEL-11814,2026-04,4.49,252,1.8,7,291.04,4,0
TEL-11814,2026-05,5.47,212,0.2,9,331.51,1,0
TEL-11814,2026-06,5.82,238,0.5,6,326.88,1,0
TEL-11815,2026-01,2.13,576,1.6,42,324.57,1,0
TEL-11815,2026-02,1.75,578,2.6,36,301.31,4,0
TEL-11815,2026-03,2.35,691,0.4,35,368.62,1,0
TEL-11815,2026-04,1.69,635,1.2,35,364.95,4,0
TEL-11815,2026-05,2.17,555,0.1,35,378.45,4,0
TEL-11815,2026-06,3.04,377,0.7,32,377.5,4,0
TEL-11816,2026-01,3.42,99,0.5,12,194.52,2,0
TEL-11816,2026-02,3.39,126,0.5,10,192.8,3,0
TEL-11816,2026-03,4.59,125,0.3,12,176.05,2,0
TEL-11816,2026-04,2.63,59,0.2,4,180.58,3,0
TEL-11816,2026-05,5.02,126,0.7,10,182.57,4,0
TEL-11816,2026-06,4.6,87,0.2,6,172.18,3,0
TEL-11817,2026-01,27.08,307,2.6,6,358.75,2,0
TEL-11817,2026-02,27.32,284,0.7,5,394.78,4,0
TEL-11817,2026-03,23.81,284,0.1,8,365.72,4,0
TEL-11817,2026-04,25.11,290,0.2,3,338.88,4,0
TEL-11817,2026-05,23.07,271,0.3,4,356.27,4,0
TEL-11817,2026-06,34.3,288,0.7,9,357.04,4,0
TEL-11818,2026-01,1.34,428,3.8,28,381.28,2,0
TEL-11818,2026-02,1.69,425,0.5,36,357.34,4,0
TEL-11818,2026-03,1.04,387,0.5,27,400.37,1,0
TEL-11818,2026-04,1.52,402,2.0,31,438.53,3,0
TEL-11818,2026-05,1.32,432,0.2,32,335.48,2,0
TEL-11818,2026-06,1.77,349,0.1,26,391.96,3,0
TEL-11819,2026-01,52.35,191,1.9,3,381.17,4,0
TEL-11819,2026-02,41.86,210,0.3,4,351.62,1,0
TEL-11819,2026-03,39.81,136,0.6,4,446.34,3,0
TEL-11819,2026-04,38.52,148,0.5,6,463.02,2,0
TEL-11819,2026-05,57.27,146,0.4,2,372.05,4,0
TEL-11819,2026-06,34.13,102,0.8,3,429.51,4,0
TEL-11820,2026-01,2.37,576,0.6,32,198.2,1,0
TEL-11820,2026-02,1.44,319,0.6,46,185.83,2,0
TEL-11820,2026-03,1.03,463,0.1,38,231.49,4,0
TEL-11820,2026-04,1.9,632,0.9,27,181.64,1,0
TEL-11820,2026-05,1.48,824,2.0,39,214.1,2,0
TEL-11820,2026-06,1.36,632,0.3,26,225.87,2,0
TEL-11821,2026-01,2.44,61,0.4,4,114.1,1,0
TEL-11821,2026-02,1.81,61,0.3,9,102.16,3,0
TEL-11821,2026-03,2.29,86,0.5,12,120.14,4,0
TEL-11821,2026-04,2.58,81,0.2,7,120.61,3,0
TEL-11821,2026-05,2.02,62,0.4,12,128.44,2,0
TEL-11821,2026-06,2.51,77,0.6,14,141.49,3,0
TEL-11822,2026-01,18.54,359,0.1,15,567.8,4,0
TEL-11822,2026-02,18.48,316,0.3,9,489.43,2,0
TEL-11822,2026-03,17.02,395,0.2,6,418.67,2,0
TEL-11822,2026-04,21.74,342,1.6,3,510.77,3,0
TEL-11822,2026-05,23.33,427,0.5,23,476.61,4,0
TEL-11822,2026-06,16.47,370,0.6,14,455.6,3,0
TEL-11823,2026-01,2.87,127,0.1,14,98.02,4,0
TEL-11823,2026-02,2.65,110,0.4,7,106.45,4,0
TEL-11823,2026-03,0.32,43,2822.8,14,114.71,4,0
TEL-11823,2026-04,0.33,46,3038.7,15,124.4,4,0
TEL-11823,2026-05,0.37,48,2686.7,13,96.46,2,0
TEL-11823,2026-06,0.3,30,2195.4,10,120.78,1,0
TEL-11824,2026-01,3.79,121,0.6,10,261.59,4,0
TEL-11824,2026-02,4.09,109,0.1,8,271.31,1,0
TEL-11824,2026-03,4.59,137,0.9,9,243.75,4,0
TEL-11824,2026-04,5.08,87,0.1,14,225.95,3,0
TEL-11824,2026-05,3.97,80,0.4,7,225.52,1,0
TEL-11824,2026-06,5.7,125,2.3,8,208.83,1,0
TEL-11825,2026-01,7.18,131,0.3,9,140.08,2,0
TEL-11825,2026-02,1.47,96,0.6,12,128.98,3,0
TEL-11825,2026-03,4.46,186,0.2,13,135.6,1,0
TEL-11825,2026-04,7.01,167,0.1,7,122.31,2,0
TEL-11825,2026-05,4.67,97,0.0,15,106.25,3,0
TEL-11825,2026-06,6.62,114,0.6,10,121.22,4,0
TEL-11826,2026-01,5.44,67,1.2,8,108.42,1,0
TEL-11826,2026-02,4.66,87,0.2,11,103.52,2,0
TEL-11826,2026-03,4.25,79,1.5,6,101.96,1,0
TEL-11826,2026-04,3.69,180,0.4,13,111.14,2,0
TEL-11826,2026-05,5.48,156,0.6,7,90.25,4,0
TEL-11826,2026-06,4.22,117,0.7,3,98.92,1,0
TEL-11827,2026-01,10.88,308,0.0,8,377.5,1,0
TEL-11827,2026-02,19.75,363,0.1,8,344.92,4,0
TEL-11827,2026-03,10.89,486,0.4,13,297.12,3,0
TEL-11827,2026-04,14.19,429,2.3,9,298.14,3,0
TEL-11827,2026-05,19.19,191,0.0,9,265.78,2,0
TEL-11827,2026-06,19.19,464,0.6,10,276.35,4,0
TEL-11828,2026-01,25.95,188,3.0,5,315.09,3,0
TEL-11828,2026-02,19.45,124,1.6,4,353.02,2,0
TEL-11828,2026-03,42.83,182,1.2,7,261.28,1,0
TEL-11828,2026-04,19.43,167,1.0,9,305.89,1,0
TEL-11828,2026-05,33.55,64,0.7,5,302.33,3,0
TEL-11828,2026-06,23.83,123,0.4,7,298.62,3,0
TEL-11829,2026-01,5.18,162,0.2,8,264.86,3,0
TEL-11829,2026-02,3.86,136,1.5,13,239.26,2,0
TEL-11829,2026-03,4.99,182,1.1,10,295.96,3,0
TEL-11829,2026-04,3.91,282,1.9,8,314.84,4,0
TEL-11829,2026-05,4.0,202,0.5,10,317.76,2,0
TEL-11829,2026-06,4.42,240,2.2,8,307.83,2,0
TEL-11830,2026-01,10.7,239,0.5,15,333.15,4,0
TEL-11830,2026-02,12.01,209,0.5,24,316.45,2,0
TEL-11830,2026-03,12.67,192,1.3,21,236.24,1,0
TEL-11830,2026-04,17.52,315,0.0,17,378.96,4,0
TEL-11830,2026-05,16.61,166,0.1,32,330.75,3,0
TEL-11830,2026-06,20.47,217,0.6,25,380.2,3,0
TEL-11831,2026-01,11.25,267,0.5,8,208.39,1,0
TEL-11831,2026-02,23.24,473,0.0,10,243.21,1,0
TEL-11831,2026-03,13.93,332,0.3,8,258.31,1,0
TEL-11831,2026-04,63.09,392,0.3,12,0.0,0,1
TEL-11831,2026-05,66.04,301,1.6,10,0.0,0,2
TEL-11831,2026-06,84.05,255,0.4,8,0.0,0,3
TEL-11832,2026-01,25.68,279,0.9,7,489.89,2,0
TEL-11832,2026-02,39.07,172,0.5,9,586.84,3,0
TEL-11832,2026-03,29.32,380,1.5,3,535.4,4,0
TEL-11832,2026-04,44.58,255,0.2,3,611.15,3,0
TEL-11832,2026-05,38.32,411,1.5,7,531.28,3,0
TEL-11832,2026-06,34.72,249,0.6,6,527.16,1,0
TEL-11833,2026-01,5.23,134,0.4,4,187.29,3,0
TEL-11833,2026-02,6.42,186,0.9,4,177.69,4,0
TEL-11833,2026-03,6.05,202,0.2,8,189.39,4,0
TEL-11833,2026-04,8.62,174,0.1,6,190.23,4,0
TEL-11833,2026-05,5.62,191,0.4,4,184.17,1,0
TEL-11833,2026-06,6.95,249,0.9,7,146.52,2,0
TEL-11834,2026-01,35.44,103,0.6,13,511.32,2,0
TEL-11834,2026-02,39.88,205,0.9,12,518.72,4,0
TEL-11834,2026-03,27.68,174,0.9,8,547.73,2,0
TEL-11834,2026-04,34.77,268,0.7,3,527.49,3,0
TEL-11834,2026-05,35.58,125,0.1,13,515.16,3,0
TEL-11834,2026-06,37.96,160,0.1,10,508.6,3,0
TEL-11835,2026-01,3.28,98,0.1,15,235.31,1,0
TEL-11835,2026-02,2.83,147,1.1,6,218.66,4,0
TEL-11835,2026-03,3.03,81,1.4,15,244.16,4,0
TEL-11835,2026-04,2.66,104,0.8,8,208.86,1,0
TEL-11835,2026-05,2.03,138,1.8,13,224.59,4,0
TEL-11835,2026-06,1.81,123,0.7,9,230.38,2,0
TEL-11836,2026-01,3.98,229,1.4,10,471.68,2,0
TEL-11836,2026-02,3.8,217,1.3,8,518.25,1,0
TEL-11836,2026-03,5.88,104,0.8,11,377.87,3,0
TEL-11836,2026-04,3.07,172,1.4,10,456.05,4,0
TEL-11836,2026-05,3.84,198,0.3,10,480.88,2,0
TEL-11836,2026-06,5.9,248,1.2,8,425.62,1,0
TEL-11837,2026-01,3.2,595,1.5,35,290.54,1,0
TEL-11837,2026-02,2.11,793,0.1,27,275.48,2,0
TEL-11837,2026-03,1.86,607,0.1,42,291.76,3,0
TEL-11837,2026-04,1.28,388,0.9,23,302.41,1,0
TEL-11837,2026-05,1.88,490,0.7,39,275.24,1,0
TEL-11837,2026-06,2.23,220,0.6,48,277.77,4,0
TEL-11838,2026-01,6.91,219,0.5,16,151.46,3,0
TEL-11838,2026-02,4.56,387,0.4,13,167.47,4,0
TEL-11838,2026-03,5.29,279,0.1,16,159.03,2,0
TEL-11838,2026-04,7.85,451,1.3,16,155.01,2,0
TEL-11838,2026-05,7.11,242,0.7,12,148.2,4,0
TEL-11838,2026-06,5.5,293,0.1,20,155.74,4,0
TEL-11839,2026-01,2.2,628,0.3,33,90.1,1,0
TEL-11839,2026-02,2.68,552,0.6,41,79.05,2,0
TEL-11839,2026-03,2.06,493,0.2,36,99.56,3,0
TEL-11839,2026-04,1.65,571,0.6,35,91.54,2,0
TEL-11839,2026-05,1.38,466,6.0,31,75.33,2,0
TEL-11839,2026-06,1.88,337,0.3,34,88.02,4,0
TEL-11840,2026-01,2.31,479,0.4,40,146.66,3,0
TEL-11840,2026-02,2.31,765,0.6,48,144.92,4,0
TEL-11840,2026-03,2.64,498,0.2,38,134.76,4,0
TEL-11840,2026-04,1.37,731,0.8,29,132.88,2,0
TEL-11840,2026-05,2.63,643,1.9,35,151.69,2,0
TEL-11840,2026-06,2.73,636,0.9,38,152.11,2,0
TEL-11841,2026-01,23.26,469,0.6,11,407.4,2,0
TEL-11841,2026-02,27.09,439,0.8,9,501.38,1,0
TEL-11841,2026-03,18.24,356,0.2,21,554.38,4,0
TEL-11841,2026-04,21.15,277,1.0,23,443.45,1,0
TEL-11841,2026-05,13.24,424,0.6,18,398.45,2,0
TEL-11841,2026-06,13.48,398,0.4,15,437.83,4,0
TEL-11842,2026-01,3.26,232,0.0,4,282.71,4,0
TEL-11842,2026-02,3.23,260,0.4,7,286.96,1,0
TEL-11842,2026-03,4.15,228,0.9,4,292.7,1,0
TEL-11842,2026-04,2.5,154,0.4,8,229.79,1,0
TEL-11842,2026-05,3.41,191,0.7,4,246.62,1,0
TEL-11842,2026-06,3.47,183,0.7,5,265.64,2,0
TEL-11843,2026-01,3.35,159,0.3,13,212.72,4,0
TEL-11843,2026-02,3.08,115,0.1,11,190.51,1,0
TEL-11843,2026-03,3.01,91,0.3,7,211.2,4,0
TEL-11843,2026-04,2.7,186,0.1,16,213.58,1,0
TEL-11843,2026-05,3.01,116,0.3,3,186.22,4,0
TEL-11843,2026-06,2.12,119,1.1,13,209.33,2,0
TEL-11844,2026-01,1.53,474,0.0,36,182.77,4,0
TEL-11844,2026-02,1.29,303,0.1,42,154.97,2,0
TEL-11844,2026-03,1.42,405,1.6,37,174.38,2,0
TEL-11844,2026-04,1.37,358,0.1,35,155.46,1,0
TEL-11844,2026-05,1.24,349,0.8,38,162.16,2,0
TEL-11844,2026-06,2.1,242,0.4,43,160.1,2,0
TEL-11845,2026-01,47.12,153,0.5,5,408.02,1,0
TEL-11845,2026-02,39.32,86,0.2,7,439.2,3,0
TEL-11845,2026-03,34.66,187,0.0,5,484.51,4,0
TEL-11845,2026-04,15.85,121,0.1,11,424.93,4,0
TEL-11845,2026-05,47.36,153,1.3,5,440.5,2,0
TEL-11845,2026-06,34.34,140,0.8,13,424.72,1,0
TEL-11846,2026-01,37.66,197,3.7,4,741.27,4,0
TEL-11846,2026-02,41.93,220,1.0,6,848.41,3,0
TEL-11846,2026-03,45.61,230,8.4,3,806.23,3,0
TEL-11846,2026-04,31.5,117,3.5,6,924.58,3,0
TEL-11846,2026-05,29.08,115,0.3,6,828.46,4,0
TEL-11846,2026-06,33.34,271,5.3,2,836.84,2,0
TEL-11847,2026-01,1.64,501,0.1,46,180.53,4,0
TEL-11847,2026-02,2.55,655,0.5,35,161.28,1,0
TEL-11847,2026-03,2.78,363,1.3,53,151.32,1,0
TEL-11847,2026-04,2.64,531,0.1,50,150.46,2,0
TEL-11847,2026-05,2.3,526,2.9,54,190.64,2,0
TEL-11847,2026-06,3.34,571,1.9,46,160.38,3,0
TEL-11848,2026-01,30.37,111,1.1,3,551.92,1,0
TEL-11848,2026-02,28.98,234,0.0,1,550.56,3,0
TEL-11848,2026-03,29.96,226,0.3,0,538.48,4,0
TEL-11848,2026-04,35.05,120,0.1,0,555.13,1,0
TEL-11848,2026-05,47.98,241,0.3,2,505.4,2,0
TEL-11848,2026-06,28.51,252,0.2,2,545.47,4,0
TEL-11849,2026-01,3.49,249,0.2,16,324.27,2,0
TEL-11849,2026-02,3.3,168,1.2,12,333.3,3,0
TEL-11849,2026-03,3.94,200,0.0,9,303.61,1,0
TEL-11849,2026-04,3.52,218,0.4,10,370.46,4,0
TEL-11849,2026-05,3.39,192,1.2,13,314.32,4,0
TEL-11849,2026-06,5.2,238,2.7,8,336.78,4,0
TEL-11850,2026-01,47.77,66,0.3,4,468.56,2,0
TEL-11850,2026-02,24.81,129,0.6,2,390.89,1,0
TEL-11850,2026-03,28.59,90,0.3,2,408.3,3,0
TEL-11850,2026-04,55.61,93,0.6,3,368.16,1,0
TEL-11850,2026-05,46.97,89,2.0,3,434.51,4,0
TEL-11850,2026-06,43.35,77,0.7,1,349.61,1,0
TEL-11851,2026-01,20.42,113,0.7,8,421.98,2,0
TEL-11851,2026-02,10.27,122,2.1,8,447.7,3,0
TEL-11851,2026-03,26.29,132,0.5,9,448.52,1,0
TEL-11851,2026-04,24.11,122,0.4,11,420.92,3,0
TEL-11851,2026-05,25.5,202,0.8,8,409.24,3,0
TEL-11851,2026-06,28.52,185,0.7,7,403.75,2,0
TEL-11852,2026-01,2.94,272,3.8,13,284.09,3,0
TEL-11852,2026-02,2.09,117,0.2,17,249.82,1,0
TEL-11852,2026-03,2.64,91,1.6,10,355.87,1,0
TEL-11852,2026-04,2.54,265,0.7,10,265.85,1,0
TEL-11852,2026-05,3.99,182,0.3,9,389.49,1,0
TEL-11852,2026-06,3.92,181,0.2,11,230.16,4,0
TEL-11853,2026-01,4.53,319,0.1,8,252.45,3,0
TEL-11853,2026-02,8.47,361,0.3,8,269.34,3,0
TEL-11853,2026-03,15.61,372,1.3,13,264.52,2,0
TEL-11853,2026-04,17.0,442,0.4,9,261.82,4,0
TEL-11853,2026-05,9.9,464,0.7,5,222.55,4,0
TEL-11853,2026-06,13.47,193,0.8,15,292.68,4,0
TEL-11854,2026-01,4.53,220,0.1,6,327.75,4,0
TEL-11854,2026-02,4.79,230,0.2,10,313.23,4,0
TEL-11854,2026-03,3.75,220,1.9,8,265.29,4,0
TEL-11854,2026-04,4.21,232,0.0,7,271.95,4,0
TEL-11854,2026-05,3.69,120,1.6,5,328.04,4,0
TEL-11854,2026-06,3.47,156,0.2,6,305.27,2,0
TEL-11855,2026-01,1.99,308,0.0,40,233.06,2,0
TEL-11855,2026-02,1.74,386,0.7,37,229.16,2,0
TEL-11855,2026-03,2.22,259,0.5,33,225.58,1,0
TEL-11855,2026-04,1.81,489,0.8,46,214.04,1,0
TEL-11855,2026-05,1.55,532,0.3,40,261.53,2,0
TEL-11855,2026-06,1.65,527,0.7,36,213.33,4,0
TEL-11856,2026-01,3.15,279,0.6,6,297.97,3,0
TEL-11856,2026-02,2.52,287,0.4,10,277.98,4,0
TEL-11856,2026-03,3.48,189,0.2,4,298.74,2,0
TEL-11856,2026-04,2.13,206,1.2,13,317.16,1,0
TEL-11856,2026-05,4.13,242,1.1,11,287.03,3,0
TEL-11856,2026-06,3.0,269,0.7,6,267.47,4,0
TEL-11857,2026-01,7.69,312,0.5,12,244.48,4,0
TEL-11857,2026-02,12.45,368,0.1,19,257.76,2,0
TEL-11857,2026-03,15.77,195,0.2,14,290.76,4,0
TEL-11857,2026-04,11.62,245,1.4,12,207.17,1,0
TEL-11857,2026-05,9.43,224,3.5,12,223.47,3,0
TEL-11857,2026-06,11.88,291,3.2,14,237.28,3,0
TEL-11858,2026-01,13.46,332,0.1,10,312.02,3,0
TEL-11858,2026-02,13.98,179,0.2,17,297.88,4,0
TEL-11858,2026-03,9.92,203,0.1,15,361.14,2,0
TEL-11858,2026-04,7.59,305,0.2,14,318.3,4,0
TEL-11858,2026-05,13.57,348,2.5,12,361.33,4,0
TEL-11858,2026-06,18.87,257,2.8,16,294.78,3,0
TEL-11859,2026-01,2.01,93,1.0,9,212.49,3,0
TEL-11859,2026-02,4.39,129,0.7,7,237.84,2,0
TEL-11859,2026-03,2.57,83,0.7,14,195.77,2,0
TEL-11859,2026-04,7.08,126,1.2,7,203.92,3,0
TEL-11859,2026-05,3.43,85,0.9,10,207.43,4,0
TEL-11859,2026-06,7.48,133,0.4,8,191.88,3,0
TEL-11860,2026-01,11.52,338,0.2,4,448.45,3,0
TEL-11860,2026-02,11.02,303,0.7,3,384.24,1,0
TEL-11860,2026-03,15.12,323,0.6,3,393.05,1,0
TEL-11860,2026-04,10.93,443,0.1,2,442.34,4,0
TEL-11860,2026-05,12.07,361,0.7,3,453.5,2,0
TEL-11860,2026-06,12.02,398,0.6,3,403.69,2,0
TEL-11861,2026-01,1.86,262,0.3,20,208.67,3,0
TEL-11861,2026-02,1.69,314,0.8,33,254.01,2,0
TEL-11861,2026-03,2.55,440,0.4,25,239.25,1,0
TEL-11861,2026-04,2.57,363,0.7,40,262.32,2,0
TEL-11861,2026-05,2.06,557,0.9,37,241.33,4,0
TEL-11861,2026-06,3.07,419,0.3,22,216.63,3,0
TEL-11862,2026-01,35.64,152,3.0,5,376.82,4,0
TEL-11862,2026-02,36.86,245,2.2,4,372.85,4,0
TEL-11862,2026-03,33.63,145,1.3,3,369.35,2,0
TEL-11862,2026-04,44.45,214,0.8,7,356.22,4,0
TEL-11862,2026-05,33.84,185,0.6,6,366.5,2,0
TEL-11862,2026-06,28.95,162,0.1,4,269.23,1,0
TEL-11863,2026-01,17.1,262,2.3,15,404.62,2,0
TEL-11863,2026-02,14.78,274,0.6,9,311.52,1,0
TEL-11863,2026-03,17.46,322,0.2,10,400.49,2,0
TEL-11863,2026-04,12.84,230,0.2,10,338.04,1,0
TEL-11863,2026-05,17.76,196,0.3,12,390.85,1,0
TEL-11863,2026-06,15.18,234,3.2,12,353.14,2,0
TEL-11864,2026-01,3.27,363,0.2,35,202.69,4,0
TEL-11864,2026-02,3.2,778,0.7,37,237.82,4,0
TEL-11864,2026-03,1.65,436,0.6,33,226.52,2,0
TEL-11864,2026-04,3.05,868,1.3,37,252.24,2,0
TEL-11864,2026-05,1.55,410,0.6,45,161.17,3,0
TEL-11864,2026-06,2.81,712,1.0,36,259.07,4,0
TEL-11865,2026-01,21.95,532,0.8,8,377.22,2,0
TEL-11865,2026-02,20.7,259,0.8,2,405.51,4,0
TEL-11865,2026-03,24.74,420,1.6,10,440.95,2,0
TEL-11865,2026-04,24.98,359,0.1,8,400.08,2,0
TEL-11865,2026-05,21.54,288,0.4,10,385.03,3,0
TEL-11865,2026-06,18.72,246,0.7,7,423.93,2,0
TEL-11866,2026-01,14.99,327,24.0,12,582.93,3,0
TEL-11866,2026-02,19.17,356,21.7,17,544.7,2,0
TEL-11866,2026-03,13.21,298,2.7,18,449.38,2,0
TEL-11866,2026-04,9.89,227,8.2,11,601.07,4,0
TEL-11866,2026-05,11.1,298,21.5,17,509.61,1,0
TEL-11866,2026-06,15.09,271,13.4,9,489.08,3,0
TEL-11867,2026-01,35.33,286,0.1,4,439.98,2,0
TEL-11867,2026-02,32.64,235,0.3,5,406.13,4,0
TEL-11867,2026-03,41.09,355,0.5,6,317.64,2,0
TEL-11867,2026-04,28.17,296,0.2,5,393.91,3,0
TEL-11867,2026-05,41.52,281,1.0,5,440.98,3,0
TEL-11867,2026-06,30.65,216,1.5,9,343.6,4,0
TEL-11868,2026-01,3.07,110,0.3,5,262.42,4,0
TEL-11868,2026-02,2.88,163,1.0,6,275.09,2,0
TEL-11868,2026-03,4.02,86,2.4,8,253.09,2,0
TEL-11868,2026-04,4.11,145,1.6,3,269.26,4,0
TEL-11868,2026-05,3.55,126,0.0,4,275.2,1,0
TEL-11868,2026-06,2.94,132,0.5,7,275.41,4,0
TEL-11869,2026-01,28.95,114,16.4,21,573.9,4,0
TEL-11869,2026-02,32.06,118,2.6,23,463.92,2,0
TEL-11869,2026-03,20.15,124,17.3,21,517.87,2,0
TEL-11869,2026-04,36.64,87,20.0,12,526.67,4,0
TEL-11869,2026-05,17.84,146,14.5,12,482.02,2,0
TEL-11869,2026-06,29.68,160,4.6,23,443.06,3,0
TEL-11870,2026-01,9.04,335,8.0,16,515.39,1,0
TEL-11870,2026-02,10.57,256,0.7,10,515.05,1,0
TEL-11870,2026-03,10.79,337,8.6,18,553.86,1,0
TEL-11870,2026-04,7.25,308,1.8,19,491.22,2,0
TEL-11870,2026-05,12.67,236,9.3,18,527.15,2,0
TEL-11870,2026-06,9.52,396,0.7,14,541.64,3,0
TEL-11871,2026-01,32.01,282,0.2,8,388.91,4,0
TEL-11871,2026-02,35.63,146,0.5,4,397.19,4,0
TEL-11871,2026-03,28.38,270,0.4,4,413.68,3,0
TEL-11871,2026-04,33.61,206,0.5,7,419.87,2,0
TEL-11871,2026-05,29.67,141,2.6,4,428.25,2,0
TEL-11871,2026-06,38.26,224,1.0,5,449.83,1,0
TEL-11872,2026-01,3.69,111,2.1,9,118.66,1,0
TEL-11872,2026-02,3.44,75,0.4,11,132.01,2,0
TEL-11872,2026-03,3.25,207,2.3,12,120.88,3,0
TEL-11872,2026-04,3.46,156,0.4,6,130.22,1,0
TEL-11872,2026-05,3.55,179,1.1,10,144.33,1,0
TEL-11872,2026-06,3.75,118,1.3,15,126.61,3,0
TEL-11873,2026-01,10.95,552,0.3,15,265.18,2,0
TEL-11873,2026-02,13.38,616,0.9,8,263.39,1,0
TEL-11873,2026-03,10.3,609,1.6,14,237.03,1,0
TEL-11873,2026-04,11.15,446,0.5,20,274.52,3,0
TEL-11873,2026-05,6.69,500,0.6,15,245.97,4,0
TEL-11873,2026-06,9.78,282,0.9,7,286.48,3,0
TEL-11874,2026-01,46.1,193,10.3,2,752.01,4,0
TEL-11874,2026-02,24.15,112,1.1,2,675.43,1,0
TEL-11874,2026-03,24.77,142,1.1,2,631.45,4,0
TEL-11874,2026-04,35.54,89,57.0,6,532.06,4,0
TEL-11874,2026-05,26.72,137,32.6,4,605.65,2,0
TEL-11874,2026-06,23.41,128,18.8,2,625.73,4,0
TEL-11875,2026-01,15.11,283,0.5,21,381.15,1,0
TEL-11875,2026-02,8.75,244,0.2,17,440.67,4,0
TEL-11875,2026-03,22.06,239,0.1,15,362.42,4,0
TEL-11875,2026-04,13.2,280,2.3,16,341.09,2,0
TEL-11875,2026-05,16.31,448,0.8,18,410.61,3,0
TEL-11875,2026-06,23.76,292,2.4,15,383.84,3,0
TEL-11876,2026-01,2.04,720,0.3,31,257.86,1,0
TEL-11876,2026-02,2.38,586,0.9,33,196.08,1,0
TEL-11876,2026-03,2.24,360,1.5,44,258.62,3,0
TEL-11876,2026-04,1.98,737,0.3,41,241.12,2,0
TEL-11876,2026-05,2.35,672,0.3,25,203.49,4,0
TEL-11876,2026-06,2.11,845,1.0,34,228.67,2,0
TEL-11877,2026-01,34.65,254,1.1,9,611.54,3,0
TEL-11877,2026-02,32.32,208,2.2,5,560.94,4,0
TEL-11877,2026-03,37.18,217,1.8,8,428.82,2,0
TEL-11877,2026-04,39.24,206,0.2,7,635.62,4,0
TEL-11877,2026-05,41.1,19,0.1,3,476.14,4,0
TEL-11877,2026-06,34.58,196,0.0,5,531.21,4,0
TEL-11878,2026-01,2.39,249,7.6,9,545.22,3,0
TEL-11878,2026-02,3.97,226,16.2,11,527.2,1,0
TEL-11878,2026-03,4.34,199,2.4,11,450.01,3,0
TEL-11878,2026-04,2.72,175,1.5,9,556.47,2,0
TEL-11878,2026-05,3.43,104,3.5,13,503.24,1,0
TEL-11878,2026-06,2.12,241,7.4,16,615.94,4,0
TEL-11879,2026-01,21.35,235,0.2,18,356.01,1,0
TEL-11879,2026-02,22.53,437,0.2,12,379.91,4,0
TEL-11879,2026-03,19.0,494,0.3,16,348.0,4,0
TEL-11879,2026-04,29.29,374,0.8,15,398.97,2,0
TEL-11879,2026-05,17.89,631,1.2,17,407.88,4,0
TEL-11879,2026-06,15.26,375,0.5,11,428.65,2,0
TEL-11880,2026-01,24.4,462,1.3,16,424.31,3,0
TEL-11880,2026-02,23.35,567,0.2,8,557.83,3,0
TEL-11880,2026-03,28.2,497,0.5,15,418.27,1,0
TEL-11880,2026-04,21.99,287,0.3,14,584.96,2,0
TEL-11880,2026-05,22.66,295,0.6,15,583.87,1,0
TEL-11880,2026-06,20.35,378,0.1,10,454.44,2,0
TEL-11881,2026-01,3.21,674,0.4,12,183.72,2,0
TEL-11881,2026-02,2.43,603,0.7,18,176.94,2,0
TEL-11881,2026-03,2.69,511,0.6,16,204.23,1,0
TEL-11881,2026-04,3.85,435,2.6,25,214.12,4,0
TEL-11881,2026-05,2.28,543,1.2,30,173.84,4,0
TEL-11881,2026-06,2.46,436,0.3,19,211.48,4,0
TEL-11882,2026-01,13.13,249,0.2,10,379.0,1,0
TEL-11882,2026-02,12.33,347,1.1,13,410.73,1,0
TEL-11882,2026-03,14.46,337,0.4,8,380.33,1,0
TEL-11882,2026-04,14.59,176,0.1,6,479.33,3,0
TEL-11882,2026-05,14.14,215,0.1,8,452.42,3,0
TEL-11882,2026-06,16.12,309,0.8,8,419.33,4,0
TEL-11883,2026-01,5.06,214,0.9,19,186.76,1,0
TEL-11883,2026-02,3.8,220,0.3,14,170.73,4,0
TEL-11883,2026-03,5.29,262,1.9,17,171.2,4,0
TEL-11883,2026-04,6.59,156,0.7,18,220.12,4,0
TEL-11883,2026-05,6.42,205,1.2,15,182.61,2,0
TEL-11883,2026-06,4.6,267,0.2,13,172.75,4,0
TEL-11884,2026-01,1.38,198,0.9,7,228.61,3,0
TEL-11884,2026-02,2.43,136,0.2,8,215.28,2,0
TEL-11884,2026-03,2.61,210,0.5,11,307.6,1,0
TEL-11884,2026-04,2.6,157,1.3,13,243.88,4,0
TEL-11884,2026-05,2.3,119,0.2,14,253.35,3,0
TEL-11884,2026-06,2.08,153,0.1,4,191.53,1,0
TEL-11885,2026-01,27.13,136,1.0,23,411.7,3,0
TEL-11885,2026-02,27.22,209,0.2,17,465.22,2,0
TEL-11885,2026-03,19.75,209,0.3,17,441.3,2,0
TEL-11885,2026-04,48.1,172,0.1,17,0.0,0,2
TEL-11885,2026-05,65.43,242,1.9,22,0.0,0,3
TEL-11885,2026-06,68.7,222,1.3,13,0.0,0,3
TEL-11886,2026-01,5.24,213,0.7,8,391.61,3,0
TEL-11886,2026-02,3.42,225,0.7,6,350.19,2,0
TEL-11886,2026-03,3.05,244,1.4,10,358.54,1,0
TEL-11886,2026-04,2.99,180,1.0,10,340.08,4,0
TEL-11886,2026-05,3.05,169,0.1,9,285.92,1,0
TEL-11886,2026-06,3.72,206,0.3,10,345.73,3,0
TEL-11887,2026-01,38.89,196,0.4,6,409.72,2,0
TEL-11887,2026-02,22.14,273,0.9,6,428.51,4,0
TEL-11887,2026-03,18.72,213,0.7,2,425.75,4,0
TEL-11887,2026-04,30.91,258,0.8,8,444.87,2,0
TEL-11887,2026-05,25.48,189,0.0,5,423.73,1,0
TEL-11887,2026-06,28.57,188,0.6,1,411.45,1,0
TEL-11888,2026-01,19.21,89,50.4,6,855.25,1,0
TEL-11888,2026-02,18.29,88,33.7,6,588.3,4,0
TEL-11888,2026-03,19.7,125,27.3,7,786.03,2,0
TEL-11888,2026-04,20.35,95,6.5,8,669.83,3,0
TEL-11888,2026-05,27.81,112,24.6,9,778.14,4,0
TEL-11888,2026-06,23.42,132,0.9,9,752.77,2,0
TEL-11889,2026-01,44.05,223,1.0,7,420.13,2,0
TEL-11889,2026-02,45.61,255,2.1,4,464.25,3,0
TEL-11889,2026-03,27.28,273,0.5,5,450.1,4,0
TEL-11889,2026-04,56.32,256,0.3,7,472.6,3,0
TEL-11889,2026-05,35.06,377,0.6,5,386.89,4,0
TEL-11889,2026-06,19.44,188,1.0,4,415.71,3,0
TEL-11890,2026-01,1.93,662,0.3,31,296.88,3,0
TEL-11890,2026-02,2.48,354,0.9,51,352.25,4,0
TEL-11890,2026-03,2.61,344,0.8,38,320.72,3,0
TEL-11890,2026-04,2.09,704,0.8,49,391.91,3,0
TEL-11890,2026-05,1.97,526,0.9,38,283.04,4,0
TEL-11890,2026-06,1.29,426,0.5,41,262.8,2,0
TEL-11891,2026-01,10.48,487,1.4,13,350.07,2,0
TEL-11891,2026-02,9.84,510,0.4,11,288.25,3,0
TEL-11891,2026-03,19.01,372,0.3,14,320.34,4,0
TEL-11891,2026-04,10.51,434,1.1,22,339.66,4,0
TEL-11891,2026-05,9.46,216,0.1,18,288.66,1,0
TEL-11891,2026-06,11.14,356,0.1,15,343.19,1,0
TEL-11892,2026-01,23.16,282,0.3,7,337.95,3,0
TEL-11892,2026-02,15.73,419,0.7,11,355.03,3,0
TEL-11892,2026-03,15.02,599,1.4,7,421.2,3,0
TEL-11892,2026-04,16.56,218,0.8,10,419.98,2,0
TEL-11892,2026-05,16.42,332,1.2,5,434.23,4,0
TEL-11892,2026-06,22.17,324,0.2,8,370.15,1,0
TEL-11893,2026-01,29.39,161,0.8,0,336.76,2,0
TEL-11893,2026-02,30.44,194,0.1,0,360.7,3,0
TEL-11893,2026-03,36.58,206,0.0,1,361.16,1,0
TEL-11893,2026-04,18.47,192,0.6,0,346.72,3,0
TEL-11893,2026-05,36.27,258,1.7,1,274.99,2,0
TEL-11893,2026-06,22.48,344,1.3,3,312.41,3,0
TEL-11894,2026-01,1.7,90,0.7,12,294.97,4,0
TEL-11894,2026-02,2.74,106,0.8,8,307.26,3,0
TEL-11894,2026-03,2.36,83,0.3,10,273.97,3,0
TEL-11894,2026-04,1.76,66,0.4,4,271.86,4,0
TEL-11894,2026-05,2.13,152,1.8,9,321.93,4,0
TEL-11894,2026-06,2.43,150,0.3,11,367.61,4,0
TEL-11895,2026-01,1.97,385,1.1,13,301.76,1,0
TEL-11895,2026-02,3.0,261,2.0,11,290.32,3,0
TEL-11895,2026-03,2.6,364,0.1,11,279.83,4,0
TEL-11895,2026-04,2.88,248,0.6,18,314.97,4,0
TEL-11895,2026-05,2.22,302,1.4,16,326.65,3,0
TEL-11895,2026-06,2.95,191,0.8,21,329.3,3,0
TEL-11896,2026-01,4.71,76,0.1,7,130.03,2,0
TEL-11896,2026-02,4.76,115,0.1,9,103.0,4,0
TEL-11896,2026-03,4.54,142,0.3,8,117.76,2,0
TEL-11896,2026-04,6.09,85,0.4,5,102.5,4,0
TEL-11896,2026-05,5.43,106,0.2,7,109.79,3,0
TEL-11896,2026-06,3.32,106,0.6,7,114.63,3,0
TEL-11897,2026-01,20.16,595,0.5,12,0.0,3,0
TEL-11897,2026-02,16.11,624,2.2,11,278.75,4,0
TEL-11897,2026-03,12.97,308,0.5,5,294.69,3,0
TEL-11897,2026-04,16.11,598,0.6,12,305.6,2,0
TEL-11897,2026-05,16.2,468,0.3,11,304.43,3,0
TEL-11897,2026-06,10.56,383,1.4,12,327.13,2,0
TEL-11898,2026-01,3.7,169,0.1,15,169.93,1,0
TEL-11898,2026-02,4.55,165,0.6,16,184.17,2,0
TEL-11898,2026-03,3.85,182,0.9,18,173.76,2,0
TEL-11898,2026-04,4.66,283,1.4,13,138.98,2,0
TEL-11898,2026-05,5.81,223,0.7,22,210.28,4,0
TEL-11898,2026-06,4.54,272,0.2,18,128.69,1,0
TEL-11899,2026-01,26.29,76,0.1,7,555.02,2,0
TEL-11899,2026-02,19.21,208,0.3,7,605.98,3,0
TEL-11899,2026-03,31.23,279,1.0,4,594.83,2,0
TEL-11899,2026-04,26.6,196,0.6,3,564.29,1,0
TEL-11899,2026-05,36.63,291,0.9,4,641.52,1,0
TEL-11899,2026-06,30.5,128,0.4,4,652.7,1,0
TEL-11900,2026-01,4.01,189,0.1,12,194.39,4,0
TEL-11900,2026-02,5.85,169,0.7,5,187.71,3,0
TEL-11900,2026-03,6.73,134,0.2,8,183.51,2,0
TEL-11900,2026-04,6.75,138,1.1,6,192.09,2,0
TEL-11900,2026-05,7.46,162,0.3,10,163.82,4,0
TEL-11900,2026-06,4.02,156,0.1,7,198.2,3,0
TEL-11901,2026-01,23.13,286,0.8,5,430.29,3,0
TEL-11901,2026-02,25.59,257,0.0,3,473.03,2,0
TEL-11901,2026-03,26.22,147,0.1,4,378.95,2,0
TEL-11901,2026-04,19.45,224,0.3,3,431.68,1,0
TEL-11901,2026-05,29.75,202,1.0,3,493.5,2,0
TEL-11901,2026-06,21.59,227,2.3,1,526.41,4,0
TEL-11902,2026-01,4.01,126,0.5,9,180.98,1,0
TEL-11902,2026-02,4.64,179,0.1,7,193.59,1,0
TEL-11902,2026-03,4.07,109,2.8,10,200.73,1,0
TEL-11902,2026-04,3.31,192,1.4,9,153.46,1,0
TEL-11902,2026-05,3.98,41,0.5,14,196.87,2,0
TEL-11902,2026-06,4.46,198,1.3,11,187.35,4,0
TEL-11903,2026-01,3.76,66,1.3,7,139.11,3,0
TEL-11903,2026-02,2.75,74,0.2,10,108.5,3,0
TEL-11903,2026-03,2.69,71,0.7,6,132.38,4,0
TEL-11903,2026-04,1.69,61,0.5,11,105.51,3,0
TEL-11903,2026-05,2.68,62,1.7,7,129.4,1,0
TEL-11903,2026-06,1.81,81,1.7,8,99.26,3,0
TEL-11904,2026-01,18.74,266,0.4,5,281.91,4,0
TEL-11904,2026-02,25.43,289,0.9,9,225.53,4,0
TEL-11904,2026-03,10.95,251,1.0,12,279.32,2,0
TEL-11904,2026-04,18.09,491,0.4,16,238.66,2,0
TEL-11904,2026-05,27.59,385,2.0,14,266.89,2,0
TEL-11904,2026-06,26.74,303,0.5,8,215.07,1,0
TEL-11905,2026-01,4.65,66,0.9,11,204.67,4,0
TEL-11905,2026-02,3.43,54,1.4,8,204.64,2,0
TEL-11905,2026-03,5.18,70,1.0,11,230.5,2,0
TEL-11905,2026-04,6.95,53,1.3,9,243.65,4,0
TEL-11905,2026-05,3.57,82,2.4,6,230.07,4,0
TEL-11905,2026-06,5.1,68,0.1,9,209.4,4,0
TEL-11906,2026-01,4.3,214,1.2,3,211.72,3,0
TEL-11906,2026-02,7.74,206,0.4,6,207.22,1,0
TEL-11906,2026-03,8.05,257,1.2,15,166.85,3,0
TEL-11906,2026-04,6.07,350,0.3,5,220.12,3,0
TEL-11906,2026-05,5.96,341,0.5,8,162.57,2,0
TEL-11906,2026-06,6.4,397,0.7,8,160.45,2,0
TEL-11907,2026-01,3.48,104,0.4,8,107.97,1,0
TEL-11907,2026-02,4.17,132,0.4,6,116.55,2,0
TEL-11907,2026-03,4.49,187,1.1,13,122.16,3,0
TEL-11907,2026-04,5.19,187,0.2,9,136.73,4,0
TEL-11907,2026-05,4.89,187,0.3,6,143.03,1,0
TEL-11907,2026-06,4.39,215,1.4,12,136.5,2,0
TEL-11908,2026-01,4.28,111,0.3,4,131.87,1,0
TEL-11908,2026-02,8.39,102,0.0,8,150.08,1,0
TEL-11908,2026-03,5.13,148,0.3,1,148.2,3,0
TEL-11908,2026-04,5.69,132,0.5,4,188.43,1,0
TEL-11908,2026-05,7.14,72,1.8,9,186.45,4,0
TEL-11908,2026-06,8.19,157,0.5,7,137.43,2,0
TEL-11909,2026-01,6.65,100,0.5,10,131.56,4,0
TEL-11909,2026-02,4.87,188,1.3,3,134.99,4,0
TEL-11909,2026-03,3.28,182,0.0,8,133.46,2,0
TEL-11909,2026-04,6.06,122,0.1,8,136.81,1,0
TEL-11909,2026-05,6.36,85,0.3,12,124.9,2,0
TEL-11909,2026-06,4.65,130,0.4,9,149.73,2,0
TEL-11910,2026-01,4.05,209,0.1,15,178.65,4,0
TEL-11910,2026-02,4.6,169,1.4,6,175.16,3,0
TEL-11910,2026-03,4.06,127,1.2,10,174.31,1,0
TEL-11910,2026-04,7.4,126,0.1,11,158.4,3,0
TEL-11910,2026-05,7.27,162,0.1,15,149.41,4,0
TEL-11910,2026-06,3.83,184,0.8,16,157.44,3,0
TEL-11911,2026-01,3.81,95,0.9,7,168.22,2,0
TEL-11911,2026-02,4.19,121,0.0,6,148.68,2,0
TEL-11911,2026-03,4.32,96,1.0,3,157.39,1,0
TEL-11911,2026-04,3.13,135,1.7,2,145.2,4,0
TEL-11911,2026-05,4.52,117,0.3,3,198.8,2,0
TEL-11911,2026-06,4.35,107,0.3,1,175.23,4,0
TEL-11912,2026-01,3.58,255,1.4,7,392.0,2,0
TEL-11912,2026-02,4.16,153,0.1,13,399.95,4,0
TEL-11912,2026-03,3.17,220,0.1,5,327.71,2,0
TEL-11912,2026-04,4.33,194,0.7,14,382.9,3,0
TEL-11912,2026-05,4.99,227,0.2,5,347.89,3,0
TEL-11912,2026-06,3.74,199,0.4,13,357.72,2,0
TEL-11913,2026-01,36.16,240,0.2,12,348.99,4,0
TEL-11913,2026-02,20.14,197,0.9,5,360.91,3,0
TEL-11913,2026-03,33.74,173,0.2,7,386.4,3,0
TEL-11913,2026-04,35.51,219,0.5,5,347.18,2,0
TEL-11913,2026-05,17.96,260,0.1,5,394.41,2,0
TEL-11913,2026-06,36.71,235,0.4,5,342.03,4,0
TEL-11914,2026-01,1.86,142,1.3,8,297.9,2,0
TEL-11914,2026-02,3.96,121,1.2,4,288.28,4,0
TEL-11914,2026-03,4.08,125,0.0,7,309.62,4,0
TEL-11914,2026-04,5.41,192,0.2,5,383.6,1,0
TEL-11914,2026-05,4.58,134,0.3,5,295.91,4,0
TEL-11914,2026-06,4.1,190,0.5,6,297.71,2,0
TEL-11915,2026-01,14.27,440,16.5,11,383.39,1,0
TEL-11915,2026-02,18.27,335,15.9,10,385.17,2,0
TEL-11915,2026-03,17.27,337,16.3,13,370.54,1,0
TEL-11915,2026-04,13.79,370,18.5,18,351.85,3,0
TEL-11915,2026-05,13.6,358,4.7,22,300.17,3,0
TEL-11915,2026-06,16.64,314,17.9,11,379.4,1,0
TEL-11916,2026-01,24.28,144,1.1,13,386.6,4,0
TEL-11916,2026-02,36.75,201,3.1,11,399.36,2,0
TEL-11916,2026-03,43.2,193,0.8,7,389.54,1,0
TEL-11916,2026-04,25.44,156,0.3,9,470.54,3,0
TEL-11916,2026-05,27.91,150,1.0,14,403.1,4,0
TEL-11916,2026-06,35.8,139,1.5,11,467.19,4,0
TEL-11917,2026-01,1.82,654,0.8,27,228.11,2,0
TEL-11917,2026-02,0.96,540,0.4,25,227.57,4,0
TEL-11917,2026-03,1.71,732,1.4,35,261.94,3,0
TEL-11917,2026-04,1.46,804,0.0,34,239.05,4,0
TEL-11917,2026-05,1.41,591,1.0,39,213.29,4,0
TEL-11917,2026-06,1.54,849,0.0,28,205.15,2,0
TEL-11918,2026-01,22.81,96,3.3,5,633.44,3,0
TEL-11918,2026-02,20.56,103,6.7,4,606.14,4,0
TEL-11918,2026-03,23.05,154,3.0,10,555.9,3,0
TEL-11918,2026-04,23.28,92,14.9,7,661.5,1,0
TEL-11918,2026-05,24.16,129,9.0,8,642.3,3,0
TEL-11918,2026-06,13.26,84,0.6,6,646.57,3,0
TEL-11919,2026-01,1.25,263,0.2,39,187.12,3,0
TEL-11919,2026-02,1.78,163,0.1,25,209.24,3,0
TEL-11919,2026-03,2.0,374,1.2,29,181.38,1,0
TEL-11919,2026-04,1.56,332,0.6,27,209.72,1,0
TEL-11919,2026-05,2.64,313,0.7,33,231.68,4,0
TEL-11919,2026-06,2.35,270,2.2,35,208.39,3,0
TEL-11920,2026-01,19.96,182,68.2,22,432.15,2,0
TEL-11920,2026-02,10.29,304,1.0,13,438.51,1,0
TEL-11920,2026-03,13.4,381,35.1,11,426.35,4,0
TEL-11920,2026-04,11.03,364,21.8,22,480.9,2,0
TEL-11920,2026-05,20.29,292,0.9,20,357.32,2,0
TEL-11920,2026-06,17.2,203,66.5,21,351.66,4,0
TEL-11921,2026-01,15.58,161,0.2,14,325.68,3,0
TEL-11921,2026-02,13.87,245,1.4,11,262.56,1,0
TEL-11921,2026-03,18.81,226,0.3,7,332.76,4,0
TEL-11921,2026-04,9.33,237,0.1,14,312.43,2,0
TEL-11921,2026-05,11.29,136,0.2,10,307.7,3,0
TEL-11921,2026-06,12.43,319,0.3,15,294.43,4,0
TEL-11922,2026-01,1.58,126,0.9,7,152.27,4,0
TEL-11922,2026-02,3.53,135,0.8,6,169.68,2,0
TEL-11922,2026-03,3.72,185,0.3,9,132.9,1,0
TEL-11922,2026-04,2.66,277,3.2,5,154.05,3,0
TEL-11922,2026-05,2.91,250,0.5,11,155.97,2,0
TEL-11922,2026-06,3.54,254,1.2,8,145.39,2,0
TEL-11923,2026-01,23.56,261,0.1,5,407.86,4,0
TEL-11923,2026-02,24.46,477,0.9,8,404.04,2,0
TEL-11923,2026-03,37.11,177,1.0,6,406.54,1,0
TEL-11923,2026-04,25.73,241,0.5,6,313.96,2,0
TEL-11923,2026-05,34.5,332,0.2,6,379.13,1,0
TEL-11923,2026-06,19.93,337,1.2,9,419.58,4,0
TEL-11924,2026-01,4.37,143,1.6,9,194.02,1,0
TEL-11924,2026-02,5.77,79,1.2,8,205.52,3,0
TEL-11924,2026-03,3.79,96,1.9,9,168.46,4,0
TEL-11924,2026-04,5.64,112,1.8,2,168.44,4,0
TEL-11924,2026-05,5.95,71,2.3,10,208.95,1,0
TEL-11924,2026-06,2.97,119,0.0,14,177.63,2,0
TEL-11925,2026-01,43.37,132,0.3,6,487.41,3,0
TEL-11925,2026-02,45.49,200,1.4,6,340.18,3,0
TEL-11925,2026-03,39.6,287,0.0,4,470.48,4,0
TEL-11925,2026-04,22.88,317,0.4,1,374.51,3,0
TEL-11925,2026-05,31.78,265,4.2,4,406.68,1,0
TEL-11925,2026-06,27.17,214,1.0,1,460.36,1,0
TEL-11926,2026-01,3.11,117,1.5,8,82.52,4,0
TEL-11926,2026-02,2.43,168,0.2,7,103.18,3,0
TEL-11926,2026-03,2.63,155,0.7,18,83.6,1,0
TEL-11926,2026-04,3.47,185,0.6,16,94.97,4,0
TEL-11926,2026-05,3.08,107,0.0,11,99.53,2,0
TEL-11926,2026-06,3.81,14,1.2,18,81.91,3,0
TEL-11927,2026-01,0.55,282,7.9,50,515.0,1,0
TEL-11927,2026-02,0.84,155,32.6,51,391.99,4,0
TEL-11927,2026-03,1.27,248,53.8,52,659.06,4,0
TEL-11927,2026-04,1.1,158,2.1,54,464.64,3,0
TEL-11927,2026-05,1.17,269,18.6,42,477.3,2,0
TEL-11927,2026-06,0.95,269,1.4,51,500.34,4,0
TEL-11928,2026-01,3.74,346,1.4,35,205.96,1,0
TEL-11928,2026-02,2.01,320,0.2,53,189.17,4,0
TEL-11928,2026-03,2.14,284,1.4,31,224.64,2,0
TEL-11928,2026-04,2.45,192,0.2,36,214.26,2,0
TEL-11928,2026-05,1.79,265,0.6,34,162.66,3,0
TEL-11928,2026-06,3.82,412,0.5,42,211.08,3,0
TEL-11929,2026-01,11.72,457,1.8,8,312.34,2,0
TEL-11929,2026-02,14.24,664,0.5,9,213.75,1,0
TEL-11929,2026-03,14.8,376,0.0,13,290.37,1,0
TEL-11929,2026-04,15.83,532,0.8,9,234.54,4,0
TEL-11929,2026-05,11.97,201,0.7,13,183.0,3,0
TEL-11929,2026-06,5.71,529,1.0,22,223.82,3,0
TEL-11930,2026-01,43.88,158,23.7,5,763.79,1,0
TEL-11930,2026-02,35.17,129,15.0,2,746.87,3,0
TEL-11930,2026-03,49.97,161,19.9,3,728.06,3,0
TEL-11930,2026-04,35.61,182,2.9,4,674.14,2,0
TEL-11930,2026-05,48.75,79,28.5,3,827.37,1,0
TEL-11930,2026-06,54.2,132,6.4,3,861.39,2,0
TEL-11931,2026-01,11.09,443,0.1,12,307.59,2,0
TEL-11931,2026-02,14.04,312,0.3,7,325.48,2,0
TEL-11931,2026-03,10.74,283,0.3,13,327.44,4,0
TEL-11931,2026-04,20.9,348,2.2,14,346.1,2,0
TEL-11931,2026-05,16.76,162,0.2,12,363.08,4,0
TEL-11931,2026-06,20.54,424,1.5,13,321.74,3,0
TEL-11932,2026-01,45.15,217,0.1,9,565.69,2,0
TEL-11932,2026-02,37.27,186,0.1,8,569.58,1,0
TEL-11932,2026-03,28.67,209,0.2,7,543.94,2,0
TEL-11932,2026-04,32.33,119,1.7,9,556.87,4,0
TEL-11932,2026-05,34.52,188,0.2,10,562.05,4,0
TEL-11932,2026-06,20.96,55,0.0,9,567.26,1,0
TEL-11933,2026-01,3.32,705,0.6,33,219.91,4,0
TEL-11933,2026-02,4.01,845,0.0,41,188.59,3,0
TEL-11933,2026-03,1.97,636,0.4,26,233.53,2,0
TEL-11933,2026-04,2.5,937,0.1,29,197.55,3,0
TEL-11933,2026-05,2.21,543,2.3,37,224.36,1,0
TEL-11933,2026-06,2.4,551,0.5,32,185.91,3,0
TEL-11934,2026-01,21.83,285,1.0,16,375.59,1,0
TEL-11934,2026-02,16.29,171,1.8,7,422.31,1,0
TEL-11934,2026-03,19.95,169,0.8,8,391.1,3,0
TEL-11934,2026-04,28.48,232,0.2,8,433.54,4,0
TEL-11934,2026-05,16.74,257,0.4,8,348.32,4,0
TEL-11934,2026-06,23.76,254,0.5,9,337.37,4,0
TEL-11935,2026-01,22.12,163,1.5,8,519.22,2,0
TEL-11935,2026-02,13.79,172,0.3,11,606.49,2,0
TEL-11935,2026-03,16.73,175,1.1,7,510.03,3,0
TEL-11935,2026-04,12.09,119,0.6,8,459.48,1,0
TEL-11935,2026-05,16.98,192,1.8,9,551.53,4,0
TEL-11935,2026-06,25.27,121,0.3,5,518.88,2,0
TEL-11936,2026-01,2.64,488,0.3,29,178.68,2,0
TEL-11936,2026-02,1.91,657,0.4,22,203.23,1,0
TEL-11936,2026-03,1.64,245,1.8,31,204.11,1,0
TEL-11936,2026-04,2.25,352,0.1,13,193.83,1,0
TEL-11936,2026-05,2.2,656,0.8,18,209.06,1,0
TEL-11936,2026-06,1.96,758,0.3,15,181.05,1,0
TEL-11937,2026-01,4.44,74,0.1,10,207.49,4,0
TEL-11937,2026-02,4.43,131,2.1,9,194.87,3,0
TEL-11937,2026-03,3.4,113,0.1,5,188.76,4,0
TEL-11937,2026-04,1.86,100,3.8,12,210.18,1,0
TEL-11937,2026-05,3.56,105,1.2,4,194.34,4,0
TEL-11937,2026-06,4.84,87,0.1,13,195.29,2,0
TEL-11938,2026-01,6.92,240,1.8,15,130.97,2,0
TEL-11938,2026-02,6.08,116,0.6,19,159.06,1,0
TEL-11938,2026-03,5.93,178,0.2,6,155.91,1,0
TEL-11938,2026-04,4.57,101,0.3,12,144.08,2,0
TEL-11938,2026-05,4.19,119,0.3,10,143.81,2,0
TEL-11938,2026-06,4.51,125,0.2,10,128.08,3,0
TEL-11939,2026-01,20.55,449,0.3,15,257.48,4,0
TEL-11939,2026-02,14.44,302,0.3,13,259.32,1,0
TEL-11939,2026-03,19.84,416,0.2,9,216.4,1,0
TEL-11939,2026-04,10.11,421,0.2,13,268.98,3,0
TEL-11939,2026-05,14.58,420,0.2,21,284.59,4,0
TEL-11939,2026-06,10.74,395,0.5,11,239.16,2,0
TEL-11940,2026-01,28.52,126,0.7,5,558.58,2,0
TEL-11940,2026-02,40.73,106,0.9,2,591.24,2,0
TEL-11940,2026-03,19.41,145,1.8,2,558.14,3,0
TEL-11940,2026-04,39.43,130,1.3,3,520.33,4,0
TEL-11940,2026-05,31.29,142,0.6,3,474.93,3,0
TEL-11940,2026-06,31.81,167,0.7,3,537.55,2,0
TEL-11941,2026-01,7.56,299,0.1,32,336.3,2,0
TEL-11941,2026-02,12.07,579,1.6,22,369.71,4,0
TEL-11941,2026-03,10.96,480,0.0,19,381.95,4,0
TEL-11941,2026-04,11.9,532,1.3,21,377.79,2,0
TEL-11941,2026-05,10.14,576,0.4,24,295.63,1,0
TEL-11941,2026-06,10.91,435,0.6,24,354.84,1,0
TEL-11942,2026-01,3.44,47,0.2,6,220.79,1,0
TEL-11942,2026-02,4.49,75,0.9,7,194.46,3,0
TEL-11942,2026-03,4.5,102,0.2,6,259.98,4,0
TEL-11942,2026-04,6.19,77,1.6,8,268.2,4,0
TEL-11942,2026-05,4.43,91,0.1,7,209.83,3,0
TEL-11942,2026-06,4.78,111,1.1,9,294.52,1,0
TEL-11943,2026-01,4.75,58,2.4,11,233.72,1,0
TEL-11943,2026-02,2.63,56,2.6,13,257.86,2,0
TEL-11943,2026-03,3.61,142,0.2,16,259.56,4,0
TEL-11943,2026-04,3.3,129,0.0,11,261.94,3,0
TEL-11943,2026-05,3.47,77,0.2,9,262.79,3,0
TEL-11943,2026-06,4.16,65,2.4,8,270.43,4,0
TEL-11944,2026-01,4.93,194,0.4,10,109.98,1,0
TEL-11944,2026-02,2.16,137,0.3,6,91.69,3,0
TEL-11944,2026-03,4.37,98,0.1,9,122.02,2,0
TEL-11944,2026-04,2.62,230,0.7,15,133.53,1,0
TEL-11944,2026-05,3.35,196,1.2,9,111.36,1,0
TEL-11944,2026-06,4.43,155,0.2,5,117.85,3,0
TEL-11945,2026-01,13.96,328,0.5,18,489.75,2,0
TEL-11945,2026-02,19.93,415,0.3,24,488.43,4,0
TEL-11945,2026-03,13.89,349,0.0,16,472.08,3,0
TEL-11945,2026-04,17.81,451,1.6,16,437.84,3,0
TEL-11945,2026-05,17.44,284,0.2,12,440.47,3,0
TEL-11945,2026-06,12.62,413,2.9,25,444.23,4,0
TEL-11946,2026-01,5.98,313,1.0,13,151.37,1,0
TEL-11946,2026-02,6.67,347,1.3,10,175.9,3,0
TEL-11946,2026-03,7.87,259,0.0,17,175.03,3,0
TEL-11946,2026-04,5.3,271,0.7,10,137.63,1,0
TEL-11946,2026-05,4.77,339,1.0,18,171.36,3,0
TEL-11946,2026-06,8.12,247,1.1,7,154.04,3,0
TEL-11947,2026-01,2.29,198,0.5,10,116.27,2,0
TEL-11947,2026-02,3.0,86,0.7,6,121.01,3,0
TEL-11947,2026-03,1.14,73,0.3,13,144.45,3,0
TEL-11947,2026-04,2.39,112,1.1,15,114.73,3,0
TEL-11947,2026-05,1.63,192,1.4,11,109.23,2,0
TEL-11947,2026-06,3.38,159,0.2,12,119.81,2,0
TEL-11948,2026-01,32.09,207,1.9,1,310.72,4,0
TEL-11948,2026-02,30.89,241,0.3,0,386.6,3,0
TEL-11948,2026-03,28.08,265,0.8,1,454.59,2,0
TEL-11948,2026-04,35.3,103,1.7,2,391.59,3,0
TEL-11948,2026-05,25.84,138,0.7,2,327.64,1,0
TEL-11948,2026-06,25.0,159,0.1,0,369.92,1,0
TEL-11949,2026-01,3.1,425,0.3,51,234.14,1,0
TEL-11949,2026-02,2.43,502,0.1,60,254.91,1,0
TEL-11949,2026-03,3.9,89,0.1,53,199.02,4,0
TEL-11949,2026-04,2.03,463,1.2,49,200.29,1,0
TEL-11949,2026-05,2.61,428,0.1,43,256.02,1,0
TEL-11949,2026-06,2.89,660,1.1,43,212.28,1,0
TEL-11950,2026-01,2.17,231,1.0,6,157.14,2,0
TEL-11950,2026-02,3.37,139,0.0,4,144.62,4,0
TEL-11950,2026-03,3.43,160,0.2,6,150.84,4,0
TEL-11950,2026-04,2.12,171,0.5,6,152.44,1,0
TEL-11950,2026-05,3.28,171,2.2,4,189.73,2,0
TEL-11950,2026-06,3.55,154,2.3,6,132.85,2,0
TEL-11951,2026-01,17.39,243,1.2,6,280.31,3,0
TEL-11951,2026-02,25.69,347,0.2,6,310.7,1,0
TEL-11951,2026-03,21.36,229,0.1,7,321.99,1,0
TEL-11951,2026-04,18.57,203,0.7,12,330.82,3,0
TEL-11951,2026-05,22.53,303,0.0,2,289.04,3,0
TEL-11951,2026-06,23.81,227,0.8,10,322.36,2,0
TEL-11952,2026-01,39.82,218,1.7,12,565.1,1,0
TEL-11952,2026-02,42.31,227,0.7,5,481.0,4,0
TEL-11952,2026-03,43.19,220,0.5,15,675.92,3,0
TEL-11952,2026-04,37.28,217,0.8,11,573.13,3,0
TEL-11952,2026-05,33.94,246,0.4,7,579.22,3,0
TEL-11952,2026-06,28.93,137,0.1,11,527.63,3,0
TEL-11953,2026-01,18.35,394,0.5,18,222.43,2,0
TEL-11953,2026-02,15.09,325,0.8,23,306.32,3,0
TEL-11953,2026-03,24.92,236,0.1,19,297.81,3,0
TEL-11953,2026-04,19.5,325,1.6,15,294.34,4,0
TEL-11953,2026-05,22.41,263,1.5,22,298.13,2,0
TEL-11953,2026-06,26.72,334,0.6,23,317.3,1,0
TEL-11954,2026-01,18.2,165,5.3,4,510.08,1,0
TEL-11954,2026-02,22.24,227,23.2,7,375.26,1,0
TEL-11954,2026-03,26.54,227,1.5,12,463.19,3,0
TEL-11954,2026-04,16.07,252,7.3,8,431.29,1,0
TEL-11954,2026-05,24.17,203,19.7,8,468.83,4,0
TEL-11954,2026-06,27.46,183,24.9,6,515.45,4,0
TEL-11955,2026-01,11.11,238,0.4,18,372.95,4,0
TEL-11955,2026-02,14.94,377,0.9,15,311.44,1,0
TEL-11955,2026-03,12.93,512,1.1,7,306.8,1,0
TEL-11955,2026-04,12.65,341,1.1,14,394.27,4,0
TEL-11955,2026-05,11.36,377,0.7,18,366.7,1,0
TEL-11955,2026-06,11.44,172,0.4,16,366.84,4,0
TEL-11956,2026-01,48.22,310,0.2,4,431.8,3,0
TEL-11956,2026-02,40.02,133,0.1,0,593.7,2,0
TEL-11956,2026-03,16.31,217,0.5,3,480.13,2,0
TEL-11956,2026-04,35.38,246,1.5,3,486.65,4,0
TEL-11956,2026-05,32.48,202,0.7,6,558.47,3,0
TEL-11956,2026-06,34.92,227,0.2,2,473.06,4,0
TEL-11957,2026-01,18.54,236,0.7,21,525.89,2,0
TEL-11957,2026-02,20.44,283,2.3,21,494.82,1,0
TEL-11957,2026-03,29.83,247,0.4,21,475.32,4,0
TEL-11957,2026-04,15.88,214,2.7,13,533.99,4,0
TEL-11957,2026-05,10.64,298,0.1,24,468.17,3,0
TEL-11957,2026-06,28.18,259,0.5,10,437.02,4,0
TEL-11958,2026-01,22.61,160,2.1,26,305.72,1,0
TEL-11958,2026-02,15.53,165,0.7,25,313.93,4,0
TEL-11958,2026-03,26.52,323,0.1,18,318.88,3,0
TEL-11958,2026-04,14.42,311,0.3,24,280.96,2,0
TEL-11958,2026-05,26.14,287,0.3,22,278.73,4,0
TEL-11958,2026-06,11.25,351,0.1,25,302.16,2,0
TEL-11959,2026-01,9.18,269,3.3,19,323.37,2,0
TEL-11959,2026-02,9.75,416,18.7,16,365.31,4,0
TEL-11959,2026-03,10.24,357,17.8,21,293.47,4,0
TEL-11959,2026-04,9.22,258,12.5,13,378.44,3,0
TEL-11959,2026-05,8.28,409,7.3,16,308.82,4,0
TEL-11959,2026-06,11.38,338,12.6,13,340.58,1,0
TEL-11960,2026-01,18.71,423,0.0,14,518.44,3,0
TEL-11960,2026-02,26.6,359,0.7,11,597.7,3,0
TEL-11960,2026-03,19.05,485,0.2,14,492.63,2,0
TEL-11960,2026-04,9.93,181,0.5,11,490.95,2,0
TEL-11960,2026-05,24.02,376,0.8,13,485.02,1,0
TEL-11960,2026-06,24.64,284,1.0,16,458.22,3,0
TEL-11961,2026-01,31.16,146,0.9,2,621.14,4,0
TEL-11961,2026-02,31.31,322,0.2,12,616.82,4,0
TEL-11961,2026-03,25.66,191,0.1,9,589.22,4,0
TEL-11961,2026-04,18.59,246,0.6,10,598.85,1,0
TEL-11961,2026-05,39.52,233,0.7,8,607.64,3,0
TEL-11961,2026-06,33.35,255,0.2,5,585.45,2,0
TEL-11962,2026-01,4.48,152,0.3,12,174.78,1,0
TEL-11962,2026-02,5.8,79,0.5,16,164.44,1,0
TEL-11962,2026-03,5.8,163,0.5,21,156.3,4,0
TEL-11962,2026-04,8.21,156,1.2,14,157.84,1,0
TEL-11962,2026-05,9.49,163,1.3,25,169.17,3,0
TEL-11962,2026-06,8.02,123,0.4,16,173.65,4,0
TEL-11963,2026-01,63.09,295,0.1,8,530.19,2,0
TEL-11963,2026-02,29.06,191,0.4,4,569.89,1,0
TEL-11963,2026-03,61.53,184,0.6,9,668.73,3,0
TEL-11963,2026-04,61.35,294,0.1,7,610.49,1,0
TEL-11963,2026-05,49.26,146,0.1,3,682.38,2,0
TEL-11963,2026-06,44.97,288,0.7,8,643.08,3,0
TEL-11964,2026-01,10.09,370,6.6,14,566.7,4,0
TEL-11964,2026-02,4.54,313,7.5,9,699.05,1,0
TEL-11964,2026-03,7.2,383,38.6,11,616.62,2,0
TEL-11964,2026-04,5.66,301,0.7,19,535.55,2,0
TEL-11964,2026-05,7.9,220,25.8,16,562.46,3,0
TEL-11964,2026-06,9.0,348,4.1,14,590.08,3,0
TEL-11965,2026-01,44.34,247,2.0,3,648.01,2,0
TEL-11965,2026-02,41.64,220,0.4,3,596.0,1,0
TEL-11965,2026-03,51.04,222,0.7,2,796.26,4,0
TEL-11965,2026-04,44.01,131,0.2,4,772.95,3,0
TEL-11965,2026-05,35.45,354,5.0,4,662.15,4,0
TEL-11965,2026-06,42.01,191,1.0,4,700.05,2,0
TEL-11966,2026-01,35.65,240,0.2,6,417.19,1,0
TEL-11966,2026-02,30.38,229,0.2,6,440.51,3,0
TEL-11966,2026-03,45.91,195,2.9,1,343.37,2,0
TEL-11966,2026-04,38.73,162,0.2,6,377.01,3,0
TEL-11966,2026-05,34.45,245,0.1,7,341.64,3,0
TEL-11966,2026-06,27.2,251,2.2,4,307.48,1,0
TEL-11967,2026-01,33.0,61,1.6,2,397.92,3,0
TEL-11967,2026-02,24.1,131,0.4,4,369.63,3,0
TEL-11967,2026-03,17.79,149,1.4,6,311.2,3,0
TEL-11967,2026-04,30.91,115,0.1,3,328.42,4,0
TEL-11967,2026-05,23.49,100,0.3,4,322.0,3,0
TEL-11967,2026-06,22.82,187,1.5,3,356.57,4,0
TEL-11968,2026-01,2.02,149,1.0,27,296.15,1,0
TEL-11968,2026-02,0.98,392,0.5,36,254.76,3,0
TEL-11968,2026-03,1.87,528,0.3,25,267.53,1,0
TEL-11968,2026-04,1.68,420,0.5,28,275.14,3,0
TEL-11968,2026-05,1.62,367,0.8,26,224.16,3,0
TEL-11968,2026-06,1.98,826,0.4,33,288.66,2,0
TEL-11969,2026-01,2.26,175,0.9,7,290.02,4,0
TEL-11969,2026-02,1.34,151,0.3,12,287.67,1,0
TEL-11969,2026-03,2.68,193,0.7,11,241.16,4,0
TEL-11969,2026-04,2.55,147,1.2,10,274.02,3,0
TEL-11969,2026-05,2.24,153,1.1,15,243.58,1,0
TEL-11969,2026-06,2.54,149,1.7,9,274.05,1,0
TEL-11970,2026-01,23.42,406,0.1,13,409.21,1,0
TEL-11970,2026-02,22.54,473,0.2,7,377.67,1,0
TEL-11970,2026-03,22.53,614,0.7,10,425.98,3,0
TEL-11970,2026-04,27.58,413,0.2,7,373.71,3,0
TEL-11970,2026-05,17.29,307,1.2,7,434.69,3,0
TEL-11970,2026-06,19.21,359,0.2,6,444.1,2,0
TEL-11971,2026-01,7.74,420,0.7,14,377.65,3,0
TEL-11971,2026-02,7.7,416,0.4,17,387.27,4,0
TEL-11971,2026-03,11.81,515,0.6,10,474.57,2,0
TEL-11971,2026-04,11.56,431,0.2,16,444.93,1,0
TEL-11971,2026-05,10.61,348,0.0,18,360.34,1,0
TEL-11971,2026-06,13.76,416,0.8,19,358.5,1,0
TEL-11972,2026-01,16.97,223,2.4,14,729.14,4,0
TEL-11972,2026-02,14.42,184,0.5,10,765.55,3,0
TEL-11972,2026-03,13.86,183,28.1,17,775.99,2,0
TEL-11972,2026-04,8.94,235,3.2,11,691.99,4,0
TEL-11972,2026-05,17.29,225,7.7,10,704.82,1,0
TEL-11972,2026-06,15.58,258,12.4,12,751.36,3,0
TEL-11973,2026-01,33.01,108,1.6,7,656.19,4,0
TEL-11973,2026-02,24.16,54,0.2,7,488.87,4,0
TEL-11973,2026-03,25.93,164,0.1,4,586.23,1,0
TEL-11973,2026-04,23.3,114,0.7,12,521.31,4,0
TEL-11973,2026-05,19.57,108,1.2,5,600.95,1,0
TEL-11973,2026-06,41.36,122,0.3,10,534.99,3,0
TEL-11974,2026-01,2.25,151,0.7,9,140.86,4,0
TEL-11974,2026-02,4.11,109,1.9,9,156.17,1,0
TEL-11974,2026-03,3.18,160,0.1,5,174.21,4,0
TEL-11974,2026-04,5.22,134,0.2,3,152.13,3,0
TEL-11974,2026-05,4.66,119,0.4,6,141.89,2,0
TEL-11974,2026-06,2.93,125,1.3,4,129.55,3,0
TEL-11975,2026-01,18.65,320,20.8,8,318.21,4,0
TEL-11975,2026-02,14.04,467,9.3,11,378.32,3,0
TEL-11975,2026-03,11.81,442,5.8,6,378.57,3,0
TEL-11975,2026-04,19.71,668,18.8,9,378.91,2,0
TEL-11975,2026-05,7.67,498,29.1,12,398.68,2,0
TEL-11975,2026-06,15.73,485,2.5,11,388.1,3,0
TEL-11976,2026-01,64.99,331,0.1,6,784.79,4,0
TEL-11976,2026-02,44.33,403,3.2,4,752.82,4,0
TEL-11976,2026-03,36.72,332,0.6,8,785.03,2,0
TEL-11976,2026-04,46.45,231,0.3,6,749.81,1,0
TEL-11976,2026-05,48.14,290,3.4,8,749.19,4,0
TEL-11976,2026-06,49.41,320,0.3,13,722.5,2,0
TEL-11977,2026-01,3.51,274,1.2,6,224.06,4,0
TEL-11977,2026-02,3.67,236,0.7,8,211.04,4,0
TEL-11977,2026-03,3.8,330,3.7,7,184.04,2,0
TEL-11977,2026-04,3.78,201,2.7,2,193.26,3,0
TEL-11977,2026-05,4.32,140,0.2,7,225.22,2,0
TEL-11977,2026-06,3.93,236,0.0,7,242.39,2,0
TEL-11978,2026-01,2.28,568,1.0,51,290.21,3,0
TEL-11978,2026-02,2.79,200,0.9,35,298.71,1,0
TEL-11978,2026-03,2.12,385,0.3,40,280.76,1,0
TEL-11978,2026-04,3.04,600,0.4,50,259.19,3,0
TEL-11978,2026-05,1.94,479,0.0,58,321.24,2,0
TEL-11978,2026-06,1.1,499,0.2,48,303.21,2,0
TEL-11979,2026-01,34.57,266,0.1,7,528.67,2,0
TEL-11979,2026-02,31.89,230,0.2,4,619.17,2,0
TEL-11979,2026-03,37.5,181,0.7,4,533.93,3,0
TEL-11979,2026-04,26.44,187,1.5,3,468.45,2,0
TEL-11979,2026-05,37.82,213,1.3,5,623.3,2,0
TEL-11979,2026-06,39.2,239,0.6,6,575.78,4,0
TEL-11980,2026-01,3.31,179,1.7,9,342.28,1,0
TEL-11980,2026-02,2.8,197,0.9,13,334.02,4,0
TEL-11980,2026-03,4.49,133,0.3,11,303.76,2,0
TEL-11980,2026-04,4.25,138,0.1,7,389.92,3,0
TEL-11980,2026-05,3.56,192,0.7,9,385.69,3,0
TEL-11980,2026-06,3.76,216,1.6,8,364.43,1,0
TEL-11981,2026-01,40.76,291,0.1,14,0.0,3,0
TEL-11981,2026-02,56.5,303,1.2,4,581.85,4,0
TEL-11981,2026-03,43.58,244,0.5,3,450.05,4,0
TEL-11981,2026-04,57.0,260,0.9,5,539.77,1,0
TEL-11981,2026-05,53.73,343,0.5,6,559.79,4,0
TEL-11981,2026-06,52.5,179,0.4,9,542.73,3,0
TEL-11982,2026-01,20.07,516,1.8,22,349.25,2,0
TEL-11982,2026-02,9.09,409,0.4,11,402.78,2,0
TEL-11982,2026-03,22.42,404,1.9,28,410.37,3,0
TEL-11982,2026-04,16.58,384,0.2,20,362.68,4,0
TEL-11982,2026-05,23.13,357,0.6,21,440.36,4,0
TEL-11982,2026-06,18.85,330,0.8,22,364.6,4,0
TEL-11983,2026-01,26.49,116,20.4,19,393.78,3,0
TEL-11983,2026-02,22.14,267,5.1,16,428.82,1,0
TEL-11983,2026-03,24.8,287,21.3,23,497.43,4,0
TEL-11983,2026-04,20.66,337,6.5,19,436.0,4,0
TEL-11983,2026-05,21.35,431,14.5,17,424.42,3,0
TEL-11983,2026-06,25.53,236,13.9,17,419.47,2,0
TEL-11984,2026-01,3.29,87,0.2,5,104.32,2,0
TEL-11984,2026-02,1.96,99,1.6,13,101.62,4,0
TEL-11984,2026-03,1.98,86,0.9,7,103.71,3,0
TEL-11984,2026-04,2.83,126,0.9,5,128.17,2,0
TEL-11984,2026-05,3.75,69,1.2,8,121.71,2,0
TEL-11984,2026-06,2.93,77,0.4,5,129.34,2,0
TEL-11985,2026-01,26.5,169,0.3,2,404.02,1,0
TEL-11985,2026-02,21.87,350,0.6,3,391.42,3,0
TEL-11985,2026-03,31.68,117,0.2,1,345.53,1,0
TEL-11985,2026-04,20.87,249,0.8,1,336.92,3,0
TEL-11985,2026-05,30.88,333,0.6,1,331.08,1,0
TEL-11985,2026-06,29.11,211,0.8,4,378.85,2,0
TEL-11986,2026-01,47.71,123,0.4,4,550.04,4,0
TEL-11986,2026-02,49.5,140,0.1,4,633.17,3,0
TEL-11986,2026-03,56.95,205,0.2,4,615.13,1,0
TEL-11986,2026-04,40.67,117,0.4,2,597.06,1,0
TEL-11986,2026-05,56.87,189,0.4,4,497.95,3,0
TEL-11986,2026-06,30.02,202,0.2,4,656.86,4,0
TEL-11987,2026-01,5.56,161,0.0,8,253.64,2,0
TEL-11987,2026-02,6.41,122,0.1,10,298.91,1,0
TEL-11987,2026-03,5.03,98,0.8,7,247.9,4,0
TEL-11987,2026-04,3.35,179,0.9,10,241.65,2,0
TEL-11987,2026-05,5.72,114,0.3,18,285.19,1,0
TEL-11987,2026-06,4.93,154,1.7,12,273.7,3,0
TEL-11988,2026-01,3.46,379,0.7,28,386.36,1,0
TEL-11988,2026-02,2.21,605,1.1,43,374.3,3,0
TEL-11988,2026-03,1.92,487,1.3,32,372.34,2,0
TEL-11988,2026-04,2.58,353,0.8,39,316.27,1,0
TEL-11988,2026-05,2.56,477,1.4,38,317.49,3,0
TEL-11988,2026-06,2.26,346,0.3,39,350.94,3,0
TEL-11989,2026-01,4.3,184,1.8,7,611.49,3,0
TEL-11989,2026-02,2.49,150,0.2,6,781.71,3,0
TEL-11989,2026-03,3.97,130,14.7,7,816.91,4,0
TEL-11989,2026-04,4.08,201,5.6,8,748.9,4,0
TEL-11989,2026-05,3.11,240,7.3,1,733.67,1,0
TEL-11989,2026-06,3.13,176,21.3,8,744.26,4,0
TEL-11990,2026-01,29.31,125,0.5,5,505.44,2,0
TEL-11990,2026-02,32.27,132,0.0,5,533.62,1,0
TEL-11990,2026-03,35.48,88,0.4,4,510.1,4,0
TEL-11990,2026-04,22.21,83,1.1,4,461.09,2,0
TEL-11990,2026-05,36.47,117,1.0,11,439.98,2,0
TEL-11990,2026-06,32.6,144,1.5,6,471.62,3,0
TEL-11991,2026-01,25.58,516,0.2,19,541.18,2,0
TEL-11991,2026-02,28.62,344,0.4,18,618.57,4,0
TEL-11991,2026-03,27.77,394,0.2,14,466.8,2,0
TEL-11991,2026-04,25.97,589,1.8,19,515.42,2,0
TEL-11991,2026-05,22.87,158,1.3,24,624.3,4,0
TEL-11991,2026-06,28.38,223,2.0,14,596.1,2,0
TEL-11992,2026-01,36.9,206,0.7,5,396.52,3,0
TEL-11992,2026-02,40.44,175,1.7,4,398.29,1,0
TEL-11992,2026-03,40.37,108,0.0,3,404.47,1,0
TEL-11992,2026-04,35.7,82,0.2,6,385.67,3,0
TEL-11992,2026-05,16.52,183,0.0,5,363.73,4,0
TEL-11992,2026-06,36.7,187,0.3,5,402.6,2,0
TEL-11993,2026-01,26.6,189,0.4,5,367.06,3,0
TEL-11993,2026-02,25.44,303,0.4,2,300.43,1,0
TEL-11993,2026-03,16.97,276,0.1,3,309.62,1,0
TEL-11993,2026-04,31.14,307,0.2,3,410.87,3,0
TEL-11993,2026-05,29.77,227,0.3,2,309.25,1,0
TEL-11993,2026-06,17.23,168,3.0,2,306.62,4,0
TEL-11994,2026-01,24.42,210,1.4,4,450.18,2,0
TEL-11994,2026-02,46.58,66,0.3,7,434.88,3,0
TEL-11994,2026-03,46.79,98,0.2,5,446.93,3,0
TEL-11994,2026-04,25.28,252,0.3,4,432.31,1,0
TEL-11994,2026-05,47.23,149,0.3,8,406.18,2,0
TEL-11994,2026-06,39.96,171,0.1,5,439.23,4,0
TEL-11995,2026-01,34.48,161,0.7,8,451.41,1,0
TEL-11995,2026-02,31.84,212,0.5,1,439.6,3,0
TEL-11995,2026-03,40.13,186,0.4,5,384.34,4,0
TEL-11995,2026-04,43.55,204,1.0,6,438.24,4,0
TEL-11995,2026-05,34.38,304,0.4,4,495.57,4,0
TEL-11995,2026-06,31.4,365,1.2,4,521.98,3,0
TEL-11996,2026-01,4.93,198,0.5,5,265.94,4,0
TEL-11996,2026-02,6.06,140,0.3,5,259.2,3,0
TEL-11996,2026-03,4.88,148,0.5,13,287.91,4,0
TEL-11996,2026-04,7.25,160,1.0,7,243.6,2,0
TEL-11996,2026-05,7.25,126,0.3,5,251.09,4,0
TEL-11996,2026-06,5.01,255,1.6,4,208.92,4,0
TEL-11997,2026-01,4.97,148,0.3,5,221.2,1,0
TEL-11997,2026-02,5.66,157,0.5,4,286.29,2,0
TEL-11997,2026-03,5.11,180,0.8,9,267.54,1,0
TEL-11997,2026-04,4.14,201,0.1,5,238.91,4,0
TEL-11997,2026-05,3.95,140,0.6,9,210.62,4,0
TEL-11997,2026-06,5.89,182,0.7,6,205.35,3,0
TEL-11998,2026-01,4.92,40,9.9,14,325.54,2,0
TEL-11998,2026-02,5.72,91,29.1,21,341.48,4,0
TEL-11998,2026-03,6.5,68,14.3,16,304.02,1,0
TEL-11998,2026-04,4.59,53,4.3,21,331.33,1,0
TEL-11998,2026-05,5.09,84,53.6,15,415.2,4,0
TEL-11998,2026-06,6.34,54,18.0,15,343.29,1,0
TEL-11999,2026-01,15.67,426,0.7,14,748.52,2,0
TEL-11999,2026-02,17.7,412,7.0,10,779.09,2,0
TEL-11999,2026-03,21.74,408,8.5,9,832.93,3,0
TEL-11999,2026-04,18.15,423,38.0,10,889.95,2,0
TEL-11999,2026-05,15.53,407,10.0,11,727.98,2,0
TEL-11999,2026-06,14.89,425,1.8,13,791.64,1,0
TEL-12000,2026-01,26.77,209,1.5,7,430.63,4,0
TEL-12000,2026-02,35.55,155,0.0,14,449.41,3,0
TEL-12000,2026-03,41.03,129,0.0,9,436.34,4,0
TEL-12000,2026-04,27.12,115,0.1,6,426.47,1,0
TEL-12000,2026-05,34.67,235,0.3,8,368.58,1,0
TEL-12000,2026-06,40.4,243,0.3,8,374.32,1,0
TEL-12001,2026-01,4.18,125,0.4,13,320.06,2,0
TEL-12001,2026-02,5.04,89,0.3,8,336.08,4,0
TEL-12001,2026-03,0.59,57,0.1,9,338.25,3,0
TEL-12001,2026-04,2.98,57,0.7,7,340.53,3,0
TEL-12001,2026-05,5.12,146,0.4,7,362.19,1,0
TEL-12001,2026-06,5.81,78,0.9,4,419.62,2,0
TEL-12002,2026-01,13.97,347,36.8,16,614.94,2,0
TEL-12002,2026-02,14.8,256,2.9,21,575.73,2,0
TEL-12002,2026-03,15.32,284,20.7,21,530.78,1,0
TEL-12002,2026-04,14.44,361,16.8,11,604.25,4,0
TEL-12002,2026-05,14.31,371,13.0,17,558.34,4,0
TEL-12002,2026-06,15.0,276,42.3,11,553.05,3,0
TEL-12003,2026-01,31.53,259,2.2,6,522.79,1,0
TEL-12003,2026-02,32.84,245,0.4,8,470.31,3,0
TEL-12003,2026-03,29.15,315,1.2,1,461.98,3,0
TEL-12003,2026-04,26.73,201,0.3,7,607.57,4,0
TEL-12003,2026-05,28.26,213,2.6,5,544.06,2,0
TEL-12003,2026-06,26.53,210,0.9,9,542.07,4,0
TEL-12004,2026-01,20.64,403,1.9,22,604.17,2,0
TEL-12004,2026-02,20.4,259,29.5,16,799.47,1,0
TEL-12004,2026-03,19.28,295,22.7,15,701.97,3,0
TEL-12004,2026-04,17.76,261,7.4,19,670.2,1,0
TEL-12004,2026-05,12.93,327,9.9,22,633.83,4,0
TEL-12004,2026-06,21.76,340,1.5,18,710.18,2,0
TEL-12005,2026-01,11.75,304,1.6,15,366.79,4,0
TEL-12005,2026-02,13.64,266,0.1,11,450.93,4,0
TEL-12005,2026-03,13.99,222,0.0,10,380.29,2,0
TEL-12005,2026-04,21.61,419,0.4,13,386.8,2,0
TEL-12005,2026-05,7.27,403,2.0,10,398.78,1,0
TEL-12005,2026-06,17.95,315,0.5,13,439.28,3,0
TEL-12006,2026-01,13.65,193,0.3,7,341.32,2,0
TEL-12006,2026-02,16.77,246,1.2,3,375.45,1,0
TEL-12006,2026-03,25.67,162,0.8,3,320.49,1,0
TEL-12006,2026-04,33.64,277,1.3,1,323.5,1,0
TEL-12006,2026-05,25.91,173,4.0,8,335.02,2,0
TEL-12006,2026-06,21.71,255,0.8,3,363.26,1,0
TEL-12007,2026-01,20.71,218,0.6,6,452.57,2,0
TEL-12007,2026-02,17.91,212,1.0,6,505.06,2,0
TEL-12007,2026-03,23.42,264,0.6,6,476.07,4,0
TEL-12007,2026-04,28.23,230,0.2,5,363.71,1,0
TEL-12007,2026-05,32.1,162,0.7,7,517.2,4,0
TEL-12007,2026-06,26.53,226,0.7,4,499.31,1,0
TEL-12008,2026-01,31.04,201,0.2,5,566.13,4,0
TEL-12008,2026-02,45.52,303,0.1,5,492.04,4,0
TEL-12008,2026-03,37.77,385,1.2,8,570.61,1,0
TEL-12008,2026-04,35.38,312,0.0,4,552.02,2,0
TEL-12008,2026-05,45.31,226,0.5,8,573.68,1,0
TEL-12008,2026-06,47.02,243,0.0,3,499.08,3,0
TEL-12009,2026-01,5.35,105,1.2,10,231.77,1,0
TEL-12009,2026-02,3.41,112,0.1,7,301.18,4,0
TEL-12009,2026-03,5.59,149,0.1,8,307.6,4,0
TEL-12009,2026-04,5.83,143,1.4,13,263.03,2,0
TEL-12009,2026-05,5.16,111,1.6,9,296.68,3,0
TEL-12009,2026-06,6.46,179,0.1,9,242.41,4,0
TEL-12010,2026-01,3.4,110,0.1,1,188.89,3,0
TEL-12010,2026-02,4.45,136,0.7,9,175.26,4,0
TEL-12010,2026-03,2.58,43,0.2,4,218.34,1,0
TEL-12010,2026-04,3.9,95,0.7,4,160.45,2,0
TEL-12010,2026-05,2.51,122,0.5,6,201.74,4,0
TEL-12010,2026-06,4.01,120,0.3,5,194.97,3,0
TEL-12011,2026-01,1.94,135,0.1,5,193.05,1,0
TEL-12011,2026-02,2.61,150,1.1,9,184.05,2,0
TEL-12011,2026-03,2.06,149,1.8,6,201.48,4,0
TEL-12011,2026-04,3.6,171,0.2,8,188.57,2,0
TEL-12011,2026-05,3.25,186,0.9,10,214.43,3,0
TEL-12011,2026-06,2.99,154,1.1,2,175.53,2,0
TEL-12012,2026-01,14.01,248,0.6,27,315.8,1,0
TEL-12012,2026-02,10.2,477,0.6,22,341.8,4,0
TEL-12012,2026-03,16.41,373,2.3,23,281.55,1,0
TEL-12012,2026-04,9.55,260,1.1,25,290.9,4,0
TEL-12012,2026-05,13.64,382,0.1,17,330.53,1,0
TEL-12012,2026-06,17.11,303,0.5,18,0.0,2,0
TEL-12013,2026-01,32.87,214,0.6,10,391.05,3,0
TEL-12013,2026-02,25.96,214,2.8,4,385.81,1,0
TEL-12013,2026-03,31.71,254,0.2,4,407.8,1,0
TEL-12013,2026-04,32.0,159,0.8,7,366.83,2,0
TEL-12013,2026-05,24.94,195,0.6,8,405.45,4,0
TEL-12013,2026-06,28.15,183,1.4,9,458.87,3,0
TEL-12014,2026-01,22.58,217,14.4,5,599.23,3,0
TEL-12014,2026-02,18.74,105,30.0,12,507.81,4,0
TEL-12014,2026-03,16.92,215,2.4,10,559.89,3,0
TEL-12014,2026-04,12.14,301,2.6,11,576.82,1,0
TEL-12014,2026-05,16.07,253,22.6,8,637.68,1,0
TEL-12014,2026-06,14.48,227,4.8,10,676.87,3,0
TEL-12015,2026-01,20.56,179,0.1,23,416.07,4,0
TEL-12015,2026-02,21.2,303,0.8,15,443.44,2,0
TEL-12015,2026-03,24.94,186,0.2,20,408.09,3,0
TEL-12015,2026-04,25.65,238,1.6,13,391.21,4,0
TEL-12015,2026-05,15.95,252,0.1,25,419.56,3,0
TEL-12015,2026-06,24.55,314,0.4,14,418.41,1,0
TEL-12016,2026-01,2.72,515,2.4,38,640.89,1,0
TEL-12016,2026-02,4.05,408,0.8,36,603.67,1,0
TEL-12016,2026-03,3.46,337,0.1,33,590.41,2,0
TEL-12016,2026-04,3.29,439,1.1,23,633.44,2,0
TEL-12016,2026-05,2.92,451,1.9,42,461.86,3,0
TEL-12016,2026-06,3.14,268,0.4,44,637.23,3,0
TEL-12017,2026-01,5.74,51,0.0,8,461.68,1,0
TEL-12017,2026-02,4.97,86,0.6,17,372.98,2,0
TEL-12017,2026-03,5.11,149,0.2,9,463.84,4,0
TEL-12017,2026-04,5.49,72,0.1,10,457.71,4,0
TEL-12017,2026-05,6.67,161,0.4,14,388.09,1,0
TEL-12017,2026-06,6.63,137,0.7,15,412.72,2,0
TEL-12018,2026-01,1.02,597,1.4,41,92.15,2,0
TEL-12018,2026-02,0.5,429,0.2,35,119.7,2,0
TEL-12018,2026-03,0.63,591,0.1,28,117.75,1,0
TEL-12018,2026-04,1.15,421,0.0,30,97.32,2,0
TEL-12018,2026-05,1.01,400,1.7,31,130.86,1,0
TEL-12018,2026-06,1.2,515,2.1,35,117.75,1,0
TEL-12019,2026-01,17.28,45,0.3,7,249.19,1,0
TEL-12019,2026-02,17.92,50,0.2,10,274.65,1,0
TEL-12019,2026-03,20.97,40,1.7,9,276.6,1,0
TEL-12019,2026-04,20.24,64,0.5,8,337.62,2,0
TEL-12019,2026-05,12.98,50,0.1,14,317.58,3,0
TEL-12019,2026-06,20.65,57,0.9,8,260.83,1,0
TEL-12020,2026-01,2.83,538,0.5,43,195.18,4,0
TEL-12020,2026-02,3.44,504,0.8,56,207.59,3,0
TEL-12020,2026-03,3.12,403,0.5,39,173.27,2,0
TEL-12020,2026-04,2.56,760,0.3,41,202.13,1,0
TEL-12020,2026-05,3.06,551,0.2,52,213.23,2,0
TEL-12020,2026-06,2.72,726,0.3,48,252.19,4,0
TEL-12021,2026-01,2.41,134,0.1,8,108.23,1,0
TEL-12021,2026-02,3.1,199,0.3,9,143.34,1,0
TEL-12021,2026-03,2.36,187,0.7,19,141.35,2,0
TEL-12021,2026-04,2.6,156,1.2,14,139.93,1,0
TEL-12021,2026-05,1.58,175,1.3,11,170.54,3,0
TEL-12021,2026-06,2.48,129,0.8,9,112.22,3,0
TEL-12022,2026-01,49.86,242,0.3,8,511.58,4,0
TEL-12022,2026-02,65.62,199,0.1,12,459.15,2,0
TEL-12022,2026-03,29.71,327,0.3,3,605.41,3,0
TEL-12022,2026-04,23.19,360,0.0,6,474.42,4,0
TEL-12022,2026-05,46.76,216,0.8,11,492.44,2,0
TEL-12022,2026-06,51.71,202,1.3,15,602.69,4,0
TEL-12023,2026-01,44.54,172,0.5,12,661.75,4,0
TEL-12023,2026-02,32.36,153,1.1,6,561.32,1,0
TEL-12023,2026-03,52.18,144,0.6,9,641.01,1,0
TEL-12023,2026-04,33.84,100,0.1,8,633.7,3,0
TEL-12023,2026-05,43.06,176,0.5,15,519.15,3,0
TEL-12023,2026-06,34.62,135,0.6,4,567.21,2,0
TEL-12024,2026-01,18.27,129,1.7,8,482.33,4,0
TEL-12024,2026-02,19.1,183,2.0,7,414.5,2,0
TEL-12024,2026-03,20.07,154,0.2,10,407.76,4,0
TEL-12024,2026-04,15.4,183,1.7,10,461.09,1,0
TEL-12024,2026-05,20.42,220,0.1,14,549.31,2,0
TEL-12024,2026-06,13.61,220,0.3,8,541.95,3,0
TEL-12025,2026-01,12.49,154,0.8,10,301.77,4,0
TEL-12025,2026-02,16.53,210,0.6,5,278.36,3,0
TEL-12025,2026-03,16.79,232,3.2,11,327.41,1,0
TEL-12025,2026-04,77.76,174,2.5,5,0.0,0,3
TEL-12025,2026-05,62.02,164,0.5,10,0.0,0,3
TEL-12025,2026-06,101.25,165,0.7,8,0.0,0,2
TEL-12026,2026-01,24.95,503,31.2,12,692.57,4,0
TEL-12026,2026-02,26.32,334,32.7,8,614.34,1,0
TEL-12026,2026-03,29.92,265,2.2,10,725.94,2,0
TEL-12026,2026-04,24.96,545,21.4,10,563.05,3,0
TEL-12026,2026-05,11.68,543,3.4,19,720.64,1,0
TEL-12026,2026-06,24.04,560,2.4,15,685.88,4,0
TEL-12027,2026-01,1.89,106,0.2,4,187.06,3,0
TEL-12027,2026-02,0.85,130,0.4,5,158.34,4,0
TEL-12027,2026-03,1.68,128,0.2,14,190.2,4,0
TEL-12027,2026-04,1.44,146,0.4,12,182.4,2,0
TEL-12027,2026-05,1.33,94,0.3,13,184.1,1,0
TEL-12027,2026-06,2.43,140,0.1,8,162.81,2,0
TEL-12028,2026-01,3.91,109,2.0,4,367.46,1,0
TEL-12028,2026-02,3.66,108,0.5,7,344.39,2,0
TEL-12028,2026-03,4.89,80,0.4,11,316.18,4,0
TEL-12028,2026-04,4.65,96,1.2,9,349.89,2,0
TEL-12028,2026-05,3.59,85,0.7,18,331.27,3,0
TEL-12028,2026-06,4.63,121,0.5,9,336.19,2,0
TEL-12029,2026-01,41.96,247,0.9,3,736.86,3,0
TEL-12029,2026-02,41.88,265,0.1,4,698.32,2,0
TEL-12029,2026-03,33.42,158,0.8,3,601.95,3,0
TEL-12029,2026-04,40.88,193,0.2,4,686.95,4,0
TEL-12029,2026-05,49.78,236,0.1,6,621.31,3,0
TEL-12029,2026-06,51.14,157,0.8,4,617.3,3,0
TEL-12030,2026-01,48.01,170,1.0,11,775.6,2,0
TEL-12030,2026-02,36.59,69,0.7,7,636.96,3,0
TEL-12030,2026-03,31.53,178,2.5,10,623.22,1,0
TEL-12030,2026-04,35.26,135,0.2,6,572.4,1,0
TEL-12030,2026-05,25.91,151,1.0,13,725.55,3,0
TEL-12030,2026-06,22.36,165,0.6,11,584.99,4,0
TEL-12031,2026-01,3.2,114,0.3,12,114.45,3,0
TEL-12031,2026-02,5.1,101,1.3,11,141.83,2,0
TEL-12031,2026-03,5.26,121,1.1,6,134.1,2,0
TEL-12031,2026-04,4.84,135,0.1,16,152.48,1,0
TEL-12031,2026-05,4.8,118,0.2,8,117.46,3,0
TEL-12031,2026-06,3.71,193,0.2,13,130.68,1,0
TEL-12032,2026-01,2.27,734,1.5,28,395.68,2,0
TEL-12032,2026-02,1.71,935,0.1,43,360.7,4,0
TEL-12032,2026-03,1.79,794,0.4,34,314.65,1,0
TEL-12032,2026-04,1.5,1100,0.6,48,347.96,3,0
TEL-12032,2026-05,0.98,813,4.5,33,332.38,3,0
TEL-12032,2026-06,1.05,877,0.6,41,331.13,2,0
TEL-12033,2026-01,2.84,552,0.2,25,337.53,1,0
TEL-12033,2026-02,1.34,291,0.2,36,280.76,3,0
TEL-12033,2026-03,2.46,631,0.3,33,347.07,2,0
TEL-12033,2026-04,2.36,330,1.7,45,338.9,4,0
TEL-12033,2026-05,3.22,698,0.1,30,373.11,3,0
TEL-12033,2026-06,3.24,659,1.0,41,299.29,3,0
TEL-12034,2026-01,2.87,811,0.8,30,233.56,4,0
TEL-12034,2026-02,3.22,433,0.2,30,225.68,3,0
TEL-12034,2026-03,2.38,837,0.3,42,218.78,3,0
TEL-12034,2026-04,2.45,635,0.4,25,220.7,3,0
TEL-12034,2026-05,3.14,639,2.2,28,219.43,4,0
TEL-12034,2026-06,2.7,666,0.0,38,212.28,4,0
TEL-12035,2026-01,4.19,87,0.1,6,241.94,1,0
TEL-12035,2026-02,2.84,164,1.1,6,248.4,3,0
TEL-12035,2026-03,2.95,168,1.9,5,308.95,4,0
TEL-12035,2026-04,6.16,139,1.0,2,230.03,4,0
TEL-12035,2026-05,4.22,147,0.7,7,265.59,1,0
TEL-12035,2026-06,5.92,161,0.4,7,272.09,4,0
TEL-12036,2026-01,23.62,54,1.3,11,373.73,2,0
TEL-12036,2026-02,16.76,73,2.5,19,396.56,3,0
TEL-12036,2026-03,31.65,96,2.1,13,341.09,3,0
TEL-12036,2026-04,15.81,74,0.0,8,356.68,1,0
TEL-12036,2026-05,31.94,137,1.1,8,359.83,1,0
TEL-12036,2026-06,23.0,88,0.5,12,363.03,1,0
TEL-12037,2026-01,43.51,152,0.5,4,482.18,4,0
TEL-12037,2026-02,36.91,152,0.3,4,474.97,4,0
TEL-12037,2026-03,50.86,219,1.7,5,439.89,3,0
TEL-12037,2026-04,39.41,164,1.2,4,453.02,2,0
TEL-12037,2026-05,34.07,211,1.2,15,462.96,3,0
TEL-12037,2026-06,32.92,137,0.0,4,455.91,4,0
TEL-12038,2026-01,5.43,142,0.3,8,169.48,2,0
TEL-12038,2026-02,5.19,156,0.3,3,172.69,3,0
TEL-12038,2026-03,5.03,109,0.4,7,176.73,4,0
TEL-12038,2026-04,4.1,132,0.7,7,233.51,4,0
TEL-12038,2026-05,3.93,170,1.3,3,163.64,1,0
TEL-12038,2026-06,4.75,175,0.8,6,151.06,2,0
TEL-12039,2026-01,6.04,67,1.9,6,303.6,4,0
TEL-12039,2026-02,6.52,83,2.6,7,305.75,3,0
TEL-12039,2026-03,6.58,62,1.3,6,331.27,2,0
TEL-12039,2026-04,3.9,56,0.3,2,262.13,2,0
TEL-12039,2026-05,6.71,51,0.5,8,290.1,4,0
TEL-12039,2026-06,5.84,94,1.0,3,304.93,2,0
TEL-12040,2026-01,2.2,766,0.9,34,124.29,4,0
TEL-12040,2026-02,2.84,799,1.4,24,158.15,1,0
TEL-12040,2026-03,2.97,986,1.1,23,128.82,3,0
TEL-12040,2026-04,1.89,505,1.7,17,147.4,1,0
TEL-12040,2026-05,2.24,450,0.2,32,136.05,4,0
TEL-12040,2026-06,1.52,825,0.1,19,144.82,1,0
TEL-12041,2026-01,4.98,112,2.0,9,156.38,4,0
TEL-12041,2026-02,4.79,77,0.2,17,182.54,2,0
TEL-12041,2026-03,5.66,129,0.5,14,179.74,2,0
TEL-12041,2026-04,5.17,110,1.5,15,162.84,4,0
TEL-12041,2026-05,5.84,99,1.4,9,214.65,2,0
TEL-12041,2026-06,6.05,144,0.6,8,169.9,2,0
TEL-12042,2026-01,31.48,99,3.1,7,553.75,2,0
TEL-12042,2026-02,40.42,93,0.6,3,638.91,4,0
TEL-12042,2026-03,43.23,66,1.6,10,571.28,2,0
TEL-12042,2026-04,28.85,61,0.0,6,523.59,3,0
TEL-12042,2026-05,35.34,112,2.3,4,583.52,3,0
TEL-12042,2026-06,21.68,82,0.0,11,548.19,2,0
TEL-12043,2026-01,23.92,526,0.3,12,296.69,3,0
TEL-12043,2026-02,24.0,162,0.9,15,346.44,3,0
TEL-12043,2026-03,22.01,408,0.7,11,320.28,2,0
TEL-12043,2026-04,21.25,339,0.8,16,345.76,2,0
TEL-12043,2026-05,27.25,289,0.7,9,371.85,4,0
TEL-12043,2026-06,19.27,295,2.3,21,368.64,4,0
TEL-12044,2026-01,2.0,222,0.3,41,379.46,4,0
TEL-12044,2026-02,1.16,294,0.5,39,301.8,1,0
TEL-12044,2026-03,1.5,192,0.7,44,357.21,4,0
TEL-12044,2026-04,2.18,226,1.2,46,339.83,1,0
TEL-12044,2026-05,1.8,239,0.5,37,354.8,3,0
TEL-12044,2026-06,1.85,129,0.7,47,324.71,4,0
TEL-12045,2026-01,3.55,190,0.6,9,340.3,1,0
TEL-12045,2026-02,3.47,185,0.1,7,292.6,1,0
TEL-12045,2026-03,3.39,208,4.0,5,254.18,3,0
TEL-12045,2026-04,4.1,234,0.3,6,299.92,3,0
TEL-12045,2026-05,4.05,173,0.1,11,279.54,2,0
TEL-12045,2026-06,3.08,279,0.9,9,303.85,4,0
TEL-12046,2026-01,26.19,198,1.6,1,440.63,3,0
TEL-12046,2026-02,30.52,275,0.7,7,535.32,1,0
TEL-12046,2026-03,32.81,229,0.6,5,439.39,1,0
TEL-12046,2026-04,19.83,262,1.0,4,488.06,3,0
TEL-12046,2026-05,29.36,326,1.8,5,530.09,2,0
TEL-12046,2026-06,25.28,242,0.3,3,485.83,2,0
TEL-12047,2026-01,33.09,241,0.5,10,312.24,4,0
TEL-12047,2026-02,24.76,129,0.8,5,319.56,2,0
TEL-12047,2026-03,22.14,245,0.4,8,301.42,3,0
TEL-12047,2026-04,28.29,228,0.1,8,307.01,2,0
TEL-12047,2026-05,29.19,455,2.1,9,314.62,3,0
TEL-12047,2026-06,32.03,337,1.1,9,323.14,4,0
TEL-12048,2026-01,7.05,75,0.7,6,282.17,4,0
TEL-12048,2026-02,4.81,195,0.3,6,339.9,4,0
TEL-12048,2026-03,4.96,192,0.3,7,284.88,3,0
TEL-12048,2026-04,3.76,218,0.1,8,274.64,4,0
TEL-12048,2026-05,4.56,266,1.3,11,311.65,3,0
TEL-12048,2026-06,4.59,172,0.2,8,269.58,4,0
TEL-12049,2026-01,5.39,69,0.0,15,170.85,4,0
TEL-12049,2026-02,4.43,104,1.6,12,276.2,4,0
TEL-12049,2026-03,2.75,90,1.5,13,192.03,3,0
TEL-12049,2026-04,3.53,96,0.2,17,198.83,3,0
TEL-12049,2026-05,2.86,102,0.5,17,245.46,2,0
TEL-12049,2026-06,2.95,48,0.8,11,187.02,1,0
TEL-12050,2026-01,7.28,404,1.2,6,207.21,1,0
TEL-12050,2026-02,6.81,262,0.2,12,196.2,4,0
TEL-12050,2026-03,3.98,305,1.5,6,224.45,2,0
TEL-12050,2026-04,7.39,392,0.2,10,165.13,1,0
TEL-12050,2026-05,8.36,446,0.7,8,210.54,4,0
TEL-12050,2026-06,5.31,337,0.4,13,193.71,3,0
TEL-12051,2026-01,4.37,189,0.8,18,199.19,2,0
TEL-12051,2026-02,4.56,135,0.2,16,248.77,3,0
TEL-12051,2026-03,3.1,183,0.6,20,227.77,3,0
TEL-12051,2026-04,3.79,145,1.8,13,238.02,3,0
TEL-12051,2026-05,3.05,115,0.5,16,244.16,1,0
TEL-12051,2026-06,4.3,185,0.1,20,246.07,1,0
TEL-12052,2026-01,5.15,112,0.1,9,259.32,4,0
TEL-12052,2026-02,3.43,277,0.2,5,215.39,4,0
TEL-12052,2026-03,5.02,235,0.9,6,236.86,4,0
TEL-12052,2026-04,5.5,176,0.3,6,285.5,1,0
TEL-12052,2026-05,6.94,152,1.4,6,231.06,2,0
TEL-12052,2026-06,6.68,138,0.0,8,214.37,2,0
TEL-12053,2026-01,3.69,127,1.9,5,248.75,4,0
TEL-12053,2026-02,3.45,116,0.5,5,295.55,1,0
TEL-12053,2026-03,5.91,127,1.7,6,261.68,4,0
TEL-12053,2026-04,6.14,119,0.0,9,264.87,2,0
TEL-12053,2026-05,5.25,124,0.6,5,237.44,4,0
TEL-12053,2026-06,4.63,124,0.8,4,266.39,1,0
TEL-12054,2026-01,29.64,287,8.6,10,657.55,1,0
TEL-12054,2026-02,25.33,432,18.1,11,603.75,2,0
TEL-12054,2026-03,24.25,387,25.5,16,673.82,1,0
TEL-12054,2026-04,20.04,337,8.5,19,653.62,3,0
TEL-12054,2026-05,24.24,303,1.0,23,588.81,2,0
TEL-12054,2026-06,24.39,254,11.6,13,586.67,4,0
TEL-12055,2026-01,18.17,138,1.2,8,313.02,2,0
TEL-12055,2026-02,26.28,233,0.5,4,362.57,3,0
TEL-12055,2026-03,24.17,194,0.0,6,377.04,4,0
TEL-12055,2026-04,21.72,183,1.3,9,400.45,2,0
TEL-12055,2026-05,23.82,67,0.7,5,385.38,4,0
TEL-12055,2026-06,17.17,171,0.6,5,342.92,4,0
TEL-12056,2026-01,52.23,196,2.1,7,585.81,2,0
TEL-12056,2026-02,61.04,267,0.4,11,573.98,4,0
TEL-12056,2026-03,47.73,235,0.7,6,582.78,2,0
TEL-12056,2026-04,45.52,227,2.9,14,580.09,4,0
TEL-12056,2026-05,36.0,150,0.6,11,590.91,3,0
TEL-12056,2026-06,46.65,170,1.1,12,640.54,1,0
TEL-12057,2026-01,42.53,228,1.6,8,891.34,3,0
TEL-12057,2026-02,43.62,258,2.3,12,802.17,2,0
TEL-12057,2026-03,31.78,147,1.1,2,663.18,1,0
TEL-12057,2026-04,29.23,202,0.2,10,720.27,2,0
TEL-12057,2026-05,26.64,179,1.6,4,811.35,1,0
TEL-12057,2026-06,24.31,223,0.1,6,926.23,3,0
TEL-12058,2026-01,0.86,911,0.0,49,418.2,1,0
TEL-12058,2026-02,1.46,286,0.1,47,449.64,1,0
TEL-12058,2026-03,1.2,729,0.2,37,471.51,1,0
TEL-12058,2026-04,1.16,476,2.2,42,389.09,1,0
TEL-12058,2026-05,1.1,456,0.1,34,489.68,2,0
TEL-12058,2026-06,1.49,459,0.4,58,358.72,3,0
TEL-12059,2026-01,27.8,371,0.5,15,380.41,4,0
TEL-12059,2026-02,22.76,230,0.6,7,342.79,1,0
TEL-12059,2026-03,20.78,370,0.0,14,411.13,4,0
TEL-12059,2026-04,15.55,352,0.5,7,407.03,3,0
TEL-12059,2026-05,26.79,343,3.5,11,405.47,1,0
TEL-12059,2026-06,17.26,379,2.6,10,361.48,4,0
TEL-12060,2026-01,1.91,531,0.8,37,314.36,4,0
TEL-12060,2026-02,1.39,328,0.3,23,260.1,3,0
TEL-12060,2026-03,2.17,624,0.6,29,257.79,1,0
TEL-12060,2026-04,2.0,705,2.4,41,285.68,2,0
TEL-12060,2026-05,0.98,699,1.7,37,320.94,2,0
TEL-12060,2026-06,2.26,663,0.1,29,285.59,3,0
TEL-12061,2026-01,23.25,277,17.5,8,409.44,2,0
TEL-12061,2026-02,16.42,199,6.5,12,417.75,2,0
TEL-12061,2026-03,24.43,238,14.8,11,429.99,2,0
TEL-12061,2026-04,18.23,252,5.2,17,441.0,2,0
TEL-12061,2026-05,11.95,226,14.5,12,506.87,2,0
TEL-12061,2026-06,17.61,140,10.6,17,511.99,2,0
TEL-12062,2026-01,1.39,641,0.0,34,376.17,1,0
TEL-12062,2026-02,1.53,634,0.2,33,357.91,4,0
TEL-12062,2026-03,2.27,740,1.7,41,332.61,3,0
TEL-12062,2026-04,1.56,519,2.2,33,360.07,4,0
TEL-12062,2026-05,1.96,466,0.3,34,353.8,1,0
TEL-12062,2026-06,1.91,1173,0.4,37,365.88,3,0
TEL-12063,2026-01,2.44,65,0.2,15,162.62,4,0
TEL-12063,2026-02,3.93,73,0.3,9,182.04,3,0
TEL-12063,2026-03,2.77,194,0.8,5,177.37,4,0
TEL-12063,2026-04,4.02,111,0.6,10,169.04,1,0
TEL-12063,2026-05,2.5,168,1.8,7,135.14,2,0
TEL-12063,2026-06,4.82,151,2.4,9,149.76,4,0
TEL-12064,2026-01,5.65,72,0.1,8,177.29,4,0
TEL-12064,2026-02,4.55,154,0.1,9,199.92,2,0
TEL-12064,2026-03,7.14,96,0.2,6,211.56,4,0
TEL-12064,2026-04,5.43,93,1.2,6,177.07,3,0
TEL-12064,2026-05,7.22,189,0.0,5,180.81,2,0
TEL-12064,2026-06,8.28,153,2.2,7,174.8,2,0
TEL-12065,2026-01,2.37,789,0.4,35,314.98,1,0
TEL-12065,2026-02,3.25,656,1.1,47,229.92,1,0
TEL-12065,2026-03,2.69,764,1.0,39,310.19,4,0
TEL-12065,2026-04,2.67,610,1.5,45,331.35,3,0
TEL-12065,2026-05,1.48,592,0.4,35,305.61,1,0
TEL-12065,2026-06,1.29,406,0.4,37,300.29,4,0
TEL-12066,2026-01,3.96,186,1.3,4,497.34,4,0
TEL-12066,2026-02,2.84,172,7.8,13,441.19,1,0
TEL-12066,2026-03,3.22,239,5.7,11,484.5,2,0
TEL-12066,2026-04,5.0,161,4.7,10,461.38,4,0
TEL-12066,2026-05,4.77,156,17.4,7,573.88,1,0
TEL-12066,2026-06,3.88,203,10.3,4,517.23,4,0
TEL-12067,2026-01,4.78,119,0.7,14,279.7,1,0
TEL-12067,2026-02,6.96,119,0.1,14,266.73,4,0
TEL-12067,2026-03,3.33,142,0.3,7,378.71,1,0
TEL-12067,2026-04,3.79,161,1.7,13,319.37,3,0
TEL-12067,2026-05,4.96,134,0.6,17,248.84,2,0
TEL-12067,2026-06,3.9,174,1.0,12,252.02,3,0
TEL-12068,2026-01,3.69,118,1.3,4,175.07,3,0
TEL-12068,2026-02,1.96,79,0.1,4,195.37,1,0
TEL-12068,2026-03,4.87,224,0.2,4,198.96,1,0
TEL-12068,2026-04,3.85,135,1.7,4,169.98,4,0
TEL-12068,2026-05,3.32,163,0.7,9,186.28,2,0
TEL-12068,2026-06,4.04,219,1.4,2,181.52,1,0
TEL-12069,2026-01,12.8,394,0.0,29,263.3,3,0
TEL-12069,2026-02,12.98,449,0.1,18,272.66,3,0
TEL-12069,2026-03,10.49,353,0.0,23,227.52,1,0
TEL-12069,2026-04,9.42,499,0.1,22,232.0,3,0
TEL-12069,2026-05,9.69,266,0.6,29,241.92,2,0
TEL-12069,2026-06,13.91,159,0.1,25,217.36,4,0
TEL-12070,2026-01,4.47,135,0.6,10,294.66,1,0
TEL-12070,2026-02,4.36,143,0.1,12,282.98,4,0
TEL-12070,2026-03,4.02,131,1.9,8,319.12,3,0
TEL-12070,2026-04,3.34,126,0.3,12,384.13,1,0
TEL-12070,2026-05,3.49,150,0.3,16,340.95,4,0
TEL-12070,2026-06,5.72,108,0.3,8,293.72,2,0
TEL-12071,2026-01,32.39,175,0.3,0,579.59,3,0
TEL-12071,2026-02,35.62,143,0.3,7,569.38,2,0
TEL-12071,2026-03,43.87,167,2.1,7,560.99,4,0
TEL-12071,2026-04,44.04,248,0.5,2,594.65,4,0
TEL-12071,2026-05,13.2,56,0.6,3,570.9,1,0
TEL-12071,2026-06,48.57,118,0.3,2,544.31,4,0
TEL-12072,2026-01,79.04,162,17.9,5,940.58,4,0
TEL-12072,2026-02,50.03,172,2.9,7,868.02,1,0
TEL-12072,2026-03,91.55,178,76.1,5,816.33,3,0
TEL-12072,2026-04,86.53,186,1.0,6,789.46,2,0
TEL-12072,2026-05,47.51,124,0.4,8,858.48,1,0
TEL-12072,2026-06,63.22,82,11.8,9,719.55,3,0
TEL-12073,2026-01,4.25,119,0.9,16,117.78,3,0
TEL-12073,2026-02,4.64,141,1.3,11,86.62,3,0
TEL-12073,2026-03,4.1,114,0.2,10,103.92,4,0
TEL-12073,2026-04,2.72,78,3.0,11,103.74,4,0
TEL-12073,2026-05,4.55,116,0.5,19,99.82,2,0
TEL-12073,2026-06,4.53,129,1.5,17,119.51,3,0
TEL-12074,2026-01,2.95,599,10.9,25,727.77,1,0
TEL-12074,2026-02,2.66,344,33.3,37,796.38,4,0
TEL-12074,2026-03,2.3,735,3.4,32,630.12,1,0
TEL-12074,2026-04,2.55,253,1.4,31,706.96,1,0
TEL-12074,2026-05,3.26,542,0.5,21,883.08,4,0
TEL-12074,2026-06,2.47,573,8.4,36,687.69,4,0
TEL-12075,2026-01,3.38,491,0.0,27,181.58,3,0
TEL-12075,2026-02,3.57,490,1.4,41,159.22,1,0
TEL-12075,2026-03,3.54,407,0.6,33,152.73,1,0
TEL-12075,2026-04,3.77,418,2.4,30,182.99,4,0
TEL-12075,2026-05,1.9,395,0.0,28,160.39,2,0
TEL-12075,2026-06,1.82,317,0.2,37,148.71,3,0
TEL-12076,2026-01,4.1,108,27.9,16,265.26,3,0
TEL-12076,2026-02,4.49,241,6.9,17,370.62,3,0
TEL-12076,2026-03,4.23,235,38.1,12,355.46,4,0
TEL-12076,2026-04,2.96,202,22.7,11,354.84,1,0
TEL-12076,2026-05,3.73,198,16.5,10,410.36,3,0
TEL-12076,2026-06,3.58,123,6.1,12,395.9,3,0
TEL-12077,2026-01,37.67,310,0.6,3,340.17,1,0
TEL-12077,2026-02,30.7,305,0.0,3,383.49,4,0
TEL-12077,2026-03,19.94,215,2.7,6,403.3,2,0
TEL-12077,2026-04,31.68,421,0.8,6,317.9,2,0
TEL-12077,2026-05,25.75,373,0.1,8,389.23,4,0
TEL-12077,2026-06,25.1,297,0.9,8,289.07,4,0
TEL-12078,2026-01,3.85,108,0.8,10,97.77,4,0
TEL-12078,2026-02,5.87,88,0.4,11,125.1,4,0
TEL-12078,2026-03,4.79,118,0.4,9,89.76,4,0
TEL-12078,2026-04,3.97,86,1.0,6,111.62,4,0
TEL-12078,2026-05,5.18,96,1.2,5,98.73,3,0
TEL-12078,2026-06,6.47,110,0.2,9,90.92,3,0
TEL-12079,2026-01,4.63,115,1.2,16,270.75,3,0
TEL-12079,2026-02,2.32,69,0.8,7,282.56,3,0
TEL-12079,2026-03,2.41,108,1.3,8,261.91,3,0
TEL-12079,2026-04,5.99,92,2.1,7,226.85,1,0
TEL-12079,2026-05,3.53,130,2.0,15,254.42,2,0
TEL-12079,2026-06,3.36,77,0.1,5,236.79,2,0
TEL-12080,2026-01,14.2,286,15.2,19,517.46,3,0
TEL-12080,2026-02,18.42,142,1.7,20,576.64,2,0
TEL-12080,2026-03,20.62,231,5.4,14,723.94,1,0
TEL-12080,2026-04,15.27,286,0.2,19,526.64,2,0
TEL-12080,2026-05,13.8,270,13.1,10,570.28,4,0
TEL-12080,2026-06,13.25,194,8.4,9,560.96,3,0
TEL-12081,2026-01,2.92,112,0.7,15,146.84,3,0
TEL-12081,2026-02,2.86,110,0.1,12,152.25,4,0
TEL-12081,2026-03,3.02,174,2.0,12,159.78,2,0
TEL-12081,2026-04,2.86,161,1.5,5,159.18,4,0
TEL-12081,2026-05,1.7,201,0.7,14,142.9,2,0
TEL-12081,2026-06,4.28,150,1.3,7,162.96,3,0
TEL-12082,2026-01,4.96,146,0.9,3,275.73,4,0
TEL-12082,2026-02,4.59,73,2.4,2,253.62,2,0
TEL-12082,2026-03,4.72,125,0.3,5,308.21,3,0
TEL-12082,2026-04,4.93,63,0.0,5,314.71,4,0
TEL-12082,2026-05,4.63,84,0.6,4,340.45,2,0
TEL-12082,2026-06,3.19,79,0.1,4,234.33,2,0
TEL-12083,2026-01,3.18,488,2.2,18,389.77,3,0
TEL-12083,2026-02,2.83,483,0.6,36,412.43,2,0
TEL-12083,2026-03,1.85,622,0.0,25,330.81,2,0
TEL-12083,2026-04,2.82,542,1.3,35,330.53,3,0
TEL-12083,2026-05,2.53,419,0.0,37,394.56,3,0
TEL-12083,2026-06,3.86,496,0.0,35,353.03,4,0
TEL-12084,2026-01,43.99,322,1.2,8,568.05,3,0
TEL-12084,2026-02,24.65,155,1.5,4,523.86,4,0
TEL-12084,2026-03,39.17,243,0.1,11,570.23,3,0
TEL-12084,2026-04,37.89,228,2.1,8,550.33,3,0
TEL-12084,2026-05,34.68,184,0.4,10,628.58,2,0
TEL-12084,2026-06,36.27,115,0.3,7,615.56,3,0
TEL-12085,2026-01,3.38,91,24.9,1,393.22,1,0
TEL-12085,2026-02,5.1,97,35.8,1,392.84,2,0
TEL-12085,2026-03,3.03,109,14.0,1,408.71,1,0
TEL-12085,2026-04,3.54,47,17.2,3,415.0,2,0
TEL-12085,2026-05,4.59,69,4.7,1,373.79,4,0
TEL-12085,2026-06,3.14,137,6.6,1,453.4,2,0
TEL-12086,2026-01,27.56,431,0.6,3,465.16,4,0
TEL-12086,2026-02,37.97,414,1.1,4,436.68,4,0
TEL-12086,2026-03,42.29,278,1.5,3,467.9,1,0
TEL-12086,2026-04,37.76,322,0.2,4,421.83,2,0
TEL-12086,2026-05,32.62,303,0.1,2,516.65,4,0
TEL-12086,2026-06,47.12,224,0.8,0,413.4,3,0
TEL-12087,2026-01,2.37,116,2.0,22,361.34,1,0
TEL-12087,2026-02,2.86,73,5.6,15,364.06,1,0
TEL-12087,2026-03,1.93,107,10.6,20,330.1,1,0
TEL-12087,2026-04,2.83,58,32.8,15,348.61,1,0
TEL-12087,2026-05,2.88,76,12.1,6,390.2,2,0
TEL-12087,2026-06,2.32,112,4.2,12,311.85,4,0
TEL-12088,2026-01,4.25,391,1.6,32,337.93,3,0
TEL-12088,2026-02,3.59,680,1.4,31,255.02,1,0
TEL-12088,2026-03,4.17,662,0.3,34,315.72,1,0
TEL-12088,2026-04,1.72,563,0.2,19,289.16,1,0
TEL-12088,2026-05,2.35,392,0.6,45,302.55,3,0
TEL-12088,2026-06,4.18,559,1.0,41,323.35,3,0
TEL-12089,2026-01,2.85,132,1.5,17,280.05,1,0
TEL-12089,2026-02,2.95,143,0.3,15,286.15,4,0
TEL-12089,2026-03,3.71,51,0.5,18,270.13,4,0
TEL-12089,2026-04,3.57,98,0.1,10,255.35,2,0
TEL-12089,2026-05,4.1,103,0.3,14,234.62,4,0
TEL-12089,2026-06,3.71,146,0.6,15,235.26,1,0
TEL-12090,2026-01,51.64,237,0.5,5,636.38,2,0
TEL-12090,2026-02,39.98,146,0.4,8,592.36,2,0
TEL-12090,2026-03,19.84,99,0.9,6,572.47,2,0
TEL-12090,2026-04,31.03,166,0.5,4,481.46,1,0
TEL-12090,2026-05,24.67,200,0.2,7,606.51,1,0
TEL-12090,2026-06,34.71,228,2.7,7,409.99,1,0
TEL-12091,2026-01,3.45,349,0.2,38,70.3,1,0
TEL-12091,2026-02,4.13,431,2.2,30,78.65,4,0
TEL-12091,2026-03,4.26,438,1.0,24,67.8,3,0
TEL-12091,2026-04,3.21,552,0.3,35,80.98,4,0
TEL-12091,2026-05,2.08,402,0.3,40,67.3,4,0
TEL-12091,2026-06,3.85,502,0.0,28,68.93,1,0
TEL-12092,2026-01,3.54,766,0.6,31,158.74,4,0
TEL-12092,2026-02,2.72,309,1.1,27,179.65,4,0
TEL-12092,2026-03,2.9,426,1.7,29,175.06,1,0
TEL-12092,2026-04,2.95,560,3.2,30,129.67,4,0
TEL-12092,2026-05,2.77,357,0.8,31,170.11,4,0
TEL-12092,2026-06,4.21,280,1.2,33,197.42,1,0
TEL-12093,2026-01,35.45,271,0.7,8,445.85,3,0
TEL-12093,2026-02,25.47,256,0.4,5,352.5,1,0
TEL-12093,2026-03,36.16,171,2.9,2,381.24,2,0
TEL-12093,2026-04,29.54,203,0.9,9,415.1,3,0
TEL-12093,2026-05,31.66,187,1.1,5,430.94,1,0
TEL-12093,2026-06,26.49,118,0.4,8,374.99,4,0
TEL-12094,2026-01,59.08,235,0.2,3,761.02,3,0
TEL-12094,2026-02,44.07,247,0.1,2,915.13,3,0
TEL-12094,2026-03,42.69,333,1.4,2,805.77,1,0
TEL-12094,2026-04,35.79,271,0.5,1,765.09,2,0
TEL-12094,2026-05,35.97,351,0.8,2,689.81,2,0
TEL-12094,2026-06,36.89,376,0.9,4,774.48,1,0
TEL-12095,2026-01,35.19,199,1.6,1,495.17,4,0
TEL-12095,2026-02,42.49,190,2.2,5,457.18,1,0
TEL-12095,2026-03,25.99,213,0.0,6,409.89,3,0
TEL-12095,2026-04,39.88,251,0.5,4,393.33,2,0
TEL-12095,2026-05,48.67,364,0.7,7,458.48,4,0
TEL-12095,2026-06,39.79,205,0.1,7,419.91,2,0
TEL-12096,2026-01,12.37,310,0.8,17,402.76,3,0
TEL-12096,2026-02,18.21,515,0.4,10,318.67,1,0
TEL-12096,2026-03,21.21,363,1.8,18,356.7,3,0
TEL-12096,2026-04,14.01,317,0.0,21,391.42,3,0
TEL-12096,2026-05,18.06,354,0.7,15,381.89,4,0
TEL-12096,2026-06,15.44,294,0.4,23,425.37,2,0
TEL-12097,2026-01,15.94,272,1.0,10,420.71,2,0
TEL-12097,2026-02,9.26,216,0.6,15,528.59,1,0
TEL-12097,2026-03,12.79,244,0.5,12,430.48,3,0
TEL-12097,2026-04,16.89,94,0.1,20,438.98,3,0
TEL-12097,2026-05,10.81,160,0.9,10,446.46,3,0
TEL-12097,2026-06,14.97,188,0.2,15,529.28,2,0
TEL-12098,2026-01,2.13,469,0.6,43,199.99,3,0
TEL-12098,2026-02,2.56,448,2.4,47,179.38,3,0
TEL-12098,2026-03,4.38,554,1.7,39,226.36,1,0
TEL-12098,2026-04,2.86,502,0.1,44,176.72,4,0
TEL-12098,2026-05,2.52,581,1.7,49,186.61,4,0
TEL-12098,2026-06,1.75,514,0.4,49,167.49,2,0
TEL-12099,2026-01,16.61,399,0.4,13,321.9,4,0
TEL-12099,2026-02,17.97,324,2.4,14,338.46,2,0
TEL-12099,2026-03,10.19,307,1.0,7,345.58,1,0
TEL-12099,2026-04,12.13,268,3.5,8,356.54,3,0
TEL-12099,2026-05,10.72,318,0.8,17,333.1,4,0
TEL-12099,2026-06,16.99,394,0.1,7,338.14,3,0
TEL-12100,2026-01,4.81,107,2.3,6,209.31,1,0
TEL-12100,2026-02,5.22,183,0.3,12,220.74,4,0
TEL-12100,2026-03,5.21,222,1.4,5,199.02,4,0
TEL-12100,2026-04,4.61,106,1.1,10,190.23,3,0
TEL-12100,2026-05,6.86,168,0.2,6,210.01,2,0
TEL-12100,2026-06,8.33,170,0.3,4,219.97,1,0
TEL-12101,2026-01,4.19,137,0.6,10,214.17,1,0
TEL-12101,2026-02,4.15,206,0.3,18,190.99,3,0
TEL-12101,2026-03,6.03,123,0.6,18,213.5,2,0
TEL-12101,2026-04,4.83,191,2.1,9,211.45,4,0
TEL-12101,2026-05,6.2,164,1.7,18,243.84,1,0
TEL-12101,2026-06,4.83,179,2.1,10,209.01,2,0
TEL-12102,2026-01,4.3,141,0.1,14,211.15,1,0
TEL-12102,2026-02,2.24,167,0.5,10,193.21,1,0
TEL-12102,2026-03,3.41,169,0.3,14,260.89,4,0
TEL-12102,2026-04,4.0,103,0.7,5,191.42,1,0
TEL-12102,2026-05,5.3,138,0.7,9,216.84,4,0
TEL-12102,2026-06,3.48,158,0.7,17,224.67,1,0
TEL-12103,2026-01,2.23,719,0.0,26,235.17,1,0
TEL-12103,2026-02,2.2,722,0.7,24,248.58,2,0
TEL-12103,2026-03,2.3,1132,0.5,26,235.2,2,0
TEL-12103,2026-04,3.11,546,2.5,30,275.02,2,0
TEL-12103,2026-05,2.19,811,3.0,28,197.98,4,0
TEL-12103,2026-06,1.69,1171,0.8,21,245.97,2,0
TEL-12104,2026-01,4.86,236,0.4,5,143.23,3,0
TEL-12104,2026-02,4.79,104,0.6,12,139.16,2,0
TEL-12104,2026-03,4.06,160,0.3,3,117.0,1,0
TEL-12104,2026-04,4.75,125,0.9,10,118.51,1,0
TEL-12104,2026-05,2.65,190,1.1,8,132.26,3,0
TEL-12104,2026-06,1.83,129,0.2,6,146.02,3,0
TEL-12105,2026-01,0.51,93,0.7,12,178.94,3,0
TEL-12105,2026-02,0.48,74,0.2,14,168.96,4,0
TEL-12105,2026-03,0.62,52,0.2,8,197.98,4,0
TEL-12105,2026-04,0.52,79,0.3,13,173.29,4,0
TEL-12105,2026-05,0.42,97,0.2,11,189.84,2,0
TEL-12105,2026-06,0.55,98,0.5,12,152.7,4,0
TEL-12106,2026-01,40.71,307,0.2,4,396.89,2,0
TEL-12106,2026-02,25.35,333,4.2,3,478.56,3,0
TEL-12106,2026-03,47.16,262,0.5,0,406.98,1,0
TEL-12106,2026-04,41.19,159,1.1,3,440.39,4,0
TEL-12106,2026-05,38.58,235,1.8,3,445.09,1,0
TEL-12106,2026-06,49.15,328,0.4,6,336.83,3,0
TEL-12107,2026-01,6.67,87,1.0,14,173.14,3,0
TEL-12107,2026-02,4.44,151,0.6,13,168.98,4,0
TEL-12107,2026-03,5.09,146,1.9,11,169.93,3,0
TEL-12107,2026-04,6.37,174,1.3,11,146.25,3,0
TEL-12107,2026-05,5.26,171,0.3,13,161.09,1,0
TEL-12107,2026-06,6.1,185,0.2,15,155.65,4,0
TEL-12108,2026-01,1.36,565,0.5,47,253.09,2,0
TEL-12108,2026-02,1.48,635,0.4,31,221.48,1,0
TEL-12108,2026-03,1.25,359,1.7,42,207.12,1,0
TEL-12108,2026-04,1.29,677,3.0,40,232.84,2,0
TEL-12108,2026-05,1.23,685,0.0,34,250.5,4,0
TEL-12108,2026-06,1.07,543,0.0,37,217.78,1,0
TEL-12109,2026-01,17.9,282,1.3,21,483.43,3,0
TEL-12109,2026-02,21.82,215,0.7,22,439.01,1,0
TEL-12109,2026-03,12.36,199,0.8,22,484.83,1,0
TEL-12109,2026-04,24.09,322,0.4,24,459.99,1,0
TEL-12109,2026-05,16.22,117,0.0,21,455.46,2,0
TEL-12109,2026-06,18.9,255,0.3,24,412.44,4,0
TEL-12110,2026-01,8.39,377,0.8,23,126.59,3,0
TEL-12110,2026-02,6.67,391,1.2,12,137.79,4,0
TEL-12110,2026-03,6.23,259,1.9,6,121.28,1,0
TEL-12110,2026-04,6.87,318,0.7,13,142.92,2,0
TEL-12110,2026-05,8.68,473,0.8,18,108.79,3,0
TEL-12110,2026-06,9.39,459,0.3,8,153.63,3,0
TEL-12111,2026-01,41.71,147,1.8,8,341.68,1,0
TEL-12111,2026-02,34.52,122,0.5,1,482.1,3,0
TEL-12111,2026-03,40.79,130,0.2,3,402.2,3,0
TEL-12111,2026-04,40.1,137,0.7,0,535.61,1,0
TEL-12111,2026-05,39.84,176,0.7,1,388.23,1,0
TEL-12111,2026-06,49.27,164,0.2,4,529.82,1,0
TEL-12112,2026-01,1.9,272,2.2,14,481.48,3,0
TEL-12112,2026-02,1.84,350,9.2,13,437.09,3,0
TEL-12112,2026-03,2.96,363,13.7,12,519.87,1,0
TEL-12112,2026-04,1.33,298,0.1,15,497.57,2,0
TEL-12112,2026-05,2.28,339,0.1,9,537.5,2,0
TEL-12112,2026-06,2.31,341,5.1,12,499.06,3,0
TEL-12113,2026-01,18.5,193,32.1,17,515.6,3,0
TEL-12113,2026-02,19.48,126,31.6,9,488.99,3,0
TEL-12113,2026-03,13.98,209,0.0,10,496.54,1,0
TEL-12113,2026-04,18.82,122,18.7,14,503.8,3,0
TEL-12113,2026-05,25.25,184,4.4,15,530.49,2,0
TEL-12113,2026-06,21.0,242,3.1,7,498.44,2,0
TEL-12114,2026-01,4.8,134,0.5,15,194.21,1,0
TEL-12114,2026-02,3.46,152,0.3,16,228.77,3,0
TEL-12114,2026-03,3.84,184,0.9,11,226.64,2,0
TEL-12114,2026-04,3.52,218,1.0,9,205.83,4,0
TEL-12114,2026-05,2.79,164,0.3,16,262.33,4,0
TEL-12114,2026-06,3.63,185,2.0,7,196.6,1,0
TEL-12115,2026-01,17.67,178,0.3,29,252.86,1,0
TEL-12115,2026-02,15.12,188,1.0,14,329.34,3,0
TEL-12115,2026-03,19.82,112,1.6,20,250.75,3,0
TEL-12115,2026-04,16.07,253,0.6,19,285.89,1,0
TEL-12115,2026-05,24.01,233,0.6,24,308.38,1,0
TEL-12115,2026-06,19.19,235,1.0,20,335.23,2,0
TEL-12116,2026-01,4.73,98,2.3,15,207.8,4,0
TEL-12116,2026-02,5.22,172,0.3,24,193.58,3,0
TEL-12116,2026-03,4.73,134,1.4,15,225.69,1,0
TEL-12116,2026-04,5.54,115,0.2,13,220.04,4,0
TEL-12116,2026-05,5.58,92,0.4,21,186.41,3,0
TEL-12116,2026-06,4.83,165,0.2,23,217.26,2,0
TEL-12117,2026-01,3.05,348,0.0,9,437.47,3,0
TEL-12117,2026-02,2.44,204,0.9,3,404.17,1,0
TEL-12117,2026-03,1.28,361,0.7,4,412.16,4,0
TEL-12117,2026-04,2.76,291,0.9,5,393.74,1,0
TEL-12117,2026-05,2.59,160,0.5,4,429.04,2,0
TEL-12117,2026-06,2.79,244,0.5,1,376.47,1,0
TEL-12118,2026-01,10.59,195,0.2,7,601.58,1,0
TEL-12118,2026-02,23.25,402,0.7,6,683.78,1,0
TEL-12118,2026-03,25.02,385,0.2,5,594.81,2,0
TEL-12118,2026-04,22.18,321,0.2,6,449.82,4,0
TEL-12118,2026-05,22.21,328,0.2,4,510.05,3,0
TEL-12118,2026-06,14.37,247,0.1,6,577.0,4,0
TEL-12119,2026-01,6.22,69,2.0,10,166.27,2,0
TEL-12119,2026-02,5.2,40,1.0,9,147.62,2,0
TEL-12119,2026-03,5.68,79,0.0,9,111.19,1,0
TEL-12119,2026-04,4.02,80,0.3,10,145.52,4,0
TEL-12119,2026-05,7.25,101,0.9,10,126.68,3,0
TEL-12119,2026-06,4.44,84,1.3,6,124.72,3,0
TEL-12120,2026-01,14.47,417,0.4,12,465.78,4,0
TEL-12120,2026-02,13.23,641,0.3,5,466.01,3,0
TEL-12120,2026-03,11.1,422,0.3,16,474.07,2,0
TEL-12120,2026-04,12.85,362,0.2,19,420.12,2,0
TEL-12120,2026-05,17.15,521,1.8,15,491.54,3,0
TEL-12120,2026-06,10.11,467,0.6,15,457.16,2,0
TEL-12121,2026-01,2.24,257,3.1,15,78.63,1,0
TEL-12121,2026-02,1.55,257,0.8,12,93.15,3,0
TEL-12121,2026-03,2.34,180,0.3,13,76.08,3,0
TEL-12121,2026-04,1.69,283,0.6,17,93.58,1,0
TEL-12121,2026-05,1.5,162,0.1,18,82.71,3,0
TEL-12121,2026-06,1.54,243,1.0,20,91.31,4,0
TEL-12122,2026-01,26.99,160,1.0,9,460.96,4,0
TEL-12122,2026-02,34.74,121,2.1,10,435.9,3,0
TEL-12122,2026-03,45.99,125,0.3,13,462.3,4,0
TEL-12122,2026-04,43.35,131,0.2,11,453.59,4,0
TEL-12122,2026-05,38.51,139,0.3,11,396.63,4,0
TEL-12122,2026-06,41.16,73,0.0,10,455.15,3,0
TEL-12123,2026-01,18.98,292,0.3,23,409.73,4,0
TEL-12123,2026-02,18.48,292,0.6,16,435.94,3,0
TEL-12123,2026-03,33.14,293,0.0,18,288.13,3,0
TEL-12123,2026-04,19.86,238,0.2,17,363.63,3,0
TEL-12123,2026-05,20.15,406,0.2,12,409.21,4,0
TEL-12123,2026-06,34.98,214,0.4,18,421.02,2,0
TEL-12124,2026-01,3.8,150,0.3,14,305.07,4,0
TEL-12124,2026-02,5.67,125,1.3,11,289.12,1,0
TEL-12124,2026-03,5.28,155,1.3,13,342.51,4,0
TEL-12124,2026-04,3.99,159,0.0,11,319.96,4,0
TEL-12124,2026-05,3.48,122,1.5,15,365.12,1,0
TEL-12124,2026-06,5.58,112,0.3,7,337.89,1,0
TEL-12125,2026-01,30.0,170,1.7,6,393.07,2,0
TEL-12125,2026-02,30.59,266,2.5,6,415.83,2,0
TEL-12125,2026-03,35.12,172,1.3,3,367.73,3,0
TEL-12125,2026-04,31.35,223,0.0,7,322.83,1,0
TEL-12125,2026-05,40.39,129,2.0,4,386.49,1,0
TEL-12125,2026-06,43.35,87,0.1,2,412.79,2,0
TEL-12126,2026-01,18.56,596,0.7,24,478.98,4,0
TEL-12126,2026-02,31.06,388,0.3,19,529.82,2,0
TEL-12126,2026-03,37.77,285,1.5,15,403.94,3,0
TEL-12126,2026-04,28.71,379,1.9,20,511.66,3,0
TEL-12126,2026-05,36.52,424,0.4,25,411.74,1,0
TEL-12126,2026-06,32.17,222,0.3,21,541.59,4,0
TEL-12127,2026-01,45.37,144,37.1,4,796.52,4,0
TEL-12127,2026-02,43.01,174,0.4,3,822.53,3,0
TEL-12127,2026-03,46.25,165,53.5,11,839.83,1,0
TEL-12127,2026-04,50.93,173,13.9,10,762.34,4,0
TEL-12127,2026-05,42.02,173,23.2,9,894.92,3,0
TEL-12127,2026-06,31.53,175,9.7,5,790.64,2,0
TEL-12128,2026-01,20.66,127,0.3,12,327.56,2,0
TEL-12128,2026-02,16.84,262,0.2,15,436.75,2,0
TEL-12128,2026-03,19.59,232,0.4,11,335.36,2,0
TEL-12128,2026-04,9.84,308,0.2,15,302.99,4,0
TEL-12128,2026-05,22.52,341,0.5,12,348.99,4,0
TEL-12128,2026-06,17.63,315,0.5,16,352.62,1,0
TEL-12129,2026-01,52.34,197,0.5,8,700.66,3,0
TEL-12129,2026-02,52.24,247,0.8,10,685.37,3,0
TEL-12129,2026-03,59.1,108,0.3,11,681.2,2,0
TEL-12129,2026-04,39.76,137,0.1,8,695.07,3,0
TEL-12129,2026-05,47.97,220,0.6,5,674.13,4,0
TEL-12129,2026-06,75.34,194,0.9,9,583.71,4,0
TEL-12130,2026-01,2.55,619,0.7,47,254.84,1,0
TEL-12130,2026-02,2.67,544,2.2,39,257.8,1,0
TEL-12130,2026-03,3.38,604,0.4,49,241.67,4,0
TEL-12130,2026-04,2.67,635,0.2,42,213.89,4,0
TEL-12130,2026-05,3.2,442,0.2,38,271.4,3,0
TEL-12130,2026-06,3.36,575,0.9,36,249.11,3,0
TEL-12131,2026-01,40.67,43,0.2,3,401.1,4,0
TEL-12131,2026-02,39.65,54,0.9,4,427.03,4,0
TEL-12131,2026-03,33.99,41,0.0,3,487.82,1,0
TEL-12131,2026-04,51.48,34,0.1,3,380.82,3,0
TEL-12131,2026-05,37.98,32,0.4,4,410.84,2,0
TEL-12131,2026-06,34.01,41,1.1,4,494.81,2,0
TEL-12132,2026-01,18.3,663,0.0,5,304.65,2,0
TEL-12132,2026-02,26.56,355,1.1,10,263.07,1,0
TEL-12132,2026-03,20.26,231,0.0,13,273.46,3,0
TEL-12132,2026-04,17.97,334,1.6,5,287.95,2,0
TEL-12132,2026-05,26.31,489,1.2,7,267.48,3,0
TEL-12132,2026-06,23.66,581,3.1,7,338.12,4,0
TEL-12133,2026-01,15.65,235,0.5,11,420.57,4,0
TEL-12133,2026-02,9.37,318,0.6,20,337.01,1,0
TEL-12133,2026-03,17.92,210,1.8,8,456.78,2,0
TEL-12133,2026-04,17.0,278,1.3,14,408.35,2,0
TEL-12133,2026-05,17.53,323,0.7,15,395.56,3,0
TEL-12133,2026-06,18.58,139,1.0,11,423.18,4,0
TEL-12134,2026-01,10.53,470,0.8,23,491.69,2,0
TEL-12134,2026-02,13.06,559,0.4,18,390.7,3,0
TEL-12134,2026-03,17.2,504,0.2,17,447.55,2,0
TEL-12134,2026-04,16.14,378,0.1,22,439.87,1,0
TEL-12134,2026-05,18.44,653,0.4,23,485.85,1,0
TEL-12134,2026-06,13.15,704,0.1,22,477.54,1,0
TEL-12135,2026-01,1.79,386,0.3,29,86.61,2,0
TEL-12135,2026-02,1.93,346,0.5,29,92.28,2,0
TEL-12135,2026-03,2.12,252,1.3,31,80.14,2,0
TEL-12135,2026-04,1.43,429,0.1,24,96.14,1,0
TEL-12135,2026-05,1.09,346,0.4,32,82.76,2,0
TEL-12135,2026-06,1.93,421,0.3,28,91.75,3,0
TEL-12136,2026-01,22.87,104,0.6,6,344.59,3,0
TEL-12136,2026-02,23.21,251,0.7,4,319.09,4,0
TEL-12136,2026-03,23.46,374,0.9,10,370.33,3,0
TEL-12136,2026-04,21.47,241,0.1,3,329.06,1,0
TEL-12136,2026-05,20.5,130,1.2,4,367.09,1,0
TEL-12136,2026-06,22.74,393,0.3,9,306.77,2,0
TEL-12137,2026-01,21.75,646,1.6,9,303.76,3,0
TEL-12137,2026-02,22.28,277,2.2,23,291.85,2,0
TEL-12137,2026-03,19.61,363,0.1,10,251.51,4,0
TEL-12137,2026-04,13.07,406,0.5,11,259.31,2,0
TEL-12137,2026-05,21.38,493,0.4,13,303.97,4,0
TEL-12137,2026-06,31.1,647,0.6,10,302.37,1,0
TEL-12138,2026-01,16.65,192,0.9,11,348.6,3,0
TEL-12138,2026-02,23.22,278,0.5,15,420.88,3,0
TEL-12138,2026-03,19.08,233,1.7,13,347.67,2,0
TEL-12138,2026-04,18.71,401,0.3,16,358.12,2,0
TEL-12138,2026-05,16.85,322,1.8,12,365.24,2,0
TEL-12138,2026-06,17.14,168,0.8,16,337.7,2,0
TEL-12139,2026-01,19.47,290,0.1,1,424.02,2,0
TEL-12139,2026-02,26.64,279,0.2,3,325.53,1,0
TEL-12139,2026-03,29.89,302,1.7,3,419.89,2,0
TEL-12139,2026-04,25.3,174,1.0,4,353.7,1,0
TEL-12139,2026-05,29.25,213,1.0,5,466.88,2,0
TEL-12139,2026-06,33.12,152,1.3,6,384.43,3,0
TEL-12140,2026-01,3.98,99,0.7,8,203.19,3,0
TEL-12140,2026-02,3.34,93,0.4,16,189.02,3,0
TEL-12140,2026-03,3.31,178,0.9,7,198.12,2,0
TEL-12140,2026-04,3.57,143,1.1,13,205.06,4,0
TEL-12140,2026-05,3.65,71,2.8,9,172.96,2,0
TEL-12140,2026-06,3.28,179,0.7,11,152.57,1,0
TEL-12141,2026-01,38.69,135,0.5,8,623.25,1,0
TEL-12141,2026-02,38.15,139,1.0,8,709.26,4,0
TEL-12141,2026-03,16.86,201,0.4,2,645.53,3,0
TEL-12141,2026-04,43.73,123,1.0,10,690.74,3,0
TEL-12141,2026-05,33.74,119,0.0,3,0.0,3,0
TEL-12141,2026-06,40.01,247,0.2,6,499.91,1,0
TEL-12142,2026-01,1.82,109,1.5,4,235.26,2,0
TEL-12142,2026-02,2.71,103,0.6,6,166.85,2,0
TEL-12142,2026-03,2.07,108,0.7,7,211.19,4,0
TEL-12142,2026-04,1.94,53,0.1,3,234.12,3,0
TEL-12142,2026-05,1.4,91,0.3,10,219.11,2,0
TEL-12142,2026-06,3.95,131,0.5,5,202.91,3,0
TEL-12143,2026-01,32.37,146,0.6,11,629.16,1,0
TEL-12143,2026-02,33.65,141,0.1,7,571.23,1,0
TEL-12143,2026-03,33.07,223,0.4,4,596.56,1,0
TEL-12143,2026-04,33.94,252,0.2,4,597.31,2,0
TEL-12143,2026-05,34.02,232,1.4,2,568.16,2,0
TEL-12143,2026-06,24.74,79,0.1,2,642.56,2,0
TEL-12144,2026-01,8.76,263,0.9,16,608.33,3,0
TEL-12144,2026-02,3.59,234,1.4,16,773.78,2,0
TEL-12144,2026-03,13.68,373,1.5,12,644.11,3,0
TEL-12144,2026-04,13.08,304,1.6,9,618.86,4,0
TEL-12144,2026-05,12.85,451,0.5,13,714.73,1,0
TEL-12144,2026-06,13.07,193,0.1,8,644.0,3,0
TEL-12145,2026-01,30.59,158,4.7,17,708.04,2,0
TEL-12145,2026-02,28.09,198,6.9,15,540.7,1,0
TEL-12145,2026-03,26.98,153,5.4,19,618.03,2,0
TEL-12145,2026-04,29.44,148,15.7,21,597.8,1,0
TEL-12145,2026-05,20.24,142,1.3,21,572.23,4,0
TEL-12145,2026-06,25.47,83,12.1,16,616.73,1,0
TEL-12146,2026-01,4.1,197,1.4,2,143.29,4,0
TEL-12146,2026-02,4.16,173,0.2,5,197.6,3,0
TEL-12146,2026-03,3.83,183,0.6,1,134.9,1,0
TEL-12146,2026-04,5.26,131,1.6,6,169.25,3,0
TEL-12146,2026-05,4.23,125,0.2,10,183.18,3,0
TEL-12146,2026-06,4.94,186,1.4,5,180.1,3,0
TEL-12147,2026-01,6.04,112,0.4,18,222.31,2,0
TEL-12147,2026-02,5.52,122,0.4,16,207.7,4,0
TEL-12147,2026-03,0.27,74,2320.5,20,233.01,2,0
TEL-12147,2026-04,0.17,91,3090.3,16,277.54,4,0
TEL-12147,2026-05,0.18,63,1706.6,15,218.96,2,0
TEL-12147,2026-06,0.19,70,1877.7,17,258.11,3,0
TEL-12148,2026-01,5.57,57,1.6,6,281.18,3,0
TEL-12148,2026-02,5.43,60,0.2,12,314.53,1,0
TEL-12148,2026-03,6.75,74,0.0,13,369.14,3,0
TEL-12148,2026-04,8.51,57,0.6,7,275.02,1,0
TEL-12148,2026-05,4.33,43,0.5,5,269.28,4,0
TEL-12148,2026-06,6.11,67,0.7,11,321.94,3,0
TEL-12149,2026-01,2.05,742,0.1,47,333.86,4,0
TEL-12149,2026-02,2.18,750,0.2,35,318.41,1,0
TEL-12149,2026-03,1.93,579,1.3,37,356.98,1,0
TEL-12149,2026-04,2.41,594,0.2,47,266.86,1,0
TEL-12149,2026-05,1.98,814,0.5,38,349.52,3,0
TEL-12149,2026-06,2.14,803,0.3,26,329.6,3,0
TEL-12150,2026-01,25.96,258,0.8,13,344.73,3,0
TEL-12150,2026-02,26.33,451,0.9,18,340.74,3,0
TEL-12150,2026-03,27.16,384,1.5,23,322.59,1,0
TEL-12150,2026-04,21.48,380,0.2,10,280.15,3,0
TEL-12150,2026-05,24.28,363,0.0,14,333.61,2,0
TEL-12150,2026-06,16.2,285,0.9,9,295.53,3,0
TEL-12151,2026-01,32.04,71,0.3,6,552.33,1,0
TEL-12151,2026-02,40.98,62,2.0,5,574.46,1,0
TEL-12151,2026-03,29.45,36,0.1,13,546.8,1,0
TEL-12151,2026-04,46.61,87,2.1,5,540.02,3,0
TEL-12151,2026-05,37.47,67,0.4,7,533.87,4,0
TEL-12151,2026-06,26.36,79,0.2,10,387.17,3,0
TEL-12152,2026-01,2.39,154,0.6,18,168.0,2,0
TEL-12152,2026-02,2.42,70,0.3,13,147.83,3,0
TEL-12152,2026-03,3.26,141,0.0,12,155.11,1,0
TEL-12152,2026-04,1.44,210,0.3,13,142.88,2,0
TEL-12152,2026-05,3.03,191,0.3,11,157.0,1,0
TEL-12152,2026-06,2.48,232,0.1,16,144.52,1,0
TEL-12153,2026-01,5.05,72,4.4,11,91.41,2,0
TEL-12153,2026-02,6.49,139,1.2,16,106.6,2,0
TEL-12153,2026-03,3.79,89,1.3,13,114.79,3,0
TEL-12153,2026-04,4.06,131,4.2,14,97.36,2,0
TEL-12153,2026-05,5.22,78,2.5,11,99.78,1,0
TEL-12153,2026-06,4.1,131,0.2,9,82.46,1,0
TEL-12154,2026-01,2.34,570,1.6,35,158.38,1,0
TEL-12154,2026-02,1.36,628,1.5,33,104.36,1,0
TEL-12154,2026-03,0.88,620,0.2,43,139.4,1,0
TEL-12154,2026-04,3.35,460,0.0,29,137.62,4,0
TEL-12154,2026-05,3.05,765,2.3,29,170.73,2,0
TEL-12154,2026-06,2.45,584,1.1,30,161.62,3,0
TEL-12155,2026-01,7.65,162,0.4,3,239.17,1,0
TEL-12155,2026-02,7.85,212,1.3,4,260.8,4,0
TEL-12155,2026-03,6.13,164,2.4,5,244.8,4,0
TEL-12155,2026-04,7.67,163,3.0,5,214.05,3,0
TEL-12155,2026-05,6.17,171,2.0,5,263.12,2,0
TEL-12155,2026-06,4.73,181,0.2,2,222.82,2,0
TEL-12156,2026-01,2.73,153,0.3,9,106.91,4,0
TEL-12156,2026-02,2.9,191,0.8,8,111.3,2,0
TEL-12156,2026-03,2.92,111,0.9,9,121.18,4,0
TEL-12156,2026-04,3.45,132,0.5,5,104.85,3,0
TEL-12156,2026-05,3.18,173,1.8,4,118.68,2,0
TEL-12156,2026-06,3.15,172,0.0,3,119.79,3,0
TEL-12157,2026-01,1.73,682,0.3,27,164.69,1,0
TEL-12157,2026-02,1.25,420,1.6,28,187.25,1,0
TEL-12157,2026-03,1.51,735,1.0,32,172.32,4,0
TEL-12157,2026-04,1.83,402,0.1,35,154.84,3,0
TEL-12157,2026-05,1.41,514,0.6,26,169.15,3,0
TEL-12157,2026-06,1.75,515,0.9,29,153.92,1,0
TEL-12158,2026-01,2.7,153,14.3,14,526.8,3,0
TEL-12158,2026-02,2.7,146,7.7,13,558.32,2,0
TEL-12158,2026-03,2.66,133,32.2,9,467.5,2,0
TEL-12158,2026-04,3.25,95,5.9,9,514.56,3,0
TEL-12158,2026-05,2.35,212,8.8,5,528.0,4,0
TEL-12158,2026-06,2.13,105,17.0,8,507.09,1,0
TEL-12159,2026-01,4.37,235,1.0,13,121.88,3,0
TEL-12159,2026-02,2.59,289,0.5,13,130.04,1,0
TEL-12159,2026-03,4.42,240,1.5,11,119.94,2,0
TEL-12159,2026-04,4.89,270,1.5,11,126.29,2,0
TEL-12159,2026-05,3.97,295,1.4,8,115.28,4,0
TEL-12159,2026-06,4.15,289,0.6,7,135.87,3,0
TEL-12160,2026-01,3.67,220,0.0,13,418.66,1,0
TEL-12160,2026-02,1.37,129,3.1,19,441.53,3,0
TEL-12160,2026-03,2.34,195,0.1,11,454.14,4,0
TEL-12160,2026-04,2.05,177,0.4,16,348.37,2,0
TEL-12160,2026-05,2.48,168,0.1,10,444.72,3,0
TEL-12160,2026-06,2.65,176,0.3,13,355.14,3,0
TEL-12161,2026-01,3.47,501,0.7,36,289.05,2,0
TEL-12161,2026-02,2.83,521,0.1,41,332.29,4,0
TEL-12161,2026-03,3.39,629,0.2,47,281.06,1,0
TEL-12161,2026-04,2.99,709,0.4,42,301.21,4,0
TEL-12161,2026-05,3.45,527,0.2,33,271.76,2,0
TEL-12161,2026-06,3.06,330,0.7,34,358.18,3,0
TEL-12162,2026-01,8.16,82,0.7,18,271.6,1,0
TEL-12162,2026-02,4.97,94,1.3,22,256.07,4,0
TEL-12162,2026-03,5.67,89,0.8,13,277.64,2,0
TEL-12162,2026-04,4.44,65,0.1,18,274.98,4,0
TEL-12162,2026-05,3.52,44,0.4,19,287.98,3,0
TEL-12162,2026-06,5.88,119,0.9,14,275.97,1,0
TEL-12163,2026-01,18.93,549,1.1,11,478.51,2,0
TEL-12163,2026-02,28.27,534,0.1,8,495.39,4,0
TEL-12163,2026-03,18.61,408,0.4,8,460.41,2,0
TEL-12163,2026-04,21.43,488,0.9,11,473.29,1,0
TEL-12163,2026-05,18.13,452,0.5,7,450.71,2,0
TEL-12163,2026-06,11.46,418,1.0,5,483.51,4,0
TEL-12164,2026-01,1.87,169,0.1,5,132.59,4,0
TEL-12164,2026-02,2.73,72,0.5,10,122.71,1,0
TEL-12164,2026-03,2.42,127,1.0,6,130.25,1,0
TEL-12164,2026-04,2.94,101,1.9,5,131.07,1,0
TEL-12164,2026-05,2.95,129,0.7,3,122.96,2,0
TEL-12164,2026-06,3.25,121,0.1,6,126.64,1,0
TEL-12165,2026-01,3.02,208,0.5,6,277.38,3,0
TEL-12165,2026-02,2.35,175,0.1,6,236.76,4,0
TEL-12165,2026-03,2.47,209,0.1,9,309.35,1,0
TEL-12165,2026-04,2.45,72,0.1,10,227.66,1,0
TEL-12165,2026-05,2.81,138,0.8,9,246.71,3,0
TEL-12165,2026-06,3.31,191,0.4,12,283.29,3,0
TEL-12166,2026-01,0.98,489,0.2,35,318.53,3,0
TEL-12166,2026-02,1.64,248,0.2,22,324.61,3,0
TEL-12166,2026-03,1.59,661,0.6,22,271.9,1,0
TEL-12166,2026-04,1.46,662,0.2,23,314.81,2,0
TEL-12166,2026-05,1.38,554,0.2,23,249.0,3,0
TEL-12166,2026-06,0.67,724,0.4,30,283.35,4,0
TEL-12167,2026-01,15.04,213,11.4,14,354.67,1,0
TEL-12167,2026-02,15.34,290,4.0,8,396.34,4,0
TEL-12167,2026-03,22.04,283,1.5,11,457.26,3,0
TEL-12167,2026-04,22.09,265,3.1,15,443.32,3,0
TEL-12167,2026-05,17.41,271,10.8,17,435.6,4,0
TEL-12167,2026-06,18.22,284,3.4,14,419.89,4,0
TEL-12168,2026-01,2.39,101,2.3,9,274.82,3,0
TEL-12168,2026-02,3.36,83,0.9,16,319.37,2,0
TEL-12168,2026-03,2.56,89,0.1,19,338.03,1,0
TEL-12168,2026-04,2.64,101,1.3,18,309.61,1,0
TEL-12168,2026-05,3.85,104,0.4,10,313.34,1,0
TEL-12168,2026-06,2.1,84,0.4,16,315.44,1,0
TEL-12169,2026-01,6.27,144,0.1,19,326.55,4,0
TEL-12169,2026-02,5.97,149,1.8,21,249.09,4,0
TEL-12169,2026-03,7.2,142,1.1,8,278.36,2,0
TEL-12169,2026-04,6.25,164,1.1,15,304.95,1,0
TEL-12169,2026-05,7.74,185,0.0,17,328.77,1,0
TEL-12169,2026-06,6.4,114,0.1,19,254.17,1,0
TEL-12170,2026-01,33.39,565,0.1,14,395.64,1,0
TEL-12170,2026-02,23.5,410,0.2,15,392.45,2,0
TEL-12170,2026-03,32.91,424,0.7,14,410.29,1,0
TEL-12170,2026-04,34.46,265,0.5,17,353.69,2,0
TEL-12170,2026-05,34.16,249,2.2,10,391.81,4,0
TEL-12170,2026-06,18.82,496,0.0,16,332.87,3,0
TEL-12171,2026-01,1.38,361,34.3,41,281.29,2,0
TEL-12171,2026-02,0.56,257,9.6,33,340.37,1,0
TEL-12171,2026-03,1.16,356,11.5,39,293.45,4,0
TEL-12171,2026-04,1.14,452,15.2,37,348.95,2,0
TEL-12171,2026-05,1.37,263,13.0,36,352.16,1,0
TEL-12171,2026-06,1.02,396,4.2,35,346.41,3,0
TEL-12172,2026-01,25.02,163,1.9,6,280.39,1,0
TEL-12172,2026-02,17.02,155,0.7,5,294.99,1,0
TEL-12172,2026-03,7.45,166,0.8,6,257.53,4,0
TEL-12172,2026-04,18.84,188,0.4,7,298.62,1,0
TEL-12172,2026-05,26.6,253,1.5,4,274.4,3,0
TEL-12172,2026-06,16.53,214,0.6,3,227.26,2,0
TEL-12173,2026-01,1.85,127,0.6,10,153.27,3,0
TEL-12173,2026-02,1.7,109,0.4,5,153.49,4,0
TEL-12173,2026-03,2.37,167,0.9,11,182.58,3,0
TEL-12173,2026-04,1.01,113,0.4,5,171.54,2,0
TEL-12173,2026-05,1.71,157,0.6,7,182.82,4,0
TEL-12173,2026-06,2.31,181,3.6,10,148.97,3,0
TEL-12174,2026-01,3.53,156,1.9,11,131.25,3,0
TEL-12174,2026-02,3.5,186,1.3,15,105.85,2,0
TEL-12174,2026-03,2.52,180,0.3,10,110.49,4,0
TEL-12174,2026-04,3.1,221,2.3,11,111.74,1,0
TEL-12174,2026-05,2.19,212,1.3,14,104.05,1,0
TEL-12174,2026-06,3.63,124,0.6,12,110.56,3,0
TEL-12175,2026-01,4.97,133,0.3,7,216.38,2,0
TEL-12175,2026-02,4.61,134,0.3,8,213.1,2,0
TEL-12175,2026-03,4.83,161,0.9,9,210.98,2,0
TEL-12175,2026-04,4.76,162,0.3,8,193.03,3,0
TEL-12175,2026-05,4.1,118,2.7,8,208.21,3,0
TEL-12175,2026-06,5.15,133,0.2,3,232.64,1,0
TEL-12176,2026-01,4.54,90,0.9,10,204.01,1,0
TEL-12176,2026-02,4.53,116,1.2,8,203.03,1,0
TEL-12176,2026-03,5.59,106,0.3,10,234.83,3,0
TEL-12176,2026-04,3.18,98,0.0,6,201.9,4,0
TEL-12176,2026-05,3.2,72,0.3,9,218.78,1,0
TEL-12176,2026-06,4.83,91,0.2,7,214.37,1,0
TEL-12177,2026-01,17.11,219,0.0,20,396.2,1,0
TEL-12177,2026-02,15.7,181,0.8,19,378.15,2,0
TEL-12177,2026-03,9.76,169,0.6,20,391.73,3,0
TEL-12177,2026-04,19.87,263,0.0,19,389.49,3,0
TEL-12177,2026-05,18.28,216,1.0,14,421.36,2,0
TEL-12177,2026-06,15.21,199,3.5,12,360.72,4,0
TEL-12178,2026-01,3.66,74,0.2,5,144.97,2,0
TEL-12178,2026-02,2.94,62,0.1,7,131.76,2,0
TEL-12178,2026-03,3.72,70,0.0,11,136.76,1,0
TEL-12178,2026-04,4.27,69,0.1,17,151.25,4,0
TEL-12178,2026-05,4.08,57,1.2,7,128.53,2,0
TEL-12178,2026-06,5.11,71,0.5,7,176.77,3,0
TEL-12179,2026-01,3.12,528,0.3,35,263.68,1,0
TEL-12179,2026-02,3.48,555,0.9,34,330.28,4,0
TEL-12179,2026-03,2.7,597,1.0,32,240.97,3,0
TEL-12179,2026-04,3.26,396,0.2,43,247.66,2,0
TEL-12179,2026-05,3.07,539,0.2,40,330.01,4,0
TEL-12179,2026-06,1.82,431,0.2,32,329.42,3,0
TEL-12180,2026-01,29.01,406,0.5,8,728.69,3,0
TEL-12180,2026-02,33.25,245,0.3,7,565.05,1,0
TEL-12180,2026-03,24.35,307,1.0,17,638.48,2,0
TEL-12180,2026-04,37.97,196,1.4,16,754.29,3,0
TEL-12180,2026-05,40.66,340,0.4,8,679.69,2,0
TEL-12180,2026-06,34.2,253,0.2,7,732.14,2,0
TEL-12181,2026-01,3.05,88,0.1,17,266.96,1,0
TEL-12181,2026-02,3.92,168,0.7,10,286.85,1,0
TEL-12181,2026-03,5.68,98,2.5,10,286.36,3,0
TEL-12181,2026-04,1.94,76,0.0,7,273.74,1,0
TEL-12181,2026-05,3.33,115,0.9,17,278.33,3,0
TEL-12181,2026-06,4.19,70,0.1,21,254.7,3,0
TEL-12182,2026-01,29.47,225,0.8,4,609.81,3,0
TEL-12182,2026-02,31.68,185,0.2,6,630.64,1,0
TEL-12182,2026-03,25.41,251,0.6,8,589.78,1,0
TEL-12182,2026-04,27.4,253,2.9,3,496.4,4,0
TEL-12182,2026-05,32.1,203,0.0,6,612.89,3,0
TEL-12182,2026-06,41.94,147,0.0,10,685.99,3,0
TEL-12183,2026-01,15.63,380,34.8,10,1032.24,3,0
TEL-12183,2026-02,11.47,212,10.5,9,1064.74,4,0
TEL-12183,2026-03,10.83,397,8.6,15,885.44,4,0
TEL-12183,2026-04,9.44,219,3.7,5,1015.92,2,0
TEL-12183,2026-05,14.12,420,10.0,7,885.14,1,0
TEL-12183,2026-06,21.15,259,14.1,8,913.57,4,0
TEL-12184,2026-01,1.54,563,0.4,44,201.85,3,0
TEL-12184,2026-02,1.66,618,0.7,38,181.66,2,0
TEL-12184,2026-03,1.65,787,0.2,35,185.22,1,0
TEL-12184,2026-04,0.98,681,0.1,39,171.88,2,0
TEL-12184,2026-05,1.27,777,0.8,40,184.16,2,0
TEL-12184,2026-06,1.48,422,0.9,29,229.08,4,0
TEL-12185,2026-01,12.32,250,0.2,13,388.8,1,0
TEL-12185,2026-02,28.1,274,0.8,11,440.8,1,0
TEL-12185,2026-03,29.26,232,1.2,11,409.65,2,0
TEL-12185,2026-04,20.47,409,0.1,12,406.88,2,0
TEL-12185,2026-05,26.88,363,3.0,9,304.19,1,0
TEL-12185,2026-06,25.51,230,0.6,13,407.56,4,0
TEL-12186,2026-01,3.63,142,0.2,10,214.86,1,0
TEL-12186,2026-02,2.33,157,0.4,6,207.51,4,0
TEL-12186,2026-03,1.83,151,1.5,8,240.67,3,0
TEL-12186,2026-04,1.55,129,1.4,3,198.61,1,0
TEL-12186,2026-05,3.67,119,0.3,7,222.45,4,0
TEL-12186,2026-06,2.18,115,0.2,6,220.76,3,0
TEL-12187,2026-01,2.72,484,1.2,41,347.53,4,0
TEL-12187,2026-02,2.84,397,0.2,37,281.59,4,0
TEL-12187,2026-03,1.78,462,0.6,31,318.49,3,0
TEL-12187,2026-04,2.2,410,0.6,27,322.66,1,0
TEL-12187,2026-05,3.04,339,0.2,34,363.82,2,0
TEL-12187,2026-06,3.13,450,0.5,26,354.25,3,0
TEL-12188,2026-01,3.86,164,0.5,10,183.63,4,0
TEL-12188,2026-02,4.63,152,1.3,10,210.78,2,0
TEL-12188,2026-03,5.0,218,2.6,8,214.01,2,0
TEL-12188,2026-04,3.1,139,1.0,7,212.43,1,0
TEL-12188,2026-05,2.82,161,0.5,13,179.38,1,0
TEL-12188,2026-06,6.84,148,1.6,13,185.87,3,0
TEL-12189,2026-01,4.84,166,0.4,6,209.15,4,0
TEL-12189,2026-02,3.48,172,0.8,8,242.7,4,0
TEL-12189,2026-03,3.98,102,2.4,7,229.88,4,0
TEL-12189,2026-04,4.6,138,0.2,7,176.28,3,0
TEL-12189,2026-05,4.16,172,0.1,5,224.43,2,0
TEL-12189,2026-06,4.34,162,0.8,10,237.34,1,0
TEL-12190,2026-01,13.75,121,1.7,13,317.53,2,0
TEL-12190,2026-02,19.25,181,0.2,9,322.96,3,0
TEL-12190,2026-03,22.91,182,2.4,11,302.73,2,0
TEL-12190,2026-04,18.57,219,0.3,7,296.09,2,0
TEL-12190,2026-05,20.13,186,0.2,9,351.38,1,0
TEL-12190,2026-06,18.97,317,0.5,14,295.9,1,0
TEL-12191,2026-01,1.5,652,0.2,28,172.67,2,0
TEL-12191,2026-02,1.67,753,0.6,24,132.9,3,0
TEL-12191,2026-03,1.41,619,1.3,28,143.63,1,0
TEL-12191,2026-04,2.35,792,0.6,26,146.69,3,0
TEL-12191,2026-05,1.42,502,0.5,26,147.09,4,0
TEL-12191,2026-06,1.05,556,3.1,17,144.04,1,0
TEL-12192,2026-01,3.16,51,0.3,3,198.2,2,0
TEL-12192,2026-02,3.38,67,0.2,10,177.53,2,0
TEL-12192,2026-03,2.85,65,0.2,9,195.08,3,0
TEL-12192,2026-04,4.15,76,0.1,6,180.11,4,0
TEL-12192,2026-05,2.91,52,0.8,5,126.25,4,0
TEL-12192,2026-06,2.49,48,0.8,3,172.52,3,0
TEL-12193,2026-01,2.93,148,0.2,6,213.38,2,0
TEL-12193,2026-02,3.73,201,0.5,6,204.79,4,0
TEL-12193,2026-03,3.61,211,0.5,7,239.48,3,0
TEL-12193,2026-04,3.82,211,0.5,16,182.84,1,0
TEL-12193,2026-05,2.66,212,5.0,10,187.52,2,0
TEL-12193,2026-06,2.89,134,0.1,8,172.71,4,0
TEL-12194,2026-01,2.07,450,0.8,34,393.12,3,0
TEL-12194,2026-02,1.98,812,0.1,35,354.37,2,0
TEL-12194,2026-03,2.46,655,1.1,32,367.19,1,0
TEL-12194,2026-04,1.44,483,0.9,38,317.35,3,0
TEL-12194,2026-05,3.4,650,0.1,33,401.43,4,0
TEL-12194,2026-06,3.4,758,1.2,32,387.54,1,0
TEL-12195,2026-01,37.25,157,1.1,9,439.2,2,0
TEL-12195,2026-02,46.11,151,0.3,7,333.58,3,0
TEL-12195,2026-03,25.82,181,1.3,7,361.4,4,0
TEL-12195,2026-04,31.2,108,1.5,11,372.21,3,0
TEL-12195,2026-05,24.48,151,0.3,7,362.45,2,0
TEL-12195,2026-06,25.59,266,2.0,7,415.75,4,0
TEL-12196,2026-01,12.18,342,3.3,12,267.48,4,0
TEL-12196,2026-02,16.64,496,0.9,13,290.75,1,0
TEL-12196,2026-03,15.23,321,0.7,5,247.72,3,0
TEL-12196,2026-04,21.86,316,0.3,12,286.81,3,0
TEL-12196,2026-05,20.37,362,0.1,12,294.92,1,0
TEL-12196,2026-06,13.32,294,0.2,7,293.37,2,0
TEL-12197,2026-01,0.98,145,1.0,5,119.29,3,0
TEL-12197,2026-02,1.19,107,0.4,8,109.94,2,0
TEL-12197,2026-03,1.36,134,0.9,8,139.85,3,0
TEL-12197,2026-04,2.1,69,4.0,5,130.46,4,0
TEL-12197,2026-05,1.98,116,1.2,4,93.82,3,0
TEL-12197,2026-06,1.24,79,0.3,7,95.39,4,0
TEL-12198,2026-01,2.92,298,0.3,23,158.28,4,0
TEL-12198,2026-02,2.1,503,0.9,19,172.21,4,0
TEL-12198,2026-03,1.68,520,0.3,23,178.77,4,0
TEL-12198,2026-04,2.17,563,1.2,20,162.97,4,0
TEL-12198,2026-05,1.81,250,0.6,23,185.09,4,0
TEL-12198,2026-06,2.17,609,0.9,17,170.53,2,0
TEL-12199,2026-01,2.05,704,1.4,21,287.46,1,0
TEL-12199,2026-02,1.7,710,0.8,29,269.6,1,0
TEL-12199,2026-03,1.67,830,2.2,25,306.82,1,0
TEL-12199,2026-04,1.48,433,0.7,36,265.83,1,0
TEL-12199,2026-05,1.38,526,1.3,37,235.2,4,0
TEL-12199,2026-06,2.5,949,0.7,23,289.51,3,0
TEL-12200,2026-01,24.37,147,1.3,5,452.22,1,0
TEL-12200,2026-02,15.46,233,0.4,6,357.55,2,0
TEL-12200,2026-03,31.53,189,0.8,1,328.03,4,0
TEL-12200,2026-04,15.88,231,0.9,1,368.51,1,0
TEL-12200,2026-05,15.89,211,0.3,3,386.55,3,0
TEL-12200,2026-06,14.71,267,1.3,5,357.17,1,0
TEL-12201,2026-01,2.19,457,0.1,27,100.86,4,0
TEL-12201,2026-02,2.27,546,0.5,29,118.35,1,0
TEL-12201,2026-03,2.09,532,0.6,27,108.84,2,0
TEL-12201,2026-04,1.72,582,0.7,24,117.02,1,0
TEL-12201,2026-05,1.68,271,0.6,32,121.63,2,0
TEL-12201,2026-06,2.65,505,0.8,32,115.9,2,0
TEL-12202,2026-01,9.3,390,0.2,26,247.45,4,0
TEL-12202,2026-02,6.8,460,0.1,26,253.33,4,0
TEL-12202,2026-03,10.22,396,0.7,27,212.57,2,0
TEL-12202,2026-04,5.33,244,1.0,20,182.84,3,0
TEL-12202,2026-05,6.66,327,1.5,26,212.24,4,0
TEL-12202,2026-06,7.41,314,0.1,13,242.91,3,0
TEL-12203,2026-01,8.53,404,0.1,20,289.58,4,0
TEL-12203,2026-02,9.5,373,0.2,18,447.28,4,0
TEL-12203,2026-03,8.61,523,2.4,14,378.71,4,0
TEL-12203,2026-04,7.18,350,0.6,18,393.05,3,0
TEL-12203,2026-05,4.81,593,0.9,18,428.11,4,0
TEL-12203,2026-06,9.99,620,0.3,19,366.7,3,0
TEL-12204,2026-01,9.28,287,5.7,21,461.48,2,0
TEL-12204,2026-02,8.73,278,5.6,25,343.89,3,0
TEL-12204,2026-03,6.95,228,7.1,20,435.0,3,0
TEL-12204,2026-04,8.4,230,2.9,21,276.13,2,0
TEL-12204,2026-05,8.15,164,2.1,13,315.56,3,0
TEL-12204,2026-06,6.96,349,5.6,16,356.92,4,0
TEL-12205,2026-01,26.78,224,1.2,1,328.3,1,0
TEL-12205,2026-02,27.67,148,1.3,1,307.65,2,0
TEL-12205,2026-03,32.73,273,0.3,1,303.44,4,0
TEL-12205,2026-04,21.98,227,1.4,4,344.6,3,0
TEL-12205,2026-05,29.62,312,1.1,4,312.4,1,0
TEL-12205,2026-06,31.8,294,0.3,4,365.93,1,0
TEL-12206,2026-01,12.45,431,0.6,20,375.64,1,0
TEL-12206,2026-02,16.09,410,0.6,16,345.21,4,0
TEL-12206,2026-03,17.67,349,0.6,16,345.58,2,0
TEL-12206,2026-04,20.0,367,0.7,17,407.45,4,0
TEL-12206,2026-05,11.49,352,1.9,11,391.86,4,0
TEL-12206,2026-06,13.14,444,1.6,9,416.85,3,0
TEL-12207,2026-01,1.83,140,0.1,10,264.19,1,0
TEL-12207,2026-02,2.16,150,0.5,11,223.94,2,0
TEL-12207,2026-03,1.91,279,2.6,12,192.39,4,0
TEL-12207,2026-04,2.11,179,0.7,10,204.16,4,0
TEL-12207,2026-05,1.51,175,1.9,15,227.76,3,0
TEL-12207,2026-06,1.09,216,0.6,6,212.31,3,0
TEL-12208,2026-01,20.88,196,0.6,6,534.43,4,0
TEL-12208,2026-02,18.26,176,0.0,8,492.16,2,0
TEL-12208,2026-03,21.55,126,0.9,4,547.53,3,0
TEL-12208,2026-04,19.11,276,0.0,9,465.84,1,0
TEL-12208,2026-05,16.2,216,0.2,5,517.4,4,0
TEL-12208,2026-06,22.71,236,0.5,6,510.24,1,0
TEL-12209,2026-01,2.35,813,0.6,23,235.65,1,0
TEL-12209,2026-02,1.59,697,2.1,17,226.33,4,0
TEL-12209,2026-03,2.11,463,0.1,23,239.5,2,0
TEL-12209,2026-04,1.41,322,0.3,25,227.47,3,0
TEL-12209,2026-05,1.64,441,0.3,35,241.77,1,0
TEL-12209,2026-06,1.87,435,0.3,22,260.45,4,0
TEL-12210,2026-01,16.78,243,1.3,4,206.43,2,0
TEL-12210,2026-02,11.38,205,0.1,8,224.22,4,0
TEL-12210,2026-03,13.72,376,0.1,12,244.77,2,0
TEL-12210,2026-04,8.94,230,0.1,7,196.6,3,0
TEL-12210,2026-05,13.89,234,0.4,7,231.2,3,0
TEL-12210,2026-06,14.09,244,0.7,8,253.6,2,0
TEL-12211,2026-01,20.08,139,0.3,12,330.12,1,0
TEL-12211,2026-02,9.15,294,0.5,11,331.83,1,0
TEL-12211,2026-03,16.85,208,0.7,10,368.49,1,0
TEL-12211,2026-04,19.95,221,0.5,12,356.25,1,0
TEL-12211,2026-05,19.81,329,2.1,11,329.28,4,0
TEL-12211,2026-06,10.26,215,0.1,14,352.15,4,0
TEL-12212,2026-01,5.16,116,0.3,6,110.32,3,0
TEL-12212,2026-02,6.3,102,0.2,7,112.33,3,0
TEL-12212,2026-03,5.54,152,0.5,7,110.45,2,0
TEL-12212,2026-04,4.94,179,4.3,4,101.96,2,0
TEL-12212,2026-05,7.15,175,1.2,3,104.1,3,0
TEL-12212,2026-06,7.53,181,0.0,7,123.88,3,0
TEL-12213,2026-01,35.05,195,0.5,6,496.1,2,0
TEL-12213,2026-02,18.26,133,0.5,4,536.53,2,0
TEL-12213,2026-03,31.85,106,0.3,4,474.79,2,0
TEL-12213,2026-04,24.98,115,0.1,3,528.49,2,0
TEL-12213,2026-05,43.94,156,0.9,4,544.37,4,0
TEL-12213,2026-06,18.43,114,3.0,1,553.38,1,0
TEL-12214,2026-01,2.38,129,1.2,7,274.72,1,0
TEL-12214,2026-02,3.48,194,1.1,8,298.21,3,0
TEL-12214,2026-03,2.64,178,1.1,5,228.77,1,0
TEL-12214,2026-04,3.39,196,0.1,8,275.64,4,0
TEL-12214,2026-05,4.98,183,3.2,5,270.33,2,0
TEL-12214,2026-06,3.02,171,0.4,3,282.58,3,0
TEL-12215,2026-01,16.02,153,1.1,9,239.64,2,0
TEL-12215,2026-02,19.62,164,0.9,6,248.28,2,0
TEL-12215,2026-03,22.56,106,0.4,9,256.64,3,0
TEL-12215,2026-04,14.63,154,2.8,10,248.94,1,0
TEL-12215,2026-05,21.32,137,0.4,7,214.19,1,0
TEL-12215,2026-06,27.07,158,0.0,4,217.56,3,0
TEL-12216,2026-01,3.65,107,0.1,9,275.52,2,0
TEL-12216,2026-02,4.2,132,3.3,12,282.41,1,0
TEL-12216,2026-03,3.38,83,0.2,6,304.77,3,0
TEL-12216,2026-04,4.59,82,0.1,13,281.42,3,0
TEL-12216,2026-05,2.92,114,0.7,15,318.62,1,0
TEL-12216,2026-06,3.41,184,1.1,10,250.49,1,0
TEL-12217,2026-01,4.76,124,0.8,9,149.77,4,0
TEL-12217,2026-02,3.81,134,0.8,7,157.95,1,0
TEL-12217,2026-03,4.96,106,0.5,11,131.98,3,0
TEL-12217,2026-04,5.15,113,0.3,7,145.36,2,0
TEL-12217,2026-05,1.86,228,1.5,7,132.92,3,0
TEL-12217,2026-06,4.33,98,0.5,9,164.09,3,0
TEL-12218,2026-01,3.11,143,0.1,9,212.33,4,0
TEL-12218,2026-02,3.34,98,1.2,13,198.4,2,0
TEL-12218,2026-03,1.47,115,0.4,11,242.81,4,0
TEL-12218,2026-04,3.25,67,0.3,6,204.27,3,0
TEL-12218,2026-05,3.24,95,1.5,5,207.64,2,0
TEL-12218,2026-06,2.77,100,0.9,8,215.73,1,0
TEL-12219,2026-01,2.51,417,1.2,27,228.84,3,0
TEL-12219,2026-02,3.6,502,0.2,31,228.69,4,0
TEL-12219,2026-03,2.48,423,2.1,30,250.73,1,0
TEL-12219,2026-04,3.04,714,0.3,31,240.29,1,0
TEL-12219,2026-05,3.33,531,0.6,19,193.47,3,0
TEL-12219,2026-06,2.52,606,1.3,24,195.92,2,0
TEL-12220,2026-01,16.15,203,0.2,21,272.8,1,0
TEL-12220,2026-02,31.61,343,1.1,10,367.19,3,0
TEL-12220,2026-03,20.34,235,0.7,11,335.36,3,0
TEL-12220,2026-04,28.51,179,0.1,16,312.59,1,0
TEL-12220,2026-05,32.76,106,0.4,11,301.77,4,0
TEL-12220,2026-06,25.11,267,1.0,6,304.93,3,0
TEL-12221,2026-01,4.04,188,0.1,11,164.7,3,0
TEL-12221,2026-02,3.42,249,0.8,14,157.53,3,0
TEL-12221,2026-03,2.63,200,0.2,11,148.92,2,0
TEL-12221,2026-04,3.58,238,0.5,18,122.8,3,0
TEL-12221,2026-05,3.5,247,0.7,11,148.08,2,0
TEL-12221,2026-06,3.47,172,0.4,25,132.49,1,0
TEL-12222,2026-01,2.08,350,1.1,32,204.03,3,0
TEL-12222,2026-02,2.43,413,0.6,23,246.64,1,0
TEL-12222,2026-03,1.92,310,0.8,23,224.99,2,0
TEL-12222,2026-04,1.45,555,1.7,32,202.01,4,0
TEL-12222,2026-05,2.88,461,0.4,29,263.85,1,0
TEL-12222,2026-06,2.08,384,0.7,30,197.73,2,0
TEL-12223,2026-01,25.76,231,0.0,8,502.98,1,0
TEL-12223,2026-02,36.01,254,0.5,8,556.28,3,0
TEL-12223,2026-03,26.78,208,1.2,8,489.18,2,0
TEL-12223,2026-04,23.4,151,0.4,8,561.15,1,0
TEL-12223,2026-05,34.76,147,0.4,7,594.31,4,0
TEL-12223,2026-06,37.01,230,0.4,8,549.82,4,0
TEL-12224,2026-01,19.34,281,2.8,13,166.25,4,0
TEL-12224,2026-02,23.25,430,0.3,30,200.95,1,0
TEL-12224,2026-03,16.8,310,0.5,18,196.54,1,0
TEL-12224,2026-04,21.77,231,3.0,25,181.01,3,0
TEL-12224,2026-05,19.14,324,0.4,23,163.99,4,0
TEL-12224,2026-06,17.53,166,0.3,22,167.29,2,0
TEL-12225,2026-01,35.44,90,47.0,10,708.66,1,0
TEL-12225,2026-02,32.03,115,9.1,4,559.03,3,0
TEL-12225,2026-03,48.98,90,28.3,6,727.12,1,0
TEL-12225,2026-04,47.96,123,6.8,1,630.53,3,0
TEL-12225,2026-05,48.99,81,10.4,13,649.82,4,0
TEL-12225,2026-06,36.81,73,4.3,8,724.47,3,0
TEL-12226,2026-01,5.05,85,2.0,14,330.37,4,0
TEL-12226,2026-02,3.22,118,0.4,6,308.39,2,0
TEL-12226,2026-03,3.24,121,0.7,9,326.53,3,0
TEL-12226,2026-04,3.45,118,0.5,7,285.56,2,0
TEL-12226,2026-05,3.66,85,0.9,9,284.94,2,0
TEL-12226,2026-06,3.46,86,0.4,9,276.46,3,0
TEL-12227,2026-01,11.05,472,0.1,15,331.33,4,0
TEL-12227,2026-02,14.01,361,1.3,17,343.0,2,0
TEL-12227,2026-03,15.02,448,1.1,9,321.92,2,0
TEL-12227,2026-04,17.87,353,0.7,14,335.55,4,0
TEL-12227,2026-05,17.77,365,0.1,17,362.19,3,0
TEL-12227,2026-06,20.97,392,0.5,21,366.0,2,0
TEL-12228,2026-01,1.83,847,0.5,34,143.1,1,0
TEL-12228,2026-02,1.95,820,1.5,29,118.12,1,0
TEL-12228,2026-03,2.11,474,0.1,34,108.5,4,0
TEL-12228,2026-04,1.02,343,1.8,33,135.82,2,0
TEL-12228,2026-05,1.45,752,0.9,34,117.78,1,0
TEL-12228,2026-06,1.7,565,0.9,30,130.17,1,0
TEL-12229,2026-01,55.22,184,0.6,5,506.64,1,0
TEL-12229,2026-02,42.3,158,0.9,7,606.13,4,0
TEL-12229,2026-03,52.31,160,0.8,10,575.56,2,0
TEL-12229,2026-04,38.93,164,0.7,6,506.51,3,0
TEL-12229,2026-05,42.39,212,0.6,5,588.06,1,0
TEL-12229,2026-06,50.59,226,1.2,6,593.45,1,0
TEL-12230,2026-01,24.8,263,2.5,11,547.08,3,0
TEL-12230,2026-02,26.3,369,0.4,10,538.77,1,0
TEL-12230,2026-03,25.99,359,1.0,9,490.77,3,0
TEL-12230,2026-04,37.05,199,0.7,8,577.07,2,0
TEL-12230,2026-05,37.68,312,0.8,9,457.74,3,0
TEL-12230,2026-06,34.78,195,2.9,12,541.21,2,0
TEL-12231,2026-01,2.49,127,0.7,6,125.19,3,0
TEL-12231,2026-02,4.27,154,0.0,2,117.96,2,0
TEL-12231,2026-03,3.64,98,0.1,1,132.66,2,0
TEL-12231,2026-04,3.71,122,0.2,8,137.01,2,0
TEL-12231,2026-05,6.67,96,0.3,6,134.0,1,0
TEL-12231,2026-06,4.06,182,2.2,6,133.71,1,0
TEL-12232,2026-01,4.28,131,1.6,13,231.87,2,0
TEL-12232,2026-02,4.37,81,0.7,12,208.15,4,0
TEL-12232,2026-03,2.15,152,0.0,10,225.38,4,0
TEL-12232,2026-04,3.94,126,0.9,12,181.38,3,0
TEL-12232,2026-05,3.49,172,1.5,11,216.54,1,0
TEL-12232,2026-06,6.31,95,0.4,14,234.44,2,0
TEL-12233,2026-01,16.11,303,1.6,16,387.64,1,0
TEL-12233,2026-02,17.75,384,0.0,13,306.44,4,0
TEL-12233,2026-03,9.13,430,0.9,10,268.77,2,0
TEL-12233,2026-04,11.16,476,0.5,9,376.76,4,0
TEL-12233,2026-05,9.41,492,1.8,21,306.6,3,0
TEL-12233,2026-06,15.14,369,0.4,11,295.73,1,0
TEL-12234,2026-01,1.36,291,0.1,31,198.23,4,0
TEL-12234,2026-02,1.81,299,2.8,31,168.23,2,0
TEL-12234,2026-03,1.73,349,0.3,44,212.14,3,0
TEL-12234,2026-04,1.08,326,0.6,25,188.3,3,0
TEL-12234,2026-05,1.86,421,0.7,27,210.86,3,0
TEL-12234,2026-06,1.71,376,0.3,36,211.69,4,0
TEL-12235,2026-01,1.16,251,0.1,7,264.21,1,0
TEL-12235,2026-02,0.67,321,0.1,10,284.54,2,0
TEL-12235,2026-03,0.98,348,0.1,8,244.88,2,0
TEL-12235,2026-04,0.84,377,0.4,7,252.6,2,0
TEL-12235,2026-05,1.15,334,0.6,3,301.9,3,0
TEL-12235,2026-06,0.66,263,0.8,11,278.21,3,0
TEL-12236,2026-01,2.0,690,0.1,26,152.08,2,0
TEL-12236,2026-02,2.36,685,0.0,32,127.66,4,0
TEL-12236,2026-03,2.47,326,0.1,37,154.89,1,0
TEL-12236,2026-04,2.24,953,0.1,37,143.66,2,0
TEL-12236,2026-05,1.77,494,0.5,30,139.92,4,0
TEL-12236,2026-06,1.84,662,0.1,30,157.34,3,0
TEL-12237,2026-01,3.23,135,1.5,3,178.22,1,0
TEL-12237,2026-02,1.96,162,0.6,3,155.63,3,0
TEL-12237,2026-03,0.16,81,2450.4,3,154.53,3,0
TEL-12237,2026-04,0.09,117,1467.1,5,137.46,3,0
TEL-12237,2026-05,0.34,56,2536.8,4,154.11,3,0
TEL-12237,2026-06,0.1,99,1832.5,6,143.29,4,0
TEL-12238,2026-01,4.58,100,0.1,5,314.58,1,0
TEL-12238,2026-02,4.13,110,0.1,7,346.61,1,0
TEL-12238,2026-03,4.6,88,0.1,4,343.31,3,0
TEL-12238,2026-04,3.15,109,0.2,4,359.56,2,0
TEL-12238,2026-05,3.11,113,2.4,8,401.07,2,0
TEL-12238,2026-06,3.8,63,0.5,3,365.97,4,0
TEL-12239,2026-01,1.48,280,2.0,38,315.84,2,0
TEL-12239,2026-02,1.54,325,1.7,26,420.29,1,0
TEL-12239,2026-03,1.5,328,0.9,23,428.15,3,0
TEL-12239,2026-04,1.2,344,0.7,32,405.23,3,0
TEL-12239,2026-05,1.19,282,2.5,32,384.58,1,0
TEL-12239,2026-06,0.85,290,0.2,31,394.85,3,0
TEL-12240,2026-01,7.7,361,1.2,11,521.42,4,0
TEL-12240,2026-02,11.8,275,28.7,13,452.81,2,0
TEL-12240,2026-03,6.49,193,4.6,17,533.59,4,0
TEL-12240,2026-04,13.11,414,17.3,13,501.59,4,0
TEL-12240,2026-05,12.39,154,16.2,10,537.9,1,0
TEL-12240,2026-06,12.67,216,11.1,14,584.72,3,0
TEL-12241,2026-01,3.4,110,4.3,11,145.65,2,0
TEL-12241,2026-02,4.85,175,0.0,11,171.52,3,0
TEL-12241,2026-03,3.41,155,0.9,13,160.59,3,0
TEL-12241,2026-04,4.79,217,0.7,9,173.78,1,0
TEL-12241,2026-05,4.24,163,0.2,14,177.7,3,0
TEL-12241,2026-06,5.13,186,1.3,11,197.58,3,0
TEL-12242,2026-01,3.68,190,0.9,8,114.25,4,0
TEL-12242,2026-02,3.62,133,1.7,8,120.08,2,0
TEL-12242,2026-03,3.75,120,0.4,9,115.45,2,0
TEL-12242,2026-04,4.37,149,0.6,12,92.41,1,0
TEL-12242,2026-05,2.34,188,1.7,10,118.35,3,0
TEL-12242,2026-06,2.61,181,0.3,7,104.97,2,0
TEL-12243,2026-01,33.46,117,0.3,7,418.09,2,0
TEL-12243,2026-02,16.45,214,0.5,7,400.4,1,0
TEL-12243,2026-03,29.8,192,0.2,6,350.82,2,0
TEL-12243,2026-04,30.18,210,0.4,6,390.96,2,0
TEL-12243,2026-05,40.12,129,1.0,2,374.68,3,0
TEL-12243,2026-06,31.07,174,1.6,6,335.36,3,0
TEL-12244,2026-01,4.1,198,0.8,13,66.61,3,0
TEL-12244,2026-02,2.96,144,0.4,13,66.67,2,0
TEL-12244,2026-03,2.77,193,1.3,9,66.27,3,0
TEL-12244,2026-04,2.79,157,0.0,13,71.75,3,0
TEL-12244,2026-05,3.23,138,0.6,14,64.3,3,0
TEL-12244,2026-06,2.76,156,0.3,15,62.98,1,0
TEL-12245,2026-01,10.55,698,0.8,13,542.6,1,0
TEL-12245,2026-02,18.2,542,0.9,25,551.23,4,0
TEL-12245,2026-03,25.09,531,0.3,12,522.47,1,0
TEL-12245,2026-04,24.54,645,0.5,8,475.11,1,0
TEL-12245,2026-05,10.23,707,0.8,9,456.83,4,0
TEL-12245,2026-06,16.95,322,1.2,19,534.12,1,0
TEL-12246,2026-01,16.83,289,0.1,4,323.56,1,0
TEL-12246,2026-02,18.83,248,0.2,2,252.64,2,0
TEL-12246,2026-03,26.79,294,1.2,4,275.25,3,0
TEL-12246,2026-04,14.1,208,0.8,9,260.49,3,0
TEL-12246,2026-05,21.24,303,0.4,6,294.56,4,0
TEL-12246,2026-06,15.43,329,0.5,5,320.92,3,0
TEL-12247,2026-01,20.97,216,0.3,2,248.35,3,0
TEL-12247,2026-02,20.74,286,0.6,3,254.8,2,0
TEL-12247,2026-03,12.46,218,1.0,1,261.22,1,0
TEL-12247,2026-04,16.43,214,0.1,0,254.77,1,0
TEL-12247,2026-05,13.3,304,0.6,0,257.23,3,0
TEL-12247,2026-06,24.4,222,0.0,0,283.3,3,0
TEL-12248,2026-01,2.63,171,1.6,11,248.48,3,0
TEL-12248,2026-02,3.96,134,10.8,13,239.48,1,0
TEL-12248,2026-03,4.07,121,7.4,8,264.62,3,0
TEL-12248,2026-04,3.91,95,58.9,9,267.23,2,0
TEL-12248,2026-05,3.94,139,34.3,9,255.06,3,0
TEL-12248,2026-06,4.27,158,29.5,12,275.51,4,0
TEL-12249,2026-01,14.65,35,1.5,1,413.53,4,0
TEL-12249,2026-02,12.99,91,1.3,6,422.51,2,0
TEL-12249,2026-03,12.38,93,0.1,4,462.61,3,0
TEL-12249,2026-04,14.4,78,0.2,3,506.97,3,0
TEL-12249,2026-05,13.94,72,1.1,6,553.67,4,0
TEL-12249,2026-06,9.87,55,2.7,1,438.71,3,0
TEL-12250,2026-01,1.69,591,1.1,30,382.78,3,0
TEL-12250,2026-02,3.08,760,0.0,18,387.43,1,0
TEL-12250,2026-03,2.27,700,1.5,28,365.94,4,0
TEL-12250,2026-04,2.17,731,0.5,33,365.98,3,0
TEL-12250,2026-05,3.08,487,1.5,29,344.16,3,0
TEL-12250,2026-06,2.15,783,0.7,33,363.88,4,0
TEL-12251,2026-01,4.7,78,0.8,9,190.47,3,0
TEL-12251,2026-02,4.25,78,1.3,8,181.27,2,0
TEL-12251,2026-03,3.57,76,4.9,7,164.43,2,0
TEL-12251,2026-04,2.47,124,0.6,8,195.24,3,0
TEL-12251,2026-05,4.03,65,0.1,5,191.21,2,0
TEL-12251,2026-06,2.96,78,0.7,7,193.05,3,0
TEL-12252,2026-01,22.32,419,0.9,17,456.13,1,0
TEL-12252,2026-02,18.06,320,0.8,12,463.33,1,0
TEL-12252,2026-03,23.13,441,0.3,14,430.75,1,0
TEL-12252,2026-04,20.69,146,0.2,17,451.31,4,0
TEL-12252,2026-05,22.65,264,0.5,8,460.18,1,0
TEL-12252,2026-06,21.96,310,0.4,15,411.72,2,0
TEL-12253,2026-01,22.1,231,5.2,11,657.75,3,0
TEL-12253,2026-02,25.92,472,14.2,12,616.29,2,0
TEL-12253,2026-03,29.39,200,2.4,9,689.8,1,0
TEL-12253,2026-04,35.83,417,11.6,14,507.4,1,0
TEL-12253,2026-05,31.64,209,2.9,14,551.81,1,0
TEL-12253,2026-06,24.11,321,1.3,12,635.07,1,0
TEL-12254,2026-01,3.93,183,0.0,11,145.09,2,0
TEL-12254,2026-02,2.63,203,0.9,16,148.17,3,0
TEL-12254,2026-03,2.33,174,0.2,9,144.39,2,0
TEL-12254,2026-04,1.73,44,1.4,14,147.27,4,0
TEL-12254,2026-05,1.84,246,1.0,11,139.78,3,0
TEL-12254,2026-06,1.82,191,0.2,16,151.05,4,0
TEL-12255,2026-01,14.74,353,0.7,9,325.66,3,0
TEL-12255,2026-02,11.79,402,0.9,23,280.8,2,0
TEL-12255,2026-03,9.55,334,0.8,17,337.9,3,0
TEL-12255,2026-04,9.28,172,0.4,12,327.85,1,0
TEL-12255,2026-05,11.15,373,0.0,15,283.59,4,0
TEL-12255,2026-06,8.89,271,0.2,10,382.45,4,0
TEL-12256,2026-01,2.98,174,1.9,8,330.39,4,0
TEL-12256,2026-02,3.04,115,0.0,19,354.88,1,0
TEL-12256,2026-03,2.16,153,0.1,14,322.42,4,0
TEL-12256,2026-04,3.21,141,0.7,13,321.14,3,0
TEL-12256,2026-05,2.79,72,0.4,13,352.84,3,0
TEL-12256,2026-06,3.96,136,1.0,11,331.91,4,0
TEL-12257,2026-01,25.02,489,0.3,22,356.18,3,0
TEL-12257,2026-02,18.86,421,0.6,19,406.12,4,0
TEL-12257,2026-03,10.79,307,0.3,13,328.99,1,0
TEL-12257,2026-04,16.28,319,0.4,9,509.54,2,0
TEL-12257,2026-05,17.91,432,0.3,23,358.34,3,0
TEL-12257,2026-06,15.28,412,0.4,15,434.56,3,0
TEL-12258,2026-01,2.25,71,0.2,20,294.56,1,0
TEL-12258,2026-02,2.36,152,0.5,18,294.1,2,0
TEL-12258,2026-03,2.48,134,0.1,17,274.72,4,0
TEL-12258,2026-04,2.24,114,2.3,15,338.73,3,0
TEL-12258,2026-05,1.65,151,0.3,12,266.79,3,0
TEL-12258,2026-06,2.15,211,0.0,14,280.39,3,0
TEL-12259,2026-01,18.05,78,0.3,17,305.84,4,0
TEL-12259,2026-02,17.85,463,0.4,20,304.25,3,0
TEL-12259,2026-03,14.77,382,1.7,24,211.57,4,0
TEL-12259,2026-04,17.5,409,0.7,18,275.61,3,0
TEL-12259,2026-05,22.81,335,0.8,17,296.22,3,0
TEL-12259,2026-06,11.45,490,1.1,18,285.53,1,0
TEL-12260,2026-01,4.63,126,1.3,8,302.78,4,0
TEL-12260,2026-02,4.56,87,0.4,7,334.07,2,0
TEL-12260,2026-03,3.44,134,2.0,8,349.5,4,0
TEL-12260,2026-04,1.92,163,0.2,2,320.94,2,0
TEL-12260,2026-05,4.44,79,1.9,9,362.4,3,0
TEL-12260,2026-06,5.11,110,0.5,4,388.25,3,0
TEL-12261,2026-01,2.78,48,0.1,19,263.62,1,0
TEL-12261,2026-02,3.95,267,0.1,14,234.94,3,0
TEL-12261,2026-03,3.54,119,0.7,13,250.39,4,0
TEL-12261,2026-04,3.15,264,1.7,10,248.25,1,0
TEL-12261,2026-05,2.91,170,1.0,10,280.7,4,0
TEL-12261,2026-06,3.8,172,0.4,19,196.62,3,0
TEL-12262,2026-01,5.75,106,1.0,4,76.9,1,0
TEL-12262,2026-02,5.01,74,1.6,2,73.62,4,0
TEL-12262,2026-03,5.48,90,0.1,6,93.95,4,0
TEL-12262,2026-04,5.14,84,0.3,5,83.19,2,0
TEL-12262,2026-05,3.79,59,0.2,6,83.79,1,0
TEL-12262,2026-06,2.54,100,0.9,5,81.07,3,0
TEL-12263,2026-01,30.55,137,9.6,3,776.14,4,0
TEL-12263,2026-02,31.91,78,9.3,2,682.49,3,0
TEL-12263,2026-03,30.27,164,22.1,6,608.96,1,0
TEL-12263,2026-04,37.5,144,3.0,5,841.52,4,0
TEL-12263,2026-05,27.62,203,14.2,2,757.08,2,0
TEL-12263,2026-06,33.6,139,21.7,3,649.58,4,0
TEL-12264,2026-01,23.73,238,1.1,4,335.8,4,0
TEL-12264,2026-02,19.31,179,3.6,5,278.94,3,0
TEL-12264,2026-03,22.89,178,0.7,11,315.19,2,0
TEL-12264,2026-04,24.51,219,0.5,14,259.43,3,0
TEL-12264,2026-05,25.14,49,0.2,6,326.2,2,0
TEL-12264,2026-06,18.08,122,0.1,5,295.32,4,0
TEL-12265,2026-01,1.82,119,6.0,10,291.5,1,0
TEL-12265,2026-02,2.33,114,1.0,3,312.73,4,0
TEL-12265,2026-03,2.48,96,1.1,4,273.09,4,0
TEL-12265,2026-04,1.64,117,2.3,11,286.64,4,0
TEL-12265,2026-05,1.95,61,7.9,5,279.49,3,0
TEL-12265,2026-06,2.31,138,6.4,11,301.94,4,0
TEL-12266,2026-01,14.23,349,0.6,6,183.66,3,0
TEL-12266,2026-02,18.43,532,0.7,14,227.77,4,0
TEL-12266,2026-03,25.69,248,0.4,14,239.63,1,0
TEL-12266,2026-04,14.62,271,2.3,9,223.94,2,0
TEL-12266,2026-05,16.56,426,0.6,9,229.98,4,0
TEL-12266,2026-06,22.57,351,2.6,13,227.33,1,0
TEL-12267,2026-01,11.6,213,0.4,8,168.97,4,0
TEL-12267,2026-02,6.89,196,0.7,11,242.03,3,0
TEL-12267,2026-03,10.92,185,0.4,8,193.16,3,0
TEL-12267,2026-04,8.53,114,0.4,9,184.67,1,0
TEL-12267,2026-05,11.62,197,0.3,9,217.44,4,0
TEL-12267,2026-06,11.25,240,0.6,9,219.97,2,0
TEL-12268,2026-01,4.59,324,0.2,19,238.98,2,0
TEL-12268,2026-02,13.21,345,1.4,17,255.38,4,0
TEL-12268,2026-03,11.82,374,0.0,12,259.38,2,0
TEL-12268,2026-04,11.14,502,0.2,17,247.69,1,0
TEL-12268,2026-05,12.27,472,2.5,12,228.04,1,0
TEL-12268,2026-06,12.57,364,0.6,21,278.3,1,0
TEL-12269,2026-01,27.41,628,1.3,20,313.96,2,0
TEL-12269,2026-02,16.63,381,1.7,15,235.42,2,0
TEL-12269,2026-03,26.68,380,0.2,29,332.04,4,0
TEL-12269,2026-04,15.1,347,0.6,18,287.77,1,0
TEL-12269,2026-05,27.68,469,2.0,30,266.59,3,0
TEL-12269,2026-06,21.6,509,0.5,19,331.51,2,0
TEL-12270,2026-01,3.93,125,0.1,10,153.17,2,0
TEL-12270,2026-02,3.65,90,0.2,11,175.8,3,0
TEL-12270,2026-03,3.08,124,1.7,3,149.73,1,0
TEL-12270,2026-04,3.82,88,0.9,8,153.16,1,0
TEL-12270,2026-05,4.43,118,0.2,9,145.96,1,0
TEL-12270,2026-06,3.98,135,0.2,17,156.79,1,0
TEL-12271,2026-01,11.67,337,0.7,22,375.74,3,0
TEL-12271,2026-02,8.72,272,0.9,21,400.69,4,0
TEL-12271,2026-03,10.14,332,0.2,24,405.53,1,0
TEL-12271,2026-04,7.89,459,0.2,25,349.41,4,0
TEL-12271,2026-05,8.0,143,4.5,19,364.76,2,0
TEL-12271,2026-06,7.36,442,1.2,21,357.6,4,0
TEL-12272,2026-01,2.8,269,1.0,33,150.54,4,0
TEL-12272,2026-02,1.82,271,1.0,28,107.39,4,0
TEL-12272,2026-03,1.92,256,0.6,24,147.09,2,0
TEL-12272,2026-04,2.47,304,0.6,29,136.23,2,0
TEL-12272,2026-05,2.75,324,0.0,37,129.05,3,0
TEL-12272,2026-06,1.86,325,0.0,29,129.43,1,0
TEL-12273,2026-01,21.29,331,0.1,5,352.37,2,0
TEL-12273,2026-02,26.43,359,0.2,11,307.26,3,0
TEL-12273,2026-03,26.68,225,0.1,5,386.01,2,0
TEL-12273,2026-04,24.17,431,0.7,6,405.38,2,0
TEL-12273,2026-05,30.67,369,0.1,7,362.66,3,0
TEL-12273,2026-06,18.26,471,2.5,5,389.16,4,0
TEL-12274,2026-01,19.42,279,0.7,17,247.74,3,0
TEL-12274,2026-02,17.38,358,0.2,18,269.9,3,0
TEL-12274,2026-03,15.25,335,1.4,21,262.17,4,0
TEL-12274,2026-04,15.56,382,0.1,15,310.58,2,0
TEL-12274,2026-05,11.61,311,0.7,19,239.05,2,0
TEL-12274,2026-06,12.3,418,2.2,12,296.62,3,0
TEL-12275,2026-01,1.78,180,0.1,11,325.27,2,0
TEL-12275,2026-02,1.97,111,1.7,18,291.36,4,0
TEL-12275,2026-03,2.0,114,0.6,8,279.5,2,0
TEL-12275,2026-04,1.99,109,0.6,9,290.49,3,0
TEL-12275,2026-05,1.7,127,0.6,9,295.2,1,0
TEL-12275,2026-06,2.03,199,0.8,17,278.04,3,0
TEL-12276,2026-01,2.87,198,0.2,49,290.65,4,0
TEL-12276,2026-02,3.22,253,0.9,49,246.75,2,0
TEL-12276,2026-03,3.47,647,1.0,46,267.57,1,0
TEL-12276,2026-04,3.24,173,0.7,49,251.73,1,0
TEL-12276,2026-05,2.32,704,2.5,49,312.98,4,0
TEL-12276,2026-06,3.1,526,0.3,54,287.97,1,0
TEL-12277,2026-01,24.03,51,0.1,3,476.89,4,0
TEL-12277,2026-02,24.85,88,1.5,5,623.06,1,0
TEL-12277,2026-03,28.19,86,1.0,3,574.79,2,0
TEL-12277,2026-04,31.45,58,1.0,6,526.73,4,0
TEL-12277,2026-05,28.33,62,0.0,3,472.2,3,0
TEL-12277,2026-06,16.45,60,0.4,4,457.22,2,0
TEL-12278,2026-01,3.54,185,0.4,6,285.35,2,0
TEL-12278,2026-02,3.14,157,1.2,11,277.14,3,0
TEL-12278,2026-03,2.22,202,0.2,5,287.52,1,0
TEL-12278,2026-04,4.07,157,0.7,12,312.24,3,0
TEL-12278,2026-05,2.55,116,1.2,8,303.41,4,0
TEL-12278,2026-06,3.21,190,1.2,6,328.31,4,0
TEL-12279,2026-01,4.81,172,0.6,2,243.67,2,0
TEL-12279,2026-02,5.21,195,1.1,8,259.59,4,0
TEL-12279,2026-03,4.22,136,0.2,2,285.14,4,0
TEL-12279,2026-04,3.96,158,0.3,3,243.62,1,0
TEL-12279,2026-05,3.68,110,0.1,6,212.33,1,0
TEL-12279,2026-06,5.54,221,1.0,8,208.69,4,0
TEL-12280,2026-01,4.31,139,1.4,7,236.53,4,0
TEL-12280,2026-02,3.3,244,0.2,5,225.09,2,0
TEL-12280,2026-03,2.86,157,0.2,17,272.02,4,0
TEL-12280,2026-04,3.48,135,1.5,10,243.5,1,0
TEL-12280,2026-05,3.06,144,0.8,15,211.23,3,0
TEL-12280,2026-06,3.45,153,0.4,12,255.12,4,0
TEL-12281,2026-01,3.42,133,20.7,8,413.57,3,0
TEL-12281,2026-02,4.12,180,49.6,13,436.92,1,0
TEL-12281,2026-03,4.53,169,0.6,14,402.33,3,0
TEL-12281,2026-04,3.97,117,4.7,11,471.14,1,0
TEL-12281,2026-05,3.06,107,19.2,11,425.13,2,0
TEL-12281,2026-06,3.06,145,14.6,9,406.79,1,0
TEL-12282,2026-01,26.41,226,1.6,6,556.52,4,0
TEL-12282,2026-02,34.96,271,0.5,7,597.66,1,0
TEL-12282,2026-03,23.88,182,1.0,10,453.69,3,0
TEL-12282,2026-04,20.62,189,0.4,8,590.49,3,0
TEL-12282,2026-05,28.45,290,0.3,12,541.85,2,0
TEL-12282,2026-06,32.67,265,0.1,5,519.33,1,0
TEL-12283,2026-01,2.3,607,0.8,51,203.01,1,0
TEL-12283,2026-02,2.02,278,1.2,52,254.69,1,0
TEL-12283,2026-03,2.6,236,0.1,47,216.8,1,0
TEL-12283,2026-04,2.44,372,0.2,42,223.55,3,0
TEL-12283,2026-05,2.74,421,0.3,44,242.56,1,0
TEL-12283,2026-06,1.98,486,0.3,49,219.42,2,0
TEL-12284,2026-01,4.92,108,0.2,9,253.19,1,0
TEL-12284,2026-02,4.52,129,1.2,8,257.14,4,0
TEL-12284,2026-03,5.66,114,0.0,8,222.98,1,0
TEL-12284,2026-04,3.95,140,0.6,13,293.24,1,0
TEL-12284,2026-05,5.09,127,1.6,15,310.49,4,0
TEL-12284,2026-06,5.78,128,0.2,7,266.18,4,0
TEL-12285,2026-01,3.43,111,0.4,7,153.88,4,0
TEL-12285,2026-02,2.25,162,0.1,13,163.31,3,0
TEL-12285,2026-03,4.79,182,2.0,14,140.53,1,0
TEL-12285,2026-04,3.19,110,0.2,15,160.09,4,0
TEL-12285,2026-05,2.95,179,1.3,16,127.65,3,0
TEL-12285,2026-06,3.76,74,0.8,3,138.81,3,0
TEL-12286,2026-01,3.76,132,0.5,10,144.78,4,0
TEL-12286,2026-02,5.73,126,2.9,10,152.3,4,0
TEL-12286,2026-03,5.77,129,0.7,11,138.12,1,0
TEL-12286,2026-04,4.7,108,0.7,10,126.76,4,0
TEL-12286,2026-05,3.55,120,1.9,11,155.28,1,0
TEL-12286,2026-06,3.07,122,2.3,8,135.82,4,0
TEL-12287,2026-01,6.37,144,1.8,16,327.66,1,0
TEL-12287,2026-02,3.35,92,1.2,23,308.81,3,0
TEL-12287,2026-03,5.81,103,0.9,22,297.03,2,0
TEL-12287,2026-04,4.55,134,2.1,24,305.81,3,0
TEL-12287,2026-05,5.66,82,0.3,27,320.55,1,0
TEL-12287,2026-06,5.59,30,1.2,16,371.19,3,0
TEL-12288,2026-01,26.33,603,1.1,15,338.1,2,0
TEL-12288,2026-02,23.36,503,0.0,14,331.22,3,0
TEL-12288,2026-03,30.49,453,0.2,22,367.16,3,0
TEL-12288,2026-04,19.17,339,0.3,9,354.8,4,0
TEL-12288,2026-05,28.11,375,1.0,9,373.31,2,0
TEL-12288,2026-06,27.73,525,3.6,14,339.32,2,0
TEL-12289,2026-01,20.78,373,3.1,25,310.79,3,0
TEL-12289,2026-02,17.24,466,1.0,20,224.27,3,0
TEL-12289,2026-03,22.98,354,0.2,10,246.29,1,0
TEL-12289,2026-04,16.07,473,0.4,22,205.36,2,0
TEL-12289,2026-05,16.77,430,1.3,18,255.78,3,0
TEL-12289,2026-06,16.9,441,0.2,25,312.68,2,0
TEL-12290,2026-01,2.72,172,0.8,9,60.0,3,0
TEL-12290,2026-02,1.57,174,0.4,4,67.46,4,0
TEL-12290,2026-03,1.45,137,0.5,7,60.0,1,0
TEL-12290,2026-04,1.65,142,0.3,7,62.87,3,0
TEL-12290,2026-05,2.07,145,0.6,11,60.0,4,0
TEL-12290,2026-06,2.95,125,0.5,5,74.15,3,0
TEL-12291,2026-01,12.89,334,1.1,18,232.99,4,0
TEL-12291,2026-02,20.42,376,1.3,17,260.34,3,0
TEL-12291,2026-03,9.16,346,0.0,14,260.65,4,0
TEL-12291,2026-04,14.1,349,0.2,11,276.14,2,0
TEL-12291,2026-05,9.96,310,0.1,14,269.79,4,0
TEL-12291,2026-06,14.0,566,0.4,14,226.53,2,0
TEL-12292,2026-01,18.65,232,1.3,14,542.13,4,0
TEL-12292,2026-02,22.21,336,12.7,11,415.63,3,0
TEL-12292,2026-03,14.63,236,2.7,8,435.03,4,0
TEL-12292,2026-04,18.56,252,7.6,10,533.06,3,0
TEL-12292,2026-05,24.75,257,13.2,12,539.61,4,0
TEL-12292,2026-06,19.52,220,5.1,3,532.87,1,0
TEL-12293,2026-01,30.01,194,0.2,2,455.45,3,0
TEL-12293,2026-02,22.71,123,0.1,4,398.72,3,0
TEL-12293,2026-03,22.08,110,0.2,7,408.77,4,0
TEL-12293,2026-04,33.33,243,0.4,3,403.1,1,0
TEL-12293,2026-05,17.76,170,0.7,5,403.46,1,0
TEL-12293,2026-06,15.01,140,0.3,1,489.9,3,0
TEL-12294,2026-01,5.19,151,0.2,7,139.75,2,0
TEL-12294,2026-02,6.4,183,0.2,9,168.0,1,0
TEL-12294,2026-03,6.38,185,1.4,9,155.4,4,0
TEL-12294,2026-04,4.62,160,0.4,6,138.44,1,0
TEL-12294,2026-05,4.11,208,0.8,9,165.34,4,0
TEL-12294,2026-06,5.4,94,0.4,11,148.58,3,0
TEL-12295,2026-01,26.21,356,0.2,19,311.78,1,0
TEL-12295,2026-02,19.41,274,0.6,19,367.22,1,0
TEL-12295,2026-03,17.95,403,0.3,17,282.47,3,0
TEL-12295,2026-04,14.93,449,0.9,23,348.35,3,0
TEL-12295,2026-05,23.73,434,0.1,27,379.16,1,0
TEL-12295,2026-06,18.04,506,0.5,21,358.14,2,0
TEL-12296,2026-01,1.98,103,2.5,6,305.76,3,0
TEL-12296,2026-02,2.46,185,13.7,14,280.55,2,0
TEL-12296,2026-03,1.83,140,25.9,8,317.57,1,0
TEL-12296,2026-04,2.98,203,14.1,14,333.02,4,0
TEL-12296,2026-05,1.63,113,0.6,4,407.09,1,0
TEL-12296,2026-06,2.45,164,7.0,5,286.49,4,0
TEL-12297,2026-01,9.24,271,0.8,14,190.19,3,0
TEL-12297,2026-02,8.92,233,0.5,5,243.29,1,0
TEL-12297,2026-03,8.95,306,1.7,18,225.33,2,0
TEL-12297,2026-04,11.95,164,0.3,17,250.67,3,0
TEL-12297,2026-05,13.77,194,0.6,14,219.89,4,0
TEL-12297,2026-06,9.98,351,3.5,21,247.47,1,0
TEL-12298,2026-01,23.95,252,1.4,1,477.47,1,0
TEL-12298,2026-02,54.53,255,0.2,7,453.87,3,0
TEL-12298,2026-03,27.77,263,0.4,6,503.89,2,0
TEL-12298,2026-04,33.81,308,0.4,6,445.35,2,0
TEL-12298,2026-05,33.47,313,0.5,3,418.9,1,0
TEL-12298,2026-06,17.58,214,0.7,5,512.9,4,0
TEL-12299,2026-01,2.35,411,0.6,48,240.17,1,0
TEL-12299,2026-02,2.22,437,1.1,30,275.76,3,0
TEL-12299,2026-03,3.68,334,0.2,44,297.68,1,0
TEL-12299,2026-04,1.87,350,0.3,35,259.14,1,0
TEL-12299,2026-05,2.15,320,0.1,45,271.45,3,0
TEL-12299,2026-06,1.85,378,0.2,40,290.1,3,0
TEL-12300,2026-01,3.91,276,0.5,8,340.43,4,0
TEL-12300,2026-02,4.12,149,0.1,11,341.25,1,0
TEL-12300,2026-03,5.22,240,0.4,5,338.48,4,0
TEL-12300,2026-04,3.81,155,0.0,15,278.73,4,0
TEL-12300,2026-05,5.98,254,0.3,5,336.51,1,0
TEL-12300,2026-06,3.98,235,1.2,9,333.9,2,0
TEL-12301,2026-01,5.52,210,0.8,5,314.72,1,0
TEL-12301,2026-02,5.2,146,0.1,3,316.76,1,0
TEL-12301,2026-03,3.74,172,1.1,8,293.13,1,0
TEL-12301,2026-04,4.83,170,0.9,11,278.16,3,0
TEL-12301,2026-05,4.62,211,0.6,9,296.34,3,0
TEL-12301,2026-06,5.14,181,0.8,6,316.71,2,0
TEL-12302,2026-01,46.24,104,1.2,12,452.59,2,0
TEL-12302,2026-02,23.46,173,0.0,8,359.08,2,0
TEL-12302,2026-03,49.88,121,3.0,9,424.33,2,0
TEL-12302,2026-04,33.04,299,1.2,8,445.02,2,0
TEL-12302,2026-05,38.07,224,1.3,8,365.84,1,0
TEL-12302,2026-06,29.34,160,0.6,6,439.43,1,0
TEL-12303,2026-01,37.01,165,0.4,9,292.31,3,0
TEL-12303,2026-02,36.85,101,2.1,7,299.51,4,0
TEL-12303,2026-03,32.09,97,0.5,7,322.3,2,0
TEL-12303,2026-04,54.72,88,0.5,11,374.94,3,0
TEL-12303,2026-05,37.62,124,1.2,13,376.23,4,0
TEL-12303,2026-06,33.86,89,0.4,6,393.36,2,0
TEL-12304,2026-01,17.94,342,0.4,9,260.33,1,0
TEL-12304,2026-02,19.76,220,0.4,14,245.31,1,0
TEL-12304,2026-03,19.46,474,2.2,13,280.96,4,0
TEL-12304,2026-04,27.9,337,0.5,9,245.76,3,0
TEL-12304,2026-05,18.01,232,1.9,11,257.78,1,0
TEL-12304,2026-06,18.09,484,0.1,9,291.39,2,0
TEL-12305,2026-01,8.51,349,0.9,15,335.75,1,0
TEL-12305,2026-02,11.34,238,0.7,13,346.27,4,0
TEL-12305,2026-03,16.3,231,0.2,13,384.42,3,0
TEL-12305,2026-04,16.57,409,0.4,7,322.26,3,0
TEL-12305,2026-05,11.92,360,0.1,13,344.21,3,0
TEL-12305,2026-06,16.58,199,0.1,15,316.76,4,0
TEL-12306,2026-01,3.67,157,0.5,7,311.93,2,0
TEL-12306,2026-02,4.06,147,0.5,5,292.3,1,0
TEL-12306,2026-03,3.8,157,0.5,14,310.18,4,0
TEL-12306,2026-04,4.33,168,0.2,7,283.43,4,0
TEL-12306,2026-05,3.96,192,1.3,9,286.39,1,0
TEL-12306,2026-06,4.12,172,2.3,2,283.78,3,0
TEL-12307,2026-01,19.77,487,5.4,13,709.51,4,0
TEL-12307,2026-02,15.67,437,1.1,7,612.51,2,0
TEL-12307,2026-03,20.33,483,15.2,7,622.25,3,0
TEL-12307,2026-04,8.49,568,3.4,7,641.48,3,0
TEL-12307,2026-05,15.81,343,3.8,6,650.94,3,0
TEL-12307,2026-06,12.04,385,8.7,6,685.44,3,0
TEL-12308,2026-01,3.17,247,0.9,5,267.13,2,0
TEL-12308,2026-02,4.17,223,0.7,8,278.4,2,0
TEL-12308,2026-03,2.18,197,0.4,9,287.54,3,0
TEL-12308,2026-04,3.53,214,0.6,10,272.61,1,0
TEL-12308,2026-05,3.22,196,0.1,12,244.3,2,0
TEL-12308,2026-06,2.55,167,0.3,8,242.78,1,0
TEL-12309,2026-01,6.61,129,0.0,7,354.03,4,0
TEL-12309,2026-02,4.39,96,0.3,2,278.69,3,0
TEL-12309,2026-03,5.59,86,1.9,4,241.62,4,0
TEL-12309,2026-04,5.89,101,0.0,2,332.9,3,0
TEL-12309,2026-05,5.63,108,1.1,7,328.95,4,0
TEL-12309,2026-06,4.75,66,1.0,3,326.62,2,0
TEL-12310,2026-01,20.65,201,0.0,24,390.26,2,0
TEL-12310,2026-02,13.0,262,0.3,21,435.68,3,0
TEL-12310,2026-03,20.91,198,1.6,14,421.2,4,0
TEL-12310,2026-04,23.48,312,0.2,21,388.63,3,0
TEL-12310,2026-05,8.82,394,0.8,24,385.82,4,0
TEL-12310,2026-06,25.33,197,0.6,22,356.59,4,0
TEL-12311,2026-01,15.89,435,0.6,17,241.37,4,0
TEL-12311,2026-02,9.26,279,0.5,18,279.25,4,0
TEL-12311,2026-03,10.46,566,0.0,18,235.81,4,0
TEL-12311,2026-04,13.64,521,0.0,16,259.19,2,0
TEL-12311,2026-05,10.68,520,0.1,10,303.25,1,0
TEL-12311,2026-06,10.77,495,0.1,15,289.31,2,0
TEL-12312,2026-01,3.81,93,0.1,13,251.57,1,0
TEL-12312,2026-02,4.7,225,0.9,14,274.35,3,0
TEL-12312,2026-03,5.41,184,0.6,8,220.99,1,0
TEL-12312,2026-04,2.92,154,1.2,7,225.96,1,0
TEL-12312,2026-05,2.45,177,0.2,10,239.74,1,0
TEL-12312,2026-06,3.11,166,0.2,15,248.95,1,0
TEL-12313,2026-01,23.38,526,8.0,10,536.96,1,0
TEL-12313,2026-02,19.81,458,5.8,7,539.56,3,0
TEL-12313,2026-03,18.93,514,8.4,10,505.41,3,0
TEL-12313,2026-04,24.47,457,9.1,11,564.72,1,0
TEL-12313,2026-05,18.78,473,22.4,9,597.67,3,0
TEL-12313,2026-06,22.77,667,14.7,11,462.07,4,0
TEL-12314,2026-01,33.49,413,0.3,20,418.07,1,0
TEL-12314,2026-02,31.45,392,1.7,20,369.11,3,0
TEL-12314,2026-03,30.33,297,0.6,19,402.86,2,0
TEL-12314,2026-04,31.04,276,0.5,19,378.22,4,0
TEL-12314,2026-05,19.18,357,0.4,22,444.09,4,0
TEL-12314,2026-06,21.07,269,0.4,22,360.11,2,0
TEL-12315,2026-01,18.34,426,0.2,16,386.73,3,0
TEL-12315,2026-02,11.31,129,1.5,5,366.21,1,0
TEL-12315,2026-03,14.92,435,1.4,7,371.45,2,0
TEL-12315,2026-04,15.98,436,1.2,10,357.62,1,0
TEL-12315,2026-05,13.76,386,1.3,10,384.41,4,0
TEL-12315,2026-06,16.8,313,0.6,10,351.16,4,0
TEL-12316,2026-01,3.36,125,0.6,7,90.64,4,0
TEL-12316,2026-02,5.0,144,0.2,8,100.17,4,0
TEL-12316,2026-03,2.75,114,0.6,9,84.98,4,0
TEL-12316,2026-04,3.37,128,1.0,8,75.08,2,0
TEL-12316,2026-05,3.72,87,1.1,8,85.53,3,0
TEL-12316,2026-06,3.08,162,0.3,9,93.13,4,0
TEL-12317,2026-01,13.17,595,0.3,13,186.44,2,0
TEL-12317,2026-02,6.58,466,1.1,12,208.44,3,0
TEL-12317,2026-03,14.76,273,0.8,7,148.22,4,0
TEL-12317,2026-04,9.0,350,1.5,13,192.71,1,0
TEL-12317,2026-05,12.1,327,0.8,12,235.89,1,0
TEL-12317,2026-06,12.79,497,1.8,7,252.16,3,0
TEL-12318,2026-01,3.01,104,0.6,8,145.55,1,0
TEL-12318,2026-02,3.7,101,0.2,13,159.79,4,0
TEL-12318,2026-03,4.45,87,0.2,1,123.55,2,0
TEL-12318,2026-04,3.07,98,0.2,14,130.79,3,0
TEL-12318,2026-05,4.82,92,1.6,7,106.62,4,0
TEL-12318,2026-06,5.47,127,1.1,7,141.12,2,0
TEL-12319,2026-01,4.19,92,0.8,12,133.78,1,0
TEL-12319,2026-02,4.03,73,2.0,11,137.09,1,0
TEL-12319,2026-03,2.25,38,0.6,2,138.16,4,0
TEL-12319,2026-04,3.36,115,1.3,6,133.01,1,0
TEL-12319,2026-05,4.06,88,1.8,6,120.15,2,0
TEL-12319,2026-06,3.33,101,0.4,14,134.86,1,0
TEL-12320,2026-01,2.17,197,0.8,8,280.22,4,0
TEL-12320,2026-02,2.88,171,1.0,6,240.34,3,0
TEL-12320,2026-03,2.73,262,0.4,11,194.9,1,0
TEL-12320,2026-04,4.36,196,0.3,11,253.23,4,0
TEL-12320,2026-05,2.84,173,0.4,7,289.72,4,0
TEL-12320,2026-06,2.65,321,0.5,5,242.12,3,0
TEL-12321,2026-01,21.55,279,0.0,5,452.63,4,0
TEL-12321,2026-02,33.21,235,0.9,5,546.49,2,0
TEL-12321,2026-03,33.1,239,0.1,6,490.7,3,0
TEL-12321,2026-04,16.81,247,1.8,7,433.57,4,0
TEL-12321,2026-05,26.08,210,0.3,6,468.54,3,0
TEL-12321,2026-06,22.5,230,0.5,8,464.18,1,0
TEL-12322,2026-01,3.08,88,2.1,14,286.4,2,0
TEL-12322,2026-02,3.5,138,0.1,17,306.22,1,0
TEL-12322,2026-03,4.41,137,0.8,7,318.67,3,0
TEL-12322,2026-04,3.51,72,0.5,13,325.17,3,0
TEL-12322,2026-05,5.23,69,0.2,12,297.44,2,0
TEL-12322,2026-06,5.06,186,0.1,15,310.41,3,0
TEL-12323,2026-01,46.91,132,0.1,12,566.78,3,0
TEL-12323,2026-02,38.75,264,0.5,10,545.09,3,0
TEL-12323,2026-03,41.75,237,0.4,6,694.89,1,0
TEL-12323,2026-04,52.51,154,1.1,13,619.6,2,0
TEL-12323,2026-05,43.7,232,0.1,15,760.64,2,0
TEL-12323,2026-06,49.63,214,1.1,9,702.79,1,0
TEL-12324,2026-01,16.68,304,0.0,12,425.64,1,0
TEL-12324,2026-02,20.97,242,0.3,17,423.36,2,0
TEL-12324,2026-03,29.55,369,0.0,14,398.73,2,0
TEL-12324,2026-04,13.81,219,0.2,21,458.7,4,0
TEL-12324,2026-05,17.9,312,0.6,19,366.5,4,0
TEL-12324,2026-06,20.93,323,0.4,13,453.46,4,0
TEL-12325,2026-01,1.65,318,0.5,6,83.25,2,0
TEL-12325,2026-02,1.33,256,1.1,5,66.53,4,0
TEL-12325,2026-03,1.25,245,0.5,8,99.97,1,0
TEL-12325,2026-04,2.13,169,1.2,10,77.44,1,0
TEL-12325,2026-05,1.99,185,0.1,8,88.51,4,0
TEL-12325,2026-06,1.97,202,1.1,9,71.34,2,0
TEL-12326,2026-01,9.74,212,0.7,22,194.45,2,0
TEL-12326,2026-02,9.72,261,0.7,21,202.27,3,0
TEL-12326,2026-03,12.57,350,1.6,24,236.56,2,0
TEL-12326,2026-04,12.37,262,0.4,19,235.91,4,0
TEL-12326,2026-05,8.38,347,0.1,22,224.46,2,0
TEL-12326,2026-06,13.01,317,0.9,19,203.95,1,0
TEL-12327,2026-01,0.94,577,0.4,30,226.32,3,0
TEL-12327,2026-02,1.04,554,1.8,28,274.48,4,0
TEL-12327,2026-03,0.87,634,0.1,29,229.54,3,0
TEL-12327,2026-04,1.29,770,1.0,33,272.31,1,0
TEL-12327,2026-05,1.06,455,0.0,38,253.27,3,0
TEL-12327,2026-06,0.97,529,0.9,27,235.35,1,0
TEL-12328,2026-01,2.32,306,1.0,39,94.78,2,0
TEL-12328,2026-02,2.16,129,1.4,43,114.89,4,0
TEL-12328,2026-03,1.64,207,0.1,40,98.84,4,0
TEL-12328,2026-04,1.86,190,0.1,46,97.59,4,0
TEL-12328,2026-05,1.6,271,0.1,46,96.07,2,0
TEL-12328,2026-06,1.85,233,0.0,46,95.61,4,0
TEL-12329,2026-01,9.85,177,0.3,10,259.85,1,0
TEL-12329,2026-02,10.41,172,1.3,12,276.62,1,0
TEL-12329,2026-03,12.32,226,1.3,10,294.99,1,0
TEL-12329,2026-04,6.85,244,0.8,8,325.96,1,0
TEL-12329,2026-05,9.81,279,0.1,3,276.48,2,0
TEL-12329,2026-06,7.65,255,0.5,13,283.26,3,0
TEL-12330,2026-01,8.06,390,1.0,18,172.89,4,0
TEL-12330,2026-02,12.44,451,0.1,11,207.41,2,0
TEL-12330,2026-03,6.85,357,0.8,13,187.34,4,0
TEL-12330,2026-04,6.38,319,0.2,14,176.64,2,0
TEL-12330,2026-05,7.83,302,0.5,12,177.21,2,0
TEL-12330,2026-06,11.29,242,0.7,9,166.17,3,0
TEL-12331,2026-01,2.23,838,0.8,24,526.87,4,0
TEL-12331,2026-02,2.34,715,0.3,24,482.1,1,0
TEL-12331,2026-03,2.07,716,0.9,38,531.84,1,0
TEL-12331,2026-04,1.66,717,1.4,33,461.76,2,0
TEL-12331,2026-05,2.25,672,0.4,33,616.66,2,0
TEL-12331,2026-06,1.63,945,0.4,34,496.93,1,0
TEL-12332,2026-01,16.86,282,0.1,23,0.0,1,0
TEL-12332,2026-02,13.98,269,1.3,12,258.29,4,0
TEL-12332,2026-03,11.27,199,2.9,20,220.19,2,0
TEL-12332,2026-04,17.42,274,0.4,27,222.22,2,0
TEL-12332,2026-05,13.28,232,0.2,17,233.25,2,0
TEL-12332,2026-06,10.39,288,2.2,17,234.6,3,0
TEL-12333,2026-01,38.0,34,4.0,12,793.13,2,0
TEL-12333,2026-02,39.72,146,0.1,5,635.26,2,0
TEL-12333,2026-03,56.81,144,22.5,12,704.84,2,0
TEL-12333,2026-04,64.68,156,4.3,12,639.42,2,0
TEL-12333,2026-05,51.46,157,14.9,17,701.84,2,0
TEL-12333,2026-06,48.64,114,4.5,10,702.72,2,0
TEL-12334,2026-01,20.47,331,0.3,5,262.07,4,0
TEL-12334,2026-02,26.9,254,0.4,6,291.96,3,0
TEL-12334,2026-03,24.56,446,2.6,7,283.18,3,0
TEL-12334,2026-04,24.17,304,0.2,8,261.94,1,0
TEL-12334,2026-05,13.2,334,3.4,2,278.55,2,0
TEL-12334,2026-06,13.45,213,2.6,1,335.12,2,0
TEL-12335,2026-01,2.7,209,9.9,29,441.72,3,0
TEL-12335,2026-02,3.63,313,7.1,30,281.59,4,0
TEL-12335,2026-03,3.85,318,2.0,36,361.13,2,0
TEL-12335,2026-04,3.43,293,31.1,33,356.41,1,0
TEL-12335,2026-05,3.44,351,42.1,32,401.88,3,0
TEL-12335,2026-06,2.01,335,2.9,35,345.43,4,0
TEL-12336,2026-01,10.79,214,12.5,6,516.56,4,0
TEL-12336,2026-02,7.47,219,12.9,9,650.85,4,0
TEL-12336,2026-03,18.7,258,9.0,8,549.95,4,0
TEL-12336,2026-04,19.76,275,22.9,10,621.11,3,0
TEL-12336,2026-05,18.81,240,13.8,3,480.94,2,0
TEL-12336,2026-06,20.07,290,5.0,10,587.15,4,0
TEL-12337,2026-01,3.11,155,0.6,11,171.58,2,0
TEL-12337,2026-02,2.48,172,1.9,9,177.67,2,0
TEL-12337,2026-03,5.13,149,0.5,6,157.96,4,0
TEL-12337,2026-04,2.61,135,0.8,13,147.66,2,0
TEL-12337,2026-05,4.05,150,0.4,5,162.45,4,0
TEL-12337,2026-06,4.44,194,1.1,7,174.31,3,0
TEL-12338,2026-01,13.16,217,0.2,9,299.87,2,0
TEL-12338,2026-02,10.42,318,0.8,13,232.21,3,0
TEL-12338,2026-03,16.71,405,0.7,8,286.66,1,0
TEL-12338,2026-04,12.17,373,0.6,10,226.59,4,0
TEL-12338,2026-05,13.09,218,0.4,10,263.14,3,0
TEL-12338,2026-06,12.55,246,0.6,10,242.32,1,0
TEL-12339,2026-01,4.22,215,0.4,18,340.09,1,0
TEL-12339,2026-02,3.06,256,1.4,8,309.55,4,0
TEL-12339,2026-03,5.98,147,0.2,9,338.82,1,0
TEL-12339,2026-04,7.54,263,0.6,11,356.75,3,0
TEL-12339,2026-05,3.77,270,1.5,8,376.96,2,0
TEL-12339,2026-06,4.91,204,1.1,10,346.26,4,0
TEL-12340,2026-01,17.41,195,0.7,15,302.76,2,0
TEL-12340,2026-02,18.76,228,1.2,15,246.72,1,0
TEL-12340,2026-03,29.67,139,0.6,21,239.85,2,0
TEL-12340,2026-04,23.23,306,0.2,10,247.18,4,0
TEL-12340,2026-05,19.52,137,1.8,11,254.24,3,0
TEL-12340,2026-06,13.37,153,0.7,13,331.06,4,0
TEL-12341,2026-01,27.4,207,1.8,4,479.19,4,0
TEL-12341,2026-02,30.01,231,0.3,1,482.8,3,0
TEL-12341,2026-03,41.07,366,3.2,1,428.61,2,0
TEL-12341,2026-04,35.07,251,0.9,4,549.65,1,0
TEL-12341,2026-05,40.93,323,0.6,6,460.03,4,0
TEL-12341,2026-06,39.95,382,0.3,4,490.2,4,0
TEL-12342,2026-01,38.04,250,1.5,2,597.41,3,0
TEL-12342,2026-02,51.86,198,0.4,0,714.76,1,0
TEL-12342,2026-03,39.15,254,0.2,1,649.15,3,0
TEL-12342,2026-04,37.59,317,0.5,0,648.25,1,0
TEL-12342,2026-05,37.33,179,0.3,1,653.02,4,0
TEL-12342,2026-06,39.19,128,0.2,3,574.86,1,0
TEL-12343,2026-01,2.4,841,1.5,37,224.79,1,0
TEL-12343,2026-02,2.69,771,0.7,26,183.87,4,0
TEL-12343,2026-03,2.23,776,0.4,31,229.73,4,0
TEL-12343,2026-04,1.46,674,0.7,21,174.85,1,0
TEL-12343,2026-05,2.7,606,0.3,32,215.6,4,0
TEL-12343,2026-06,1.59,1016,2.5,31,213.73,1,0
TEL-12344,2026-01,4.41,102,8.0,10,498.8,1,0
TEL-12344,2026-02,2.64,147,1.4,7,532.71,3,0
TEL-12344,2026-03,3.63,195,42.7,6,490.16,2,0
TEL-12344,2026-04,6.66,117,5.2,9,580.04,3,0
TEL-12344,2026-05,6.53,212,3.5,5,439.54,1,0
TEL-12344,2026-06,4.79,195,6.8,7,520.11,2,0
TEL-12345,2026-01,2.23,351,1.3,30,249.27,2,0
TEL-12345,2026-02,1.56,464,1.2,28,269.97,4,0
TEL-12345,2026-03,2.12,449,1.7,43,258.58,1,0
TEL-12345,2026-04,2.67,521,0.1,34,255.63,2,0
TEL-12345,2026-05,3.19,456,4.3,25,300.33,3,0
TEL-12345,2026-06,2.15,693,1.0,29,231.16,2,0
TEL-12346,2026-01,23.83,170,0.5,2,505.26,4,0
TEL-12346,2026-02,19.48,161,0.2,8,540.79,3,0
TEL-12346,2026-03,20.0,196,1.5,5,476.23,1,0
TEL-12346,2026-04,27.94,209,0.9,5,476.86,3,0
TEL-12346,2026-05,21.41,160,0.2,1,467.43,1,0
TEL-12346,2026-06,24.59,141,0.8,7,459.84,1,0
TEL-12347,2026-01,25.32,332,0.1,10,434.65,2,0
TEL-12347,2026-02,16.0,234,0.4,12,437.21,1,0
TEL-12347,2026-03,8.33,242,0.6,13,451.25,2,0
TEL-12347,2026-04,13.48,285,0.3,19,449.04,2,0
TEL-12347,2026-05,18.06,241,0.4,11,494.52,2,0
TEL-12347,2026-06,15.4,316,0.5,15,369.31,4,0
TEL-12348,2026-01,3.0,367,0.1,36,283.14,2,0
TEL-12348,2026-02,4.12,336,0.1,41,213.67,1,0
TEL-12348,2026-03,3.34,355,1.4,28,244.21,4,0
TEL-12348,2026-04,2.86,196,0.0,32,221.37,3,0
TEL-12348,2026-05,1.65,256,0.1,37,269.84,2,0
TEL-12348,2026-06,2.5,474,1.0,40,246.63,2,0
TEL-12349,2026-01,6.32,321,0.7,13,287.61,1,0
TEL-12349,2026-02,7.89,308,1.0,23,223.28,2,0
TEL-12349,2026-03,6.09,360,3.0,16,213.71,3,0
TEL-12349,2026-04,4.44,485,0.9,19,241.41,4,0
TEL-12349,2026-05,6.13,411,1.4,16,282.22,3,0
TEL-12349,2026-06,8.4,248,0.4,13,248.46,4,0
TEL-12350,2026-01,38.75,357,0.3,4,487.83,1,0
TEL-12350,2026-02,43.8,310,0.1,2,596.27,3,0
TEL-12350,2026-03,43.34,279,1.7,3,512.29,1,0
TEL-12350,2026-04,45.33,300,2.5,3,418.88,2,0
TEL-12350,2026-05,31.18,198,1.0,3,492.2,4,0
TEL-12350,2026-06,56.15,277,1.1,1,563.99,2,0
TEL-12351,2026-01,1.76,1057,0.8,35,190.23,3,0
TEL-12351,2026-02,1.59,1175,2.1,24,174.06,3,0
TEL-12351,2026-03,1.45,650,2.5,33,171.68,3,0
TEL-12351,2026-04,69.58,1162,0.0,39,0.0,0,3
TEL-12351,2026-05,80.81,953,0.3,33,0.0,0,1
TEL-12351,2026-06,91.5,1030,0.7,21,0.0,0,2
TEL-12352,2026-01,17.14,228,2.3,6,512.24,4,0
TEL-12352,2026-02,26.3,231,2.3,7,455.01,2,0
TEL-12352,2026-03,15.52,281,0.8,13,521.29,3,0
TEL-12352,2026-04,27.92,229,2.1,12,481.08,2,0
TEL-12352,2026-05,14.27,253,0.1,16,403.7,3,0
TEL-12352,2026-06,11.03,279,0.1,8,495.3,3,0
TEL-12353,2026-01,20.29,431,1.0,16,505.74,2,0
TEL-12353,2026-02,11.68,322,2.6,15,543.49,3,0
TEL-12353,2026-03,23.42,441,0.8,17,506.19,2,0
TEL-12353,2026-04,23.81,457,0.8,18,425.9,3,0
TEL-12353,2026-05,18.47,549,0.7,21,417.13,3,0
TEL-12353,2026-06,22.67,424,0.1,10,516.06,1,0
TEL-12354,2026-01,19.12,256,0.1,18,244.56,1,0
TEL-12354,2026-02,12.32,426,0.1,13,222.89,1,0
TEL-12354,2026-03,17.22,409,0.5,13,227.4,2,0
TEL-12354,2026-04,14.9,367,3.4,7,185.34,4,0
TEL-12354,2026-05,15.98,545,0.2,6,205.18,4,0
TEL-12354,2026-06,18.92,533,0.3,10,227.68,1,0
TEL-12355,2026-01,2.01,587,1.4,44,253.4,2,0
TEL-12355,2026-02,2.49,657,0.8,41,272.03,4,0
TEL-12355,2026-03,1.92,562,0.4,43,226.28,3,0
TEL-12355,2026-04,1.91,663,0.0,46,225.97,3,0
TEL-12355,2026-05,2.27,582,0.8,44,295.66,1,0
TEL-12355,2026-06,1.56,751,0.9,40,255.96,4,0
TEL-12356,2026-01,17.1,289,2.6,18,503.96,2,0
TEL-12356,2026-02,19.38,374,0.4,16,501.92,3,0
TEL-12356,2026-03,18.12,312,1.9,16,465.63,2,0
TEL-12356,2026-04,18.5,232,0.4,16,454.65,2,0
TEL-12356,2026-05,13.98,293,2.0,22,511.72,2,0
TEL-12356,2026-06,24.38,256,0.0,15,360.87,2,0
TEL-12357,2026-01,2.76,279,0.1,29,287.61,2,0
TEL-12357,2026-02,3.91,505,0.2,31,322.79,3,0
TEL-12357,2026-03,2.18,406,0.5,36,415.49,2,0
TEL-12357,2026-04,2.03,302,0.9,31,313.32,1,0
TEL-12357,2026-05,1.99,464,1.6,47,267.03,4,0
TEL-12357,2026-06,2.49,406,0.3,38,239.59,1,0
TEL-12358,2026-01,26.63,314,0.1,23,243.31,4,0
TEL-12358,2026-02,24.5,383,0.7,26,273.66,2,0
TEL-12358,2026-03,20.85,332,1.1,19,317.52,1,0
TEL-12358,2026-04,21.35,339,0.3,18,309.58,1,0
TEL-12358,2026-05,18.15,433,1.7,14,269.73,3,0
TEL-12358,2026-06,31.57,424,0.2,19,332.4,2,0
TEL-12359,2026-01,9.67,197,25.9,20,592.22,1,0
TEL-12359,2026-02,7.94,257,18.5,19,493.07,3,0
TEL-12359,2026-03,8.42,314,3.7,15,526.75,1,0
TEL-12359,2026-04,8.62,99,10.5,23,454.56,3,0
TEL-12359,2026-05,5.56,214,13.8,21,429.59,1,0
TEL-12359,2026-06,9.67,249,2.6,18,456.85,1,0
TEL-12360,2026-01,12.88,290,0.4,10,230.31,2,0
TEL-12360,2026-02,13.53,380,0.2,13,260.79,2,0
TEL-12360,2026-03,17.53,315,0.9,6,242.4,3,0
TEL-12360,2026-04,17.28,281,0.2,9,235.41,4,0
TEL-12360,2026-05,11.25,252,0.5,9,248.72,3,0
TEL-12360,2026-06,8.97,90,0.7,20,263.38,1,0
TEL-12361,2026-01,25.98,265,25.8,9,484.67,2,0
TEL-12361,2026-02,19.55,154,7.2,9,435.46,1,0
TEL-12361,2026-03,21.13,191,14.0,12,425.51,1,0
TEL-12361,2026-04,16.03,209,25.4,10,410.34,2,0
TEL-12361,2026-05,20.37,196,23.7,8,437.7,4,0
TEL-12361,2026-06,12.29,141,10.0,8,459.02,1,0
TEL-12362,2026-01,3.77,169,0.5,16,388.71,1,0
TEL-12362,2026-02,1.68,301,0.0,14,364.41,4,0
TEL-12362,2026-03,2.49,132,0.0,14,353.91,1,0
TEL-12362,2026-04,2.87,201,1.5,6,401.07,2,0
TEL-12362,2026-05,2.76,205,0.8,18,288.98,3,0
TEL-12362,2026-06,3.44,236,1.7,20,366.46,4,0
TEL-12363,2026-01,14.9,134,0.5,13,236.11,2,0
TEL-12363,2026-02,22.03,167,0.5,4,252.05,1,0
TEL-12363,2026-03,32.71,191,0.2,6,274.02,3,0
TEL-12363,2026-04,17.11,217,0.5,5,282.31,3,0
TEL-12363,2026-05,24.07,155,0.8,7,262.99,3,0
TEL-12363,2026-06,28.88,233,2.9,8,223.58,2,0
TEL-12364,2026-01,2.69,97,0.5,6,301.17,4,0
TEL-12364,2026-02,2.8,259,0.5,13,338.98,1,0
TEL-12364,2026-03,3.25,208,0.1,11,325.28,4,0
TEL-12364,2026-04,3.69,202,0.1,13,356.73,1,0
TEL-12364,2026-05,2.42,107,1.6,3,322.61,1,0
TEL-12364,2026-06,1.89,117,1.0,16,419.11,4,0
TEL-12365,2026-01,44.02,113,0.4,10,531.47,1,0
TEL-12365,2026-02,30.55,66,1.2,3,442.93,3,0
TEL-12365,2026-03,43.18,104,0.0,7,569.31,4,0
TEL-12365,2026-04,31.9,58,0.8,9,379.55,3,0
TEL-12365,2026-05,40.42,50,0.8,8,351.89,3,0
TEL-12365,2026-06,31.46,87,1.0,6,464.91,2,0
TEL-12366,2026-01,1.85,419,0.4,28,207.25,2,0
TEL-12366,2026-02,1.91,675,0.1,23,246.57,1,0
TEL-12366,2026-03,2.12,574,0.4,29,212.83,4,0
TEL-12366,2026-04,2.19,575,1.3,28,216.47,1,0
TEL-12366,2026-05,3.02,447,1.4,31,219.41,3,0
TEL-12366,2026-06,3.31,459,0.0,31,247.17,2,0
TEL-12367,2026-01,11.82,365,0.8,8,416.99,3,0
TEL-12367,2026-02,12.65,484,0.3,7,389.82,2,0
TEL-12367,2026-03,8.78,471,0.4,9,307.26,2,0
TEL-12367,2026-04,13.34,357,1.3,15,353.11,2,0
TEL-12367,2026-05,12.12,537,1.1,8,388.27,2,0
TEL-12367,2026-06,15.35,448,0.1,10,335.98,4,0
TEL-12368,2026-01,3.25,107,0.1,5,118.27,1,0
TEL-12368,2026-02,5.28,89,0.6,17,133.69,3,0
TEL-12368,2026-03,4.46,122,0.5,13,132.28,4,0
TEL-12368,2026-04,3.7,68,1.6,8,137.76,3,0
TEL-12368,2026-05,3.02,75,1.6,11,123.28,2,0
TEL-12368,2026-06,5.24,102,0.9,8,136.69,2,0
TEL-12369,2026-01,39.4,239,0.1,10,589.64,4,0
TEL-12369,2026-02,33.79,188,1.0,10,764.78,3,0
TEL-12369,2026-03,38.06,172,0.9,6,710.7,4,0
TEL-12369,2026-04,35.91,247,0.3,4,546.94,1,0
TEL-12369,2026-05,33.13,225,1.2,5,743.24,4,0
TEL-12369,2026-06,42.72,217,0.2,10,682.76,2,0
TEL-12370,2026-01,1.5,328,2.2,32,285.57,4,0
TEL-12370,2026-02,1.83,430,0.2,16,335.05,2,0
TEL-12370,2026-03,1.23,504,1.2,17,281.36,4,0
TEL-12370,2026-04,1.37,380,0.9,24,324.27,3,0
TEL-12370,2026-05,1.44,427,1.4,19,359.61,3,0
TEL-12370,2026-06,1.64,472,0.2,26,337.1,3,0
TEL-12371,2026-01,2.17,99,0.3,6,121.56,1,0
TEL-12371,2026-02,1.65,76,0.9,7,127.5,3,0
TEL-12371,2026-03,2.63,109,0.1,7,89.23,2,0
TEL-12371,2026-04,2.73,61,1.3,6,116.09,3,0
TEL-12371,2026-05,2.82,113,1.1,8,92.9,1,0
TEL-12371,2026-06,3.07,97,0.3,8,126.16,4,0
TEL-12372,2026-01,1.72,1029,0.3,41,301.86,2,0
TEL-12372,2026-02,2.1,915,0.1,33,269.69,2,0
TEL-12372,2026-03,3.33,749,1.3,37,288.83,3,0
TEL-12372,2026-04,3.28,750,0.6,32,265.1,1,0
TEL-12372,2026-05,1.87,623,1.3,42,257.99,3,0
TEL-12372,2026-06,3.24,991,1.5,32,313.42,2,0
TEL-12373,2026-01,3.33,547,1.1,18,142.26,3,0
TEL-12373,2026-02,3.0,445,0.2,33,171.19,4,0
TEL-12373,2026-03,2.11,399,0.0,31,152.96,1,0
TEL-12373,2026-04,3.06,437,1.9,35,195.3,3,0
TEL-12373,2026-05,2.46,201,0.7,37,184.56,1,0
TEL-12373,2026-06,3.51,411,0.8,28,170.62,2,0
TEL-12374,2026-01,5.18,121,2.4,11,279.75,4,0
TEL-12374,2026-02,8.09,155,0.8,15,283.66,2,0
TEL-12374,2026-03,4.54,88,1.6,12,274.07,1,0
TEL-12374,2026-04,8.69,83,0.4,10,246.73,4,0
TEL-12374,2026-05,4.79,125,0.4,6,271.37,1,0
TEL-12374,2026-06,6.7,132,3.2,11,305.09,1,0
TEL-12375,2026-01,20.42,197,1.3,12,355.04,4,0
TEL-12375,2026-02,17.84,164,0.6,13,328.36,4,0
TEL-12375,2026-03,18.79,385,0.6,8,316.04,4,0
TEL-12375,2026-04,11.92,241,0.9,12,342.0,4,0
TEL-12375,2026-05,15.05,229,0.4,11,344.74,2,0
TEL-12375,2026-06,19.54,347,0.3,14,335.69,1,0
TEL-12376,2026-01,5.91,143,0.6,5,71.59,2,0
TEL-12376,2026-02,5.19,172,1.0,10,82.68,3,0
TEL-12376,2026-03,6.02,112,0.4,2,65.12,3,0
TEL-12376,2026-04,6.43,94,0.5,14,68.91,4,0
TEL-12376,2026-05,4.59,111,0.0,5,73.0,2,0
TEL-12376,2026-06,4.97,93,1.2,8,62.17,3,0
TEL-12377,2026-01,3.68,217,1.2,13,181.74,3,0
TEL-12377,2026-02,3.75,185,1.2,11,244.93,3,0
TEL-12377,2026-03,3.3,229,0.2,15,232.46,1,0
TEL-12377,2026-04,4.21,204,0.3,16,208.94,1,0
TEL-12377,2026-05,3.03,173,1.0,15,151.2,4,0
TEL-12377,2026-06,3.67,153,0.1,16,201.24,3,0
TEL-12378,2026-01,45.17,216,0.7,6,414.0,4,0
TEL-12378,2026-02,41.82,98,0.0,6,439.6,4,0
TEL-12378,2026-03,30.23,224,1.6,8,587.65,3,0
TEL-12378,2026-04,43.39,72,0.5,18,494.51,2,0
TEL-12378,2026-05,46.18,164,0.5,14,450.07,1,0
TEL-12378,2026-06,40.84,306,0.4,9,477.44,4,0
TEL-12379,2026-01,2.02,693,0.8,36,278.48,2,0
TEL-12379,2026-02,3.16,525,0.3,36,308.87,4,0
TEL-12379,2026-03,1.75,657,0.1,36,250.95,1,0
TEL-12379,2026-04,3.36,379,0.1,29,290.83,1,0
TEL-12379,2026-05,2.31,424,0.8,30,292.65,1,0
TEL-12379,2026-06,3.07,811,0.3,35,277.49,4,0
TEL-12380,2026-01,2.51,235,0.8,12,238.66,2,0
TEL-12380,2026-02,5.61,194,0.2,16,264.89,2,0
TEL-12380,2026-03,7.33,258,0.1,3,225.25,4,0
TEL-12380,2026-04,5.24,200,0.5,10,261.35,2,0
TEL-12380,2026-05,5.72,200,0.8,4,234.44,3,0
TEL-12380,2026-06,5.06,276,0.0,4,266.96,4,0
TEL-12381,2026-01,2.2,118,1.1,16,160.37,3,0
TEL-12381,2026-02,1.91,152,0.0,10,138.14,2,0
TEL-12381,2026-03,1.99,180,0.7,11,117.12,4,0
TEL-12381,2026-04,1.81,207,1.1,10,136.56,3,0
TEL-12381,2026-05,1.86,143,0.5,16,129.6,4,0
TEL-12381,2026-06,1.66,161,0.1,5,134.89,1,0
TEL-12382,2026-01,2.96,144,0.1,2,347.56,4,0
TEL-12382,2026-02,3.85,207,0.2,10,375.44,1,0
TEL-12382,2026-03,2.39,175,0.1,8,400.49,1,0
TEL-12382,2026-04,3.45,79,0.3,6,333.27,2,0
TEL-12382,2026-05,4.19,208,0.4,2,352.35,2,0
TEL-12382,2026-06,2.74,165,1.9,7,338.86,1,0
TEL-12383,2026-01,3.17,121,0.6,9,377.34,2,0
TEL-12383,2026-02,3.89,91,1.2,9,444.75,3,0
TEL-12383,2026-03,3.39,52,0.1,7,530.51,2,0
TEL-12383,2026-04,4.15,111,0.3,5,478.78,2,0
TEL-12383,2026-05,3.43,133,0.3,4,457.71,3,0
TEL-12383,2026-06,3.03,93,0.7,8,468.49,4,0
TEL-12384,2026-01,22.34,259,0.5,4,316.04,4,0
TEL-12384,2026-02,19.23,291,0.4,4,298.9,4,0
TEL-12384,2026-03,20.9,452,1.0,4,292.96,2,0
TEL-12384,2026-04,21.23,321,0.5,4,338.91,2,0
TEL-12384,2026-05,24.43,259,0.3,5,352.18,1,0
TEL-12384,2026-06,19.91,199,0.5,4,325.87,4,0
TEL-12385,2026-01,1.96,630,0.1,41,279.0,4,0
TEL-12385,2026-02,1.5,423,0.2,36,254.69,2,0
TEL-12385,2026-03,1.16,374,1.0,29,248.5,1,0
TEL-12385,2026-04,1.97,572,0.9,42,230.23,3,0
TEL-12385,2026-05,1.9,361,0.4,36,241.9,4,0
TEL-12385,2026-06,1.65,595,2.0,38,268.29,3,0
TEL-12386,2026-01,26.41,271,0.3,20,535.0,2,0
TEL-12386,2026-02,16.02,144,0.9,25,572.87,3,0
TEL-12386,2026-03,29.87,346,0.6,12,489.96,2,0
TEL-12386,2026-04,27.36,165,0.6,20,503.78,4,0
TEL-12386,2026-05,16.19,203,0.6,22,502.76,3,0
TEL-12386,2026-06,23.28,238,0.4,19,548.54,3,0
TEL-12387,2026-01,5.86,154,0.9,5,188.19,3,0
TEL-12387,2026-02,6.75,188,0.7,9,173.61,1,0
TEL-12387,2026-03,6.07,115,0.4,4,184.24,1,0
TEL-12387,2026-04,7.65,148,0.7,6,187.72,4,0
TEL-12387,2026-05,7.65,259,0.2,8,160.66,3,0
TEL-12387,2026-06,5.02,195,0.0,10,170.18,4,0
TEL-12388,2026-01,17.11,241,2.6,19,349.61,1,0
TEL-12388,2026-02,13.41,189,0.5,13,326.01,3,0
TEL-12388,2026-03,10.09,213,0.1,16,325.61,3,0
TEL-12388,2026-04,74.7,147,1.4,21,0.0,0,2
TEL-12388,2026-05,69.66,282,0.7,15,0.0,0,1
TEL-12388,2026-06,86.36,79,1.0,13,0.0,0,3
TEL-12389,2026-01,38.24,112,0.7,3,412.19,4,0
TEL-12389,2026-02,47.56,136,0.4,11,439.86,3,0
TEL-12389,2026-03,21.1,79,1.9,8,377.13,3,0
TEL-12389,2026-04,32.37,116,1.6,11,434.77,4,0
TEL-12389,2026-05,37.95,76,2.0,2,470.31,1,0
TEL-12389,2026-06,37.08,67,0.9,13,388.02,2,0
TEL-12390,2026-01,16.89,319,0.5,4,351.4,1,0
TEL-12390,2026-02,21.96,280,0.3,7,330.88,3,0
TEL-12390,2026-03,11.47,256,1.2,8,315.82,2,0
TEL-12390,2026-04,16.47,382,0.5,6,327.36,4,0
TEL-12390,2026-05,13.4,298,0.3,6,311.39,1,0
TEL-12390,2026-06,18.13,430,0.3,4,292.38,2,0
TEL-12391,2026-01,17.93,203,1.2,17,297.54,3,0
TEL-12391,2026-02,14.83,196,1.3,15,281.35,4,0
TEL-12391,2026-03,15.23,231,0.6,13,285.77,1,0
TEL-12391,2026-04,16.16,386,1.7,18,320.17,1,0
TEL-12391,2026-05,12.43,273,0.7,11,336.54,4,0
TEL-12391,2026-06,16.69,233,0.5,13,354.18,3,0
TEL-12392,2026-01,25.25,166,0.9,3,428.37,1,0
TEL-12392,2026-02,19.88,158,0.5,3,467.95,4,0
TEL-12392,2026-03,23.36,148,0.8,5,454.67,4,0
TEL-12392,2026-04,19.0,238,0.7,6,380.18,1,0
TEL-12392,2026-05,23.45,183,0.0,4,398.13,3,0
TEL-12392,2026-06,29.1,186,1.1,3,447.23,2,0
TEL-12393,2026-01,2.9,131,0.4,24,173.82,4,0
TEL-12393,2026-02,2.18,118,2.6,38,189.94,3,0
TEL-12393,2026-03,3.15,149,0.3,26,165.41,2,0
TEL-12393,2026-04,1.32,160,0.2,25,192.89,4,0
TEL-12393,2026-05,2.25,83,0.7,36,162.77,1,0
TEL-12393,2026-06,2.81,114,0.8,44,171.02,4,0
TEL-12394,2026-01,6.76,228,1.8,50,338.47,4,0
TEL-12394,2026-02,5.45,291,0.5,37,288.24,2,0
TEL-12394,2026-03,4.41,252,0.2,50,263.61,3,0
TEL-12394,2026-04,3.2,430,1.6,38,279.25,1,0
TEL-12394,2026-05,2.61,202,0.5,37,317.5,4,0
TEL-12394,2026-06,5.39,144,0.5,47,290.69,4,0
TEL-12395,2026-01,4.15,123,0.9,16,129.6,2,0
TEL-12395,2026-02,4.22,117,0.3,16,198.47,2,0
TEL-12395,2026-03,3.42,118,0.4,11,194.23,3,0
TEL-12395,2026-04,4.2,110,0.6,18,173.79,1,0
TEL-12395,2026-05,2.85,161,0.5,22,195.66,3,0
TEL-12395,2026-06,3.19,115,0.7,26,189.69,1,0
TEL-12396,2026-01,28.43,32,2.5,6,491.25,3,0
TEL-12396,2026-02,34.58,20,0.2,6,513.27,4,0
TEL-12396,2026-03,33.9,36,1.0,4,491.56,2,0
TEL-12396,2026-04,29.17,35,0.0,7,568.11,3,0
TEL-12396,2026-05,33.15,44,2.9,4,492.66,4,0
TEL-12396,2026-06,27.01,51,1.5,6,518.25,4,0
TEL-12397,2026-01,58.43,272,0.3,4,751.64,3,0
TEL-12397,2026-02,44.71,193,0.6,6,738.58,2,0
TEL-12397,2026-03,42.77,238,0.0,8,792.26,4,0
TEL-12397,2026-04,52.25,183,3.6,5,704.97,1,0
TEL-12397,2026-05,48.99,214,1.1,4,851.46,1,0
TEL-12397,2026-06,33.32,261,0.4,7,657.68,3,0
TEL-12398,2026-01,54.32,112,3.3,9,454.68,3,0
TEL-12398,2026-02,38.33,214,18.9,11,602.69,2,0
TEL-12398,2026-03,37.78,105,1.0,7,560.22,2,0
TEL-12398,2026-04,46.15,246,3.3,12,602.94,4,0
TEL-12398,2026-05,45.59,158,22.0,13,552.4,4,0
TEL-12398,2026-06,43.25,262,12.2,13,742.46,2,0
TEL-12399,2026-01,38.79,229,0.9,5,492.52,3,0
TEL-12399,2026-02,26.56,225,1.0,1,421.45,2,0
TEL-12399,2026-03,31.52,164,0.9,6,457.56,2,0
TEL-12399,2026-04,32.14,316,2.4,7,482.74,1,0
TEL-12399,2026-05,35.31,242,0.8,3,586.96,3,0
TEL-12399,2026-06,17.8,228,0.9,3,490.01,4,0
TEL-12400,2026-01,1.21,237,0.5,20,297.65,2,0
TEL-12400,2026-02,0.34,573,0.9,23,284.23,1,0
TEL-12400,2026-03,0.53,567,0.6,19,292.41,2,0
TEL-12400,2026-04,0.73,208,0.1,20,308.68,2,0
TEL-12400,2026-05,0.45,527,0.5,28,336.65,2,0
TEL-12400,2026-06,1.15,418,0.6,20,272.09,3,0
TEL-12401,2026-01,28.27,56,0.6,11,298.86,2,0
TEL-12401,2026-02,19.66,279,3.1,15,319.49,3,0
TEL-12401,2026-03,29.63,191,0.4,7,325.77,4,0
TEL-12401,2026-04,20.5,280,0.1,11,334.98,4,0
TEL-12401,2026-05,23.07,265,0.1,13,306.5,3,0
TEL-12401,2026-06,26.89,211,0.4,8,313.74,4,0
TEL-12402,2026-01,4.37,186,0.2,6,138.32,3,0
TEL-12402,2026-02,5.64,178,0.8,15,149.85,1,0
TEL-12402,2026-03,4.73,94,1.5,14,125.67,1,0
TEL-12402,2026-04,3.88,234,0.1,8,154.75,3,0
TEL-12402,2026-05,2.91,181,0.3,11,173.82,1,0
TEL-12402,2026-06,4.97,123,0.4,10,122.53,3,0
TEL-12403,2026-01,4.7,241,0.2,7,185.63,3,0
TEL-12403,2026-02,2.78,204,0.8,10,194.27,1,0
TEL-12403,2026-03,3.13,206,0.6,12,149.3,3,0
TEL-12403,2026-04,5.84,196,1.0,7,152.88,1,0
TEL-12403,2026-05,4.83,210,0.6,7,167.23,1,0
TEL-12403,2026-06,5.01,292,0.1,12,150.78,4,0
TEL-12404,2026-01,4.66,223,0.1,6,135.79,1,0
TEL-12404,2026-02,5.38,102,0.2,13,157.15,2,0
TEL-12404,2026-03,4.83,186,1.4,10,196.56,3,0
TEL-12404,2026-04,3.56,176,2.1,6,146.56,3,0
TEL-12404,2026-05,3.66,254,0.3,17,148.63,4,0
TEL-12404,2026-06,4.72,194,0.2,7,170.34,4,0
TEL-12405,2026-01,19.89,500,0.4,21,397.86,3,0
TEL-12405,2026-02,16.9,423,0.8,19,372.3,4,0
TEL-12405,2026-03,19.6,558,0.0,17,358.36,2,0
TEL-12405,2026-04,22.41,385,2.0,18,338.23,3,0
TEL-12405,2026-05,23.04,328,0.3,18,361.09,2,0
TEL-12405,2026-06,19.03,470,0.0,23,395.39,4,0
TEL-12406,2026-01,1.9,466,0.4,38,154.85,1,0
TEL-12406,2026-02,2.03,538,0.1,27,167.45,4,0
TEL-12406,2026-03,2.22,418,0.3,35,133.92,1,0
TEL-12406,2026-04,2.45,405,0.6,31,176.1,3,0
TEL-12406,2026-05,2.25,386,0.3,38,146.94,3,0
TEL-12406,2026-06,1.59,729,0.5,35,145.92,3,0
TEL-12407,2026-01,19.35,128,0.0,7,330.58,2,0
TEL-12407,2026-02,41.73,280,0.5,6,310.79,2,0
TEL-12407,2026-03,28.75,261,3.0,6,360.56,1,0
TEL-12407,2026-04,26.75,236,0.1,7,368.46,4,0
TEL-12407,2026-05,34.69,195,0.4,9,336.54,3,0
TEL-12407,2026-06,36.12,241,0.2,11,351.58,1,0
TEL-12408,2026-01,12.57,170,1.9,6,286.29,3,0
TEL-12408,2026-02,10.1,134,0.2,12,247.27,2,0
TEL-12408,2026-03,7.78,123,0.5,9,248.19,2,0
TEL-12408,2026-04,10.99,167,0.2,5,271.36,1,0
TEL-12408,2026-05,8.35,187,0.1,8,293.46,4,0
TEL-12408,2026-06,10.71,137,0.2,12,277.12,2,0
TEL-12409,2026-01,3.81,193,0.8,2,281.41,2,0
TEL-12409,2026-02,5.18,140,2.2,3,289.09,2,0
TEL-12409,2026-03,4.72,166,0.1,3,283.41,4,0
TEL-12409,2026-04,3.73,106,0.3,2,319.22,1,0
TEL-12409,2026-05,2.25,128,1.2,2,227.81,3,0
TEL-12409,2026-06,4.52,138,0.7,5,254.44,4,0
TEL-12410,2026-01,50.21,194,2.4,15,343.11,2,0
TEL-12410,2026-02,32.8,174,0.2,9,280.18,1,0
TEL-12410,2026-03,31.43,225,1.0,5,346.03,3,0
TEL-12410,2026-04,51.19,211,2.0,9,335.91,1,0
TEL-12410,2026-05,41.44,157,0.7,6,356.37,3,0
TEL-12410,2026-06,49.41,263,0.4,11,377.8,1,0
TEL-12411,2026-01,3.69,293,1.1,26,270.75,1,0
TEL-12411,2026-02,3.2,322,0.3,40,255.51,4,0
TEL-12411,2026-03,2.58,293,1.2,30,279.71,2,0
TEL-12411,2026-04,4.08,273,0.3,30,295.23,3,0
TEL-12411,2026-05,2.93,331,0.8,32,278.99,2,0
TEL-12411,2026-06,2.72,283,0.1,34,271.4,2,0
TEL-12412,2026-01,16.61,450,0.3,22,349.0,4,0
TEL-12412,2026-02,22.36,231,0.2,29,377.92,1,0
TEL-12412,2026-03,28.16,251,0.4,20,354.99,1,0
TEL-12412,2026-04,22.43,252,0.6,21,433.71,1,0
TEL-12412,2026-05,21.46,284,1.4,31,361.3,3,0
TEL-12412,2026-06,18.9,453,1.7,24,397.92,1,0
TEL-12413,2026-01,7.13,182,0.2,9,179.03,3,0
TEL-12413,2026-02,6.14,199,0.1,7,180.51,2,0
TEL-12413,2026-03,5.16,92,0.5,9,167.2,4,0
TEL-12413,2026-04,5.75,179,0.5,7,162.34,4,0
TEL-12413,2026-05,4.76,147,0.2,10,150.99,2,0
TEL-12413,2026-06,6.32,214,0.0,3,181.26,3,0
TEL-12414,2026-01,27.33,303,1.6,6,490.44,3,0
TEL-12414,2026-02,30.06,337,18.2,5,555.65,3,0
TEL-12414,2026-03,27.3,304,10.2,14,526.02,4,0
TEL-12414,2026-04,24.8,274,11.9,13,451.67,1,0
TEL-12414,2026-05,24.54,544,13.1,8,490.98,4,0
TEL-12414,2026-06,27.12,400,45.4,6,518.75,1,0
TEL-12415,2026-01,5.55,105,1.0,6,157.6,3,0
TEL-12415,2026-02,3.2,197,0.3,7,155.73,3,0
TEL-12415,2026-03,5.27,209,0.2,5,172.72,4,0
TEL-12415,2026-04,5.04,135,1.2,4,152.04,4,0
TEL-12415,2026-05,4.77,114,0.6,7,179.25,3,0
TEL-12415,2026-06,4.18,126,1.3,7,152.1,1,0
TEL-12416,2026-01,16.56,311,1.3,21,317.38,4,0
TEL-12416,2026-02,12.05,421,0.8,19,286.89,2,0
TEL-12416,2026-03,17.12,416,0.6,13,361.86,2,0
TEL-12416,2026-04,18.21,404,0.2,20,408.82,2,0
TEL-12416,2026-05,15.93,313,0.5,18,307.08,3,0
TEL-12416,2026-06,11.66,454,2.0,18,438.51,3,0
TEL-12417,2026-01,11.26,179,1.1,11,384.52,1,0
TEL-12417,2026-02,9.86,428,0.4,20,485.57,2,0
TEL-12417,2026-03,16.56,375,1.0,16,468.45,1,0
TEL-12417,2026-04,19.3,449,1.2,12,488.85,2,0
TEL-12417,2026-05,11.93,375,1.3,18,485.89,4,0
TEL-12417,2026-06,13.77,449,0.3,19,436.37,1,0
TEL-12418,2026-01,26.22,191,1.2,4,598.12,3,0
TEL-12418,2026-02,32.19,177,0.8,7,498.1,4,0
TEL-12418,2026-03,20.22,241,0.9,7,416.76,4,0
TEL-12418,2026-04,38.6,141,1.3,10,606.82,4,0
TEL-12418,2026-05,32.46,175,0.1,5,587.63,4,0
TEL-12418,2026-06,36.22,67,0.3,5,520.95,4,0
TEL-12419,2026-01,2.86,95,1.4,11,245.12,4,0
TEL-12419,2026-02,2.74,165,0.0,12,163.51,2,0
TEL-12419,2026-03,2.97,163,0.8,14,196.6,3,0
TEL-12419,2026-04,2.08,163,0.7,16,205.58,4,0
TEL-12419,2026-05,2.63,133,0.9,14,180.76,1,0
TEL-12419,2026-06,2.38,194,0.5,10,220.4,3,0
TEL-12420,2026-01,2.29,163,0.3,16,213.02,4,0
TEL-12420,2026-02,2.95,67,0.1,17,250.36,1,0
TEL-12420,2026-03,3.04,132,1.7,17,247.25,2,0
TEL-12420,2026-04,2.96,217,0.1,12,254.36,4,0
TEL-12420,2026-05,2.56,178,0.7,18,194.33,1,0
TEL-12420,2026-06,2.89,166,1.3,13,234.95,2,0
TEL-12421,2026-01,32.51,112,1.2,4,484.3,4,0
TEL-12421,2026-02,32.48,189,0.2,14,464.63,3,0
TEL-12421,2026-03,34.28,225,1.1,4,479.49,1,0
TEL-12421,2026-04,32.49,226,0.5,10,570.02,2,0
TEL-12421,2026-05,30.9,218,1.0,7,551.06,3,0
TEL-12421,2026-06,27.86,226,2.6,9,595.52,3,0
TEL-12422,2026-01,21.17,367,0.7,22,385.79,1,0
TEL-12422,2026-02,18.38,700,1.7,24,469.14,2,0
TEL-12422,2026-03,18.07,382,0.9,24,325.96,4,0
TEL-12422,2026-04,23.03,373,3.6,21,398.02,3,0
TEL-12422,2026-05,21.16,301,1.9,20,429.89,4,0
TEL-12422,2026-06,17.27,631,0.2,21,411.06,4,0
TEL-12423,2026-01,12.77,149,1.2,15,158.64,3,0
TEL-12423,2026-02,10.77,204,0.1,14,179.18,4,0
TEL-12423,2026-03,14.35,141,0.3,14,147.8,4,0
TEL-12423,2026-04,11.72,175,0.8,11,131.17,2,0
TEL-12423,2026-05,15.63,206,0.2,14,202.6,3,0
TEL-12423,2026-06,12.58,217,1.5,21,159.05,2,0
TEL-12424,2026-01,1.49,666,0.2,32,482.5,3,0
TEL-12424,2026-02,1.5,819,1.4,39,355.59,4,0
TEL-12424,2026-03,1.83,665,1.7,37,338.85,4,0
TEL-12424,2026-04,2.76,629,0.5,36,439.88,1,0
TEL-12424,2026-05,2.97,535,1.2,29,511.06,4,0
TEL-12424,2026-06,2.66,352,0.1,40,383.39,2,0
TEL-12425,2026-01,15.2,230,0.2,17,242.84,3,0
TEL-12425,2026-02,16.4,175,0.3,19,244.57,1,0
TEL-12425,2026-03,21.58,171,1.2,15,279.13,2,0
TEL-12425,2026-04,9.85,250,0.5,16,278.82,2,0
TEL-12425,2026-05,13.38,304,0.8,15,202.54,1,0
TEL-12425,2026-06,15.79,300,0.1,11,278.85,3,0
TEL-12426,2026-01,17.65,396,1.0,2,422.69,3,0
TEL-12426,2026-02,27.69,446,0.7,15,466.47,4,0
TEL-12426,2026-03,16.84,415,0.2,17,471.7,4,0
TEL-12426,2026-04,20.31,333,4.7,7,445.12,3,0
TEL-12426,2026-05,11.62,333,0.6,13,424.74,2,0
TEL-12426,2026-06,21.53,270,0.4,20,425.1,1,0
TEL-12427,2026-01,4.2,168,25.3,8,321.1,1,0
TEL-12427,2026-02,4.1,163,19.6,14,334.48,1,0
TEL-12427,2026-03,2.0,181,8.4,7,371.07,4,0
TEL-12427,2026-04,3.35,194,4.8,11,314.72,2,0
TEL-12427,2026-05,4.29,101,11.7,9,355.02,4,0
TEL-12427,2026-06,3.36,171,18.5,10,342.18,3,0
TEL-12428,2026-01,9.3,294,16.5,16,456.05,2,0
TEL-12428,2026-02,9.72,191,16.5,14,452.56,1,0
TEL-12428,2026-03,10.34,323,36.4,21,528.51,1,0
TEL-12428,2026-04,11.54,199,8.9,17,443.27,4,0
TEL-12428,2026-05,9.45,317,6.2,21,457.99,2,0
TEL-12428,2026-06,9.35,226,2.2,15,457.11,1,0
TEL-12429,2026-01,15.9,255,0.0,13,263.31,2,0
TEL-12429,2026-02,10.05,255,1.3,21,277.33,3,0
TEL-12429,2026-03,13.15,272,0.3,15,245.59,4,0
TEL-12429,2026-04,17.96,269,0.2,17,246.84,2,0
TEL-12429,2026-05,10.55,223,1.5,12,274.02,1,0
TEL-12429,2026-06,7.95,228,0.7,12,289.95,1,0
TEL-12430,2026-01,49.73,91,0.0,2,532.85,3,0
TEL-12430,2026-02,46.65,117,0.1,5,622.05,3,0
TEL-12430,2026-03,24.42,161,1.0,8,639.52,3,0
TEL-12430,2026-04,58.01,89,2.5,1,661.5,1,0
TEL-12430,2026-05,46.15,116,0.7,10,586.96,4,0
TEL-12430,2026-06,55.63,170,0.3,2,613.43,1,0
TEL-12431,2026-01,2.07,564,0.0,16,422.86,1,0
TEL-12431,2026-02,1.91,489,0.1,15,371.42,3,0
TEL-12431,2026-03,0.26,111,3094.0,22,418.76,1,0
TEL-12431,2026-04,0.22,47,3042.8,22,370.35,4,0
TEL-12431,2026-05,0.19,94,2303.8,20,405.3,3,0
TEL-12431,2026-06,0.1,69,2183.5,27,454.08,4,0
TEL-12432,2026-01,3.36,69,0.9,12,196.68,1,0
TEL-12432,2026-02,4.1,78,0.0,10,187.71,2,0
TEL-12432,2026-03,3.96,106,1.2,14,204.02,1,0
TEL-12432,2026-04,4.55,117,0.2,8,216.53,2,0
TEL-12432,2026-05,3.13,83,2.4,10,184.84,4,0
TEL-12432,2026-06,3.98,87,0.3,19,198.17,2,0
TEL-12433,2026-01,4.15,182,0.0,8,255.63,4,0
TEL-12433,2026-02,3.39,196,0.2,7,205.28,4,0
TEL-12433,2026-03,5.94,109,0.6,11,189.99,4,0
TEL-12433,2026-04,3.9,167,0.1,16,205.49,3,0
TEL-12433,2026-05,2.66,266,0.2,10,214.22,4,0
TEL-12433,2026-06,7.17,168,0.5,19,190.95,1,0
TEL-12434,2026-01,4.09,132,0.2,10,401.46,1,0
TEL-12434,2026-02,5.32,124,0.7,6,353.46,2,0
TEL-12434,2026-03,2.37,142,0.2,7,321.19,1,0
TEL-12434,2026-04,4.3,169,1.4,8,289.98,1,0
TEL-12434,2026-05,5.03,114,0.3,12,347.93,1,0
TEL-12434,2026-06,2.36,145,2.1,7,351.37,2,0
TEL-12435,2026-01,3.7,707,0.3,33,284.2,4,0
TEL-12435,2026-02,2.42,523,0.1,37,277.3,2,0
TEL-12435,2026-03,2.91,362,2.2,43,309.7,3,0
TEL-12435,2026-04,2.91,581,1.4,45,240.85,4,0
TEL-12435,2026-05,2.59,689,1.8,30,283.38,2,0
TEL-12435,2026-06,2.09,571,0.5,33,288.02,4,0
TEL-12436,2026-01,2.53,109,0.1,10,226.7,1,0
TEL-12436,2026-02,2.99,135,0.3,17,238.02,2,0
TEL-12436,2026-03,3.98,83,0.7,13,259.44,1,0
TEL-12436,2026-04,2.12,101,1.3,15,266.52,2,0
TEL-12436,2026-05,2.24,82,1.1,7,261.77,4,0
TEL-12436,2026-06,1.69,90,0.5,7,318.82,4,0
TEL-12437,2026-01,17.53,421,5.1,17,497.66,2,0
TEL-12437,2026-02,12.14,265,7.7,20,593.21,4,0
TEL-12437,2026-03,15.04,341,0.8,27,557.55,2,0
TEL-12437,2026-04,7.11,362,2.5,18,622.16,3,0
TEL-12437,2026-05,12.88,198,5.5,19,504.44,3,0
TEL-12437,2026-06,11.4,454,7.5,21,613.42,3,0
TEL-12438,2026-01,20.03,127,0.9,5,233.25,2,0
TEL-12438,2026-02,26.62,112,1.7,3,218.38,4,0
TEL-12438,2026-03,31.46,140,0.0,4,199.43,3,0
TEL-12438,2026-04,27.09,99,2.2,3,271.24,4,0
TEL-12438,2026-05,31.6,91,0.5,4,271.77,2,0
TEL-12438,2026-06,23.7,108,0.5,4,256.69,2,0
TEL-12439,2026-01,23.69,168,1.3,2,557.94,4,0
TEL-12439,2026-02,25.49,158,1.7,4,542.58,3,0
TEL-12439,2026-03,22.72,179,0.0,3,579.93,1,0
TEL-12439,2026-04,29.34,152,0.0,1,495.25,3,0
TEL-12439,2026-05,21.87,106,0.0,1,489.75,1,0
TEL-12439,2026-06,30.96,159,0.4,4,581.74,1,0
TEL-12440,2026-01,8.93,218,0.3,10,215.35,4,0
TEL-12440,2026-02,9.67,169,0.6,10,216.92,4,0
TEL-12440,2026-03,6.39,57,0.5,14,227.45,3,0
TEL-12440,2026-04,7.17,189,0.9,12,238.15,4,0
TEL-12440,2026-05,9.04,190,0.6,13,201.92,3,0
TEL-12440,2026-06,6.03,202,0.8,15,259.24,2,0
TEL-12441,2026-01,4.63,92,0.3,10,117.37,1,0
TEL-12441,2026-02,5.52,96,0.2,11,151.14,3,0
TEL-12441,2026-03,4.15,130,0.5,5,135.11,4,0
TEL-12441,2026-04,4.4,129,0.2,8,135.52,1,0
TEL-12441,2026-05,4.27,43,1.9,11,148.74,1,0
TEL-12441,2026-06,5.29,103,1.6,9,128.56,1,0
TEL-12442,2026-01,5.43,154,1.3,14,318.34,3,0
TEL-12442,2026-02,3.34,162,0.6,3,297.46,3,0
TEL-12442,2026-03,2.36,102,0.6,5,289.51,2,0
TEL-12442,2026-04,4.12,158,0.8,9,297.19,3,0
TEL-12442,2026-05,4.65,168,1.2,2,342.93,4,0
TEL-12442,2026-06,3.31,137,0.3,2,284.19,4,0
TEL-12443,2026-01,33.87,225,0.3,4,385.86,3,0
TEL-12443,2026-02,23.28,260,3.0,11,373.77,2,0
TEL-12443,2026-03,21.53,230,0.8,10,426.57,3,0
TEL-12443,2026-04,44.25,124,0.3,7,375.16,2,0
TEL-12443,2026-05,30.6,183,1.2,1,359.13,3,0
TEL-12443,2026-06,20.32,135,0.8,3,353.61,4,0
TEL-12444,2026-01,14.5,352,0.4,18,319.54,1,0
TEL-12444,2026-02,13.7,352,0.0,8,316.76,3,0
TEL-12444,2026-03,9.22,524,0.4,13,286.29,3,0
TEL-12444,2026-04,14.23,529,0.4,14,281.81,3,0
TEL-12444,2026-05,11.43,426,0.3,14,293.88,3,0
TEL-12444,2026-06,10.73,583,0.4,18,298.43,2,0
TEL-12445,2026-01,3.71,326,1.4,36,303.02,4,0
TEL-12445,2026-02,3.94,470,0.3,33,254.93,1,0
TEL-12445,2026-03,2.62,427,0.1,42,274.73,1,0
TEL-12445,2026-04,1.48,322,0.1,27,280.59,4,0
TEL-12445,2026-05,4.1,257,0.3,45,301.48,4,0
TEL-12445,2026-06,2.4,272,0.2,39,260.27,2,0
TEL-12446,2026-01,12.51,201,20.6,13,567.84,1,0
TEL-12446,2026-02,18.27,267,3.1,18,593.1,2,0
TEL-12446,2026-03,15.56,200,2.8,14,589.64,4,0
TEL-12446,2026-04,11.46,258,18.8,8,606.86,2,0
TEL-12446,2026-05,15.51,309,14.5,22,590.29,4,0
TEL-12446,2026-06,9.76,245,4.5,12,532.46,1,0
TEL-12447,2026-01,2.46,263,0.5,10,193.27,3,0
TEL-12447,2026-02,4.74,281,0.6,10,191.66,3,0
TEL-12447,2026-03,5.9,241,0.3,10,235.23,1,0
TEL-12447,2026-04,5.16,161,0.2,7,190.7,1,0
TEL-12447,2026-05,4.55,178,1.1,8,162.15,1,0
TEL-12447,2026-06,5.62,128,0.4,6,205.26,1,0
TEL-12448,2026-01,16.1,345,1.0,21,352.4,1,0
TEL-12448,2026-02,8.26,272,2.2,24,334.39,1,0
TEL-12448,2026-03,16.47,364,0.4,21,368.29,4,0
TEL-12448,2026-04,19.0,254,0.4,27,330.97,3,0
TEL-12448,2026-05,19.13,265,0.8,30,358.95,1,0
TEL-12448,2026-06,13.19,163,0.7,37,341.89,1,0
TEL-12449,2026-01,29.14,146,2.0,13,345.94,4,0
TEL-12449,2026-02,22.53,287,0.9,8,361.21,1,0
TEL-12449,2026-03,0.17,97,1867.6,15,290.75,1,0
TEL-12449,2026-04,0.16,45,2644.0,6,302.74,1,0
TEL-12449,2026-05,0.13,39,3193.4,9,324.53,4,0
TEL-12449,2026-06,0.11,96,2775.7,14,318.8,3,0
TEL-12450,2026-01,4.31,157,0.2,9,327.35,3,0
TEL-12450,2026-02,3.33,158,0.0,13,316.38,2,0
TEL-12450,2026-03,7.11,133,0.2,8,337.8,3,0
TEL-12450,2026-04,4.67,222,0.4,9,328.77,4,0
TEL-12450,2026-05,6.27,179,0.2,9,266.61,4,0
TEL-12450,2026-06,5.03,158,0.2,7,301.3,1,0
TEL-12451,2026-01,13.86,368,0.4,18,410.56,3,0
TEL-12451,2026-02,26.37,253,0.8,23,380.81,4,0
TEL-12451,2026-03,26.69,186,4.3,19,386.01,1,0
TEL-12451,2026-04,19.8,305,0.2,14,373.44,2,0
TEL-12451,2026-05,18.78,193,0.2,8,0.0,3,0
TEL-12451,2026-06,13.39,206,1.1,17,402.25,3,0
TEL-12452,2026-01,3.32,588,2.7,22,421.88,1,0
TEL-12452,2026-02,2.71,585,18.6,25,455.85,4,0
TEL-12452,2026-03,3.11,587,2.3,37,529.15,4,0
TEL-12452,2026-04,2.92,286,3.3,24,405.24,1,0
TEL-12452,2026-05,3.57,420,50.5,25,453.29,1,0
TEL-12452,2026-06,2.85,333,19.8,21,446.18,3,0
TEL-12453,2026-01,35.04,391,0.0,12,616.7,4,0
TEL-12453,2026-02,39.96,272,0.2,16,576.88,2,0
TEL-12453,2026-03,26.54,382,2.3,13,520.77,1,0
TEL-12453,2026-04,23.66,189,1.8,13,576.35,4,0
TEL-12453,2026-05,28.09,499,0.5,10,559.11,4,0
TEL-12453,2026-06,36.48,274,0.1,14,595.69,4,0
TEL-12454,2026-01,13.28,366,1.2,20,573.71,4,0
TEL-12454,2026-02,11.06,185,0.5,21,503.94,2,0
TEL-12454,2026-03,21.68,340,0.4,28,512.17,1,0
TEL-12454,2026-04,21.33,367,0.0,28,462.69,2,0
TEL-12454,2026-05,19.21,288,0.6,18,488.64,3,0
TEL-12454,2026-06,14.01,231,0.2,15,399.69,3,0
TEL-12455,2026-01,33.93,344,0.5,4,526.97,4,0
TEL-12455,2026-02,32.14,124,0.8,5,578.02,1,0
TEL-12455,2026-03,25.76,268,0.9,2,563.37,3,0
TEL-12455,2026-04,28.95,317,0.1,4,585.91,1,0
TEL-12455,2026-05,37.9,304,0.2,2,582.63,1,0
TEL-12455,2026-06,43.1,226,1.1,4,534.31,1,0
TEL-12456,2026-01,6.02,457,0.3,16,344.07,1,0
TEL-12456,2026-02,6.55,392,0.3,21,281.77,4,0
TEL-12456,2026-03,5.75,300,0.5,21,312.57,4,0
TEL-12456,2026-04,7.11,317,0.1,27,299.4,1,0
TEL-12456,2026-05,4.76,426,0.5,26,302.8,4,0
TEL-12456,2026-06,6.43,331,0.1,17,295.83,2,0
TEL-12457,2026-01,6.97,387,0.1,15,307.47,4,0
TEL-12457,2026-02,9.12,284,0.5,4,272.38,4,0
TEL-12457,2026-03,8.31,296,0.1,13,310.35,4,0
TEL-12457,2026-04,9.33,386,0.3,14,270.35,1,0
TEL-12457,2026-05,10.73,394,0.9,7,238.06,2,0
TEL-12457,2026-06,9.36,417,1.5,12,294.5,2,0
TEL-12458,2026-01,10.61,550,1.2,15,300.64,2,0
TEL-12458,2026-02,11.26,277,0.6,14,258.08,3,0
TEL-12458,2026-03,8.99,449,0.0,8,289.63,2,0
TEL-12458,2026-04,14.8,482,2.4,11,282.28,4,0
TEL-12458,2026-05,16.26,483,1.5,13,244.76,4,0
TEL-12458,2026-06,17.39,351,1.1,18,212.73,4,0
TEL-12459,2026-01,17.73,316,0.1,23,317.39,3,0
TEL-12459,2026-02,11.91,295,0.7,22,279.85,1,0
TEL-12459,2026-03,21.39,282,0.5,15,307.59,1,0
TEL-12459,2026-04,16.69,232,0.5,20,313.65,4,0
TEL-12459,2026-05,11.47,165,0.6,28,297.01,2,0
TEL-12459,2026-06,9.92,311,2.4,25,284.17,3,0
TEL-12460,2026-01,18.28,104,2.5,9,604.89,1,0
TEL-12460,2026-02,32.42,245,0.2,10,553.52,1,0
TEL-12460,2026-03,37.14,304,1.2,7,515.93,3,0
TEL-12460,2026-04,27.49,220,1.0,19,630.15,4,0
TEL-12460,2026-05,19.01,188,1.6,15,602.87,1,0
TEL-12460,2026-06,27.11,236,0.4,12,572.04,3,0
TEL-12461,2026-01,7.18,133,3.1,14,374.74,1,0
TEL-12461,2026-02,7.22,264,3.8,7,382.28,2,0
TEL-12461,2026-03,8.52,244,9.0,10,317.94,2,0
TEL-12461,2026-04,8.62,207,14.2,11,306.0,3,0
TEL-12461,2026-05,6.48,293,2.7,9,460.86,3,0
TEL-12461,2026-06,4.94,314,10.1,10,302.82,4,0
TEL-12462,2026-01,13.46,236,4.6,13,263.7,4,0
TEL-12462,2026-02,16.55,243,0.2,16,234.38,1,0
TEL-12462,2026-03,15.8,350,1.3,17,255.81,3,0
TEL-12462,2026-04,15.71,252,1.8,14,222.49,1,0
TEL-12462,2026-05,12.9,181,1.5,15,213.23,3,0
TEL-12462,2026-06,8.3,269,0.5,15,241.54,1,0
TEL-12463,2026-01,1.66,157,0.3,9,70.85,2,0
TEL-12463,2026-02,1.87,93,1.1,4,64.1,3,0
TEL-12463,2026-03,1.99,132,0.2,9,71.87,3,0
TEL-12463,2026-04,1.45,164,2.2,8,61.86,2,0
TEL-12463,2026-05,1.69,156,0.0,11,65.13,3,0
TEL-12463,2026-06,1.59,210,0.3,9,72.61,2,0
TEL-12464,2026-01,12.08,405,1.6,18,224.32,1,0
TEL-12464,2026-02,4.03,268,0.5,15,220.43,4,0
TEL-12464,2026-03,18.66,307,0.2,14,217.31,4,0
TEL-12464,2026-04,9.73,356,0.3,16,231.89,1,0
TEL-12464,2026-05,13.51,270,0.2,17,225.68,3,0
TEL-12464,2026-06,16.88,458,0.6,28,225.12,4,0
TEL-12465,2026-01,1.62,384,0.0,24,149.95,2,0
TEL-12465,2026-02,1.64,431,1.0,25,185.83,4,0
TEL-12465,2026-03,2.68,391,0.5,32,157.04,2,0
TEL-12465,2026-04,2.4,408,1.0,25,127.92,2,0
TEL-12465,2026-05,3.07,578,6.1,24,171.92,1,0
TEL-12465,2026-06,2.22,395,0.7,20,155.22,4,0
TEL-12466,2026-01,17.89,359,0.6,14,372.0,1,0
TEL-12466,2026-02,17.73,476,0.1,15,363.27,4,0
TEL-12466,2026-03,15.29,316,0.6,12,373.98,1,0
TEL-12466,2026-04,18.83,341,1.5,17,330.06,4,0
TEL-12466,2026-05,14.31,375,1.6,17,303.0,3,0
TEL-12466,2026-06,9.76,242,1.8,18,387.21,4,0
TEL-12467,2026-01,29.07,210,3.3,7,451.2,3,0
TEL-12467,2026-02,31.25,157,0.6,10,453.76,3,0
TEL-12467,2026-03,37.94,218,0.0,3,330.54,1,0
TEL-12467,2026-04,25.31,183,1.0,9,336.16,3,0
TEL-12467,2026-05,41.59,212,2.0,5,469.94,3,0
TEL-12467,2026-06,31.47,185,2.4,6,425.61,2,0
TEL-12468,2026-01,25.48,186,0.3,7,703.27,1,0
TEL-12468,2026-02,38.97,276,16.9,14,689.36,2,0
TEL-12468,2026-03,37.92,238,7.1,9,709.16,1,0
TEL-12468,2026-04,29.62,224,16.6,3,444.3,2,0
TEL-12468,2026-05,31.9,255,13.4,6,730.05,3,0
TEL-12468,2026-06,33.46,258,1.2,8,563.64,1,0
TEL-12469,2026-01,2.85,299,0.3,54,257.95,3,0
TEL-12469,2026-02,1.5,459,0.9,41,289.35,3,0
TEL-12469,2026-03,2.75,330,0.4,41,264.26,2,0
TEL-12469,2026-04,2.11,209,0.2,26,260.8,4,0
TEL-12469,2026-05,2.74,437,0.5,40,251.24,3,0
TEL-12469,2026-06,3.35,508,2.1,31,320.82,2,0
TEL-12470,2026-01,25.18,290,0.5,14,280.68,2,0
TEL-12470,2026-02,22.71,423,0.8,13,249.6,2,0
TEL-12470,2026-03,19.67,245,1.3,12,237.98,2,0
TEL-12470,2026-04,25.81,428,0.4,14,200.5,2,0
TEL-12470,2026-05,19.36,385,0.1,9,299.08,3,0
TEL-12470,2026-06,24.66,406,0.5,7,211.74,1,0
TEL-12471,2026-01,13.63,149,0.7,22,436.57,4,0
TEL-12471,2026-02,16.9,248,2.1,14,506.23,4,0
TEL-12471,2026-03,17.01,225,0.3,13,567.13,3,0
TEL-12471,2026-04,19.05,183,0.2,12,451.5,4,0
TEL-12471,2026-05,17.32,144,0.5,18,544.38,3,0
TEL-12471,2026-06,12.11,257,1.6,10,533.33,2,0
TEL-12472,2026-01,2.51,174,1.5,8,150.09,4,0
TEL-12472,2026-02,1.57,159,0.6,18,153.88,2,0
TEL-12472,2026-03,3.17,194,0.1,12,174.34,3,0
TEL-12472,2026-04,1.98,193,0.1,5,149.84,2,0
TEL-12472,2026-05,2.57,162,0.4,10,195.16,4,0
TEL-12472,2026-06,3.1,215,0.3,6,183.2,4,0
TEL-12473,2026-01,21.21,218,0.1,4,405.19,4,0
TEL-12473,2026-02,29.09,446,0.0,6,393.15,4,0
TEL-12473,2026-03,17.85,285,0.8,8,389.17,1,0
TEL-12473,2026-04,30.28,74,0.4,11,418.86,2,0
TEL-12473,2026-05,32.48,418,0.1,4,400.48,2,0
TEL-12473,2026-06,37.43,168,1.4,16,418.22,4,0
TEL-12474,2026-01,25.03,115,0.2,6,349.76,3,0
TEL-12474,2026-02,24.18,158,1.5,2,306.84,4,0
TEL-12474,2026-03,18.0,146,1.2,9,343.44,4,0
TEL-12474,2026-04,25.03,112,0.3,7,314.34,4,0
TEL-12474,2026-05,22.34,95,1.6,4,303.71,2,0
TEL-12474,2026-06,27.07,97,1.3,12,297.3,2,0
TEL-12475,2026-01,5.15,148,0.1,5,234.75,1,0
TEL-12475,2026-02,5.76,131,0.6,7,240.14,3,0
TEL-12475,2026-03,3.23,155,0.7,10,266.03,1,0
TEL-12475,2026-04,4.33,180,0.5,7,261.19,1,0
TEL-12475,2026-05,4.55,139,0.1,10,272.25,2,0
TEL-12475,2026-06,4.07,242,1.3,10,264.44,1,0
TEL-12476,2026-01,0.88,554,1.0,33,269.63,3,0
TEL-12476,2026-02,2.97,534,0.5,35,271.96,1,0
TEL-12476,2026-03,1.72,683,0.5,41,216.41,4,0
TEL-12476,2026-04,2.86,371,0.5,48,205.07,2,0
TEL-12476,2026-05,3.04,425,3.0,31,211.74,3,0
TEL-12476,2026-06,1.54,498,0.1,43,264.45,3,0
TEL-12477,2026-01,19.9,317,1.3,18,275.84,4,0
TEL-12477,2026-02,13.79,378,0.8,14,231.98,3,0
TEL-12477,2026-03,20.45,477,0.0,17,214.87,2,0
TEL-12477,2026-04,14.94,271,2.3,19,299.56,2,0
TEL-12477,2026-05,14.69,384,1.0,14,228.14,1,0
TEL-12477,2026-06,20.79,542,2.7,21,256.43,3,0
TEL-12478,2026-01,3.1,545,1.1,48,193.08,4,0
TEL-12478,2026-02,2.58,532,0.0,34,239.55,2,0
TEL-12478,2026-03,2.51,325,1.3,41,207.56,4,0
TEL-12478,2026-04,2.67,488,1.9,44,195.12,4,0
TEL-12478,2026-05,2.46,515,0.3,42,214.88,3,0
TEL-12478,2026-06,1.64,391,0.2,47,208.32,1,0
TEL-12479,2026-01,4.65,128,0.7,6,178.51,3,0
TEL-12479,2026-02,9.45,140,0.4,10,185.78,1,0
TEL-12479,2026-03,5.86,147,0.9,7,204.62,2,0
TEL-12479,2026-04,5.37,113,1.4,9,226.98,2,0
TEL-12479,2026-05,5.76,177,0.2,4,192.08,3,0
TEL-12479,2026-06,4.7,94,0.4,11,216.87,3,0
TEL-12480,2026-01,38.37,180,1.3,11,734.64,3,0
TEL-12480,2026-02,54.35,312,0.0,3,640.72,3,0
TEL-12480,2026-03,55.48,184,0.7,8,678.35,1,0
TEL-12480,2026-04,49.91,223,1.0,1,751.49,1,0
TEL-12480,2026-05,48.88,94,0.4,5,710.27,2,0
TEL-12480,2026-06,23.24,372,0.0,2,783.82,1,0
TEL-12481,2026-01,5.99,118,1.1,11,442.9,4,0
TEL-12481,2026-02,4.19,114,1.1,19,308.76,3,0
TEL-12481,2026-03,5.3,165,0.1,11,393.01,4,0
TEL-12481,2026-04,5.16,171,0.2,19,395.58,4,0
TEL-12481,2026-05,4.34,191,1.2,11,406.22,2,0
TEL-12481,2026-06,6.38,130,3.3,13,387.02,3,0
TEL-12482,2026-01,19.14,181,0.0,12,261.81,1,0
TEL-12482,2026-02,20.31,275,0.2,11,349.05,4,0
TEL-12482,2026-03,16.52,221,0.4,18,0.0,4,0
TEL-12482,2026-04,13.45,277,0.1,12,255.48,3,0
TEL-12482,2026-05,27.84,291,1.4,20,288.85,3,0
TEL-12482,2026-06,21.37,337,1.5,15,289.63,2,0
TEL-12483,2026-01,4.35,129,0.2,10,266.28,1,0
TEL-12483,2026-02,2.5,130,0.1,10,294.68,2,0
TEL-12483,2026-03,3.82,146,0.0,9,255.74,3,0
TEL-12483,2026-04,5.0,155,0.3,10,255.35,1,0
TEL-12483,2026-05,2.5,83,1.6,11,252.69,1,0
TEL-12483,2026-06,4.8,86,0.1,6,286.17,3,0
TEL-12484,2026-01,14.02,160,0.1,6,242.83,2,0
TEL-12484,2026-02,15.93,260,1.0,13,236.62,2,0
TEL-12484,2026-03,13.62,170,0.7,7,240.89,3,0
TEL-12484,2026-04,13.02,195,0.9,11,271.67,1,0
TEL-12484,2026-05,19.31,231,1.4,8,232.45,2,0
TEL-12484,2026-06,5.15,136,0.2,6,294.07,4,0
TEL-12485,2026-01,1.89,676,1.9,29,187.87,3,0
TEL-12485,2026-02,1.57,381,0.1,33,171.06,2,0
TEL-12485,2026-03,2.22,564,0.4,39,172.1,3,0
TEL-12485,2026-04,1.91,741,0.9,36,204.33,2,0
TEL-12485,2026-05,1.44,463,0.8,40,148.33,1,0
TEL-12485,2026-06,1.14,697,0.7,42,158.93,3,0
TEL-12486,2026-01,4.79,162,1.6,12,346.16,3,0
TEL-12486,2026-02,5.0,93,0.7,12,371.73,2,0
TEL-12486,2026-03,5.88,271,0.0,17,362.34,1,0
TEL-12486,2026-04,5.53,253,0.6,11,314.13,3,0
TEL-12486,2026-05,6.49,187,0.1,11,350.95,3,0
TEL-12486,2026-06,7.1,168,4.2,15,345.95,2,0
TEL-12487,2026-01,17.28,253,1.3,0,523.33,3,0
TEL-12487,2026-02,4.86,200,0.5,1,446.59,1,0
TEL-12487,2026-03,20.13,170,0.2,4,488.36,2,0
TEL-12487,2026-04,18.76,227,1.1,3,387.2,4,0
TEL-12487,2026-05,17.6,218,1.7,4,490.11,2,0
TEL-12487,2026-06,17.34,190,0.6,0,509.82,1,0
TEL-12488,2026-01,2.96,283,0.5,7,175.39,1,0
TEL-12488,2026-02,2.55,239,0.9,6,170.92,3,0
TEL-12488,2026-03,3.36,274,0.5,11,145.64,3,0
TEL-12488,2026-04,2.21,215,0.6,6,179.9,1,0
TEL-12488,2026-05,2.33,217,0.1,9,177.78,2,0
TEL-12488,2026-06,2.64,286,0.5,5,182.75,1,0
TEL-12489,2026-01,12.9,255,0.0,16,353.17,3,0
TEL-12489,2026-02,14.53,266,0.1,10,361.5,1,0
TEL-12489,2026-03,11.89,510,0.0,14,411.95,2,0
TEL-12489,2026-04,13.7,347,0.5,5,427.4,2,0
TEL-12489,2026-05,15.93,287,1.3,6,374.06,2,0
TEL-12489,2026-06,13.59,264,0.1,6,379.23,1,0
TEL-12490,2026-01,1.1,992,1.0,29,261.8,4,0
TEL-12490,2026-02,1.1,904,0.6,29,245.99,2,0
TEL-12490,2026-03,0.33,81,2039.1,26,244.96,4,0
TEL-12490,2026-04,0.4,90,2493.1,26,253.35,3,0
TEL-12490,2026-05,0.12,98,2220.9,19,267.16,4,0
TEL-12490,2026-06,0.39,33,2362.3,37,215.29,4,0
TEL-12491,2026-01,36.2,159,0.4,6,560.53,3,0
TEL-12491,2026-02,15.38,193,0.5,2,515.13,3,0
TEL-12491,2026-03,24.11,146,0.1,5,536.11,3,0
TEL-12491,2026-04,33.11,225,1.2,1,558.06,2,0
TEL-12491,2026-05,30.66,165,0.2,6,501.52,2,0
TEL-12491,2026-06,36.98,165,0.8,5,496.01,2,0
TEL-12492,2026-01,2.22,228,0.2,37,226.18,4,0
TEL-12492,2026-02,3.31,372,0.3,45,235.5,4,0
TEL-12492,2026-03,2.67,393,1.4,43,192.85,1,0
TEL-12492,2026-04,2.79,215,0.5,43,200.2,4,0
TEL-12492,2026-05,2.66,260,0.5,38,218.84,1,0
TEL-12492,2026-06,3.07,395,0.3,34,176.37,2,0
TEL-12493,2026-01,0.93,182,0.4,12,201.75,3,0
TEL-12493,2026-02,1.76,183,1.2,6,168.93,3,0
TEL-12493,2026-03,2.34,157,1.5,17,191.39,4,0
TEL-12493,2026-04,1.16,213,4.1,10,216.1,4,0
TEL-12493,2026-05,1.85,242,0.4,9,243.34,2,0
TEL-12493,2026-06,1.77,293,0.1,7,154.84,4,0
TEL-12494,2026-01,3.45,133,1.8,5,248.3,3,0
TEL-12494,2026-02,7.02,88,0.1,10,254.82,2,0
TEL-12494,2026-03,4.44,94,0.3,10,347.33,1,0
TEL-12494,2026-04,7.47,121,0.1,11,279.57,2,0
TEL-12494,2026-05,4.54,155,0.4,7,302.24,1,0
TEL-12494,2026-06,6.96,166,0.3,9,299.28,1,0
TEL-12495,2026-01,9.46,411,0.3,20,509.23,2,0
TEL-12495,2026-02,8.19,401,2.9,17,463.38,4,0
TEL-12495,2026-03,7.23,374,1.2,23,490.06,3,0
TEL-12495,2026-04,9.19,870,0.7,16,463.08,3,0
TEL-12495,2026-05,10.03,574,1.3,19,466.17,4,0
TEL-12495,2026-06,7.22,247,0.2,19,446.43,3,0
TEL-12496,2026-01,2.78,661,2.4,44,111.24,1,0
TEL-12496,2026-02,2.53,354,1.7,39,104.79,4,0
TEL-12496,2026-03,3.11,446,0.1,33,93.43,2,0
TEL-12496,2026-04,2.67,602,0.3,39,125.34,4,0
TEL-12496,2026-05,1.6,491,0.1,42,139.64,4,0
TEL-12496,2026-06,2.54,566,0.1,35,122.38,1,0
TEL-12497,2026-01,26.72,184,3.0,4,488.34,1,0
TEL-12497,2026-02,30.81,234,0.1,5,450.96,1,0
TEL-12497,2026-03,15.28,94,1.0,4,489.4,3,0
TEL-12497,2026-04,32.41,235,0.3,3,483.73,4,0
TEL-12497,2026-05,20.74,169,3.0,1,456.14,4,0
TEL-12497,2026-06,17.4,203,0.0,2,510.94,3,0
TEL-12498,2026-01,5.83,423,0.0,19,329.96,4,0
TEL-12498,2026-02,7.42,144,0.3,15,300.83,3,0
TEL-12498,2026-03,5.65,295,0.5,20,279.98,4,0
TEL-12498,2026-04,5.84,324,0.0,19,370.14,4,0
TEL-12498,2026-05,7.43,450,1.2,11,327.4,4,0
TEL-12498,2026-06,7.14,303,0.2,16,326.75,3,0
TEL-12499,2026-01,51.87,115,1.6,9,684.52,3,0
TEL-12499,2026-02,56.1,172,0.3,8,693.48,3,0
TEL-12499,2026-03,27.28,110,1.0,5,711.11,1,0
TEL-12499,2026-04,37.98,99,0.2,6,711.68,4,0
TEL-12499,2026-05,38.5,114,1.0,6,528.83,3,0
TEL-12499,2026-06,35.7,102,0.2,7,793.77,4,0
TEL-12500,2026-01,24.47,374,0.3,16,409.57,3,0
TEL-12500,2026-02,24.71,329,0.4,20,429.73,1,0
TEL-12500,2026-03,21.11,268,1.1,16,451.0,4,0
TEL-12500,2026-04,15.5,436,1.2,20,465.36,3,0
TEL-12500,2026-05,29.46,334,2.0,19,426.51,3,0
TEL-12500,2026-06,20.54,437,0.1,21,497.06,3,0
TEL-12501,2026-01,1.27,206,0.5,14,154.63,4,0
TEL-12501,2026-02,3.01,164,0.7,6,119.18,2,0
TEL-12501,2026-03,2.67,291,0.2,8,125.0,4,0
TEL-12501,2026-04,3.62,207,0.2,11,121.75,4,0
TEL-12501,2026-05,2.58,219,0.3,14,156.08,1,0
TEL-12501,2026-06,2.4,215,1.3,13,128.77,4,0
TEL-12502,2026-01,3.48,166,1.1,9,239.71,1,0
TEL-12502,2026-02,1.69,266,0.3,10,204.57,2,0
TEL-12502,2026-03,3.35,251,1.3,9,190.8,3,0
TEL-12502,2026-04,3.21,110,1.8,10,222.5,1,0
TEL-12502,2026-05,2.36,205,0.9,13,173.08,4,0
TEL-12502,2026-06,3.3,230,1.2,12,142.84,2,0
TEL-12503,2026-01,47.19,108,0.4,3,546.66,4,0
TEL-12503,2026-02,27.56,167,0.0,2,652.95,1,0
TEL-12503,2026-03,39.29,204,0.0,3,664.35,3,0
TEL-12503,2026-04,23.08,153,0.3,3,530.79,1,0
TEL-12503,2026-05,32.41,214,0.4,1,617.68,2,0
TEL-12503,2026-06,27.77,117,1.1,2,508.73,1,0
TEL-12504,2026-01,2.93,161,0.0,10,454.95,3,0
TEL-12504,2026-02,3.3,242,0.0,6,389.96,2,0
TEL-12504,2026-03,3.43,130,2.4,10,509.82,2,0
TEL-12504,2026-04,80.09,195,0.4,16,0.0,0,2
TEL-12504,2026-05,103.13,155,1.0,10,0.0,0,3
TEL-12504,2026-06,71.89,153,0.1,10,0.0,0,3
TEL-12505,2026-01,4.48,87,1.0,3,183.37,3,0
TEL-12505,2026-02,4.22,66,2.1,9,168.32,4,0
TEL-12505,2026-03,5.21,89,0.1,9,157.68,4,0
TEL-12505,2026-04,5.1,60,1.2,6,182.76,2,0
TEL-12505,2026-05,4.58,80,0.0,7,163.96,1,0
TEL-12505,2026-06,7.23,123,0.5,6,172.5,1,0
TEL-12506,2026-01,3.13,144,0.8,3,322.39,1,0
TEL-12506,2026-02,2.39,140,0.5,4,280.24,2,0
TEL-12506,2026-03,3.83,182,0.1,2,273.32,1,0
TEL-12506,2026-04,3.2,27,0.3,8,286.99,1,0
TEL-12506,2026-05,3.52,143,0.5,5,269.94,4,0
TEL-12506,2026-06,2.79,134,0.4,2,248.92,1,0
TEL-12507,2026-01,1.4,928,0.4,48,182.14,3,0
TEL-12507,2026-02,1.35,738,0.1,31,204.63,4,0
TEL-12507,2026-03,1.69,739,1.0,38,199.47,3,0
TEL-12507,2026-04,1.22,731,0.7,38,194.59,1,0
TEL-12507,2026-05,1.23,826,1.3,42,205.25,1,0
TEL-12507,2026-06,1.21,797,0.8,33,138.48,2,0
TEL-12508,2026-01,10.38,371,0.2,8,291.68,3,0
TEL-12508,2026-02,11.65,329,1.2,10,246.89,4,0
TEL-12508,2026-03,14.05,268,1.4,11,271.35,1,0
TEL-12508,2026-04,8.89,370,1.9,17,299.75,4,0
TEL-12508,2026-05,19.06,317,0.6,10,297.55,3,0
TEL-12508,2026-06,11.04,277,0.7,10,258.53,2,0
TEL-12509,2026-01,4.04,106,0.2,5,400.43,4,0
TEL-12509,2026-02,5.2,134,0.5,5,497.22,2,0
TEL-12509,2026-03,4.46,74,1.0,5,485.22,1,0
TEL-12509,2026-04,4.44,58,1.0,2,440.16,1,0
TEL-12509,2026-05,7.06,50,0.3,6,527.4,3,0
TEL-12509,2026-06,7.07,115,1.0,5,491.93,2,0
TEL-12510,2026-01,7.34,127,0.9,16,92.6,1,0
TEL-12510,2026-02,3.83,108,2.8,22,95.57,4,0
TEL-12510,2026-03,4.93,105,0.4,16,78.11,3,0
TEL-12510,2026-04,8.28,124,0.3,17,98.16,4,0
TEL-12510,2026-05,7.71,116,1.4,11,82.32,1,0
TEL-12510,2026-06,5.65,66,0.7,9,103.09,1,0
TEL-12511,2026-01,17.04,184,0.2,5,412.91,1,0
TEL-12511,2026-02,23.98,129,0.2,1,440.03,3,0
TEL-12511,2026-03,21.9,266,0.5,3,426.39,1,0
TEL-12511,2026-04,22.04,193,0.1,5,544.26,3,0
TEL-12511,2026-05,26.4,228,0.6,4,398.8,4,0
TEL-12511,2026-06,29.8,227,0.2,5,474.7,4,0
TEL-12512,2026-01,37.94,176,0.3,4,712.39,2,0
TEL-12512,2026-02,32.86,187,41.1,4,795.48,1,0
TEL-12512,2026-03,27.56,200,8.0,6,807.54,1,0
TEL-12512,2026-04,38.3,102,15.5,3,791.3,4,0
TEL-12512,2026-05,33.99,207,6.3,5,733.55,4,0
TEL-12512,2026-06,26.96,175,13.9,4,627.33,4,0
TEL-12513,2026-01,1.45,664,0.5,41,312.48,4,0
TEL-12513,2026-02,1.86,547,0.2,41,277.78,1,0
TEL-12513,2026-03,1.88,570,2.6,39,291.88,2,0
TEL-12513,2026-04,1.67,475,0.9,35,386.27,4,0
TEL-12513,2026-05,1.13,498,0.3,42,312.46,4,0
TEL-12513,2026-06,2.32,601,0.0,43,297.27,1,0
TEL-12514,2026-01,33.28,152,0.4,4,515.55,3,0
TEL-12514,2026-02,37.57,129,0.6,3,563.22,3,0
TEL-12514,2026-03,20.66,192,0.2,2,595.1,3,0
TEL-12514,2026-04,26.64,143,0.6,3,535.45,1,0
TEL-12514,2026-05,23.42,160,0.0,0,583.55,3,0
TEL-12514,2026-06,31.84,100,0.5,1,514.66,2,0
TEL-12515,2026-01,27.12,230,0.5,12,641.14,4,0
TEL-12515,2026-02,29.84,239,2.3,8,615.48,2,0
TEL-12515,2026-03,41.42,197,1.0,7,484.43,2,0
TEL-12515,2026-04,35.14,137,0.1,13,506.74,1,0
TEL-12515,2026-05,35.32,223,3.2,3,543.04,1,0
TEL-12515,2026-06,47.77,345,0.2,5,507.29,3,0
TEL-12516,2026-01,20.99,226,0.5,1,408.03,3,0
TEL-12516,2026-02,28.21,111,0.7,9,494.18,3,0
TEL-12516,2026-03,23.41,134,1.2,1,468.44,3,0
TEL-12516,2026-04,35.3,150,0.7,5,390.24,1,0
TEL-12516,2026-05,33.45,172,0.5,6,403.61,3,0
TEL-12516,2026-06,38.31,80,1.3,5,408.38,4,0
TEL-12517,2026-01,6.18,377,6.5,7,512.3,1,0
TEL-12517,2026-02,15.08,374,15.6,13,466.15,2,0
TEL-12517,2026-03,7.58,386,13.3,10,522.18,2,0
TEL-12517,2026-04,7.89,376,5.7,11,543.85,3,0
TEL-12517,2026-05,10.49,169,1.6,12,554.78,4,0
TEL-12517,2026-06,14.0,323,18.7,13,514.82,1,0
TEL-12518,2026-01,2.12,700,0.7,30,173.5,2,0
TEL-12518,2026-02,2.13,549,0.7,32,204.92,3,0
TEL-12518,2026-03,2.49,868,2.0,29,216.11,2,0
TEL-12518,2026-04,1.28,807,1.0,31,209.19,2,0
TEL-12518,2026-05,2.61,560,0.4,17,220.3,3,0
TEL-12518,2026-06,1.12,974,1.7,17,174.18,3,0
TEL-12519,2026-01,29.18,148,0.5,4,405.44,1,0
TEL-12519,2026-02,26.1,180,0.1,1,349.3,3,0
TEL-12519,2026-03,27.68,123,0.1,3,335.2,3,0
TEL-12519,2026-04,30.73,91,0.2,3,355.21,2,0
TEL-12519,2026-05,30.3,197,1.0,2,444.69,1,0
TEL-12519,2026-06,32.91,142,0.2,4,368.49,1,0
TEL-12520,2026-01,63.91,270,1.0,11,694.78,1,0
TEL-12520,2026-02,57.53,146,2.2,5,638.12,1,0
TEL-12520,2026-03,39.91,241,0.4,15,651.28,1,0
TEL-12520,2026-04,24.59,363,2.7,11,651.14,3,0
TEL-12520,2026-05,33.99,259,0.1,6,533.38,1,0
TEL-12520,2026-06,50.44,264,0.0,4,640.52,3,0
TEL-12521,2026-01,33.03,200,1.1,3,454.01,3,0
TEL-12521,2026-02,37.27,109,0.5,1,512.96,4,0
TEL-12521,2026-03,26.95,89,1.4,3,480.42,1,0
TEL-12521,2026-04,38.13,109,0.0,1,563.04,4,0
TEL-12521,2026-05,35.46,116,1.0,4,481.99,1,0
TEL-12521,2026-06,40.45,132,2.3,3,439.93,1,0
TEL-12522,2026-01,3.56,197,0.1,4,249.04,2,0
TEL-12522,2026-02,3.02,179,0.2,5,228.7,1,0
TEL-12522,2026-03,2.11,99,0.2,7,234.12,2,0
TEL-12522,2026-04,3.79,219,0.3,6,251.1,3,0
TEL-12522,2026-05,3.95,210,1.5,11,198.73,1,0
TEL-12522,2026-06,3.67,170,2.7,0,213.07,2,0
TEL-12523,2026-01,7.66,225,0.8,16,76.43,4,0
TEL-12523,2026-02,9.89,207,0.7,14,79.71,4,0
TEL-12523,2026-03,8.01,431,0.8,13,87.26,1,0
TEL-12523,2026-04,5.87,315,0.2,17,77.78,2,0
TEL-12523,2026-05,7.44,245,0.1,18,70.43,3,0
TEL-12523,2026-06,9.64,250,0.0,14,81.66,1,0
TEL-12524,2026-01,3.11,443,1.3,32,147.8,2,0
TEL-12524,2026-02,2.86,413,0.5,23,116.49,2,0
TEL-12524,2026-03,2.17,182,0.8,39,120.54,1,0
TEL-12524,2026-04,2.42,354,0.3,37,147.19,1,0
TEL-12524,2026-05,3.85,366,0.8,45,161.93,2,0
TEL-12524,2026-06,2.13,451,1.1,36,98.0,4,0
TEL-12525,2026-01,2.92,268,1.0,27,233.45,4,0
TEL-12525,2026-02,2.7,260,0.8,35,207.99,4,0
TEL-12525,2026-03,2.79,312,1.3,32,273.51,1,0
TEL-12525,2026-04,2.18,183,0.2,30,225.63,4,0
TEL-12525,2026-05,1.91,320,1.8,32,264.54,3,0
TEL-12525,2026-06,2.99,286,0.1,37,200.63,2,0
TEL-12526,2026-01,4.18,214,0.3,3,250.18,2,0
TEL-12526,2026-02,3.42,152,0.1,0,280.45,3,0
TEL-12526,2026-03,5.49,173,0.7,2,293.75,4,0
TEL-12526,2026-04,3.5,81,0.7,6,267.45,1,0
TEL-12526,2026-05,3.9,128,0.2,8,318.93,2,0
TEL-12526,2026-06,2.94,231,0.6,6,264.37,2,0
TEL-12527,2026-01,30.28,373,0.1,20,320.94,1,0
TEL-12527,2026-02,30.99,159,1.3,16,319.7,1,0
TEL-12527,2026-03,33.8,616,1.0,13,386.77,4,0
TEL-12527,2026-04,25.07,398,0.6,14,349.79,2,0
TEL-12527,2026-05,20.02,376,1.2,21,359.68,2,0
TEL-12527,2026-06,15.48,460,0.0,19,398.69,1,0
TEL-12528,2026-01,44.44,201,2.1,6,370.52,4,0
TEL-12528,2026-02,25.63,157,0.1,10,410.25,2,0
TEL-12528,2026-03,31.09,144,0.3,8,343.73,4,0
TEL-12528,2026-04,44.69,152,0.1,7,394.88,4,0
TEL-12528,2026-05,37.0,237,0.4,2,438.19,4,0
TEL-12528,2026-06,34.18,137,0.5,5,371.09,2,0
TEL-12529,2026-01,3.55,245,11.6,4,281.93,2,0
TEL-12529,2026-02,2.47,201,13.0,7,272.77,3,0
TEL-12529,2026-03,3.09,281,6.3,3,271.22,4,0
TEL-12529,2026-04,3.86,225,9.2,4,231.25,3,0
TEL-12529,2026-05,2.43,289,12.0,4,279.07,1,0
TEL-12529,2026-06,3.17,228,51.4,5,236.98,1,0
TEL-12530,2026-01,7.65,89,0.2,8,176.54,1,0
TEL-12530,2026-02,6.42,69,1.3,7,162.34,4,0
TEL-12530,2026-03,6.3,131,2.1,9,169.59,3,0
TEL-12530,2026-04,7.21,124,0.6,11,173.02,1,0
TEL-12530,2026-05,8.28,116,0.5,9,191.75,1,0
TEL-12530,2026-06,5.81,61,0.1,8,170.26,2,0
TEL-12531,2026-01,10.78,170,0.5,8,440.56,3,0
TEL-12531,2026-02,12.25,523,0.3,12,362.54,2,0
TEL-12531,2026-03,11.7,337,0.6,8,361.66,3,0
TEL-12531,2026-04,7.46,234,1.1,10,429.93,1,0
TEL-12531,2026-05,9.63,294,2.2,7,410.89,2,0
TEL-12531,2026-06,11.5,255,3.0,8,393.87,2,0
TEL-12532,2026-01,18.99,143,0.1,24,339.34,4,0
TEL-12532,2026-02,8.46,151,0.9,18,450.73,1,0
TEL-12532,2026-03,18.69,95,2.4,21,417.25,3,0
TEL-12532,2026-04,19.98,246,1.6,17,388.07,3,0
TEL-12532,2026-05,20.61,255,0.8,12,349.81,4,0
TEL-12532,2026-06,21.44,139,0.7,17,331.18,2,0
TEL-12533,2026-01,2.62,405,0.1,34,121.11,2,0
TEL-12533,2026-02,2.41,449,0.2,29,143.86,4,0
TEL-12533,2026-03,2.9,320,0.6,19,112.33,3,0
TEL-12533,2026-04,2.27,324,0.5,22,131.76,3,0
TEL-12533,2026-05,2.13,321,0.4,26,134.82,1,0
TEL-12533,2026-06,1.79,521,1.6,30,97.75,1,0
TEL-12534,2026-01,33.0,188,1.4,9,599.32,2,0
TEL-12534,2026-02,29.13,169,0.3,2,561.85,1,0
TEL-12534,2026-03,42.14,132,0.1,5,448.31,2,0
TEL-12534,2026-04,22.15,140,0.8,8,621.24,3,0
TEL-12534,2026-05,31.72,73,1.5,4,518.17,1,0
TEL-12534,2026-06,20.14,145,0.7,7,563.08,4,0
TEL-12535,2026-01,1.34,32,0.2,40,295.14,4,0
TEL-12535,2026-02,1.6,99,0.8,40,229.99,2,0
TEL-12535,2026-03,1.44,134,1.4,35,261.94,1,0
TEL-12535,2026-04,1.73,84,0.3,30,263.89,4,0
TEL-12535,2026-05,1.01,76,3.5,35,237.68,2,0
TEL-12535,2026-06,1.64,76,2.4,45,252.99,3,0
TEL-12536,2026-01,34.26,215,0.4,14,883.64,1,0
TEL-12536,2026-02,34.7,313,0.3,6,774.69,1,0
TEL-12536,2026-03,41.44,97,0.2,7,821.78,2,0
TEL-12536,2026-04,38.21,168,0.4,6,673.25,4,0
TEL-12536,2026-05,64.58,151,0.0,8,770.4,2,0
TEL-12536,2026-06,53.14,222,0.5,6,725.5,3,0
TEL-12537,2026-01,18.21,224,0.2,14,380.11,2,0
TEL-12537,2026-02,14.64,144,2.8,18,374.45,4,0
TEL-12537,2026-03,18.52,143,0.8,19,405.1,2,0
TEL-12537,2026-04,21.23,131,1.9,21,344.45,1,0
TEL-12537,2026-05,18.71,165,0.5,13,385.97,2,0
TEL-12537,2026-06,21.98,192,2.4,17,398.73,3,0
TEL-12538,2026-01,10.6,336,16.2,18,548.73,2,0
TEL-12538,2026-02,12.77,617,0.4,12,496.1,1,0
TEL-12538,2026-03,13.28,396,38.1,9,496.12,4,0
TEL-12538,2026-04,11.13,425,5.6,13,463.65,1,0
TEL-12538,2026-05,10.21,350,3.1,16,523.98,4,0
TEL-12538,2026-06,10.17,459,2.7,13,522.97,3,0
TEL-12539,2026-01,20.73,117,0.2,6,341.71,1,0
TEL-12539,2026-02,10.28,117,0.9,0,356.27,2,0
TEL-12539,2026-03,22.57,106,2.8,4,267.26,3,0
TEL-12539,2026-04,31.98,146,0.1,1,312.33,4,0
TEL-12539,2026-05,19.24,160,0.5,5,289.99,4,0
TEL-12539,2026-06,30.23,154,1.4,4,318.14,3,0
TEL-12540,2026-01,13.01,240,1.7,19,210.34,4,0
TEL-12540,2026-02,17.79,252,0.5,18,191.36,3,0
TEL-12540,2026-03,15.04,139,1.2,22,219.5,1,0
TEL-12540,2026-04,19.05,230,2.1,18,189.93,2,0
TEL-12540,2026-05,12.23,273,0.1,20,234.21,3,0
TEL-12540,2026-06,11.38,258,0.6,24,221.64,1,0
TEL-12541,2026-01,0.55,803,0.0,33,180.01,1,0
TEL-12541,2026-02,0.53,773,1.8,35,242.67,4,0
TEL-12541,2026-03,0.52,579,0.1,30,246.76,2,0
TEL-12541,2026-04,0.45,586,1.1,37,251.99,4,0
TEL-12541,2026-05,0.74,629,0.1,29,217.05,1,0
TEL-12541,2026-06,0.61,710,0.2,46,198.63,1,0
TEL-12542,2026-01,21.48,162,0.3,18,390.05,1,0
TEL-12542,2026-02,14.14,225,0.1,14,427.46,1,0
TEL-12542,2026-03,0.34,69,2524.3,16,462.77,1,0
TEL-12542,2026-04,0.35,60,2711.2,13,402.34,1,0
TEL-12542,2026-05,0.06,84,2793.8,17,347.3,2,0
TEL-12542,2026-06,0.23,107,2717.0,16,388.6,4,0
TEL-12543,2026-01,3.0,124,0.9,3,130.23,4,0
TEL-12543,2026-02,4.38,289,2.2,12,129.23,1,0
TEL-12543,2026-03,2.99,192,0.2,5,119.2,1,0
TEL-12543,2026-04,5.26,85,1.9,13,141.41,1,0
TEL-12543,2026-05,4.25,235,0.1,14,136.53,4,0
TEL-12543,2026-06,4.77,213,0.9,8,129.42,4,0
TEL-12544,2026-01,3.69,175,0.4,11,292.88,2,0
TEL-12544,2026-02,2.76,114,0.1,10,327.58,2,0
TEL-12544,2026-03,2.42,96,1.4,28,293.03,1,0
TEL-12544,2026-04,4.57,80,0.4,23,269.68,3,0
TEL-12544,2026-05,3.89,168,0.2,16,264.75,2,0
TEL-12544,2026-06,2.8,89,0.1,18,311.2,1,0
TEL-12545,2026-01,1.59,204,0.2,27,79.19,1,0
TEL-12545,2026-02,2.28,211,1.0,34,81.2,4,0
TEL-12545,2026-03,2.02,201,0.6,28,90.89,2,0
TEL-12545,2026-04,1.93,379,0.3,28,89.95,4,0
TEL-12545,2026-05,1.81,174,0.8,24,73.05,2,0
TEL-12545,2026-06,2.83,263,0.3,27,82.41,4,0
TEL-12546,2026-01,18.63,133,2.5,7,511.03,3,0
TEL-12546,2026-02,18.17,239,0.2,5,477.66,3,0
TEL-12546,2026-03,16.74,154,0.6,5,450.38,4,0
TEL-12546,2026-04,22.07,275,0.7,3,484.23,2,0
TEL-12546,2026-05,11.62,217,1.8,2,448.03,3,0
TEL-12546,2026-06,13.83,188,0.3,7,434.61,3,0
TEL-12547,2026-01,5.8,159,1.0,12,279.99,1,0
TEL-12547,2026-02,6.53,171,0.7,5,264.54,1,0
TEL-12547,2026-03,6.67,147,3.7,7,231.68,4,0
TEL-12547,2026-04,4.82,127,0.3,9,296.64,4,0
TEL-12547,2026-05,8.89,162,1.1,11,269.71,3,0
TEL-12547,2026-06,5.9,65,2.5,9,259.19,3,0
TEL-12548,2026-01,2.75,224,53.3,9,481.8,1,0
TEL-12548,2026-02,4.39,191,12.4,9,475.11,1,0
TEL-12548,2026-03,2.4,160,15.0,11,561.48,2,0
TEL-12548,2026-04,4.05,116,7.5,6,488.74,4,0
TEL-12548,2026-05,3.25,91,8.7,8,489.61,2,0
TEL-12548,2026-06,2.21,116,0.4,8,508.57,3,0
TEL-12549,2026-01,2.54,399,1.3,31,134.72,3,0
TEL-12549,2026-02,2.01,376,1.6,36,154.92,2,0
TEL-12549,2026-03,3.77,583,0.2,33,156.24,3,0
TEL-12549,2026-04,3.88,424,0.4,40,153.54,3,0
TEL-12549,2026-05,0.91,355,1.0,37,158.87,3,0
TEL-12549,2026-06,3.33,551,2.0,34,137.0,1,0
TEL-12550,2026-01,3.51,550,2.6,29,267.66,1,0
TEL-12550,2026-02,3.3,646,1.2,39,251.9,2,0
TEL-12550,2026-03,2.21,557,0.6,45,230.18,1,0
TEL-12550,2026-04,2.83,787,1.2,25,250.2,1,0
TEL-12550,2026-05,2.13,802,0.3,31,264.02,1,0
TEL-12550,2026-06,2.44,472,1.2,45,246.14,4,0
TEL-12551,2026-01,12.09,333,1.5,21,287.67,1,0
TEL-12551,2026-02,7.47,264,1.5,28,196.02,1,0
TEL-12551,2026-03,11.33,491,0.7,24,292.27,4,0
TEL-12551,2026-04,10.5,416,1.3,26,205.71,2,0
TEL-12551,2026-05,8.84,568,0.3,19,284.94,4,0
TEL-12551,2026-06,5.83,411,0.9,20,232.38,1,0
TEL-12552,2026-01,37.54,160,3.1,8,368.99,2,0
TEL-12552,2026-02,27.41,97,0.9,18,328.24,1,0
TEL-12552,2026-03,30.08,182,0.5,7,399.87,4,0
TEL-12552,2026-04,28.64,269,0.2,10,369.31,4,0
TEL-12552,2026-05,19.9,211,1.3,4,401.38,1,0
TEL-12552,2026-06,26.1,221,0.5,10,317.67,3,0
TEL-12553,2026-01,1.95,257,1.0,40,190.01,4,0
TEL-12553,2026-02,1.78,759,2.6,36,212.17,2,0
TEL-12553,2026-03,1.31,627,0.4,35,245.68,2,0
TEL-12553,2026-04,1.35,929,0.4,36,255.31,2,0
TEL-12553,2026-05,0.54,808,1.9,31,251.04,3,0
TEL-12553,2026-06,1.24,762,0.3,38,238.82,3,0
TEL-12554,2026-01,30.34,360,0.3,3,385.42,2,0
TEL-12554,2026-02,36.39,182,1.0,7,421.7,4,0
TEL-12554,2026-03,37.07,198,0.1,4,297.05,1,0
TEL-12554,2026-04,27.32,153,1.4,0,461.35,4,0
TEL-12554,2026-05,37.6,183,0.1,2,445.76,2,0
TEL-12554,2026-06,44.16,230,0.2,4,382.93,2,0
TEL-12555,2026-01,6.27,113,1.1,6,131.94,4,0
TEL-12555,2026-02,5.04,81,0.7,7,129.42,1,0
TEL-12555,2026-03,5.71,86,0.5,5,174.2,3,0
TEL-12555,2026-04,6.32,50,1.1,7,138.0,2,0
TEL-12555,2026-05,5.93,66,0.5,8,118.81,1,0
TEL-12555,2026-06,6.05,66,0.6,3,131.6,2,0
TEL-12556,2026-01,2.21,337,3.7,6,133.49,3,0
TEL-12556,2026-02,2.59,298,0.3,7,118.97,2,0
TEL-12556,2026-03,1.44,204,1.3,2,112.57,2,0
TEL-12556,2026-04,1.89,335,1.4,6,137.84,3,0
TEL-12556,2026-05,2.03,298,0.4,5,159.23,2,0
TEL-12556,2026-06,1.98,228,0.8,9,148.43,2,0
TEL-12557,2026-01,1.25,506,1.6,41,292.12,1,0
TEL-12557,2026-02,1.75,521,0.3,51,274.82,4,0
TEL-12557,2026-03,2.43,425,0.1,42,280.84,2,0
TEL-12557,2026-04,2.54,485,1.3,51,315.22,2,0
TEL-12557,2026-05,2.04,772,0.1,54,274.72,4,0
TEL-12557,2026-06,1.24,527,0.1,57,257.89,1,0
TEL-12558,2026-01,14.12,234,0.1,17,386.96,1,0
TEL-12558,2026-02,16.5,326,1.1,20,384.78,1,0
TEL-12558,2026-03,12.76,367,0.3,13,352.66,1,0
TEL-12558,2026-04,14.1,311,0.4,15,342.73,1,0
TEL-12558,2026-05,14.05,339,0.1,19,309.02,4,0
TEL-12558,2026-06,13.89,305,0.5,19,332.55,4,0
TEL-12559,2026-01,47.78,193,1.1,7,433.96,4,0
TEL-12559,2026-02,40.02,321,1.9,7,461.65,4,0
TEL-12559,2026-03,48.83,255,0.5,5,445.23,3,0
TEL-12559,2026-04,35.86,203,2.7,7,578.49,4,0
TEL-12559,2026-05,47.56,111,2.1,8,412.65,3,0
TEL-12559,2026-06,34.16,295,0.2,8,547.85,3,0
TEL-12560,2026-01,3.12,69,4.4,5,106.13,4,0
TEL-12560,2026-02,3.56,100,1.9,6,97.55,3,0
TEL-12560,2026-03,4.45,45,1.9,5,124.78,4,0
TEL-12560,2026-04,4.71,112,0.0,7,119.35,1,0
TEL-12560,2026-05,2.72,199,1.1,9,108.39,1,0
TEL-12560,2026-06,1.93,86,0.9,7,99.24,2,0
TEL-12561,2026-01,8.48,181,0.3,3,290.34,1,0
TEL-12561,2026-02,21.18,192,2.9,8,306.34,4,0
TEL-12561,2026-03,24.13,272,0.1,8,323.21,4,0
TEL-12561,2026-04,28.18,243,1.7,5,355.33,1,0
TEL-12561,2026-05,30.47,259,0.0,7,316.93,3,0
TEL-12561,2026-06,24.86,191,0.6,7,310.52,1,0
TEL-12562,2026-01,2.78,151,1.9,5,310.83,2,0
TEL-12562,2026-02,1.82,74,1.3,2,247.97,3,0
TEL-12562,2026-03,2.35,132,1.8,6,325.4,1,0
TEL-12562,2026-04,1.89,190,0.7,5,273.83,4,0
TEL-12562,2026-05,1.79,179,0.1,0,281.41,2,0
TEL-12562,2026-06,2.28,239,0.7,5,272.42,3,0
TEL-12563,2026-01,3.58,47,0.1,6,257.34,2,0
TEL-12563,2026-02,5.24,67,0.9,5,262.3,1,0
TEL-12563,2026-03,3.53,112,0.3,8,234.67,2,0
TEL-12563,2026-04,3.07,66,1.2,8,265.73,1,0
TEL-12563,2026-05,4.61,74,2.2,4,242.51,4,0
TEL-12563,2026-06,4.56,38,0.7,8,232.71,2,0
TEL-12564,2026-01,15.03,517,1.0,16,355.85,4,0
TEL-12564,2026-02,17.69,430,0.0,14,314.58,1,0
TEL-12564,2026-03,24.69,449,0.5,30,265.8,1,0
TEL-12564,2026-04,15.31,467,2.5,17,346.96,3,0
TEL-12564,2026-05,15.36,514,0.3,14,301.32,2,0
TEL-12564,2026-06,14.83,353,0.1,14,353.77,2,0
TEL-12565,2026-01,2.27,315,0.5,43,154.83,4,0
TEL-12565,2026-02,2.89,576,2.2,24,166.38,2,0
TEL-12565,2026-03,1.94,91,0.1,43,173.37,3,0
TEL-12565,2026-04,2.01,446,0.4,35,190.59,3,0
TEL-12565,2026-05,1.81,553,0.2,38,199.6,1,0
TEL-12565,2026-06,2.02,521,0.3,36,176.67,2,0
TEL-12566,2026-01,11.0,413,3.3,19,236.79,3,0
TEL-12566,2026-02,11.17,543,0.6,18,225.44,4,0
TEL-12566,2026-03,11.26,497,0.7,13,254.72,2,0
TEL-12566,2026-04,9.6,411,2.1,21,253.23,4,0
TEL-12566,2026-05,5.21,381,2.0,24,257.82,1,0
TEL-12566,2026-06,11.16,498,0.4,15,295.74,1,0
TEL-12567,2026-01,2.56,146,0.9,7,325.93,1,0
TEL-12567,2026-02,3.54,189,0.4,9,255.38,2,0
TEL-12567,2026-03,3.84,170,0.5,10,298.18,3,0
TEL-12567,2026-04,3.35,137,0.1,11,295.75,1,0
TEL-12567,2026-05,3.01,160,0.1,11,259.91,4,0
TEL-12567,2026-06,3.23,180,0.0,7,251.11,1,0
TEL-12568,2026-01,2.36,264,0.4,5,178.09,3,0
TEL-12568,2026-02,2.18,173,0.2,11,221.41,3,0
TEL-12568,2026-03,2.47,230,1.6,11,247.99,3,0
TEL-12568,2026-04,0.83,188,0.8,8,224.14,2,0
TEL-12568,2026-05,2.11,292,0.4,15,238.08,4,0
TEL-12568,2026-06,2.27,227,0.4,6,242.28,2,0
TEL-12569,2026-01,10.38,203,1.1,25,374.22,2,0
TEL-12569,2026-02,12.61,196,2.1,14,384.86,1,0
TEL-12569,2026-03,13.2,163,0.1,13,338.22,2,0
TEL-12569,2026-04,11.94,176,0.5,21,324.14,2,0
TEL-12569,2026-05,13.65,126,0.2,17,384.6,1,0
TEL-12569,2026-06,10.66,133,1.1,24,347.0,2,0
TEL-12570,2026-01,6.46,262,1.7,7,211.08,2,0
TEL-12570,2026-02,6.12,298,0.3,7,230.91,3,0
TEL-12570,2026-03,4.99,279,0.1,8,182.93,3,0
TEL-12570,2026-04,4.98,187,1.0,5,182.62,4,0
TEL-12570,2026-05,6.4,221,0.7,8,177.17,4,0
TEL-12570,2026-06,4.98,172,0.1,4,197.72,4,0
TEL-12571,2026-01,18.07,302,6.3,12,393.11,2,0
TEL-12571,2026-02,17.29,228,2.1,22,467.79,4,0
TEL-12571,2026-03,22.25,356,0.8,14,582.81,1,0
TEL-12571,2026-04,17.11,240,6.2,7,477.9,2,0
TEL-12571,2026-05,23.61,251,19.0,14,407.74,1,0
TEL-12571,2026-06,26.19,267,6.1,15,517.13,2,0
TEL-12572,2026-01,6.33,208,0.0,7,296.4,4,0
TEL-12572,2026-02,15.96,359,0.3,7,342.39,4,0
TEL-12572,2026-03,9.21,229,0.9,9,273.74,1,0
TEL-12572,2026-04,12.06,184,2.6,11,261.77,4,0
TEL-12572,2026-05,10.06,316,0.2,11,297.73,4,0
TEL-12572,2026-06,11.6,246,0.5,10,240.57,1,0
TEL-12573,2026-01,17.95,402,2.0,12,454.23,3,0
TEL-12573,2026-02,17.13,474,0.1,11,377.85,2,0
TEL-12573,2026-03,16.07,379,0.4,4,441.14,4,0
TEL-12573,2026-04,10.55,602,0.0,12,416.61,1,0
TEL-12573,2026-05,12.62,580,0.1,16,394.66,4,0
TEL-12573,2026-06,14.78,376,0.3,18,376.24,2,0
TEL-12574,2026-01,24.21,259,0.1,8,405.17,3,0
TEL-12574,2026-02,16.64,145,0.0,7,410.03,1,0
TEL-12574,2026-03,27.58,318,1.6,10,349.67,1,0
TEL-12574,2026-04,19.75,270,0.3,11,440.87,4,0
TEL-12574,2026-05,21.23,157,2.6,9,403.47,4,0
TEL-12574,2026-06,22.89,307,1.7,6,333.88,4,0
TEL-12575,2026-01,30.08,175,0.9,11,232.02,2,0
TEL-12575,2026-02,13.57,320,0.2,6,284.76,4,0
TEL-12575,2026-03,28.1,204,0.4,5,249.57,1,0
TEL-12575,2026-04,24.19,258,1.7,9,276.19,3,0
TEL-12575,2026-05,18.44,168,0.3,8,299.65,1,0
TEL-12575,2026-06,24.23,243,0.0,1,259.37,2,0
TEL-12576,2026-01,2.04,469,0.3,21,205.38,1,0
TEL-12576,2026-02,2.28,388,1.2,36,209.62,3,0
TEL-12576,2026-03,1.53,514,0.1,23,196.45,1,0
TEL-12576,2026-04,1.18,569,0.6,33,200.62,2,0
TEL-12576,2026-05,2.17,541,0.5,26,198.46,3,0
TEL-12576,2026-06,1.24,410,0.4,38,195.55,1,0
TEL-12577,2026-01,8.02,197,0.4,9,179.3,4,0
TEL-12577,2026-02,4.9,211,0.8,7,166.28,2,0
TEL-12577,2026-03,5.95,339,0.7,6,134.15,2,0
TEL-12577,2026-04,11.56,224,1.0,4,153.23,1,0
TEL-12577,2026-05,6.16,275,0.3,15,144.64,1,0
TEL-12577,2026-06,7.55,212,0.3,10,135.23,3,0
TEL-12578,2026-01,14.11,207,0.9,12,382.45,3,0
TEL-12578,2026-02,13.19,235,0.6,16,323.15,1,0
TEL-12578,2026-03,19.02,209,0.0,15,379.78,1,0
TEL-12578,2026-04,15.22,162,2.2,13,359.76,2,0
TEL-12578,2026-05,16.29,398,1.3,23,370.25,1,0
TEL-12578,2026-06,14.1,217,0.7,17,358.1,4,0
TEL-12579,2026-01,25.88,301,27.9,2,576.83,1,0
TEL-12579,2026-02,18.84,287,30.9,6,577.18,3,0
TEL-12579,2026-03,30.36,257,5.2,4,578.84,3,0
TEL-12579,2026-04,28.88,215,3.5,9,624.26,1,0
TEL-12579,2026-05,29.05,359,6.3,11,557.59,3,0
TEL-12579,2026-06,25.27,307,15.9,8,670.77,2,0
TEL-12580,2026-01,6.9,178,1.2,10,328.51,2,0
TEL-12580,2026-02,7.45,165,0.7,11,311.0,4,0
TEL-12580,2026-03,7.72,199,0.2,11,310.5,2,0
TEL-12580,2026-04,8.95,245,0.5,8,350.13,1,0
TEL-12580,2026-05,5.75,155,0.3,10,295.21,1,0
TEL-12580,2026-06,9.13,193,0.5,12,277.16,3,0
TEL-12581,2026-01,6.69,83,0.5,11,175.79,1,0
TEL-12581,2026-02,6.26,119,0.2,12,147.7,2,0
TEL-12581,2026-03,6.03,174,0.5,12,178.75,2,0
TEL-12581,2026-04,5.43,194,0.7,9,180.83,1,0
TEL-12581,2026-05,4.38,120,0.8,21,201.15,4,0
TEL-12581,2026-06,5.23,165,0.8,13,179.47,3,0
TEL-12582,2026-01,5.01,119,0.4,11,312.35,2,0
TEL-12582,2026-02,7.42,181,0.0,5,283.01,3,0
TEL-12582,2026-03,2.11,210,1.9,3,267.34,2,0
TEL-12582,2026-04,4.59,126,0.1,6,280.31,3,0
TEL-12582,2026-05,5.35,209,1.3,6,272.41,3,0
TEL-12582,2026-06,5.67,216,3.0,6,323.96,3,0
TEL-12583,2026-01,64.57,237,26.0,0,857.28,1,0
TEL-12583,2026-02,44.41,235,6.6,0,883.8,4,0
TEL-12583,2026-03,77.87,348,18.0,0,833.39,4,0
TEL-12583,2026-04,58.21,340,12.4,1,701.33,1,0
TEL-12583,2026-05,65.83,267,9.8,1,920.39,2,0
TEL-12583,2026-06,29.66,166,15.2,2,907.64,2,0
TEL-12584,2026-01,48.03,135,8.3,4,730.37,3,0
TEL-12584,2026-02,44.13,211,9.0,4,727.3,3,0
TEL-12584,2026-03,46.86,155,12.9,9,807.24,3,0
TEL-12584,2026-04,43.92,179,55.8,4,0.0,3,0
TEL-12584,2026-05,35.31,131,30.3,2,600.94,1,0
TEL-12584,2026-06,33.86,150,46.8,2,684.87,1,0
TEL-12585,2026-01,1.49,430,0.8,26,298.27,4,0
TEL-12585,2026-02,2.6,640,0.3,30,224.01,3,0
TEL-12585,2026-03,1.43,347,1.5,37,257.26,2,0
TEL-12585,2026-04,1.69,650,0.6,22,262.07,2,0
TEL-12585,2026-05,2.45,536,1.7,24,221.31,1,0
TEL-12585,2026-06,3.31,372,1.8,30,204.0,3,0
TEL-12586,2026-01,16.03,113,1.6,11,387.28,2,0
TEL-12586,2026-02,14.12,175,0.5,12,337.85,2,0
TEL-12586,2026-03,14.14,135,1.6,16,435.56,1,0
TEL-12586,2026-04,11.95,176,1.2,15,321.17,4,0
TEL-12586,2026-05,14.1,122,1.8,15,358.83,1,0
TEL-12586,2026-06,10.13,161,0.1,10,356.56,2,0
TEL-12587,2026-01,3.98,114,0.2,13,202.42,2,0
TEL-12587,2026-02,3.77,103,0.3,11,293.1,1,0
TEL-12587,2026-03,4.16,117,0.2,11,190.91,1,0
TEL-12587,2026-04,3.84,105,0.1,14,302.0,2,0
TEL-12587,2026-05,3.04,89,0.4,6,281.06,2,0
TEL-12587,2026-06,2.96,168,0.7,9,256.23,4,0
TEL-12588,2026-01,2.24,639,2.0,48,305.26,2,0
TEL-12588,2026-02,1.76,662,0.1,46,373.32,1,0
TEL-12588,2026-03,0.91,356,0.2,41,283.27,1,0
TEL-12588,2026-04,1.58,583,0.6,48,324.51,2,0
TEL-12588,2026-05,1.94,655,0.4,50,304.94,1,0
TEL-12588,2026-06,1.1,678,0.8,37,341.09,1,0
TEL-12589,2026-01,1.7,298,1.1,10,316.05,3,0
TEL-12589,2026-02,1.6,271,0.5,11,263.68,1,0
TEL-12589,2026-03,1.58,305,1.8,12,274.87,4,0
TEL-12589,2026-04,1.78,279,2.3,10,295.29,2,0
TEL-12589,2026-05,2.29,233,1.0,8,223.15,3,0
TEL-12589,2026-06,1.96,357,0.1,8,241.36,1,0
TEL-12590,2026-01,5.97,292,0.3,22,274.38,3,0
TEL-12590,2026-02,12.13,456,1.3,22,252.87,3,0
TEL-12590,2026-03,17.59,268,0.9,18,239.06,4,0
TEL-12590,2026-04,13.75,212,0.5,18,228.33,3,0
TEL-12590,2026-05,9.73,457,0.6,18,217.35,2,0
TEL-12590,2026-06,17.96,282,0.5,18,248.06,1,0
TEL-12591,2026-01,15.22,305,5.6,16,529.1,3,0
TEL-12591,2026-02,12.94,238,0.3,9,477.43,1,0
TEL-12591,2026-03,10.58,393,5.4,16,537.31,1,0
TEL-12591,2026-04,13.79,279,22.8,19,467.5,3,0
TEL-12591,2026-05,11.78,140,2.7,23,516.08,3,0
TEL-12591,2026-06,12.94,353,11.7,21,438.15,1,0
TEL-12592,2026-01,29.63,253,0.2,10,392.6,1,0
TEL-12592,2026-02,28.11,226,0.3,15,358.79,1,0
TEL-12592,2026-03,36.51,279,0.2,7,428.83,4,0
TEL-12592,2026-04,29.41,281,1.6,16,404.29,3,0
TEL-12592,2026-05,33.74,173,1.0,8,345.27,1,0
TEL-12592,2026-06,35.02,135,2.4,20,339.05,3,0
TEL-12593,2026-01,6.42,147,0.3,4,190.39,4,0
TEL-12593,2026-02,5.07,185,0.1,3,180.45,4,0
TEL-12593,2026-03,6.11,195,0.0,4,163.45,3,0
TEL-12593,2026-04,7.28,202,0.6,11,162.84,2,0
TEL-12593,2026-05,6.74,167,0.4,6,190.87,3,0
TEL-12593,2026-06,6.46,133,0.5,12,191.24,1,0
TEL-12594,2026-01,4.26,149,1.1,12,372.88,4,0
TEL-12594,2026-02,4.31,127,1.1,15,382.25,3,0
TEL-12594,2026-03,3.19,158,1.3,7,324.28,2,0
TEL-12594,2026-04,4.51,187,0.8,16,439.41,1,0
TEL-12594,2026-05,5.9,197,0.0,12,339.45,1,0
TEL-12594,2026-06,6.99,210,0.2,19,295.81,1,0
TEL-12595,2026-01,34.09,158,0.7,3,563.5,2,0
TEL-12595,2026-02,33.73,196,0.3,4,645.38,3,0
TEL-12595,2026-03,35.65,43,2.5,9,657.25,2,0
TEL-12595,2026-04,48.92,129,0.1,2,619.78,3,0
TEL-12595,2026-05,35.97,135,0.4,5,550.12,1,0
TEL-12595,2026-06,27.82,89,0.8,3,638.03,1,0
TEL-12596,2026-01,3.79,83,0.1,2,258.22,1,0
TEL-12596,2026-02,3.95,114,0.4,5,210.46,2,0
TEL-12596,2026-03,4.57,117,0.0,2,205.82,3,0
TEL-12596,2026-04,4.52,170,0.0,5,199.25,1,0
TEL-12596,2026-05,5.25,132,0.7,4,184.99,3,0
TEL-12596,2026-06,2.87,184,0.5,2,217.06,4,0
TEL-12597,2026-01,3.53,117,1.0,7,86.24,2,0
TEL-12597,2026-02,3.69,99,0.6,10,78.67,2,0
TEL-12597,2026-03,3.75,94,0.2,7,66.15,1,0
TEL-12597,2026-04,3.6,111,0.1,17,68.42,2,0
TEL-12597,2026-05,2.69,126,0.8,14,62.82,1,0
TEL-12597,2026-06,2.17,79,0.0,12,68.72,4,0
TEL-12598,2026-01,15.58,205,0.3,17,340.52,3,0
TEL-12598,2026-02,13.53,189,1.7,10,328.45,3,0
TEL-12598,2026-03,11.41,294,0.1,13,332.92,1,0
TEL-12598,2026-04,14.42,337,0.1,18,348.58,1,0
TEL-12598,2026-05,14.83,255,1.6,14,321.0,3,0
TEL-12598,2026-06,10.95,139,0.3,18,322.71,4,0
TEL-12599,2026-01,1.67,528,8.2,25,504.48,1,0
TEL-12599,2026-02,1.26,594,16.5,26,587.64,3,0
TEL-12599,2026-03,1.25,354,11.9,20,421.73,2,0
TEL-12599,2026-04,1.71,497,2.1,29,459.7,1,0
TEL-12599,2026-05,2.2,720,3.6,23,435.63,3,0
TEL-12599,2026-06,1.3,500,14.9,22,442.49,2,0
TEL-12600,2026-01,24.54,157,0.5,9,460.88,3,0
TEL-12600,2026-02,39.52,151,0.6,4,580.91,4,0
TEL-12600,2026-03,28.19,154,0.1,6,585.3,2,0
TEL-12600,2026-04,23.51,137,0.1,3,473.83,4,0
TEL-12600,2026-05,20.94,235,1.3,7,524.87,2,0
TEL-12600,2026-06,24.21,123,1.2,7,467.99,1,0
TEL-12601,2026-01,1.73,383,1.7,22,109.31,4,0
TEL-12601,2026-02,1.43,246,1.4,23,131.32,3,0
TEL-12601,2026-03,0.96,312,2.9,28,110.13,2,0
TEL-12601,2026-04,1.89,354,2.2,28,120.41,4,0
TEL-12601,2026-05,1.33,364,1.2,24,121.3,1,0
TEL-12601,2026-06,0.94,299,0.2,34,114.43,1,0
TEL-12602,2026-01,3.66,99,0.3,2,274.43,1,0
TEL-12602,2026-02,4.79,145,1.3,2,315.73,3,0
TEL-12602,2026-03,5.48,151,1.1,2,334.34,1,0
TEL-12602,2026-04,3.34,91,0.9,2,343.86,2,0
TEL-12602,2026-05,4.12,158,1.0,2,378.27,3,0
TEL-12602,2026-06,5.14,79,1.7,4,260.83,2,0
TEL-12603,2026-01,17.48,222,0.5,2,541.29,2,0
TEL-12603,2026-02,31.85,148,1.8,2,560.78,3,0
TEL-12603,2026-03,29.56,173,0.1,1,450.93,2,0
TEL-12603,2026-04,42.3,340,0.4,3,451.38,2,0
TEL-12603,2026-05,48.66,111,1.9,2,393.84,1,0
TEL-12603,2026-06,32.92,166,0.3,1,514.6,1,0
TEL-12604,2026-01,4.22,94,2.2,12,221.72,3,0
TEL-12604,2026-02,5.71,196,1.6,6,166.86,1,0
TEL-12604,2026-03,6.39,201,1.0,8,173.05,2,0
TEL-12604,2026-04,4.66,118,0.2,13,201.28,4,0
TEL-12604,2026-05,7.74,184,2.4,11,232.89,3,0
TEL-12604,2026-06,5.72,159,0.1,8,206.97,1,0
TEL-12605,2026-01,2.73,35,0.5,6,255.6,2,0
TEL-12605,2026-02,2.3,42,1.7,7,228.82,3,0
TEL-12605,2026-03,2.91,51,0.2,5,251.27,2,0
TEL-12605,2026-04,3.27,60,0.5,9,256.31,3,0
TEL-12605,2026-05,3.22,61,5.0,11,225.18,2,0
TEL-12605,2026-06,3.19,75,0.0,15,213.99,2,0
TEL-12606,2026-01,3.84,174,1.2,11,188.33,1,0
TEL-12606,2026-02,2.0,150,0.2,9,183.92,4,0
TEL-12606,2026-03,3.17,213,0.7,5,197.95,2,0
TEL-12606,2026-04,2.8,139,0.2,9,215.48,2,0
TEL-12606,2026-05,2.15,191,0.3,9,187.24,4,0
TEL-12606,2026-06,3.89,179,0.1,9,198.92,3,0
TEL-12607,2026-01,3.24,57,0.0,7,160.55,1,0
TEL-12607,2026-02,2.95,14,0.6,2,173.59,4,0
TEL-12607,2026-03,1.74,19,0.3,4,191.14,3,0
TEL-12607,2026-04,3.8,44,2.0,6,198.02,1,0
TEL-12607,2026-05,3.5,33,0.2,9,146.9,3,0
TEL-12607,2026-06,4.21,38,0.7,6,211.01,1,0
TEL-12608,2026-01,2.24,704,5.7,19,642.23,4,0
TEL-12608,2026-02,1.63,870,14.5,28,551.34,1,0
TEL-12608,2026-03,2.35,1001,1.1,23,589.12,3,0
TEL-12608,2026-04,3.2,708,23.6,30,554.99,3,0
TEL-12608,2026-05,1.53,435,24.2,30,613.67,1,0
TEL-12608,2026-06,2.76,744,3.3,23,567.93,4,0
TEL-12609,2026-01,35.93,147,0.9,4,436.16,1,0
TEL-12609,2026-02,49.16,118,0.3,3,388.66,1,0
TEL-12609,2026-03,39.95,90,0.3,7,493.53,4,0
TEL-12609,2026-04,24.06,181,0.3,3,461.56,1,0
TEL-12609,2026-05,57.7,109,1.0,5,441.6,3,0
TEL-12609,2026-06,52.48,126,2.2,5,447.78,3,0
TEL-12610,2026-01,1.69,417,0.1,41,294.44,2,0
TEL-12610,2026-02,1.33,493,2.4,48,273.09,1,0
TEL-12610,2026-03,1.25,374,0.3,48,324.26,1,0
TEL-12610,2026-04,1.47,662,0.4,48,310.57,2,0
TEL-12610,2026-05,1.21,667,0.4,34,304.85,4,0
TEL-12610,2026-06,1.67,637,0.0,36,266.63,2,0
TEL-12611,2026-01,25.07,142,0.4,2,396.77,3,0
TEL-12611,2026-02,17.53,182,0.2,1,425.75,3,0
TEL-12611,2026-03,21.28,191,1.2,4,317.1,4,0
TEL-12611,2026-04,21.99,156,0.1,5,409.92,1,0
TEL-12611,2026-05,24.01,229,0.7,3,400.86,3,0
TEL-12611,2026-06,13.27,211,0.1,2,407.14,2,0
TEL-12612,2026-01,19.74,288,0.1,14,346.24,4,0
TEL-12612,2026-02,25.88,369,0.3,16,343.37,1,0
TEL-12612,2026-03,14.21,428,1.1,19,328.21,2,0
TEL-12612,2026-04,19.3,317,0.2,12,398.04,4,0
TEL-12612,2026-05,29.89,383,0.0,16,327.24,3,0
TEL-12612,2026-06,26.86,285,0.6,21,360.29,2,0
TEL-12613,2026-01,19.98,210,2.0,11,374.66,3,0
TEL-12613,2026-02,19.92,292,0.4,9,370.69,2,0
TEL-12613,2026-03,21.33,306,1.3,8,353.13,4,0
TEL-12613,2026-04,19.8,136,0.0,7,325.99,3,0
TEL-12613,2026-05,24.43,437,0.8,3,393.47,2,0
TEL-12613,2026-06,23.4,370,0.1,6,310.23,1,0
TEL-12614,2026-01,4.95,127,3.9,6,267.27,4,0
TEL-12614,2026-02,6.2,83,1.4,6,185.13,4,0
TEL-12614,2026-03,2.69,168,0.8,4,220.84,2,0
TEL-12614,2026-04,3.39,166,0.1,6,221.87,4,0
TEL-12614,2026-05,3.8,118,1.2,8,271.23,1,0
TEL-12614,2026-06,3.73,111,2.5,5,230.09,4,0
TEL-12615,2026-01,6.85,305,1.4,12,268.17,1,0
TEL-12615,2026-02,9.24,481,2.3,13,303.82,4,0
TEL-12615,2026-03,10.31,370,1.8,13,281.05,4,0
TEL-12615,2026-04,9.57,309,0.2,11,261.43,1,0
TEL-12615,2026-05,5.78,337,0.6,10,249.37,3,0
TEL-12615,2026-06,6.24,375,0.6,12,255.19,3,0
TEL-12616,2026-01,1.36,491,0.6,37,225.75,4,0
TEL-12616,2026-02,1.98,563,0.5,33,241.93,2,0
TEL-12616,2026-03,1.92,674,0.2,38,253.07,4,0
TEL-12616,2026-04,1.71,638,0.7,30,212.79,3,0
TEL-12616,2026-05,3.06,695,1.2,37,210.63,4,0
TEL-12616,2026-06,2.29,858,0.2,29,196.77,1,0
TEL-12617,2026-01,9.04,208,1.4,23,238.98,4,0
TEL-12617,2026-02,11.79,486,1.3,15,280.13,2,0
TEL-12617,2026-03,9.24,280,0.1,13,226.96,2,0
TEL-12617,2026-04,12.79,529,0.0,25,222.29,3,0
TEL-12617,2026-05,12.39,541,0.8,19,279.51,3,0
TEL-12617,2026-06,8.22,532,0.5,26,218.9,4,0
TEL-12618,2026-01,23.35,405,0.6,21,409.48,1,0
TEL-12618,2026-02,20.86,481,0.8,12,438.76,1,0
TEL-12618,2026-03,19.92,349,1.0,19,393.71,1,0
TEL-12618,2026-04,19.9,280,0.6,17,468.29,4,0
TEL-12618,2026-05,20.43,362,0.2,12,480.73,3,0
TEL-12618,2026-06,16.93,404,0.3,16,411.82,2,0
TEL-12619,2026-01,4.41,138,1.4,3,180.25,3,0
TEL-12619,2026-02,3.12,158,0.9,5,184.52,3,0
TEL-12619,2026-03,3.59,143,0.1,5,215.46,3,0
TEL-12619,2026-04,3.05,161,0.3,3,221.78,1,0
TEL-12619,2026-05,3.44,177,0.6,6,207.96,4,0
TEL-12619,2026-06,2.87,139,0.8,7,206.75,3,0
TEL-12620,2026-01,4.73,133,0.3,10,262.68,1,0
TEL-12620,2026-02,5.99,189,0.3,10,248.55,3,0
TEL-12620,2026-03,3.77,197,0.6,7,236.2,2,0
TEL-12620,2026-04,3.42,202,0.1,8,227.38,3,0
TEL-12620,2026-05,2.86,202,1.5,7,276.37,3,0
TEL-12620,2026-06,3.08,185,0.7,3,261.78,1,0
TEL-12621,2026-01,17.54,370,0.4,19,250.86,3,0
TEL-12621,2026-02,17.22,407,1.0,23,235.22,4,0
TEL-12621,2026-03,16.94,329,0.3,14,280.02,3,0
TEL-12621,2026-04,5.36,513,2.0,17,256.73,2,0
TEL-12621,2026-05,22.0,264,0.9,15,248.09,1,0
TEL-12621,2026-06,17.86,158,0.2,17,237.87,2,0
TEL-12622,2026-01,4.32,306,2.5,16,164.84,4,0
TEL-12622,2026-02,5.64,140,0.1,14,226.35,1,0
TEL-12622,2026-03,6.43,386,1.6,21,193.84,2,0
TEL-12622,2026-04,6.45,206,0.1,18,193.58,3,0
TEL-12622,2026-05,5.66,346,0.6,22,202.17,2,0
TEL-12622,2026-06,4.58,332,0.3,11,246.91,1,0
TEL-12623,2026-01,1.57,453,1.1,34,231.06,4,0
TEL-12623,2026-02,1.86,696,1.0,52,166.2,3,0
TEL-12623,2026-03,1.9,566,0.1,28,187.51,4,0
TEL-12623,2026-04,2.65,706,2.4,37,192.17,4,0
TEL-12623,2026-05,2.68,408,0.8,40,159.13,1,0
TEL-12623,2026-06,2.1,497,0.3,40,210.21,3,0
TEL-12624,2026-01,6.77,179,0.1,4,202.02,3,0
TEL-12624,2026-02,5.95,266,0.1,6,204.38,3,0
TEL-12624,2026-03,6.03,208,0.3,17,215.63,4,0
TEL-12624,2026-04,6.85,217,0.7,2,216.21,3,0
TEL-12624,2026-05,6.75,240,0.6,13,256.8,1,0
TEL-12624,2026-06,7.39,191,1.6,6,201.35,4,0
TEL-12625,2026-01,5.23,104,1.5,14,186.2,1,0
TEL-12625,2026-02,4.02,101,0.2,15,205.29,4,0
TEL-12625,2026-03,5.29,109,0.2,6,185.2,3,0
TEL-12625,2026-04,5.17,122,0.7,19,168.26,1,0
TEL-12625,2026-05,5.36,82,0.5,8,191.37,2,0
TEL-12625,2026-06,5.67,68,1.8,11,149.44,3,0
TEL-12626,2026-01,2.3,637,1.0,32,312.0,3,0
TEL-12626,2026-02,2.23,706,0.7,26,267.56,3,0
TEL-12626,2026-03,1.97,386,0.6,31,246.15,4,0
TEL-12626,2026-04,1.8,1005,0.8,28,296.37,3,0
TEL-12626,2026-05,1.44,816,2.2,28,308.96,2,0
TEL-12626,2026-06,2.08,844,0.7,28,301.58,3,0
TEL-12627,2026-01,15.25,221,2.3,11,348.65,4,0
TEL-12627,2026-02,21.23,238,1.6,9,478.12,3,0
TEL-12627,2026-03,22.58,421,2.1,10,425.12,3,0
TEL-12627,2026-04,24.0,494,1.2,15,354.49,4,0
TEL-12627,2026-05,22.46,566,0.3,11,0.0,2,0
TEL-12627,2026-06,16.85,513,0.1,8,363.6,3,0
TEL-12628,2026-01,3.02,359,0.7,38,359.76,1,0
TEL-12628,2026-02,3.4,558,1.2,42,341.24,1,0
TEL-12628,2026-03,3.24,423,0.4,42,319.06,2,0
TEL-12628,2026-04,2.47,412,1.5,50,316.01,3,0
TEL-12628,2026-05,3.68,523,0.4,31,302.87,2,0
TEL-12628,2026-06,2.39,524,1.3,44,345.22,3,0
TEL-12629,2026-01,15.56,161,0.4,11,203.98,4,0
TEL-12629,2026-02,19.45,248,0.3,19,238.41,4,0
TEL-12629,2026-03,15.98,249,0.6,16,254.11,1,0
TEL-12629,2026-04,26.73,77,0.0,14,207.72,1,0
TEL-12629,2026-05,14.75,133,0.8,14,248.47,4,0
TEL-12629,2026-06,21.04,216,1.6,13,219.18,2,0
TEL-12630,2026-01,2.69,119,0.3,10,80.26,2,0
TEL-12630,2026-02,2.07,135,0.8,8,81.16,1,0
TEL-12630,2026-03,3.59,97,2.6,13,76.44,4,0
TEL-12630,2026-04,92.43,110,1.0,11,0.0,0,3
TEL-12630,2026-05,74.66,145,1.0,17,0.0,0,1
TEL-12630,2026-06,94.6,165,0.5,11,0.0,0,3
TEL-12631,2026-01,11.28,299,37.0,7,598.88,2,0
TEL-12631,2026-02,12.9,438,5.4,7,441.41,4,0
TEL-12631,2026-03,13.78,272,6.3,5,576.54,1,0
TEL-12631,2026-04,11.63,468,14.4,9,614.58,3,0
TEL-12631,2026-05,9.32,313,4.2,9,617.66,4,0
TEL-12631,2026-06,12.92,394,0.8,15,550.0,1,0
TEL-12632,2026-01,4.88,633,1.4,20,247.29,1,0
TEL-12632,2026-02,7.36,414,0.0,13,251.8,2,0
TEL-12632,2026-03,5.28,712,0.2,21,255.17,2,0
TEL-12632,2026-04,6.08,387,0.3,25,257.28,2,0
TEL-12632,2026-05,8.8,466,1.0,25,281.12,3,0
TEL-12632,2026-06,8.38,507,0.3,19,242.52,2,0
TEL-12633,2026-01,10.28,325,0.3,12,313.74,4,0
TEL-12633,2026-02,8.45,393,1.3,17,387.1,1,0
TEL-12633,2026-03,9.31,271,4.6,11,406.7,2,0
TEL-12633,2026-04,9.26,285,1.9,10,359.74,2,0
TEL-12633,2026-05,10.2,306,0.4,8,347.35,1,0
TEL-12633,2026-06,13.34,339,0.3,12,312.08,1,0
TEL-12634,2026-01,33.72,158,1.7,5,949.58,3,0
TEL-12634,2026-02,33.05,322,6.0,5,816.46,3,0
TEL-12634,2026-03,37.14,264,8.9,7,866.53,4,0
TEL-12634,2026-04,61.57,278,3.2,8,809.8,2,0
TEL-12634,2026-05,24.73,251,4.5,9,830.2,3,0
TEL-12634,2026-06,38.44,329,0.4,11,960.96,3,0
TEL-12635,2026-01,6.26,172,1.0,4,121.81,3,0
TEL-12635,2026-02,5.66,183,0.2,15,129.13,2,0
TEL-12635,2026-03,4.16,153,1.2,12,114.4,3,0
TEL-12635,2026-04,4.36,146,0.2,7,128.27,4,0
TEL-12635,2026-05,5.08,168,0.1,13,115.03,2,0
TEL-12635,2026-06,4.15,159,0.5,7,128.75,4,0
TEL-12636,2026-01,7.33,304,1.8,9,633.92,3,0
TEL-12636,2026-02,6.21,448,8.9,6,521.79,4,0
TEL-12636,2026-03,9.52,435,1.6,12,637.53,3,0
TEL-12636,2026-04,5.77,333,7.7,16,702.81,1,0
TEL-12636,2026-05,8.83,333,7.4,15,615.42,2,0
TEL-12636,2026-06,3.67,309,2.1,8,672.67,3,0
TEL-12637,2026-01,4.09,176,0.7,3,259.68,2,0
TEL-12637,2026-02,5.49,216,0.1,2,227.81,3,0
TEL-12637,2026-03,6.08,158,1.3,5,236.04,1,0
TEL-12637,2026-04,4.87,164,0.1,3,270.84,4,0
TEL-12637,2026-05,4.66,84,0.7,7,243.76,3,0
TEL-12637,2026-06,3.3,233,1.6,5,277.25,2,0
TEL-12638,2026-01,5.83,254,0.5,6,212.91,1,0
TEL-12638,2026-02,4.55,172,0.2,12,319.05,2,0
TEL-12638,2026-03,4.46,264,0.3,10,300.5,1,0
TEL-12638,2026-04,4.24,232,0.5,9,276.67,1,0
TEL-12638,2026-05,4.46,149,0.2,13,270.88,4,0
TEL-12638,2026-06,6.65,254,1.8,12,200.13,4,0
TEL-12639,2026-01,18.3,351,1.8,9,342.36,4,0
TEL-12639,2026-02,22.49,274,0.0,16,351.2,3,0
TEL-12639,2026-03,13.07,409,0.1,22,360.12,4,0
TEL-12639,2026-04,24.4,188,0.4,23,335.35,1,0
TEL-12639,2026-05,17.74,270,0.7,11,389.8,1,0
TEL-12639,2026-06,16.15,405,0.7,14,362.47,3,0
TEL-12640,2026-01,4.0,181,0.3,10,153.53,3,0
TEL-12640,2026-02,4.83,151,0.4,7,143.62,3,0
TEL-12640,2026-03,3.63,135,1.5,12,158.16,4,0
TEL-12640,2026-04,5.66,99,0.2,4,127.76,3,0
TEL-12640,2026-05,4.84,150,1.0,3,169.06,3,0
TEL-12640,2026-06,5.05,188,0.6,9,166.58,4,0
TEL-12641,2026-01,3.34,110,0.1,15,193.79,1,0
TEL-12641,2026-02,2.34,204,0.4,10,164.57,2,0
TEL-12641,2026-03,2.05,126,0.4,11,185.94,2,0
TEL-12641,2026-04,1.96,145,0.1,6,192.75,2,0
TEL-12641,2026-05,2.12,155,2.1,9,210.16,1,0
TEL-12641,2026-06,2.78,107,0.2,4,187.93,3,0
TEL-12642,2026-01,13.91,274,0.3,7,383.99,3,0
TEL-12642,2026-02,28.85,233,0.2,5,368.62,3,0
TEL-12642,2026-03,42.45,314,1.4,7,341.32,4,0
TEL-12642,2026-04,22.4,274,1.1,7,407.4,4,0
TEL-12642,2026-05,30.51,247,0.3,5,337.77,2,0
TEL-12642,2026-06,38.4,234,3.9,7,344.48,3,0
TEL-12643,2026-01,3.9,72,0.5,7,226.63,4,0
TEL-12643,2026-02,2.55,67,0.4,7,201.99,1,0
TEL-12643,2026-03,2.8,63,0.6,17,214.94,1,0
TEL-12643,2026-04,2.57,42,0.1,8,244.93,2,0
TEL-12643,2026-05,3.4,82,2.9,9,234.52,1,0
TEL-12643,2026-06,4.49,76,0.7,12,197.31,2,0
TEL-12644,2026-01,18.01,224,0.2,21,304.35,2,0
TEL-12644,2026-02,22.05,312,1.3,11,305.01,4,0
TEL-12644,2026-03,23.76,285,0.2,14,328.44,1,0
TEL-12644,2026-04,19.43,255,0.8,16,307.25,2,0
TEL-12644,2026-05,17.2,309,1.1,17,261.51,2,0
TEL-12644,2026-06,13.65,328,0.3,24,332.26,3,0
TEL-12645,2026-01,1.84,609,0.1,27,180.91,3,0
TEL-12645,2026-02,1.21,369,0.8,45,192.63,4,0
TEL-12645,2026-03,1.55,475,1.1,27,163.7,3,0
TEL-12645,2026-04,1.55,533,0.4,33,164.34,3,0
TEL-12645,2026-05,1.49,599,3.4,31,198.15,4,0
TEL-12645,2026-06,1.56,564,0.6,39,188.81,1,0
TEL-12646,2026-01,4.16,196,0.2,3,203.29,1,0
TEL-12646,2026-02,4.93,118,3.1,6,220.41,3,0
TEL-12646,2026-03,4.76,201,0.0,9,272.08,3,0
TEL-12646,2026-04,3.76,139,5.0,4,246.16,4,0
TEL-12646,2026-05,4.36,143,0.9,5,254.83,4,0
TEL-12646,2026-06,3.49,126,0.3,4,247.06,2,0
TEL-12647,2026-01,18.53,271,0.1,8,460.1,3,0
TEL-12647,2026-02,17.51,199,0.7,6,480.74,3,0
TEL-12647,2026-03,29.22,222,0.8,6,474.46,4,0
TEL-12647,2026-04,17.16,270,0.9,10,503.42,4,0
TEL-12647,2026-05,19.49,156,2.5,13,460.74,2,0
TEL-12647,2026-06,14.28,197,1.1,8,415.28,2,0
TEL-12648,2026-01,3.45,134,1.5,5,498.67,2,0
TEL-12648,2026-02,1.9,125,0.1,11,494.53,1,0
TEL-12648,2026-03,2.65,104,1.4,19,434.15,1,0
TEL-12648,2026-04,2.47,112,0.6,8,405.75,2,0
TEL-12648,2026-05,3.68,143,0.8,5,458.93,4,0
TEL-12648,2026-06,1.87,183,0.8,11,451.77,2,0
TEL-12649,2026-01,14.21,528,4.2,13,381.91,4,0
TEL-12649,2026-02,16.63,385,3.4,8,447.62,1,0
TEL-12649,2026-03,14.86,508,0.5,16,484.45,3,0
TEL-12649,2026-04,14.62,506,21.0,11,414.56,3,0
TEL-12649,2026-05,16.55,322,22.3,15,446.68,1,0
TEL-12649,2026-06,9.25,495,7.2,12,387.18,2,0
TEL-12650,2026-01,20.01,153,0.3,23,240.01,2,0
TEL-12650,2026-02,28.72,376,0.4,10,332.37,3,0
TEL-12650,2026-03,18.33,360,0.6,17,335.65,4,0
TEL-12650,2026-04,20.74,280,0.5,19,361.11,1,0
TEL-12650,2026-05,13.99,363,0.6,18,268.87,1,0
TEL-12650,2026-06,22.01,409,1.7,20,275.9,3,0
TEL-12651,2026-01,21.52,184,0.1,3,499.75,4,0
TEL-12651,2026-02,24.62,103,2.2,3,407.97,2,0
TEL-12651,2026-03,31.07,234,1.0,7,454.49,1,0
TEL-12651,2026-04,26.42,172,0.2,5,450.55,2,0
TEL-12651,2026-05,15.88,116,8.0,4,445.17,3,0
TEL-12651,2026-06,29.83,137,0.7,2,498.82,1,0
TEL-12652,2026-01,14.0,344,1.0,25,384.8,2,0
TEL-12652,2026-02,12.3,271,0.4,21,401.77,1,0
TEL-12652,2026-03,16.82,568,3.3,14,439.13,3,0
TEL-12652,2026-04,15.79,461,0.3,21,336.77,4,0
TEL-12652,2026-05,18.55,557,1.8,24,380.7,1,0
TEL-12652,2026-06,7.86,222,0.3,11,313.69,4,0
TEL-12653,2026-01,3.29,247,1.2,10,134.09,2,0
TEL-12653,2026-02,3.51,390,1.2,10,150.45,3,0
TEL-12653,2026-03,3.5,267,0.8,4,191.21,4,0
TEL-12653,2026-04,2.83,304,0.0,9,150.01,2,0
TEL-12653,2026-05,2.33,408,0.5,13,139.82,3,0
TEL-12653,2026-06,2.77,227,0.6,10,135.27,3,0
TEL-12654,2026-01,2.76,402,2.1,47,173.38,4,0
TEL-12654,2026-02,2.53,350,0.2,53,161.93,4,0
TEL-12654,2026-03,2.38,451,0.4,37,123.02,4,0
TEL-12654,2026-04,2.37,563,0.6,36,123.05,4,0
TEL-12654,2026-05,2.59,565,0.0,41,140.57,4,0
TEL-12654,2026-06,1.4,654,3.3,37,147.1,3,0
TEL-12655,2026-01,31.08,115,0.3,5,403.73,1,0
TEL-12655,2026-02,27.85,111,1.0,4,424.64,1,0
TEL-12655,2026-03,18.05,167,0.1,5,359.81,3,0
TEL-12655,2026-04,27.25,118,0.3,8,457.85,3,0
TEL-12655,2026-05,16.78,123,0.1,8,444.79,1,0
TEL-12655,2026-06,23.7,124,0.1,11,466.38,2,0
TEL-12656,2026-01,33.42,285,0.3,3,439.07,3,0
TEL-12656,2026-02,34.44,403,0.7,6,496.98,4,0
TEL-12656,2026-03,43.84,353,0.2,6,401.19,3,0
TEL-12656,2026-04,39.06,270,0.4,3,410.26,3,0
TEL-12656,2026-05,54.08,366,0.3,4,454.85,1,0
TEL-12656,2026-06,34.93,290,0.6,4,442.83,4,0
TEL-12657,2026-01,1.47,355,0.2,32,377.93,3,0
TEL-12657,2026-02,3.38,354,0.2,41,371.15,3,0
TEL-12657,2026-03,2.64,171,0.3,33,478.3,2,0
TEL-12657,2026-04,2.33,245,2.8,24,428.73,3,0
TEL-12657,2026-05,2.4,414,0.9,40,496.11,1,0
TEL-12657,2026-06,1.7,331,1.0,23,469.84,3,0
TEL-12658,2026-01,1.99,202,1.5,9,234.59,1,0
TEL-12658,2026-02,2.15,183,1.4,21,229.29,3,0
TEL-12658,2026-03,3.63,149,0.1,11,223.3,1,0
TEL-12658,2026-04,2.77,82,1.0,7,184.22,1,0
TEL-12658,2026-05,1.88,158,0.6,5,161.18,4,0
TEL-12658,2026-06,2.9,128,1.0,13,181.96,1,0
TEL-12659,2026-01,2.38,84,0.0,6,275.13,2,0
TEL-12659,2026-02,3.45,131,0.8,7,261.08,2,0
TEL-12659,2026-03,3.28,113,0.1,7,292.99,2,0
TEL-12659,2026-04,3.14,103,0.3,7,268.23,4,0
TEL-12659,2026-05,2.67,132,1.7,5,256.73,4,0
TEL-12659,2026-06,2.07,76,0.5,5,248.64,4,0
TEL-12660,2026-01,6.74,114,34.0,3,356.42,4,0
TEL-12660,2026-02,8.87,189,6.7,6,352.88,4,0
TEL-12660,2026-03,5.52,224,7.0,4,346.24,3,0
TEL-12660,2026-04,6.2,214,18.3,12,321.36,3,0
TEL-12660,2026-05,6.89,205,18.2,7,361.82,4,0
TEL-12660,2026-06,3.92,235,5.2,10,352.11,2,0
TEL-12661,2026-01,6.18,410,0.8,11,366.22,3,0
TEL-12661,2026-02,6.29,615,0.1,19,366.52,4,0
TEL-12661,2026-03,6.34,493,0.0,13,298.71,2,0
TEL-12661,2026-04,6.78,566,0.3,12,380.87,4,0
TEL-12661,2026-05,3.19,531,0.3,19,316.34,4,0
TEL-12661,2026-06,4.2,472,0.1,19,403.18,3,0
TEL-12662,2026-01,4.8,144,0.6,8,275.93,1,0
TEL-12662,2026-02,3.81,126,1.2,5,314.12,3,0
TEL-12662,2026-03,3.53,168,0.5,4,312.02,2,0
TEL-12662,2026-04,3.74,124,2.3,3,330.56,2,0
TEL-12662,2026-05,4.9,189,0.9,4,324.66,4,0
TEL-12662,2026-06,3.42,135,0.5,7,321.03,3,0
TEL-12663,2026-01,3.69,177,0.1,6,397.43,3,0
TEL-12663,2026-02,3.48,151,1.6,2,385.36,1,0
TEL-12663,2026-03,3.19,53,0.8,7,383.77,2,0
TEL-12663,2026-04,3.69,144,0.5,8,380.5,4,0
TEL-12663,2026-05,3.06,96,0.5,8,341.62,2,0
TEL-12663,2026-06,3.11,122,0.8,6,298.31,4,0
TEL-12664,2026-01,4.48,149,1.6,10,260.17,1,0
TEL-12664,2026-02,2.5,98,0.4,6,290.23,1,0
TEL-12664,2026-03,5.69,109,0.7,14,352.63,2,0
TEL-12664,2026-04,5.59,130,0.3,10,284.34,2,0
TEL-12664,2026-05,5.92,91,0.0,18,263.89,4,0
TEL-12664,2026-06,5.39,87,1.2,9,282.93,3,0
TEL-12665,2026-01,3.16,159,0.8,9,168.2,1,0
TEL-12665,2026-02,1.67,159,1.0,13,174.04,4,0
TEL-12665,2026-03,2.68,211,0.7,8,189.06,2,0
TEL-12665,2026-04,1.78,193,0.5,15,190.5,3,0
TEL-12665,2026-05,1.48,132,0.6,8,204.13,4,0
TEL-12665,2026-06,3.89,236,0.2,8,194.86,1,0
TEL-12666,2026-01,11.78,191,9.8,14,518.8,3,0
TEL-12666,2026-02,14.87,204,14.8,16,639.34,1,0
TEL-12666,2026-03,10.05,284,1.0,17,559.09,3,0
TEL-12666,2026-04,13.28,190,18.1,15,641.64,3,0
TEL-12666,2026-05,15.81,263,0.7,15,588.25,2,0
TEL-12666,2026-06,8.84,121,9.7,13,600.63,3,0
TEL-12667,2026-01,3.78,57,0.6,5,131.54,3,0
TEL-12667,2026-02,6.52,101,0.7,14,98.66,1,0
TEL-12667,2026-03,5.7,163,0.4,2,96.66,3,0
TEL-12667,2026-04,7.24,128,0.3,6,94.49,4,0
TEL-12667,2026-05,7.37,131,0.3,15,93.54,4,0
TEL-12667,2026-06,6.15,145,0.7,18,115.83,4,0
TEL-12668,2026-01,7.27,334,9.4,19,578.3,4,0
TEL-12668,2026-02,10.67,363,26.0,19,652.24,4,0
TEL-12668,2026-03,7.13,340,47.8,23,620.67,4,0
TEL-12668,2026-04,5.79,385,4.3,23,629.82,2,0
TEL-12668,2026-05,11.3,282,10.8,18,753.76,3,0
TEL-12668,2026-06,11.27,362,6.6,16,811.91,4,0
TEL-12669,2026-01,11.97,237,0.7,10,293.03,4,0
TEL-12669,2026-02,19.63,311,5.3,10,337.07,4,0
TEL-12669,2026-03,11.73,129,0.6,9,291.46,3,0
TEL-12669,2026-04,20.24,288,0.5,14,304.2,4,0
TEL-12669,2026-05,16.46,172,0.9,13,314.36,1,0
TEL-12669,2026-06,23.42,155,0.7,7,366.65,1,0
TEL-12670,2026-01,6.82,241,0.4,11,266.2,2,0
TEL-12670,2026-02,6.04,131,0.3,19,332.38,4,0
TEL-12670,2026-03,6.88,160,1.0,17,338.19,3,0
TEL-12670,2026-04,9.21,282,0.2,5,341.22,2,0
TEL-12670,2026-05,9.95,218,0.1,12,357.13,3,0
TEL-12670,2026-06,6.42,201,0.6,12,284.35,3,0
TEL-12671,2026-01,3.36,172,5.7,5,249.67,3,0
TEL-12671,2026-02,4.27,161,10.1,8,254.77,3,0
TEL-12671,2026-03,0.02,82,2431.9,11,274.86,3,0
TEL-12671,2026-04,0.15,52,2935.8,10,246.57,2,0
TEL-12671,2026-05,0.2,32,2577.7,13,247.05,4,0
TEL-12671,2026-06,0.12,89,2621.2,12,258.07,4,0
TEL-12672,2026-01,1.66,342,0.3,31,147.32,3,0
TEL-12672,2026-02,1.8,420,1.5,32,152.29,3,0
TEL-12672,2026-03,1.57,472,0.8,29,188.19,1,0
TEL-12672,2026-04,1.56,232,0.3,21,150.93,3,0
TEL-12672,2026-05,2.1,340,0.3,30,128.02,2,0
TEL-12672,2026-06,1.96,586,0.4,22,171.14,3,0
TEL-12673,2026-01,50.41,52,1.6,3,442.28,3,0
TEL-12673,2026-02,35.2,108,1.2,5,336.92,2,0
TEL-12673,2026-03,27.67,84,2.0,3,441.82,4,0
TEL-12673,2026-04,32.73,134,0.7,5,438.21,2,0
TEL-12673,2026-05,43.36,123,0.5,7,471.24,4,0
TEL-12673,2026-06,18.83,70,0.6,6,389.86,2,0
TEL-12674,2026-01,13.05,392,6.7,6,673.91,1,0
TEL-12674,2026-02,17.43,368,30.7,10,807.0,1,0
TEL-12674,2026-03,17.34,335,15.2,12,767.19,4,0
TEL-12674,2026-04,23.16,255,9.2,13,577.52,3,0
TEL-12674,2026-05,14.19,381,3.3,7,566.64,3,0
TEL-12674,2026-06,21.61,377,12.0,10,606.87,1,0
TEL-12675,2026-01,13.37,346,0.9,11,351.16,2,0
TEL-12675,2026-02,12.77,386,0.5,18,317.17,1,0
TEL-12675,2026-03,16.23,353,0.1,18,0.0,3,0
TEL-12675,2026-04,12.23,401,0.8,20,315.94,3,0
TEL-12675,2026-05,13.11,191,2.6,21,289.45,3,0
TEL-12675,2026-06,9.56,409,0.1,16,330.58,1,0
TEL-12676,2026-01,5.29,261,0.2,5,290.14,2,0
TEL-12676,2026-02,3.38,144,1.9,5,331.22,1,0
TEL-12676,2026-03,3.47,174,0.6,3,348.4,1,0
TEL-12676,2026-04,3.16,126,2.2,5,323.03,3,0
TEL-12676,2026-05,2.24,128,0.8,7,280.42,1,0
TEL-12676,2026-06,2.0,189,0.1,3,293.05,4,0
TEL-12677,2026-01,2.6,127,3.1,5,184.99,4,0
TEL-12677,2026-02,3.36,69,0.1,4,191.77,2,0
TEL-12677,2026-03,3.0,111,2.3,3,179.42,4,0
TEL-12677,2026-04,3.07,108,1.0,9,164.6,2,0
TEL-12677,2026-05,2.91,143,0.9,6,183.01,3,0
TEL-12677,2026-06,1.96,92,1.8,5,164.86,3,0
TEL-12678,2026-01,15.36,149,0.1,5,307.67,2,0
TEL-12678,2026-02,11.08,140,1.3,2,250.8,2,0
TEL-12678,2026-03,13.1,241,0.5,3,302.42,3,0
TEL-12678,2026-04,18.94,203,0.2,4,294.22,3,0
TEL-12678,2026-05,21.21,197,1.6,6,283.29,3,0
TEL-12678,2026-06,9.18,204,1.3,3,237.36,1,0
TEL-12679,2026-01,1.39,568,1.0,32,237.0,3,0
TEL-12679,2026-02,1.12,446,1.6,30,270.6,3,0
TEL-12679,2026-03,1.54,402,1.1,28,319.77,1,0
TEL-12679,2026-04,1.6,444,0.7,34,238.4,2,0
TEL-12679,2026-05,1.13,141,0.5,30,252.68,1,0
TEL-12679,2026-06,1.37,549,0.3,38,261.08,2,0
TEL-12680,2026-01,2.26,824,0.9,37,337.05,1,0
TEL-12680,2026-02,2.04,849,1.6,40,292.48,1,0
TEL-12680,2026-03,2.43,573,1.7,31,314.16,2,0
TEL-12680,2026-04,3.14,600,2.6,30,238.66,4,0
TEL-12680,2026-05,2.06,690,0.7,26,326.25,4,0
TEL-12680,2026-06,2.4,574,1.9,30,237.33,4,0
TEL-12681,2026-01,29.15,244,0.6,2,367.09,3,0
TEL-12681,2026-02,21.94,189,0.4,1,409.43,2,0
TEL-12681,2026-03,40.03,235,0.7,2,321.24,3,0
TEL-12681,2026-04,18.27,169,0.8,0,401.55,4,0
TEL-12681,2026-05,36.52,194,0.1,2,401.18,1,0
TEL-12681,2026-06,29.36,244,0.5,1,387.47,1,0
TEL-12682,2026-01,3.52,159,0.2,6,81.83,3,0
TEL-12682,2026-02,3.02,169,0.5,8,99.63,3,0
TEL-12682,2026-03,0.13,85,2437.0,5,89.28,4,0
TEL-12682,2026-04,0.18,92,2068.2,12,102.84,3,0
TEL-12682,2026-05,0.36,64,2176.4,13,84.34,1,0
TEL-12682,2026-06,0.29,88,2617.4,6,96.55,1,0
TEL-12683,2026-01,13.1,421,12.3,18,568.43,2,0
TEL-12683,2026-02,7.16,303,24.6,13,594.32,4,0
TEL-12683,2026-03,11.82,525,4.7,20,521.31,3,0
TEL-12683,2026-04,12.29,402,25.6,15,525.82,3,0
TEL-12683,2026-05,10.44,467,23.0,7,635.49,2,0
TEL-12683,2026-06,10.69,490,24.5,5,563.39,4,0
TEL-12684,2026-01,33.2,115,1.6,3,396.8,2,0
TEL-12684,2026-02,52.02,145,0.0,13,445.94,1,0
TEL-12684,2026-03,32.02,163,0.4,3,393.55,2,0
TEL-12684,2026-04,43.53,106,0.5,9,333.0,3,0
TEL-12684,2026-05,41.4,122,1.7,8,351.22,2,0
TEL-12684,2026-06,36.33,191,0.1,7,400.09,3,0
TEL-12685,2026-01,2.49,700,3.3,27,246.66,3,0
TEL-12685,2026-02,2.48,707,0.0,28,294.35,4,0
TEL-12685,2026-03,1.64,895,0.7,22,309.71,1,0
TEL-12685,2026-04,1.81,729,0.4,19,258.67,4,0
TEL-12685,2026-05,2.94,1103,0.6,27,261.38,2,0
TEL-12685,2026-06,1.75,804,1.1,24,298.37,2,0
TEL-12686,2026-01,2.65,64,0.7,6,419.76,3,0
TEL-12686,2026-02,2.96,72,42.6,6,404.34,2,0
TEL-12686,2026-03,2.03,78,19.1,6,536.79,4,0
TEL-12686,2026-04,2.41,71,10.9,6,445.98,2,0
TEL-12686,2026-05,2.27,74,11.4,6,540.97,4,0
TEL-12686,2026-06,3.33,101,18.3,10,554.42,1,0
TEL-12687,2026-01,4.76,114,0.6,16,274.38,2,0
TEL-12687,2026-02,3.01,136,0.1,5,296.37,4,0
TEL-12687,2026-03,4.08,141,1.3,9,255.05,1,0
TEL-12687,2026-04,3.38,235,0.0,13,272.6,1,0
TEL-12687,2026-05,3.06,99,0.4,12,305.64,4,0
TEL-12687,2026-06,3.74,206,0.3,10,239.98,2,0
TEL-12688,2026-01,3.65,120,1.2,16,182.24,1,0
TEL-12688,2026-02,3.32,188,0.9,14,172.65,4,0
TEL-12688,2026-03,2.36,184,1.2,10,151.35,3,0
TEL-12688,2026-04,3.12,119,1.8,10,149.72,1,0
TEL-12688,2026-05,3.33,175,1.0,14,142.86,2,0
TEL-12688,2026-06,2.73,87,1.4,14,150.58,1,0
TEL-12689,2026-01,5.08,87,0.1,11,138.45,2,0
TEL-12689,2026-02,4.22,156,0.2,15,174.98,3,0
TEL-12689,2026-03,2.97,207,0.2,11,161.57,2,0
TEL-12689,2026-04,4.43,175,3.7,8,130.67,4,0
TEL-12689,2026-05,3.39,151,0.8,15,131.11,2,0
TEL-12689,2026-06,3.43,147,0.4,12,160.1,3,0
TEL-12690,2026-01,29.33,233,0.0,16,663.47,3,0
TEL-12690,2026-02,40.23,130,0.0,3,628.82,2,0
TEL-12690,2026-03,58.97,91,1.2,5,550.45,1,0
TEL-12690,2026-04,41.63,213,0.3,9,712.55,1,0
TEL-12690,2026-05,27.96,167,0.2,11,517.42,4,0
TEL-12690,2026-06,40.57,219,0.0,6,585.13,2,0
TEL-12691,2026-01,3.61,635,2.0,38,253.5,1,0
TEL-12691,2026-02,3.54,640,0.2,36,274.94,4,0
TEL-12691,2026-03,2.15,801,0.6,39,286.48,1,0
TEL-12691,2026-04,2.93,861,1.2,31,255.21,2,0
TEL-12691,2026-05,4.08,711,0.5,46,286.56,4,0
TEL-12691,2026-06,2.94,393,1.8,36,255.73,3,0
TEL-12692,2026-01,2.98,466,0.6,44,296.33,3,0
TEL-12692,2026-02,2.75,578,0.1,29,299.78,3,0
TEL-12692,2026-03,2.35,600,0.7,36,315.05,1,0
TEL-12692,2026-04,3.01,778,1.5,36,250.47,3,0
TEL-12692,2026-05,2.6,723,0.0,27,336.38,4,0
TEL-12692,2026-06,2.79,829,0.0,31,352.26,2,0
TEL-12693,2026-01,3.19,133,1.2,8,84.0,2,0
TEL-12693,2026-02,1.79,93,0.1,6,81.61,4,0
TEL-12693,2026-03,3.17,88,1.4,8,63.33,3,0
TEL-12693,2026-04,3.3,77,1.5,7,92.58,3,0
TEL-12693,2026-05,3.59,98,0.9,8,76.26,1,0
TEL-12693,2026-06,1.66,119,0.3,6,79.75,1,0
TEL-12694,2026-01,1.24,372,1.0,24,170.66,2,0
TEL-12694,2026-02,0.81,578,0.3,32,187.61,4,0
TEL-12694,2026-03,1.69,591,0.2,29,174.1,4,0
TEL-12694,2026-04,1.37,492,1.8,25,170.35,1,0
TEL-12694,2026-05,0.75,727,1.8,33,197.46,2,0
TEL-12694,2026-06,0.84,477,0.2,30,203.11,3,0
TEL-12695,2026-01,3.71,123,1.9,7,119.73,4,0
TEL-12695,2026-02,2.31,98,1.4,10,101.75,1,0
TEL-12695,2026-03,3.79,51,0.4,18,130.71,3,0
TEL-12695,2026-04,2.08,136,0.9,11,125.01,3,0
TEL-12695,2026-05,3.42,111,0.2,10,120.99,3,0
TEL-12695,2026-06,1.94,140,0.6,13,122.58,4,0
TEL-12696,2026-01,63.77,288,2.0,3,676.02,3,0
TEL-12696,2026-02,48.79,166,1.8,6,605.06,1,0
TEL-12696,2026-03,37.36,211,1.5,4,750.92,4,0
TEL-12696,2026-04,60.28,259,0.4,4,804.41,1,0
TEL-12696,2026-05,44.24,194,1.0,5,649.17,1,0
TEL-12696,2026-06,39.86,222,0.6,3,666.53,1,0
TEL-12697,2026-01,17.64,524,0.0,17,267.26,2,0
TEL-12697,2026-02,15.14,482,0.1,13,277.48,4,0
TEL-12697,2026-03,10.65,417,1.5,18,308.04,2,0
TEL-12697,2026-04,13.93,361,0.1,24,257.78,3,0
TEL-12697,2026-05,11.53,429,0.2,15,234.75,3,0
TEL-12697,2026-06,8.71,379,0.2,18,271.29,1,0
TEL-12698,2026-01,2.76,332,0.7,23,338.03,1,0
TEL-12698,2026-02,2.33,214,0.5,28,299.3,1,0
TEL-12698,2026-03,2.21,137,3.9,30,315.79,1,0
TEL-12698,2026-04,2.29,247,1.9,18,285.37,4,0
TEL-12698,2026-05,2.52,187,0.2,20,291.03,3,0
TEL-12698,2026-06,2.51,304,3.8,33,275.11,3,0
TEL-12699,2026-01,8.22,431,1.0,23,176.52,3,0
TEL-12699,2026-02,12.91,241,0.1,22,219.06,1,0
TEL-12699,2026-03,9.16,335,0.3,16,239.12,1,0
TEL-12699,2026-04,13.26,502,0.0,15,194.95,2,0
TEL-12699,2026-05,10.51,323,1.6,21,206.75,1,0
TEL-12699,2026-06,10.47,389,0.9,25,169.33,4,0
TEL-12700,2026-01,22.26,298,2.2,11,510.5,1,0
TEL-12700,2026-02,20.29,305,0.4,11,464.46,1,0
TEL-12700,2026-03,18.03,260,0.3,7,492.59,2,0
TEL-12700,2026-04,20.2,377,0.3,6,402.85,4,0
TEL-12700,2026-05,16.81,371,1.1,10,472.26,4,0
TEL-12700,2026-06,15.13,417,1.5,5,545.84,1,0
TEL-12701,2026-01,3.79,205,24.7,11,558.55,4,0
TEL-12701,2026-02,4.03,147,24.6,10,490.29,2,0
TEL-12701,2026-03,6.06,128,7.1,7,425.22,4,0
TEL-12701,2026-04,5.82,149,16.2,5,502.52,4,0
TEL-12701,2026-05,6.04,154,4.4,11,503.41,2,0
TEL-12701,2026-06,6.46,164,6.7,8,500.85,1,0
TEL-12702,2026-01,16.94,672,1.1,25,381.64,4,0
TEL-12702,2026-02,18.68,543,0.7,15,332.95,1,0
TEL-12702,2026-03,20.01,501,0.0,20,329.05,1,0
TEL-12702,2026-04,20.44,458,1.2,15,387.58,2,0
TEL-12702,2026-05,7.78,255,0.6,16,360.94,3,0
TEL-12702,2026-06,19.94,546,0.0,14,420.52,1,0
TEL-12703,2026-01,7.08,215,1.6,18,282.7,3,0
TEL-12703,2026-02,14.01,191,1.3,17,246.33,4,0
TEL-12703,2026-03,11.83,525,1.6,8,260.18,2,0
TEL-12703,2026-04,9.06,451,0.7,18,269.53,4,0
TEL-12703,2026-05,16.82,463,0.1,20,256.85,2,0
TEL-12703,2026-06,11.3,372,1.3,22,283.15,4,0
TEL-12704,2026-01,4.26,202,1.9,5,200.08,3,0
TEL-12704,2026-02,4.78,166,3.2,10,179.59,2,0
TEL-12704,2026-03,5.15,91,0.8,14,192.09,1,0
TEL-12704,2026-04,5.52,139,0.0,5,174.33,1,0
TEL-12704,2026-05,3.91,113,0.4,12,172.91,2,0
TEL-12704,2026-06,6.32,159,0.5,9,184.98,3,0
TEL-12705,2026-01,2.97,84,0.2,7,348.82,4,0
TEL-12705,2026-02,2.22,142,2.6,6,323.0,2,0
TEL-12705,2026-03,3.36,134,5.1,9,291.6,1,0
TEL-12705,2026-04,3.78,163,9.6,10,338.09,2,0
TEL-12705,2026-05,2.27,149,2.5,7,359.13,1,0
TEL-12705,2026-06,4.7,61,15.5,9,336.6,4,0
TEL-12706,2026-01,6.14,93,0.2,14,273.2,4,0
TEL-12706,2026-02,3.36,206,0.2,16,256.83,2,0
TEL-12706,2026-03,3.69,141,0.0,14,293.38,1,0
TEL-12706,2026-04,3.91,153,0.6,12,252.96,2,0
TEL-12706,2026-05,6.85,153,0.8,22,307.08,2,0
TEL-12706,2026-06,5.95,142,0.2,11,250.96,4,0
TEL-12707,2026-01,26.47,351,2.6,8,400.77,1,0
TEL-12707,2026-02,17.66,358,1.1,22,446.33,1,0
TEL-12707,2026-03,26.7,367,0.2,16,407.04,3,0
TEL-12707,2026-04,26.7,479,1.4,18,353.95,1,0
TEL-12707,2026-05,17.46,264,0.3,15,409.86,1,0
TEL-12707,2026-06,19.39,279,1.0,22,481.32,4,0
TEL-12708,2026-01,1.5,480,2.4,39,355.74,2,0
TEL-12708,2026-02,1.39,521,0.5,48,361.13,4,0
TEL-12708,2026-03,1.67,488,0.1,29,406.26,1,0
TEL-12708,2026-04,1.55,725,0.0,41,381.11,4,0
TEL-12708,2026-05,1.6,605,0.4,48,392.31,2,0
TEL-12708,2026-06,1.77,278,0.8,43,329.38,3,0
TEL-12709,2026-01,3.78,111,0.4,9,165.29,2,0
TEL-12709,2026-02,5.34,197,2.0,15,179.06,1,0
TEL-12709,2026-03,3.62,122,0.2,14,157.54,3,0
TEL-12709,2026-04,3.37,155,2.2,17,226.07,2,0
TEL-12709,2026-05,3.48,100,1.2,6,163.74,2,0
TEL-12709,2026-06,3.83,102,0.3,16,164.69,1,0
TEL-12710,2026-01,22.82,232,1.8,8,311.06,2,0
TEL-12710,2026-02,26.59,340,1.5,7,394.61,3,0
TEL-12710,2026-03,30.57,165,0.7,11,396.56,4,0
TEL-12710,2026-04,20.47,259,0.0,6,394.75,2,0
TEL-12710,2026-05,39.1,223,2.8,8,384.73,3,0
TEL-12710,2026-06,39.75,289,0.1,11,372.69,4,0
TEL-12711,2026-01,2.2,311,0.6,36,251.68,3,0
TEL-12711,2026-02,3.1,447,0.1,35,327.86,2,0
TEL-12711,2026-03,2.45,321,0.4,42,307.86,2,0
TEL-12711,2026-04,3.04,197,1.5,42,220.7,2,0
TEL-12711,2026-05,3.27,439,0.9,42,278.41,4,0
TEL-12711,2026-06,2.43,378,1.0,53,287.93,1,0
TEL-12712,2026-01,5.75,161,0.1,12,135.91,4,0
TEL-12712,2026-02,5.58,72,0.0,13,131.66,2,0
TEL-12712,2026-03,4.03,213,0.8,12,128.21,4,0
TEL-12712,2026-04,3.46,120,2.4,15,133.16,1,0
TEL-12712,2026-05,3.9,146,0.0,10,132.32,4,0
TEL-12712,2026-06,3.52,196,0.3,11,132.1,3,0
TEL-12713,2026-01,4.71,150,0.4,8,328.04,3,0
TEL-12713,2026-02,4.97,119,1.3,8,361.76,3,0
TEL-12713,2026-03,4.67,173,0.9,6,374.4,4,0
TEL-12713,2026-04,3.0,199,0.2,9,376.99,2,0
TEL-12713,2026-05,5.64,207,1.6,9,346.08,2,0
TEL-12713,2026-06,3.39,196,1.3,10,355.17,4,0
TEL-12714,2026-01,25.84,336,0.1,15,328.71,2,0
TEL-12714,2026-02,20.11,382,0.3,12,324.59,4,0
TEL-12714,2026-03,19.99,388,0.4,13,396.39,2,0
TEL-12714,2026-04,21.63,343,1.6,15,334.39,2,0
TEL-12714,2026-05,15.46,423,0.9,17,299.09,3,0
TEL-12714,2026-06,22.51,353,0.5,10,309.13,1,0
TEL-12715,2026-01,23.01,608,0.5,19,465.1,2,0
TEL-12715,2026-02,19.21,427,0.4,21,518.0,3,0
TEL-12715,2026-03,29.42,594,2.0,16,525.19,3,0
TEL-12715,2026-04,12.68,395,0.6,14,483.31,2,0
TEL-12715,2026-05,21.09,446,0.9,20,533.26,4,0
TEL-12715,2026-06,15.85,542,1.9,19,518.85,4,0
TEL-12716,2026-01,17.03,84,0.4,4,0.0,3,0
TEL-12716,2026-02,15.48,88,2.3,5,286.72,1,0
TEL-12716,2026-03,12.64,111,0.4,7,339.41,4,0
TEL-12716,2026-04,19.79,79,1.6,3,348.74,4,0
TEL-12716,2026-05,18.86,96,0.4,0,361.82,4,0
TEL-12716,2026-06,19.33,71,0.8,4,323.67,1,0
TEL-12717,2026-01,25.21,233,0.5,4,556.65,4,0
TEL-12717,2026-02,26.86,212,0.8,3,560.38,1,0
TEL-12717,2026-03,36.17,79,0.3,5,546.62,2,0
TEL-12717,2026-04,26.9,309,1.7,3,527.13,1,0
TEL-12717,2026-05,28.42,227,0.2,5,453.12,4,0
TEL-12717,2026-06,33.82,192,0.8,3,460.9,3,0
TEL-12718,2026-01,2.2,528,27.0,33,521.5,4,0
TEL-12718,2026-02,3.84,411,16.6,34,398.34,2,0
TEL-12718,2026-03,3.05,941,3.1,38,439.65,3,0
TEL-12718,2026-04,4.84,518,31.8,34,458.57,3,0
TEL-12718,2026-05,3.96,253,26.3,40,438.67,4,0
TEL-12718,2026-06,4.19,492,27.9,29,435.68,1,0
TEL-12719,2026-01,14.54,331,0.1,14,418.98,2,0
TEL-12719,2026-02,14.71,267,0.3,12,375.98,1,0
TEL-12719,2026-03,20.62,329,2.0,8,501.17,2,0
TEL-12719,2026-04,22.83,393,0.6,15,347.64,4,0
TEL-12719,2026-05,17.54,210,0.6,8,423.82,4,0
TEL-12719,2026-06,17.25,266,1.4,16,423.62,4,0
TEL-12720,2026-01,4.38,124,0.3,9,260.58,3,0
TEL-12720,2026-02,3.59,257,0.7,7,273.3,2,0
TEL-12720,2026-03,3.28,137,0.1,9,281.71,1,0
TEL-12720,2026-04,4.31,270,0.2,5,281.16,4,0
TEL-12720,2026-05,4.39,185,0.2,8,272.08,4,0
TEL-12720,2026-06,4.35,220,0.5,9,259.6,3,0
TEL-12721,2026-01,2.75,215,16.5,23,407.54,4,0
TEL-12721,2026-02,1.98,304,14.8,20,406.24,2,0
TEL-12721,2026-03,1.7,219,0.3,21,455.46,2,0
TEL-12721,2026-04,2.17,319,0.9,12,415.89,3,0
TEL-12721,2026-05,1.19,232,26.2,14,379.3,1,0
TEL-12721,2026-06,2.86,141,3.0,13,366.29,2,0
TEL-12722,2026-01,1.48,579,0.3,30,185.09,1,0
TEL-12722,2026-02,1.74,408,0.1,44,175.36,3,0
TEL-12722,2026-03,1.49,395,0.6,36,187.62,3,0
TEL-12722,2026-04,1.62,405,0.1,30,180.42,3,0
TEL-12722,2026-05,2.09,498,0.1,28,227.77,1,0
TEL-12722,2026-06,0.8,385,0.3,32,181.9,1,0
TEL-12723,2026-01,5.67,88,1.9,15,279.57,2,0
TEL-12723,2026-02,3.67,138,0.3,7,190.61,2,0
TEL-12723,2026-03,5.83,137,0.9,11,204.17,3,0
TEL-12723,2026-04,4.7,129,0.1,14,213.99,3,0
TEL-12723,2026-05,4.13,114,0.3,11,221.07,2,0
TEL-12723,2026-06,5.78,162,1.6,21,226.65,1,0
TEL-12724,2026-01,1.56,187,0.2,6,265.78,2,0
TEL-12724,2026-02,1.22,157,7.4,6,206.49,4,0
TEL-12724,2026-03,0.86,167,0.9,14,270.96,2,0
TEL-12724,2026-04,0.85,202,1.5,10,275.45,3,0
TEL-12724,2026-05,1.37,209,0.5,7,284.09,4,0
TEL-12724,2026-06,1.04,182,1.6,8,225.3,3,0
TEL-12725,2026-01,3.5,135,1.1,12,81.23,3,0
TEL-12725,2026-02,3.49,141,0.9,11,60.0,4,0
TEL-12725,2026-03,4.01,90,0.3,15,77.39,2,0
TEL-12725,2026-04,4.4,54,0.4,13,83.32,3,0
TEL-12725,2026-05,3.57,94,1.0,10,67.02,3,0
TEL-12725,2026-06,5.12,195,1.2,5,83.77,3,0
TEL-12726,2026-01,14.61,91,0.4,3,169.41,1,0
TEL-12726,2026-02,14.59,114,0.1,5,156.7,2,0
TEL-12726,2026-03,9.8,127,0.2,6,153.98,4,0
TEL-12726,2026-04,13.65,95,0.3,8,160.26,3,0
TEL-12726,2026-05,15.09,101,0.3,6,194.83,4,0
TEL-12726,2026-06,15.64,141,0.1,3,154.9,2,0
TEL-12727,2026-01,25.4,138,13.9,2,813.58,3,0
TEL-12727,2026-02,40.76,174,19.1,5,813.62,1,0
TEL-12727,2026-03,47.29,185,23.3,3,703.62,2,0
TEL-12727,2026-04,38.83,173,3.6,6,724.9,3,0
TEL-12727,2026-05,27.72,157,43.5,2,712.42,2,0
TEL-12727,2026-06,23.23,147,8.3,4,800.83,4,0
TEL-12728,2026-01,3.36,266,0.1,14,132.14,2,0
TEL-12728,2026-02,2.67,176,1.0,17,127.13,1,0
TEL-12728,2026-03,3.74,159,0.4,11,106.42,3,0
TEL-12728,2026-04,3.01,203,0.7,10,111.03,3,0
TEL-12728,2026-05,2.83,123,0.2,10,117.24,3,0
TEL-12728,2026-06,4.41,217,1.2,11,105.93,2,0
TEL-12729,2026-01,3.53,163,3.3,11,166.01,1,0
TEL-12729,2026-02,4.03,115,0.1,7,162.45,3,0
TEL-12729,2026-03,2.86,146,0.1,8,201.94,1,0
TEL-12729,2026-04,3.6,125,1.3,10,173.42,3,0
TEL-12729,2026-05,3.12,104,0.3,10,202.34,3,0
TEL-12729,2026-06,3.81,137,2.7,13,199.61,1,0
TEL-12730,2026-01,2.32,187,0.7,4,263.64,4,0
TEL-12730,2026-02,3.5,197,0.5,4,259.1,4,0
TEL-12730,2026-03,3.72,251,0.0,4,226.38,1,0
TEL-12730,2026-04,4.45,86,0.2,7,282.74,4,0
TEL-12730,2026-05,5.55,154,0.0,12,238.94,3,0
TEL-12730,2026-06,4.29,160,0.2,7,228.94,2,0
TEL-12731,2026-01,6.01,308,0.0,11,130.41,3,0
TEL-12731,2026-02,5.71,348,0.1,8,117.34,3,0
TEL-12731,2026-03,5.36,205,0.2,9,145.88,2,0
TEL-12731,2026-04,3.56,241,0.3,6,128.87,1,0
TEL-12731,2026-05,4.91,126,0.6,9,148.24,4,0
TEL-12731,2026-06,2.39,212,0.1,6,161.69,2,0
TEL-12732,2026-01,16.63,321,1.0,6,556.55,2,0
TEL-12732,2026-02,22.11,291,6.3,17,479.16,2,0
TEL-12732,2026-03,23.54,322,0.3,19,438.72,3,0
TEL-12732,2026-04,22.42,327,0.6,9,594.91,4,0
TEL-12732,2026-05,20.15,280,0.2,8,472.55,1,0
TEL-12732,2026-06,23.54,316,0.3,13,539.97,3,0
TEL-12733,2026-01,23.78,206,0.4,7,280.26,1,0
TEL-12733,2026-02,33.19,150,2.0,7,283.89,2,0
TEL-12733,2026-03,23.84,218,1.7,7,309.71,1,0
TEL-12733,2026-04,14.43,180,0.2,13,317.15,3,0
TEL-12733,2026-05,30.18,248,1.3,13,238.56,3,0
TEL-12733,2026-06,25.59,225,0.5,10,314.19,4,0
TEL-12734,2026-01,18.3,255,1.3,6,324.58,2,0
TEL-12734,2026-02,17.53,182,0.3,11,345.03,3,0
TEL-12734,2026-03,10.75,280,0.2,12,365.52,1,0
TEL-12734,2026-04,17.35,207,0.3,12,291.99,2,0
TEL-12734,2026-05,20.26,154,0.8,13,343.0,2,0
TEL-12734,2026-06,15.75,201,1.1,13,306.55,1,0
TEL-12735,2026-01,16.53,323,16.7,11,565.6,3,0
TEL-12735,2026-02,23.79,208,3.1,7,519.13,4,0
TEL-12735,2026-03,24.04,292,5.7,8,489.3,4,0
TEL-12735,2026-04,15.46,231,18.5,9,612.83,2,0
TEL-12735,2026-05,18.01,341,3.0,13,596.38,4,0
TEL-12735,2026-06,15.38,167,22.7,4,614.4,4,0
TEL-12736,2026-01,4.29,129,0.9,7,116.49,1,0
TEL-12736,2026-02,4.25,75,5.3,6,117.92,3,0
TEL-12736,2026-03,3.82,198,0.2,5,102.45,3,0
TEL-12736,2026-04,3.86,73,0.4,11,107.64,1,0
TEL-12736,2026-05,4.87,176,0.1,8,121.45,4,0
TEL-12736,2026-06,1.89,163,0.1,8,107.66,4,0
TEL-12737,2026-01,3.92,303,1.1,6,118.0,4,0
TEL-12737,2026-02,3.14,233,1.6,5,136.89,4,0
TEL-12737,2026-03,3.08,198,0.3,4,156.0,1,0
TEL-12737,2026-04,2.86,134,0.5,4,127.44,2,0
TEL-12737,2026-05,3.92,242,0.7,10,137.32,2,0
TEL-12737,2026-06,2.37,268,0.6,4,104.4,4,0
TEL-12738,2026-01,17.3,462,0.1,16,494.74,3,0
TEL-12738,2026-02,18.34,436,0.5,10,526.33,1,0
TEL-12738,2026-03,14.67,612,0.3,19,462.95,3,0
TEL-12738,2026-04,23.77,564,0.1,7,508.06,2,0
TEL-12738,2026-05,12.05,562,1.6,8,498.79,4,0
TEL-12738,2026-06,22.02,569,0.5,18,410.4,2,0
TEL-12739,2026-01,4.98,676,0.3,35,424.92,3,0
TEL-12739,2026-02,4.71,860,1.3,38,375.63,4,0
TEL-12739,2026-03,5.23,865,1.1,40,334.39,3,0
TEL-12739,2026-04,4.61,817,0.7,34,345.48,1,0
TEL-12739,2026-05,4.03,699,1.5,29,401.43,1,0
TEL-12739,2026-06,2.99,1149,1.6,22,374.89,3,0
TEL-12740,2026-01,62.35,195,0.4,5,486.08,1,0
TEL-12740,2026-02,46.81,208,0.6,2,418.52,4,0
TEL-12740,2026-03,38.89,155,0.7,3,513.91,1,0
TEL-12740,2026-04,40.17,180,0.4,5,481.16,4,0
TEL-12740,2026-05,42.77,169,0.1,10,446.81,2,0
TEL-12740,2026-06,38.7,185,1.1,8,421.88,3,0
TEL-12741,2026-01,3.69,219,1.8,4,316.45,1,0
TEL-12741,2026-02,4.69,147,1.7,2,343.27,1,0
TEL-12741,2026-03,5.54,298,0.5,3,292.15,1,0
TEL-12741,2026-04,4.81,257,1.3,3,281.31,1,0
TEL-12741,2026-05,4.91,117,1.0,1,353.78,2,0
TEL-12741,2026-06,4.3,233,0.4,2,336.15,4,0
TEL-12742,2026-01,1.98,157,0.4,11,243.99,3,0
TEL-12742,2026-02,1.74,437,0.4,19,194.87,4,0
TEL-12742,2026-03,1.84,172,0.9,35,238.49,2,0
TEL-12742,2026-04,1.94,315,0.6,33,255.48,4,0
TEL-12742,2026-05,2.28,194,0.9,36,254.48,3,0
TEL-12742,2026-06,2.07,443,1.1,31,218.08,1,0
TEL-12743,2026-01,25.54,224,1.7,5,487.33,2,0
TEL-12743,2026-02,32.56,246,0.1,8,451.21,2,0
TEL-12743,2026-03,40.07,162,0.3,2,470.95,3,0
TEL-12743,2026-04,31.22,216,0.8,7,442.35,4,0
TEL-12743,2026-05,28.32,270,2.7,4,374.24,1,0
TEL-12743,2026-06,40.44,209,0.6,0,541.15,1,0
TEL-12744,2026-01,41.4,175,1.2,4,524.45,2,0
TEL-12744,2026-02,50.84,146,0.4,10,498.64,2,0
TEL-12744,2026-03,53.35,193,1.3,10,530.91,4,0
TEL-12744,2026-04,29.56,164,0.0,1,432.92,1,0
TEL-12744,2026-05,48.5,140,0.6,8,613.09,3,0
TEL-12744,2026-06,58.2,160,0.5,8,482.03,1,0
TEL-12745,2026-01,14.51,295,0.4,17,269.25,4,0
TEL-12745,2026-02,15.74,437,0.1,26,296.01,2,0
TEL-12745,2026-03,11.6,270,1.9,27,291.26,1,0
TEL-12745,2026-04,14.86,226,1.1,25,313.98,4,0
TEL-12745,2026-05,12.08,267,2.5,25,291.89,1,0
TEL-12745,2026-06,16.33,365,0.8,15,273.12,1,0
TEL-12746,2026-01,22.77,365,20.3,21,437.62,1,0
TEL-12746,2026-02,20.41,468,1.2,19,431.64,2,0
TEL-12746,2026-03,21.17,463,20.4,15,397.91,1,0
TEL-12746,2026-04,22.4,402,7.1,15,459.0,1,0
TEL-12746,2026-05,15.26,472,14.2,13,415.23,4,0
TEL-12746,2026-06,31.32,432,7.2,19,423.85,1,0
TEL-12747,2026-01,46.76,230,1.4,6,498.0,3,0
TEL-12747,2026-02,40.74,255,0.3,9,426.36,2,0
TEL-12747,2026-03,46.56,245,2.1,5,424.69,3,0
TEL-12747,2026-04,37.54,212,0.6,9,498.53,4,0
TEL-12747,2026-05,40.95,169,0.2,8,403.19,2,0
TEL-12747,2026-06,40.27,204,0.9,12,393.58,3,0
TEL-12748,2026-01,3.69,149,0.8,17,232.27,3,0
TEL-12748,2026-02,2.11,205,0.2,5,196.74,2,0
TEL-12748,2026-03,4.84,171,0.1,13,233.06,1,0
TEL-12748,2026-04,2.54,235,1.1,13,240.03,4,0
TEL-12748,2026-05,5.32,226,0.0,12,212.23,3,0
TEL-12748,2026-06,5.08,197,0.3,17,229.5,4,0
TEL-12749,2026-01,5.24,147,1.5,4,253.52,3,0
TEL-12749,2026-02,5.74,141,0.4,3,223.77,2,0
TEL-12749,2026-03,2.72,184,1.0,5,264.39,2,0
TEL-12749,2026-04,6.34,225,0.6,6,265.13,1,0
TEL-12749,2026-05,6.09,200,0.1,8,264.77,3,0
TEL-12749,2026-06,4.94,69,3.5,7,260.24,1,0
TEL-12750,2026-01,63.1,189,0.7,12,384.89,3,0
TEL-12750,2026-02,45.25,129,0.0,14,484.32,2,0
TEL-12750,2026-03,53.41,175,0.2,7,434.41,3,0
TEL-12750,2026-04,43.01,114,1.0,7,0.0,2,0
TEL-12750,2026-05,29.39,167,0.3,10,453.23,3,0
TEL-12750,2026-06,38.98,188,1.4,15,453.16,1,0
TEL-12751,2026-01,24.68,115,0.5,9,534.39,1,0
TEL-12751,2026-02,34.58,89,0.6,10,485.37,2,0
TEL-12751,2026-03,37.4,98,0.8,9,559.85,4,0
TEL-12751,2026-04,27.24,116,0.1,10,574.36,2,0
TEL-12751,2026-05,53.25,82,1.3,9,494.41,4,0
TEL-12751,2026-06,32.64,87,0.6,13,581.39,3,0
TEL-12752,2026-01,35.54,166,1.6,3,413.79,3,0
TEL-12752,2026-02,46.25,211,1.5,3,452.64,3,0
TEL-12752,2026-03,42.94,259,0.6,2,403.57,3,0
TEL-12752,2026-04,47.86,223,0.4,3,458.77,2,0
TEL-12752,2026-05,43.65,212,1.4,4,544.62,2,0
TEL-12752,2026-06,28.73,149,1.1,4,475.85,4,0
TEL-12753,2026-01,3.05,133,1.0,6,173.7,2,0
TEL-12753,2026-02,3.66,193,0.8,7,174.1,1,0
TEL-12753,2026-03,2.66,127,0.2,7,192.07,2,0
TEL-12753,2026-04,5.63,141,0.1,11,181.57,1,0
TEL-12753,2026-05,2.31,187,0.1,12,175.25,1,0
TEL-12753,2026-06,4.4,116,0.5,6,191.54,1,0
TEL-12754,2026-01,26.9,219,20.1,17,571.7,3,0
TEL-12754,2026-02,26.44,335,7.4,21,665.15,2,0
TEL-12754,2026-03,12.53,158,3.6,19,544.36,4,0
TEL-12754,2026-04,27.95,255,4.6,23,625.51,2,0
TEL-12754,2026-05,29.11,386,4.7,17,552.71,2,0
TEL-12754,2026-06,12.52,347,23.9,19,612.97,3,0
TEL-12755,2026-01,1.4,363,0.5,19,293.27,2,0
TEL-12755,2026-02,0.66,458,0.1,20,269.45,4,0
TEL-12755,2026-03,1.38,259,0.0,12,290.27,4,0
TEL-12755,2026-04,1.71,285,0.1,15,343.67,1,0
TEL-12755,2026-05,2.01,477,0.3,9,323.36,1,0
TEL-12755,2026-06,1.96,499,0.2,26,312.36,1,0
TEL-12756,2026-01,2.65,265,0.8,9,102.23,4,0
TEL-12756,2026-02,2.61,170,0.7,10,85.89,3,0
TEL-12756,2026-03,3.08,141,0.5,8,103.24,4,0
TEL-12756,2026-04,2.0,158,0.4,7,98.39,4,0
TEL-12756,2026-05,1.87,234,0.2,7,84.69,1,0
TEL-12756,2026-06,3.13,248,0.2,8,96.12,4,0
TEL-12757,2026-01,19.45,647,0.3,15,262.15,4,0
TEL-12757,2026-02,18.41,317,0.6,15,278.28,2,0
TEL-12757,2026-03,21.63,550,0.1,18,249.66,1,0
TEL-12757,2026-04,12.88,584,0.0,9,197.21,4,0
TEL-12757,2026-05,12.42,564,0.6,8,276.43,4,0
TEL-12757,2026-06,12.11,491,0.2,11,310.06,1,0
TEL-12758,2026-01,2.86,238,1.1,13,222.14,3,0
TEL-12758,2026-02,2.29,221,0.1,10,243.18,2,0
TEL-12758,2026-03,2.89,129,0.1,16,276.49,4,0
TEL-12758,2026-04,2.18,130,0.4,15,256.76,3,0
TEL-12758,2026-05,2.75,86,1.2,15,265.65,2,0
TEL-12758,2026-06,2.72,106,1.8,22,322.52,1,0
TEL-12759,2026-01,2.39,520,9.3,29,381.9,2,0
TEL-12759,2026-02,2.82,727,4.3,31,408.23,2,0
TEL-12759,2026-03,1.98,780,2.7,35,390.07,3,0
TEL-12759,2026-04,2.32,416,1.7,20,414.76,1,0
TEL-12759,2026-05,3.1,876,0.8,24,429.81,1,0
TEL-12759,2026-06,2.32,639,6.0,24,377.43,1,0
TEL-12760,2026-01,3.69,192,1.5,5,272.24,1,0
TEL-12760,2026-02,2.93,222,0.2,4,301.38,4,0
TEL-12760,2026-03,3.91,267,2.8,11,307.35,3,0
TEL-12760,2026-04,3.84,167,0.2,6,271.95,2,0
TEL-12760,2026-05,3.67,92,0.1,4,248.99,2,0
TEL-12760,2026-06,4.17,149,0.6,6,279.89,4,0
TEL-12761,2026-01,0.96,565,1.4,26,341.25,2,0
TEL-12761,2026-02,1.28,320,0.6,23,357.18,3,0
TEL-12761,2026-03,1.13,447,0.3,27,279.43,2,0
TEL-12761,2026-04,0.93,508,0.7,19,301.38,3,0
TEL-12761,2026-05,1.03,183,1.7,19,317.0,2,0
TEL-12761,2026-06,1.07,452,1.1,15,331.25,1,0
TEL-12762,2026-01,4.16,637,1.0,29,354.01,4,0
TEL-12762,2026-02,2.52,878,1.4,22,327.33,4,0
TEL-12762,2026-03,2.9,497,0.1,29,287.59,2,0
TEL-12762,2026-04,3.52,579,0.9,22,323.34,1,0
TEL-12762,2026-05,3.54,514,0.3,34,333.25,4,0
TEL-12762,2026-06,2.93,537,0.9,25,360.59,2,0
TEL-12763,2026-01,4.94,87,3.2,4,331.02,3,0
TEL-12763,2026-02,5.09,77,0.4,1,327.09,2,0
TEL-12763,2026-03,3.83,126,0.1,6,330.38,1,0
TEL-12763,2026-04,5.09,80,0.5,4,335.59,1,0
TEL-12763,2026-05,5.01,111,0.7,4,332.4,4,0
TEL-12763,2026-06,4.11,41,0.7,3,323.39,2,0
TEL-12764,2026-01,14.92,540,0.6,11,497.92,4,0
TEL-12764,2026-02,17.4,399,0.3,8,415.35,1,0
TEL-12764,2026-03,16.03,268,2.2,14,396.85,1,0
TEL-12764,2026-04,14.51,558,1.6,11,412.83,1,0
TEL-12764,2026-05,16.54,267,0.9,9,482.64,3,0
TEL-12764,2026-06,22.35,473,0.2,12,392.01,3,0
TEL-12765,2026-01,0.75,504,0.1,20,309.24,1,0
TEL-12765,2026-02,1.36,770,1.7,27,345.39,2,0
TEL-12765,2026-03,0.85,308,1.5,26,338.93,1,0
TEL-12765,2026-04,0.98,787,0.5,29,333.71,1,0
TEL-12765,2026-05,1.15,595,1.7,27,336.79,2,0
TEL-12765,2026-06,0.83,673,0.9,26,334.85,3,0
TEL-12766,2026-01,49.0,159,0.3,8,838.74,2,0
TEL-12766,2026-02,39.7,210,1.9,6,599.6,2,0
TEL-12766,2026-03,61.23,231,0.0,11,698.63,1,0
TEL-12766,2026-04,79.3,187,1.4,8,689.68,2,0
TEL-12766,2026-05,70.75,215,0.1,7,747.36,2,0
TEL-12766,2026-06,39.27,122,0.9,4,816.34,3,0
TEL-12767,2026-01,3.99,109,0.6,5,182.84,4,0
TEL-12767,2026-02,2.61,190,0.1,3,193.92,4,0
TEL-12767,2026-03,4.95,143,0.2,9,183.85,3,0
TEL-12767,2026-04,2.39,115,3.3,5,191.03,2,0
TEL-12767,2026-05,3.41,159,0.7,6,204.64,1,0
TEL-12767,2026-06,5.09,208,0.3,5,181.75,2,0
TEL-12768,2026-01,3.63,141,1.2,8,421.8,2,0
TEL-12768,2026-02,3.49,151,0.4,6,396.88,3,0
TEL-12768,2026-03,3.61,224,0.5,6,455.05,2,0
TEL-12768,2026-04,3.24,162,1.5,6,414.02,2,0
TEL-12768,2026-05,3.59,185,0.4,10,441.07,1,0
TEL-12768,2026-06,5.46,215,0.4,5,444.66,4,0
TEL-12769,2026-01,21.65,234,0.1,10,300.9,2,0
TEL-12769,2026-02,20.35,163,0.2,9,298.48,1,0
TEL-12769,2026-03,18.53,188,0.1,11,275.99,1,0
TEL-12769,2026-04,28.96,202,0.4,17,360.18,2,0
TEL-12769,2026-05,27.61,188,0.2,13,358.22,3,0
TEL-12769,2026-06,28.54,177,0.9,10,360.78,2,0
TEL-12770,2026-01,20.79,311,1.6,12,179.31,2,0
TEL-12770,2026-02,18.78,226,1.1,13,161.23,1,0
TEL-12770,2026-03,15.26,419,0.8,11,160.95,2,0
TEL-12770,2026-04,27.97,339,0.3,8,177.8,1,0
TEL-12770,2026-05,13.47,297,0.6,12,176.37,2,0
TEL-12770,2026-06,18.05,209,0.9,12,158.78,1,0
TEL-12771,2026-01,3.64,245,0.2,7,194.74,1,0
TEL-12771,2026-02,3.24,179,0.1,10,192.26,2,0
TEL-12771,2026-03,4.65,145,1.1,9,174.44,1,0
TEL-12771,2026-04,4.2,275,0.5,8,183.04,3,0
TEL-12771,2026-05,2.45,184,2.9,3,156.46,1,0
TEL-12771,2026-06,3.93,200,1.6,4,199.64,4,0
TEL-12772,2026-01,0.91,383,0.1,31,123.17,2,0
TEL-12772,2026-02,1.09,1424,0.8,25,114.22,4,0
TEL-12772,2026-03,1.36,376,0.7,30,111.45,1,0
TEL-12772,2026-04,0.9,1098,0.7,36,109.06,2,0
TEL-12772,2026-05,1.47,615,0.2,22,92.65,2,0
TEL-12772,2026-06,0.69,1044,1.1,34,108.76,3,0
TEL-12773,2026-01,62.7,217,3.1,8,1090.49,1,0
TEL-12773,2026-02,48.65,205,9.4,4,1279.36,4,0
TEL-12773,2026-03,76.95,167,3.3,5,1005.94,3,0
TEL-12773,2026-04,85.31,258,7.0,5,1109.94,1,0
TEL-12773,2026-05,38.76,210,3.3,6,902.24,1,0
TEL-12773,2026-06,73.88,196,49.0,8,1054.19,4,0
TEL-12774,2026-01,1.68,647,0.6,29,226.57,4,0
TEL-12774,2026-02,3.19,447,0.3,37,238.77,3,0
TEL-12774,2026-03,2.37,453,0.6,47,219.56,1,0
TEL-12774,2026-04,3.12,318,0.3,46,276.25,4,0
TEL-12774,2026-05,2.59,643,0.1,48,211.03,1,0
TEL-12774,2026-06,2.78,583,0.6,44,224.77,3,0
TEL-12775,2026-01,1.59,495,0.7,39,272.72,3,0
TEL-12775,2026-02,1.11,738,0.5,32,276.55,3,0
TEL-12775,2026-03,1.32,613,0.6,24,286.32,2,0
TEL-12775,2026-04,1.11,604,0.6,29,258.03,1,0
TEL-12775,2026-05,1.25,834,0.3,27,259.5,2,0
TEL-12775,2026-06,1.32,542,0.1,29,228.42,3,0
TEL-12776,2026-01,3.06,327,1.0,35,118.27,1,0
TEL-12776,2026-02,3.05,199,0.1,27,138.22,3,0
TEL-12776,2026-03,3.67,312,0.2,28,129.9,2,0
TEL-12776,2026-04,2.07,275,0.0,31,123.08,2,0
TEL-12776,2026-05,4.56,133,1.1,29,124.31,1,0
TEL-12776,2026-06,2.85,336,1.0,34,125.97,4,0
TEL-12777,2026-01,26.14,301,1.5,21,382.09,1,0
TEL-12777,2026-02,23.06,333,1.3,37,410.9,4,0
TEL-12777,2026-03,23.86,311,0.2,15,478.8,4,0
TEL-12777,2026-04,21.81,279,0.1,16,461.77,3,0
TEL-12777,2026-05,14.42,326,0.4,18,520.53,4,0
TEL-12777,2026-06,24.04,356,0.6,15,433.24,1,0
TEL-12778,2026-01,25.36,287,1.3,10,597.74,2,0
TEL-12778,2026-02,28.08,297,0.2,8,471.27,2,0
TEL-12778,2026-03,14.39,270,1.0,15,672.08,2,0
TEL-12778,2026-04,29.45,249,1.1,17,632.91,3,0
TEL-12778,2026-05,19.76,227,0.1,13,644.19,1,0
TEL-12778,2026-06,38.93,292,2.1,15,555.34,2,0
TEL-12779,2026-01,25.49,277,25.5,1,710.36,2,0
TEL-12779,2026-02,55.92,102,22.0,3,730.58,3,0
TEL-12779,2026-03,39.69,188,1.7,4,857.23,1,0
TEL-12779,2026-04,80.18,123,11.4,3,0.0,0,1
TEL-12779,2026-05,66.5,139,32.4,4,0.0,0,3
TEL-12779,2026-06,95.64,94,3.9,4,0.0,0,3
TEL-12780,2026-01,5.7,297,2.0,8,114.4,2,0
TEL-12780,2026-02,6.02,310,0.9,11,103.56,2,0
TEL-12780,2026-03,5.89,215,2.0,14,109.5,2,0
TEL-12780,2026-04,5.04,194,0.5,9,122.52,4,0
TEL-12780,2026-05,4.5,158,0.7,7,104.71,1,0
TEL-12780,2026-06,8.28,242,0.1,13,109.26,1,0
TEL-12781,2026-01,4.68,228,1.3,6,239.32,3,0
TEL-12781,2026-02,6.47,218,0.1,13,229.97,1,0
TEL-12781,2026-03,4.48,162,2.0,8,209.76,4,0
TEL-12781,2026-04,3.76,112,0.1,11,235.32,3,0
TEL-12781,2026-05,4.99,246,1.7,10,238.73,1,0
TEL-12781,2026-06,4.93,233,0.5,6,241.82,2,0
TEL-12782,2026-01,15.09,206,1.0,15,295.35,2,0
TEL-12782,2026-02,17.94,288,0.2,16,373.36,1,0
TEL-12782,2026-03,23.26,357,0.8,15,306.66,1,0
TEL-12782,2026-04,25.68,181,0.3,11,325.02,3,0
TEL-12782,2026-05,22.54,317,0.8,7,339.97,4,0
TEL-12782,2026-06,19.39,288,1.0,12,364.98,3,0
TEL-12783,2026-01,15.21,209,0.9,19,421.1,3,0
TEL-12783,2026-02,17.96,169,0.1,14,376.12,4,0
TEL-12783,2026-03,17.87,246,0.4,22,310.54,2,0
TEL-12783,2026-04,11.84,224,0.3,13,324.07,2,0
TEL-12783,2026-05,19.17,231,1.3,15,386.2,4,0
TEL-12783,2026-06,19.55,169,1.9,12,380.43,3,0
TEL-12784,2026-01,13.27,202,0.9,19,336.36,4,0
TEL-12784,2026-02,12.49,210,0.8,21,308.24,1,0
TEL-12784,2026-03,16.03,199,0.5,19,399.11,4,0
TEL-12784,2026-04,11.18,205,0.2,13,415.64,2,0
TEL-12784,2026-05,13.52,293,0.0,16,412.98,4,0
TEL-12784,2026-06,14.71,232,1.4,20,371.88,4,0
TEL-12785,2026-01,17.01,362,0.4,22,317.42,4,0
TEL-12785,2026-02,27.32,277,0.5,16,363.89,2,0
TEL-12785,2026-03,19.27,381,0.2,12,390.28,1,0
TEL-12785,2026-04,23.83,430,0.4,16,352.41,2,0
TEL-12785,2026-05,20.68,243,0.2,16,408.86,3,0
TEL-12785,2026-06,18.87,241,0.1,20,407.81,3,0
TEL-12786,2026-01,2.1,425,0.3,31,211.78,2,0
TEL-12786,2026-02,2.03,303,0.0,39,240.68,4,0
TEL-12786,2026-03,2.51,775,0.9,45,212.25,3,0
TEL-12786,2026-04,0.95,485,0.4,31,258.46,3,0
TEL-12786,2026-05,1.79,508,2.4,40,175.05,3,0
TEL-12786,2026-06,1.99,489,0.1,36,197.12,2,0
TEL-12787,2026-01,1.97,152,0.0,6,286.94,3,0
TEL-12787,2026-02,3.54,146,0.6,11,324.23,4,0
TEL-12787,2026-03,3.17,201,0.1,13,353.3,2,0
TEL-12787,2026-04,3.49,215,0.1,10,301.47,1,0
TEL-12787,2026-05,3.24,348,0.9,11,390.65,3,0
TEL-12787,2026-06,3.83,238,0.8,13,287.62,3,0
TEL-12788,2026-01,12.91,375,9.5,9,568.2,4,0
TEL-12788,2026-02,6.39,388,8.6,7,683.67,2,0
TEL-12788,2026-03,9.96,355,1.5,5,610.9,2,0
TEL-12788,2026-04,17.15,336,1.2,10,587.94,2,0
TEL-12788,2026-05,12.49,463,17.4,17,651.15,1,0
TEL-12788,2026-06,11.03,443,21.7,12,672.49,2,0
TEL-12789,2026-01,51.49,225,0.2,7,580.1,2,0
TEL-12789,2026-02,40.38,178,1.9,7,622.7,3,0
TEL-12789,2026-03,30.58,152,0.5,6,741.43,1,0
TEL-12789,2026-04,35.77,186,1.2,6,671.0,3,0
TEL-12789,2026-05,39.51,137,2.2,6,740.83,3,0
TEL-12789,2026-06,45.79,160,0.9,5,643.75,2,0
TEL-12790,2026-01,15.44,318,0.0,18,452.18,2,0
TEL-12790,2026-02,13.55,646,1.6,9,490.55,4,0
TEL-12790,2026-03,15.08,442,1.6,16,456.01,1,0
TEL-12790,2026-04,11.15,610,0.0,14,563.48,1,0
TEL-12790,2026-05,20.19,555,0.8,16,427.63,1,0
TEL-12790,2026-06,17.97,583,0.6,11,513.04,1,0
TEL-12791,2026-01,4.19,130,0.8,8,222.64,4,0
TEL-12791,2026-02,3.44,113,0.1,1,207.04,3,0
TEL-12791,2026-03,3.5,166,1.5,7,168.38,3,0
TEL-12791,2026-04,2.71,210,0.1,8,195.35,4,0
TEL-12791,2026-05,3.3,177,0.7,6,224.89,2,0
TEL-12791,2026-06,4.05,180,0.1,3,156.99,1,0
TEL-12792,2026-01,4.4,141,2.2,6,333.02,3,0
TEL-12792,2026-02,4.49,120,0.2,13,323.21,3,0
TEL-12792,2026-03,4.07,106,1.0,11,342.86,1,0
TEL-12792,2026-04,4.55,119,0.6,9,302.8,2,0
TEL-12792,2026-05,4.21,85,0.4,5,289.35,4,0
TEL-12792,2026-06,3.26,120,0.1,10,341.87,2,0
TEL-12793,2026-01,24.27,124,0.0,19,434.07,1,0
TEL-12793,2026-02,24.51,134,0.5,22,311.48,2,0
TEL-12793,2026-03,21.61,164,0.9,20,421.15,2,0
TEL-12793,2026-04,25.71,202,0.8,10,343.2,4,0
TEL-12793,2026-05,15.82,162,0.2,16,420.11,3,0
TEL-12793,2026-06,31.36,164,0.5,15,383.19,4,0
TEL-12794,2026-01,8.13,182,0.1,8,380.47,1,0
TEL-12794,2026-02,10.68,329,0.3,19,313.23,2,0
TEL-12794,2026-03,15.15,229,1.6,15,361.87,3,0
TEL-12794,2026-04,12.64,226,1.1,10,349.17,3,0
TEL-12794,2026-05,10.54,322,2.2,10,448.9,2,0
TEL-12794,2026-06,13.42,190,0.6,22,332.15,3,0
TEL-12795,2026-01,5.51,139,0.4,11,83.54,1,0
TEL-12795,2026-02,4.98,104,0.2,8,93.24,3,0
TEL-12795,2026-03,4.32,133,0.2,9,95.21,2,0
TEL-12795,2026-04,6.42,73,0.3,5,97.87,3,0
TEL-12795,2026-05,3.94,122,0.6,9,85.66,2,0
TEL-12795,2026-06,3.87,85,0.3,13,87.04,3,0
TEL-12796,2026-01,8.7,188,29.3,14,597.64,3,0
TEL-12796,2026-02,15.67,247,3.5,17,546.34,2,0
TEL-12796,2026-03,10.72,236,5.1,11,638.7,4,0
TEL-12796,2026-04,10.49,309,15.9,20,687.53,4,0
TEL-12796,2026-05,12.05,227,10.8,18,514.07,3,0
TEL-12796,2026-06,12.52,339,11.6,16,520.49,3,0
TEL-12797,2026-01,4.29,171,0.2,12,196.04,1,0
TEL-12797,2026-02,4.66,157,1.0,14,268.05,3,0
TEL-12797,2026-03,4.43,122,0.3,16,199.9,1,0
TEL-12797,2026-04,4.62,140,0.1,10,266.2,3,0
TEL-12797,2026-05,3.45,113,0.2,8,207.63,2,0
TEL-12797,2026-06,5.54,153,0.3,13,265.58,2,0
TEL-12798,2026-01,3.73,186,1.2,14,150.4,1,0
TEL-12798,2026-02,3.54,217,0.7,17,140.36,3,0
TEL-12798,2026-03,4.93,210,0.3,13,139.6,2,0
TEL-12798,2026-04,3.86,196,2.2,15,135.42,2,0
TEL-12798,2026-05,4.18,195,0.0,13,135.05,2,0
TEL-12798,2026-06,4.27,176,2.9,10,130.56,4,0
TEL-12799,2026-01,34.74,121,1.8,9,615.98,4,0
TEL-12799,2026-02,45.52,102,0.3,9,641.28,1,0
TEL-12799,2026-03,65.94,187,2.9,4,689.7,1,0
TEL-12799,2026-04,58.04,177,0.9,2,728.75,3,0
TEL-12799,2026-05,48.18,145,0.1,4,665.73,2,0
TEL-12799,2026-06,49.4,254,0.3,7,574.05,3,0
TEL-12800,2026-01,3.91,601,0.7,24,536.89,2,0
TEL-12800,2026-02,3.18,361,1.4,25,510.99,4,0
TEL-12800,2026-03,5.04,728,0.1,28,442.55,4,0
TEL-12800,2026-04,3.75,886,0.4,28,446.43,1,0
TEL-12800,2026-05,3.73,315,0.2,29,532.47,4,0
TEL-12800,2026-06,4.8,640,0.3,19,481.31,1,0
TEL-12801,2026-01,3.71,85,0.2,11,75.2,1,0
TEL-12801,2026-02,4.61,89,0.9,10,88.88,3,0
TEL-12801,2026-03,3.57,81,0.5,7,75.94,2,0
TEL-12801,2026-04,4.43,68,1.0,6,71.92,1,0
TEL-12801,2026-05,5.12,108,0.6,11,81.92,3,0
TEL-12801,2026-06,3.3,77,0.4,7,76.72,4,0
TEL-12802,2026-01,48.83,155,0.2,6,517.29,2,0
TEL-12802,2026-02,46.54,115,0.4,7,514.85,3,0
TEL-12802,2026-03,0.31,38,2398.0,1,675.54,3,0
TEL-12802,2026-04,0.23,102,2242.9,7,463.08,4,0
TEL-12802,2026-05,0.38,81,2302.9,4,595.9,4,0
TEL-12802,2026-06,0.09,70,1621.9,4,574.09,3,0
TEL-12803,2026-01,2.05,434,1.0,31,256.7,4,0
TEL-12803,2026-02,3.15,609,0.1,37,247.46,2,0
TEL-12803,2026-03,2.45,463,0.3,29,257.9,1,0
TEL-12803,2026-04,2.49,423,0.5,32,306.49,1,0
TEL-12803,2026-05,2.36,430,0.5,27,299.4,4,0
TEL-12803,2026-06,1.76,405,0.8,41,266.13,3,0
TEL-12804,2026-01,2.69,203,0.2,35,178.24,1,0
TEL-12804,2026-02,2.1,179,0.0,36,196.54,1,0
TEL-12804,2026-03,1.96,308,1.2,58,210.07,4,0
TEL-12804,2026-04,2.09,221,0.4,37,261.25,2,0
TEL-12804,2026-05,2.36,422,0.2,36,217.76,1,0
TEL-12804,2026-06,1.64,245,1.9,44,208.59,3,0
TEL-12805,2026-01,24.07,92,0.1,1,365.11,4,0
TEL-12805,2026-02,18.15,165,0.8,8,486.35,3,0
TEL-12805,2026-03,19.38,256,2.6,2,470.66,3,0
TEL-12805,2026-04,21.32,245,0.6,5,508.1,2,0
TEL-12805,2026-05,20.56,179,0.4,1,469.19,3,0
TEL-12805,2026-06,17.12,185,0.5,7,466.62,4,0
TEL-12806,2026-01,2.18,256,5.5,36,369.5,3,0
TEL-12806,2026-02,1.45,382,15.8,31,358.56,4,0
TEL-12806,2026-03,1.53,338,10.7,29,423.11,3,0
TEL-12806,2026-04,1.43,262,5.1,37,326.43,3,0
TEL-12806,2026-05,2.05,235,6.0,24,288.3,1,0
TEL-12806,2026-06,1.37,325,5.1,23,425.11,4,0
TEL-12807,2026-01,3.13,374,0.2,23,311.52,1,0
TEL-12807,2026-02,3.94,211,1.1,31,351.68,2,0
TEL-12807,2026-03,2.16,467,2.4,34,355.63,1,0
TEL-12807,2026-04,2.78,583,0.4,41,327.77,2,0
TEL-12807,2026-05,1.73,447,0.6,31,297.15,1,0
TEL-12807,2026-06,3.07,426,0.6,40,326.85,4,0
TEL-12808,2026-01,1.55,669,0.4,25,210.18,3,0
TEL-12808,2026-02,1.48,718,0.4,30,222.06,2,0
TEL-12808,2026-03,1.54,511,1.2,28,201.91,3,0
TEL-12808,2026-04,1.15,768,0.0,34,204.05,3,0
TEL-12808,2026-05,1.93,514,0.2,26,206.05,2,0
TEL-12808,2026-06,2.66,572,2.5,29,222.28,3,0
TEL-12809,2026-01,11.22,311,12.4,15,456.21,1,0
TEL-12809,2026-02,15.58,116,14.4,22,480.29,2,0
TEL-12809,2026-03,15.15,305,5.1,23,469.26,4,0
TEL-12809,2026-04,12.02,272,32.5,14,516.14,3,0
TEL-12809,2026-05,11.28,261,2.3,20,494.98,1,0
TEL-12809,2026-06,14.83,243,6.6,16,492.8,1,0
TEL-12810,2026-01,18.99,182,1.6,4,319.96,2,0
TEL-12810,2026-02,25.39,168,0.0,4,278.91,3,0
TEL-12810,2026-03,20.22,200,0.3,7,321.17,4,0
TEL-12810,2026-04,23.59,270,0.1,5,314.91,4,0
TEL-12810,2026-05,20.36,224,0.5,4,295.1,3,0
TEL-12810,2026-06,12.46,227,0.0,7,312.57,4,0
TEL-12811,2026-01,4.1,173,6.7,6,391.83,2,0
TEL-12811,2026-02,6.08,129,20.9,10,351.84,2,0
TEL-12811,2026-03,3.95,193,2.8,7,377.06,2,0
TEL-12811,2026-04,3.79,133,5.0,4,351.04,3,0
TEL-12811,2026-05,4.49,154,20.7,3,371.38,3,0
TEL-12811,2026-06,4.13,179,9.6,5,352.97,4,0
TEL-12812,2026-01,1.87,171,1.1,11,243.96,1,0
TEL-12812,2026-02,1.22,214,0.5,12,213.19,1,0
TEL-12812,2026-03,1.62,137,0.5,6,256.37,2,0
TEL-12812,2026-04,2.23,217,1.1,15,234.44,2,0
TEL-12812,2026-05,1.47,157,1.2,11,195.6,3,0
TEL-12812,2026-06,1.06,189,1.1,13,236.61,1,0
TEL-12813,2026-01,15.7,512,1.9,11,595.64,4,0
TEL-12813,2026-02,27.7,345,0.1,8,711.99,2,0
TEL-12813,2026-03,22.8,246,0.1,12,573.16,2,0
TEL-12813,2026-04,30.85,352,0.2,16,525.93,3,0
TEL-12813,2026-05,22.13,239,0.1,13,621.85,3,0
TEL-12813,2026-06,21.58,477,2.5,11,607.47,4,0
TEL-12814,2026-01,16.57,241,0.3,17,328.95,3,0
TEL-12814,2026-02,15.02,314,0.1,17,291.71,1,0
TEL-12814,2026-03,16.5,334,1.1,18,220.75,1,0
TEL-12814,2026-04,15.61,269,0.3,12,295.45,3,0
TEL-12814,2026-05,14.26,179,0.4,16,333.16,3,0
TEL-12814,2026-06,18.22,225,0.0,16,324.23,1,0
TEL-12815,2026-01,5.65,114,0.7,26,363.37,4,0
TEL-12815,2026-02,5.71,352,0.1,24,315.57,1,0
TEL-12815,2026-03,4.97,179,1.5,28,321.39,4,0
TEL-12815,2026-04,7.35,233,0.7,24,335.41,2,0
TEL-12815,2026-05,5.4,193,0.5,26,317.98,2,0
TEL-12815,2026-06,5.49,217,1.6,23,347.67,1,0
TEL-12816,2026-01,7.95,345,24.2,23,539.08,2,0
TEL-12816,2026-02,7.52,150,7.1,17,547.2,3,0
TEL-12816,2026-03,7.29,367,0.5,13,498.63,3,0
TEL-12816,2026-04,7.67,471,19.5,16,479.62,4,0
TEL-12816,2026-05,7.63,387,19.1,18,458.23,4,0
TEL-12816,2026-06,9.13,269,19.5,16,486.43,4,0
TEL-12817,2026-01,9.74,328,1.9,15,598.99,2,0
TEL-12817,2026-02,5.62,299,11.3,12,687.33,3,0
TEL-12817,2026-03,7.24,361,10.9,9,564.11,3,0
TEL-12817,2026-04,8.79,293,11.8,12,664.89,1,0
TEL-12817,2026-05,7.76,278,19.4,9,593.0,1,0
TEL-12817,2026-06,6.0,256,2.9,10,669.91,2,0
TEL-12818,2026-01,1.91,881,0.1,43,185.65,1,0
TEL-12818,2026-02,1.8,551,0.1,52,180.37,1,0
TEL-12818,2026-03,2.59,722,0.3,44,159.2,4,0
TEL-12818,2026-04,1.83,520,1.4,40,157.96,2,0
TEL-12818,2026-05,2.86,528,0.7,40,176.22,4,0
TEL-12818,2026-06,1.87,950,2.1,42,149.65,3,0
TEL-12819,2026-01,2.72,534,0.2,34,259.56,2,0
TEL-12819,2026-02,2.06,531,0.5,37,276.64,3,0
TEL-12819,2026-03,2.62,609,0.3,29,272.64,3,0
TEL-12819,2026-04,2.25,562,0.2,32,241.5,1,0
TEL-12819,2026-05,2.38,420,0.5,37,227.17,2,0
TEL-12819,2026-06,2.6,442,1.2,36,311.93,4,0
TEL-12820,2026-01,16.01,251,0.4,8,199.84,2,0
TEL-12820,2026-02,16.86,369,0.9,18,216.85,2,0
TEL-12820,2026-03,13.77,157,0.5,13,231.23,1,0
TEL-12820,2026-04,19.19,255,0.4,15,236.23,2,0
TEL-12820,2026-05,15.39,332,0.1,16,175.25,2,0
TEL-12820,2026-06,18.7,413,0.2,17,249.13,2,0
TEL-12821,2026-01,10.04,405,14.4,16,459.01,4,0
TEL-12821,2026-02,12.64,315,14.7,22,376.77,3,0
TEL-12821,2026-03,7.03,395,28.3,16,473.54,2,0
TEL-12821,2026-04,10.29,226,32.4,16,525.65,1,0
TEL-12821,2026-05,8.35,362,6.4,21,520.63,2,0
TEL-12821,2026-06,8.92,218,0.9,15,431.6,2,0
TEL-12822,2026-01,4.57,146,0.3,26,307.05,1,0
TEL-12822,2026-02,6.13,93,1.6,16,246.33,1,0
TEL-12822,2026-03,5.08,193,2.0,6,287.65,1,0
TEL-12822,2026-04,4.73,158,1.1,13,318.75,2,0
TEL-12822,2026-05,6.33,108,0.6,24,339.61,1,0
TEL-12822,2026-06,5.85,156,0.4,8,324.88,3,0
TEL-12823,2026-01,3.01,608,1.0,50,295.63,4,0
TEL-12823,2026-02,4.07,343,0.8,42,247.39,3,0
TEL-12823,2026-03,2.26,564,0.3,33,315.12,3,0
TEL-12823,2026-04,3.56,889,1.2,34,303.3,3,0
TEL-12823,2026-05,3.03,699,0.1,31,372.01,4,0
TEL-12823,2026-06,3.32,690,0.3,38,338.35,1,0
TEL-12824,2026-01,17.24,615,30.2,11,460.91,4,0
TEL-12824,2026-02,15.81,473,8.2,14,405.0,2,0
TEL-12824,2026-03,25.8,523,8.0,11,441.87,1,0
TEL-12824,2026-04,13.78,492,4.7,13,371.06,1,0
TEL-12824,2026-05,17.93,733,0.7,19,424.69,2,0
TEL-12824,2026-06,23.02,374,29.7,16,422.05,4,0
TEL-12825,2026-01,4.82,43,2.0,5,425.27,3,0
TEL-12825,2026-02,4.32,104,0.3,10,345.31,4,0
TEL-12825,2026-03,3.29,86,0.1,14,422.82,1,0
TEL-12825,2026-04,3.69,74,0.5,9,438.31,3,0
TEL-12825,2026-05,5.52,139,0.9,9,418.77,3,0
TEL-12825,2026-06,4.64,119,2.3,16,395.71,2,0
TEL-12826,2026-01,10.12,344,10.1,12,820.15,1,0
TEL-12826,2026-02,16.13,243,8.7,14,775.28,2,0
TEL-12826,2026-03,11.65,309,22.5,9,927.28,1,0
TEL-12826,2026-04,14.77,462,14.5,16,765.26,2,0
TEL-12826,2026-05,10.47,366,1.4,12,929.46,4,0
TEL-12826,2026-06,18.34,254,1.1,11,856.87,2,0
TEL-12827,2026-01,2.49,453,1.8,29,201.33,1,0
TEL-12827,2026-02,3.0,556,1.8,33,178.5,1,0
TEL-12827,2026-03,4.04,768,1.1,23,183.44,1,0
TEL-12827,2026-04,3.31,385,1.5,25,182.65,3,0
TEL-12827,2026-05,4.77,462,0.4,29,212.19,3,0
TEL-12827,2026-06,2.59,702,3.4,23,176.08,4,0
TEL-12828,2026-01,1.81,518,2.1,45,236.55,1,0
TEL-12828,2026-02,1.86,583,0.8,31,250.38,4,0
TEL-12828,2026-03,2.0,557,0.1,55,209.06,1,0
TEL-12828,2026-04,1.1,469,0.1,44,242.45,4,0
TEL-12828,2026-05,1.84,766,2.4,24,192.28,2,0
TEL-12828,2026-06,1.73,632,0.2,41,228.5,4,0
TEL-12829,2026-01,16.42,304,0.4,9,249.13,3,0
TEL-12829,2026-02,13.53,344,0.0,5,215.97,1,0
TEL-12829,2026-03,19.86,305,0.6,6,210.62,1,0
TEL-12829,2026-04,11.05,292,0.5,9,246.6,3,0
TEL-12829,2026-05,17.01,313,0.4,8,0.0,4,0
TEL-12829,2026-06,16.61,313,0.2,5,233.2,1,0
TEL-12830,2026-01,40.88,148,0.3,2,674.82,1,0
TEL-12830,2026-02,44.21,235,2.2,6,596.99,4,0
TEL-12830,2026-03,58.38,238,1.6,3,692.34,4,0
TEL-12830,2026-04,58.5,131,1.2,11,705.18,4,0
TEL-12830,2026-05,71.54,203,0.5,10,694.85,2,0
TEL-12830,2026-06,56.22,180,0.5,17,686.79,3,0
TEL-12831,2026-01,4.27,281,0.2,16,159.89,2,0
TEL-12831,2026-02,6.56,184,1.4,17,179.39,1,0
TEL-12831,2026-03,4.7,202,0.4,4,213.16,4,0
TEL-12831,2026-04,3.16,121,0.4,14,203.96,1,0
TEL-12831,2026-05,6.92,143,0.7,3,239.4,2,0
TEL-12831,2026-06,4.49,190,1.3,12,169.56,2,0
TEL-12832,2026-01,21.86,233,0.3,11,339.54,4,0
TEL-12832,2026-02,22.77,137,2.1,28,302.29,3,0
TEL-12832,2026-03,24.05,206,0.6,21,245.32,1,0
TEL-12832,2026-04,17.76,222,0.9,19,326.71,2,0
TEL-12832,2026-05,27.89,167,0.7,19,279.61,1,0
TEL-12832,2026-06,18.09,298,4.2,18,310.42,4,0
TEL-12833,2026-01,1.27,136,19.0,8,290.42,3,0
TEL-12833,2026-02,0.93,127,7.4,8,273.62,2,0
TEL-12833,2026-03,1.05,180,5.9,7,211.6,2,0
TEL-12833,2026-04,1.0,124,2.8,7,217.16,3,0
TEL-12833,2026-05,1.14,179,7.7,9,218.58,3,0
TEL-12833,2026-06,1.13,128,7.8,6,258.91,2,0
TEL-12834,2026-01,6.48,53,2.1,16,240.59,4,0
TEL-12834,2026-02,6.33,59,0.7,3,243.03,2,0
TEL-12834,2026-03,5.88,56,0.4,6,224.46,1,0
TEL-12834,2026-04,5.69,71,0.2,11,266.16,2,0
TEL-12834,2026-05,7.7,105,0.3,12,272.99,2,0
TEL-12834,2026-06,4.02,62,0.3,11,252.96,3,0
TEL-12835,2026-01,1.97,107,1.1,0,199.24,3,0
TEL-12835,2026-02,6.26,207,0.2,3,176.36,4,0
TEL-12835,2026-03,6.21,150,3.2,4,175.64,4,0
TEL-12835,2026-04,4.86,174,1.1,1,238.77,2,0
TEL-12835,2026-05,5.62,177,2.0,2,204.72,4,0
TEL-12835,2026-06,4.45,106,0.9,5,189.44,4,0
TEL-12836,2026-01,3.65,167,0.4,7,336.83,4,0
TEL-12836,2026-02,3.2,206,2.3,11,341.74,1,0
TEL-12836,2026-03,2.59,190,0.5,3,278.9,4,0
TEL-12836,2026-04,3.34,158,1.0,13,235.6,3,0
TEL-12836,2026-05,2.42,146,0.9,7,275.69,3,0
TEL-12836,2026-06,3.32,171,0.2,9,306.82,2,0
TEL-12837,2026-01,1.75,492,0.3,38,158.36,4,0
TEL-12837,2026-02,2.31,784,2.1,33,157.2,3,0
TEL-12837,2026-03,1.79,323,0.8,35,200.7,2,0
TEL-12837,2026-04,2.47,627,0.4,40,161.73,2,0
TEL-12837,2026-05,2.22,988,0.2,38,155.82,2,0
TEL-12837,2026-06,1.94,269,1.4,28,157.28,3,0
TEL-12838,2026-01,6.46,160,0.4,14,173.22,4,0
TEL-12838,2026-02,5.02,126,3.1,13,125.91,4,0
TEL-12838,2026-03,2.22,134,0.9,17,156.38,1,0
TEL-12838,2026-04,4.83,167,0.2,4,163.82,4,0
TEL-12838,2026-05,4.05,149,1.1,10,166.98,4,0
TEL-12838,2026-06,5.47,142,1.5,15,128.92,2,0
TEL-12839,2026-01,13.69,297,0.5,2,340.62,3,0
TEL-12839,2026-02,15.29,148,0.1,5,363.12,2,0
TEL-12839,2026-03,15.76,251,0.9,4,281.9,1,0
TEL-12839,2026-04,26.37,183,1.3,4,305.73,4,0
TEL-12839,2026-05,18.29,280,0.5,3,312.49,3,0
TEL-12839,2026-06,22.64,152,1.0,2,295.64,2,0
TEL-12840,2026-01,29.86,191,1.4,5,521.4,1,0
TEL-12840,2026-02,24.5,164,10.8,10,601.56,3,0
TEL-12840,2026-03,24.18,148,6.8,9,543.6,4,0
TEL-12840,2026-04,30.5,131,14.0,7,612.38,2,0
TEL-12840,2026-05,23.45,156,21.4,7,606.59,2,0
TEL-12840,2026-06,26.98,143,14.7,4,653.28,2,0
TEL-12841,2026-01,55.89,103,0.4,4,548.31,2,0
TEL-12841,2026-02,41.25,255,1.4,2,733.48,2,0
TEL-12841,2026-03,47.02,231,2.3,3,642.43,1,0
TEL-12841,2026-04,34.86,187,0.6,5,599.13,3,0
TEL-12841,2026-05,47.88,183,3.1,2,632.98,2,0
TEL-12841,2026-06,53.98,172,0.2,4,719.62,1,0
TEL-12842,2026-01,34.89,48,1.5,2,408.51,1,0
TEL-12842,2026-02,36.51,137,0.5,5,439.61,2,0
TEL-12842,2026-03,28.79,77,1.2,4,393.75,2,0
TEL-12842,2026-04,34.12,92,0.7,7,365.77,3,0
TEL-12842,2026-05,42.54,83,0.6,5,393.66,3,0
TEL-12842,2026-06,31.69,113,1.3,4,400.06,2,0
TEL-12843,2026-01,19.96,206,18.5,13,693.11,1,0
TEL-12843,2026-02,16.06,290,19.2,16,689.7,3,0
TEL-12843,2026-03,17.31,264,4.8,13,582.06,1,0
TEL-12843,2026-04,19.65,218,9.4,19,678.75,2,0
TEL-12843,2026-05,20.54,314,6.2,26,634.22,1,0
TEL-12843,2026-06,19.61,335,5.7,18,665.07,4,0
TEL-12844,2026-01,44.53,307,0.8,7,560.98,1,0
TEL-12844,2026-02,43.17,379,0.8,2,541.29,2,0
TEL-12844,2026-03,29.99,287,0.9,2,553.71,1,0
TEL-12844,2026-04,36.69,337,0.0,0,509.58,4,0
TEL-12844,2026-05,37.22,216,1.0,1,589.3,1,0
TEL-12844,2026-06,42.65,299,0.5,6,563.41,4,0
TEL-12845,2026-01,2.96,475,0.6,38,188.88,4,0
TEL-12845,2026-02,2.69,341,0.0,28,161.4,4,0
TEL-12845,2026-03,2.09,354,0.1,27,160.99,2,0
TEL-12845,2026-04,2.42,325,0.9,37,148.75,1,0
TEL-12845,2026-05,3.45,378,0.1,24,147.43,3,0
TEL-12845,2026-06,2.07,541,4.0,28,202.99,2,0
TEL-12846,2026-01,17.81,274,0.4,20,250.91,2,0
TEL-12846,2026-02,20.77,359,1.5,19,255.62,4,0
TEL-12846,2026-03,19.15,340,0.8,17,262.6,2,0
TEL-12846,2026-04,24.52,400,0.7,6,269.3,3,0
TEL-12846,2026-05,18.88,298,0.9,22,321.66,3,0
TEL-12846,2026-06,20.53,394,0.2,14,283.72,4,0
TEL-12847,2026-01,4.22,79,2.3,7,196.7,4,0
TEL-12847,2026-02,4.93,80,0.6,5,205.96,2,0
TEL-12847,2026-03,5.14,44,1.1,8,165.01,4,0
TEL-12847,2026-04,6.42,117,1.0,13,151.84,3,0
TEL-12847,2026-05,6.08,46,0.2,8,187.39,4,0
TEL-12847,2026-06,4.44,80,0.6,14,215.91,4,0
TEL-12848,2026-01,17.65,347,0.3,5,505.11,4,0
TEL-12848,2026-02,13.25,356,5.1,11,481.07,4,0
TEL-12848,2026-03,16.31,468,0.5,10,435.9,3,0
TEL-12848,2026-04,13.66,464,0.1,10,503.95,1,0
TEL-12848,2026-05,13.97,155,0.9,13,493.25,4,0
TEL-12848,2026-06,8.52,387,0.6,15,466.55,3,0
TEL-12849,2026-01,17.82,399,0.3,17,313.3,2,0
TEL-12849,2026-02,28.22,446,0.8,11,256.35,2,0
TEL-12849,2026-03,20.87,601,0.2,17,286.02,2,0
TEL-12849,2026-04,20.25,553,0.8,15,293.15,2,0
TEL-12849,2026-05,14.9,543,0.0,9,370.05,2,0
TEL-12849,2026-06,21.7,596,1.0,11,294.1,4,0
TEL-12850,2026-01,1.82,253,0.7,37,362.41,1,0
TEL-12850,2026-02,1.02,635,0.5,41,382.61,2,0
TEL-12850,2026-03,1.11,887,0.5,34,409.68,2,0
TEL-12850,2026-04,1.53,549,1.4,37,338.54,3,0
TEL-12850,2026-05,1.51,495,1.4,34,362.35,4,0
TEL-12850,2026-06,1.1,558,0.7,53,355.97,2,0
TEL-12851,2026-01,1.15,310,0.1,8,158.44,1,0
TEL-12851,2026-02,1.81,370,0.7,10,200.92,1,0
TEL-12851,2026-03,2.2,306,1.0,8,186.98,4,0
TEL-12851,2026-04,1.04,329,0.2,9,158.33,4,0
TEL-12851,2026-05,1.94,256,0.4,4,217.21,1,0
TEL-12851,2026-06,1.81,180,1.6,3,185.87,4,0
TEL-12852,2026-01,5.35,290,0.1,12,470.8,1,0
TEL-12852,2026-02,10.99,495,0.1,9,439.68,4,0
TEL-12852,2026-03,6.9,491,0.7,14,378.08,4,0
TEL-12852,2026-04,5.98,309,1.1,7,389.03,4,0
TEL-12852,2026-05,7.64,552,0.7,11,381.8,1,0
TEL-12852,2026-06,9.29,420,1.5,8,397.59,1,0
TEL-12853,2026-01,2.51,137,1.4,3,114.5,4,0
TEL-12853,2026-02,2.29,128,0.4,4,94.19,2,0
TEL-12853,2026-03,2.59,111,0.2,5,116.69,1,0
TEL-12853,2026-04,3.44,23,0.0,5,110.57,1,0
TEL-12853,2026-05,2.33,151,0.3,7,112.1,2,0
TEL-12853,2026-06,1.36,137,0.7,3,141.57,4,0
TEL-12854,2026-01,4.07,475,0.9,41,199.8,4,0
TEL-12854,2026-02,3.27,512,1.6,38,196.03,1,0
TEL-12854,2026-03,3.73,518,0.5,38,205.69,2,0
TEL-12854,2026-04,2.94,387,0.3,49,220.26,3,0
TEL-12854,2026-05,2.74,679,2.3,44,202.25,4,0
TEL-12854,2026-06,2.26,393,0.6,51,172.76,4,0
TEL-12855,2026-01,3.23,647,0.1,29,210.11,3,0
TEL-12855,2026-02,3.08,425,0.1,36,224.0,2,0
TEL-12855,2026-03,3.28,375,2.2,37,217.07,2,0
TEL-12855,2026-04,3.9,506,0.1,30,231.24,2,0
TEL-12855,2026-05,4.2,563,0.6,36,195.96,3,0
TEL-12855,2026-06,3.24,565,0.3,40,216.61,4,0
TEL-12856,2026-01,3.39,397,15.4,36,331.91,2,0
TEL-12856,2026-02,2.56,240,16.4,35,397.79,3,0
TEL-12856,2026-03,2.8,222,17.3,31,353.51,1,0
TEL-12856,2026-04,2.27,327,4.1,27,370.13,2,0
TEL-12856,2026-05,2.55,299,10.1,29,249.46,2,0
TEL-12856,2026-06,3.18,270,0.7,34,306.55,1,0
TEL-12857,2026-01,7.91,205,0.8,13,151.43,4,0
TEL-12857,2026-02,6.17,191,1.1,12,151.16,3,0
TEL-12857,2026-03,7.63,163,0.5,11,182.57,3,0
TEL-12857,2026-04,8.66,224,1.4,12,140.44,4,0
TEL-12857,2026-05,8.23,262,0.1,20,170.88,1,0
TEL-12857,2026-06,7.38,98,3.1,13,158.21,3,0
TEL-12858,2026-01,1.87,99,0.4,12,119.71,4,0
TEL-12858,2026-02,1.55,77,0.4,11,116.53,2,0
TEL-12858,2026-03,1.06,98,1.4,11,110.86,4,0
TEL-12858,2026-04,1.63,116,0.7,4,102.68,2,0
TEL-12858,2026-05,1.65,71,1.4,12,102.13,3,0
TEL-12858,2026-06,1.4,128,0.5,10,114.08,1,0
TEL-12859,2026-01,50.95,203,0.2,4,717.47,1,0
TEL-12859,2026-02,39.91,109,0.5,5,792.29,1,0
TEL-12859,2026-03,58.45,170,1.6,13,705.19,3,0
TEL-12859,2026-04,45.71,172,1.8,5,727.84,1,0
TEL-12859,2026-05,59.83,144,1.4,4,640.35,4,0
TEL-12859,2026-06,26.65,164,1.1,6,677.94,4,0
TEL-12860,2026-01,27.07,341,1.1,15,569.65,3,0
TEL-12860,2026-02,27.34,275,0.7,23,538.39,3,0
TEL-12860,2026-03,34.81,115,1.0,13,582.64,1,0
TEL-12860,2026-04,22.19,359,0.7,19,529.14,2,0
TEL-12860,2026-05,23.63,279,1.8,21,504.08,2,0
TEL-12860,2026-06,34.54,271,0.6,21,563.61,1,0
TEL-12861,2026-01,38.05,218,1.3,0,497.44,4,0
TEL-12861,2026-02,32.68,270,0.4,11,458.32,1,0
TEL-12861,2026-03,40.77,306,1.7,8,564.05,1,0
TEL-12861,2026-04,43.72,212,1.1,5,432.88,4,0
TEL-12861,2026-05,50.85,317,0.3,8,578.73,2,0
TEL-12861,2026-06,27.74,178,1.4,7,377.51,4,0
TEL-12862,2026-01,36.07,139,0.3,9,414.52,4,0
TEL-12862,2026-02,37.97,123,1.7,11,419.01,4,0
TEL-12862,2026-03,33.3,190,1.0,5,443.07,1,0
TEL-12862,2026-04,31.43,153,2.8,8,498.61,4,0
TEL-12862,2026-05,36.5,123,1.3,11,362.24,2,0
TEL-12862,2026-06,40.85,137,0.5,8,384.46,3,0
TEL-12863,2026-01,3.7,96,4.0,18,533.67,3,0
TEL-12863,2026-02,3.12,112,29.2,17,568.41,4,0
TEL-12863,2026-03,1.63,142,8.4,17,456.93,2,0
TEL-12863,2026-04,3.23,117,13.9,20,515.26,4,0
TEL-12863,2026-05,5.45,130,12.0,18,639.55,3,0
TEL-12863,2026-06,2.31,93,5.6,18,570.86,3,0
TEL-12864,2026-01,12.54,393,0.3,15,271.45,1,0
TEL-12864,2026-02,19.57,293,2.6,18,315.68,1,0
TEL-12864,2026-03,17.62,243,0.6,11,274.5,1,0
TEL-12864,2026-04,24.25,306,0.2,17,253.79,1,0
TEL-12864,2026-05,10.12,242,1.1,18,309.8,1,0
TEL-12864,2026-06,17.09,378,0.3,22,282.81,1,0
TEL-12865,2026-01,6.56,154,0.3,2,179.45,4,0
TEL-12865,2026-02,6.68,66,2.2,7,177.62,4,0
TEL-12865,2026-03,6.75,116,0.9,11,143.45,2,0
TEL-12865,2026-04,6.5,102,1.6,7,176.67,4,0
TEL-12865,2026-05,7.14,107,0.4,5,196.16,2,0
TEL-12865,2026-06,8.13,125,0.0,7,223.52,3,0
TEL-12866,2026-01,5.73,110,1.2,13,275.15,1,0
TEL-12866,2026-02,7.07,103,0.2,9,280.17,3,0
TEL-12866,2026-03,5.07,78,0.3,14,291.25,1,0
TEL-12866,2026-04,5.37,110,1.3,9,316.1,1,0
TEL-12866,2026-05,5.69,109,0.0,14,317.17,2,0
TEL-12866,2026-06,5.92,63,0.7,15,306.54,4,0
TEL-12867,2026-01,27.93,381,1.4,4,595.08,1,0
TEL-12867,2026-02,29.94,256,1.4,4,496.17,2,0
TEL-12867,2026-03,29.49,235,0.8,2,568.8,1,0
TEL-12867,2026-04,29.81,211,0.7,4,525.84,3,0
TEL-12867,2026-05,21.15,150,0.7,2,638.35,2,0
TEL-12867,2026-06,33.13,236,0.0,5,536.01,3,0
TEL-12868,2026-01,24.34,227,0.3,10,386.33,4,0
TEL-12868,2026-02,35.08,227,0.8,10,357.86,4,0
TEL-12868,2026-03,28.53,208,1.4,13,326.12,3,0
TEL-12868,2026-04,25.67,315,0.3,14,309.25,1,0
TEL-12868,2026-05,21.21,322,0.7,14,346.81,1,0
TEL-12868,2026-06,26.21,169,0.4,13,380.83,1,0
TEL-12869,2026-01,5.59,173,3.9,10,359.05,2,0
TEL-12869,2026-02,3.91,121,14.5,11,334.21,1,0
TEL-12869,2026-03,4.98,176,1.4,8,413.73,3,0
TEL-12869,2026-04,6.49,231,30.1,10,448.48,4,0
TEL-12869,2026-05,4.33,195,23.1,5,395.89,2,0
TEL-12869,2026-06,5.09,128,1.7,4,378.74,4,0
TEL-12870,2026-01,32.34,267,1.5,5,472.59,4,0
TEL-12870,2026-02,40.62,42,0.3,13,450.6,3,0
TEL-12870,2026-03,40.1,163,0.2,14,526.79,1,0
TEL-12870,2026-04,38.64,188,0.4,9,585.5,1,0
TEL-12870,2026-05,41.75,221,0.6,12,499.25,2,0
TEL-12870,2026-06,36.72,128,1.2,12,537.0,3,0
TEL-12871,2026-01,2.59,57,0.2,10,126.06,2,0
TEL-12871,2026-02,3.22,153,0.0,6,116.58,1,0
TEL-12871,2026-03,2.3,138,1.1,6,110.52,2,0
TEL-12871,2026-04,2.94,92,0.3,6,142.99,4,0
TEL-12871,2026-05,4.1,185,0.2,7,134.89,3,0
TEL-12871,2026-06,2.59,91,0.3,4,151.57,2,0
TEL-12872,2026-01,16.54,403,0.6,11,230.39,3,0
TEL-12872,2026-02,15.78,152,0.2,11,286.75,4,0
TEL-12872,2026-03,13.29,364,2.4,13,261.97,2,0
TEL-12872,2026-04,18.18,230,0.4,6,280.59,3,0
TEL-12872,2026-05,20.02,263,1.1,14,234.35,3,0
TEL-12872,2026-06,13.78,193,0.6,10,220.06,4,0
TEL-12873,2026-01,2.61,747,0.9,35,186.43,4,0
TEL-12873,2026-02,2.92,529,0.6,35,227.43,2,0
TEL-12873,2026-03,2.1,509,0.5,31,224.72,1,0
TEL-12873,2026-04,1.74,866,0.7,21,217.63,4,0
TEL-12873,2026-05,2.4,915,1.6,27,202.96,1,0
TEL-12873,2026-06,1.59,893,2.9,35,176.21,4,0
TEL-12874,2026-01,28.76,150,4.4,7,522.69,4,0
TEL-12874,2026-02,35.49,193,8.9,3,541.38,1,0
TEL-12874,2026-03,41.83,164,2.5,5,568.37,3,0
TEL-12874,2026-04,23.48,199,7.9,7,561.19,2,0
TEL-12874,2026-05,27.46,190,1.5,3,571.53,4,0
TEL-12874,2026-06,37.43,247,3.7,2,617.15,4,0
TEL-12875,2026-01,5.22,221,1.0,4,469.9,4,0
TEL-12875,2026-02,3.49,114,0.0,3,473.32,4,0
TEL-12875,2026-03,3.17,138,0.8,5,421.95,4,0
TEL-12875,2026-04,3.04,118,0.0,6,501.93,3,0
TEL-12875,2026-05,4.26,170,0.7,3,410.84,3,0
TEL-12875,2026-06,2.05,107,1.1,6,471.93,3,0
TEL-12876,2026-01,4.04,132,1.6,7,200.27,3,0
TEL-12876,2026-02,3.34,217,0.6,4,183.18,2,0
TEL-12876,2026-03,2.9,151,0.7,10,175.97,4,0
TEL-12876,2026-04,2.63,175,0.2,13,164.48,1,0
TEL-12876,2026-05,3.31,163,0.3,5,182.04,1,0
TEL-12876,2026-06,3.06,201,1.5,8,201.52,4,0
TEL-12877,2026-01,45.12,152,1.8,7,753.7,2,0
TEL-12877,2026-02,38.1,189,0.7,6,635.39,4,0
TEL-12877,2026-03,40.12,203,1.2,8,705.61,3,0
TEL-12877,2026-04,35.51,171,0.1,11,568.97,1,0
TEL-12877,2026-05,54.85,237,1.1,7,658.72,2,0
TEL-12877,2026-06,54.87,169,0.2,5,646.28,4,0
TEL-12878,2026-01,3.21,729,1.2,35,427.83,3,0
TEL-12878,2026-02,3.63,390,0.3,30,401.37,3,0
TEL-12878,2026-03,2.25,574,0.3,24,497.72,4,0
TEL-12878,2026-04,2.65,336,0.0,21,415.78,1,0
TEL-12878,2026-05,3.52,626,0.9,30,514.43,1,0
TEL-12878,2026-06,2.52,647,1.3,23,467.84,4,0
TEL-12879,2026-01,12.25,90,0.2,3,321.88,2,0
TEL-12879,2026-02,9.26,292,0.8,6,302.6,2,0
TEL-12879,2026-03,11.97,133,1.5,6,306.37,2,0
TEL-12879,2026-04,8.31,177,2.5,7,320.02,1,0
TEL-12879,2026-05,7.38,304,1.2,7,340.53,2,0
TEL-12879,2026-06,7.96,232,0.1,9,320.32,2,0
TEL-12880,2026-01,6.74,151,1.2,7,167.91,3,0
TEL-12880,2026-02,4.19,94,0.0,14,181.96,2,0
TEL-12880,2026-03,5.66,135,0.5,13,184.55,1,0
TEL-12880,2026-04,1.8,177,1.3,8,225.16,3,0
TEL-12880,2026-05,5.71,39,1.0,9,198.47,1,0
TEL-12880,2026-06,5.88,118,1.0,7,181.52,3,0
TEL-12881,2026-01,2.03,450,2.2,34,372.34,4,0
TEL-12881,2026-02,2.39,504,0.6,32,430.03,3,0
TEL-12881,2026-03,1.91,464,0.2,35,401.54,4,0
TEL-12881,2026-04,1.85,603,0.2,28,385.42,3,0
TEL-12881,2026-05,1.73,857,1.3,39,400.51,4,0
TEL-12881,2026-06,1.82,532,1.0,26,358.61,3,0
TEL-12882,2026-01,2.72,109,1.0,12,234.29,1,0
TEL-12882,2026-02,3.88,171,0.3,9,239.91,2,0
TEL-12882,2026-03,5.29,172,0.0,19,260.86,3,0
TEL-12882,2026-04,5.26,157,0.7,12,247.06,4,0
TEL-12882,2026-05,3.34,185,0.1,13,278.38,3,0
TEL-12882,2026-06,3.86,93,0.4,19,220.77,4,0
TEL-12883,2026-01,3.05,759,0.7,36,237.16,1,0
TEL-12883,2026-02,3.68,692,0.4,29,237.97,3,0
TEL-12883,2026-03,3.4,615,0.2,44,229.92,3,0
TEL-12883,2026-04,2.97,592,1.4,35,291.53,3,0
TEL-12883,2026-05,2.99,687,1.4,36,263.75,1,0
TEL-12883,2026-06,2.44,809,0.4,44,274.07,4,0
TEL-12884,2026-01,6.13,135,5.2,14,523.67,1,0
TEL-12884,2026-02,7.06,262,20.6,7,497.8,1,0
TEL-12884,2026-03,3.62,143,20.5,11,407.2,3,0
TEL-12884,2026-04,5.75,210,7.6,5,513.03,3,0
TEL-12884,2026-05,3.3,163,8.0,4,404.35,4,0
TEL-12884,2026-06,6.31,216,7.2,7,471.1,4,0
TEL-12885,2026-01,3.61,217,1.5,5,271.73,3,0
TEL-12885,2026-02,4.41,88,0.0,5,219.78,4,0
TEL-12885,2026-03,3.85,182,0.3,8,228.37,1,0
TEL-12885,2026-04,3.49,165,1.8,10,281.76,2,0
TEL-12885,2026-05,4.06,137,3.5,16,244.92,4,0
TEL-12885,2026-06,4.1,231,0.7,9,218.8,4,0
TEL-12886,2026-01,3.29,267,13.4,2,619.28,1,0
TEL-12886,2026-02,16.98,268,2.8,4,544.4,1,0
TEL-12886,2026-03,20.05,297,5.1,4,537.32,4,0
TEL-12886,2026-04,17.09,302,9.4,1,473.64,2,0
TEL-12886,2026-05,17.18,196,1.5,2,553.96,2,0
TEL-12886,2026-06,16.97,278,23.1,4,584.81,2,0
TEL-12887,2026-01,4.06,116,0.0,10,82.17,3,0
TEL-12887,2026-02,4.49,109,0.4,4,69.08,2,0
TEL-12887,2026-03,3.59,101,2.0,6,88.06,2,0
TEL-12887,2026-04,3.35,76,1.8,9,82.2,1,0
TEL-12887,2026-05,3.82,144,1.5,5,83.7,4,0
TEL-12887,2026-06,2.92,95,0.2,4,73.65,2,0
TEL-12888,2026-01,6.13,112,1.2,9,255.58,2,0
TEL-12888,2026-02,7.07,137,1.1,9,257.01,1,0
TEL-12888,2026-03,4.8,121,1.1,12,272.43,3,0
TEL-12888,2026-04,5.95,135,1.0,10,264.09,4,0
TEL-12888,2026-05,5.18,112,0.2,10,226.34,2,0
TEL-12888,2026-06,7.14,90,1.2,10,259.44,2,0
TEL-12889,2026-01,13.6,148,0.3,4,253.72,3,0
TEL-12889,2026-02,17.5,175,0.6,9,237.72,1,0
TEL-12889,2026-03,20.65,116,0.2,7,251.58,1,0
TEL-12889,2026-04,17.23,191,1.3,9,261.82,4,0
TEL-12889,2026-05,16.45,283,0.6,4,296.0,2,0
TEL-12889,2026-06,17.79,264,1.3,4,255.46,2,0
TEL-12890,2026-01,3.43,154,0.9,13,122.23,2,0
TEL-12890,2026-02,3.19,144,0.6,17,117.96,4,0
TEL-12890,2026-03,3.91,169,0.4,14,115.92,1,0
TEL-12890,2026-04,3.99,203,1.5,9,123.69,1,0
TEL-12890,2026-05,4.28,180,1.0,16,119.83,3,0
TEL-12890,2026-06,3.34,161,0.6,9,123.36,4,0
TEL-12891,2026-01,10.01,271,0.3,7,319.04,3,0
TEL-12891,2026-02,11.51,392,1.8,17,354.87,1,0
TEL-12891,2026-03,13.8,460,0.2,18,366.36,1,0
TEL-12891,2026-04,11.29,423,0.2,13,282.27,1,0
TEL-12891,2026-05,14.11,464,0.5,15,243.32,4,0
TEL-12891,2026-06,6.76,387,0.8,17,285.75,3,0
TEL-12892,2026-01,2.23,182,0.7,9,386.36,1,0
TEL-12892,2026-02,4.0,184,2.0,9,405.71,1,0
TEL-12892,2026-03,4.96,186,0.6,10,450.69,4,0
TEL-12892,2026-04,5.14,227,2.8,8,390.49,3,0
TEL-12892,2026-05,4.83,195,0.3,12,353.44,1,0
TEL-12892,2026-06,3.52,158,0.2,13,436.01,1,0
TEL-12893,2026-01,3.53,162,1.2,7,170.37,2,0
TEL-12893,2026-02,2.11,126,0.4,13,180.2,2,0
TEL-12893,2026-03,3.94,108,0.8,7,165.11,2,0
TEL-12893,2026-04,3.32,149,0.1,10,198.06,4,0
TEL-12893,2026-05,2.76,121,1.2,8,197.35,3,0
TEL-12893,2026-06,2.34,186,1.8,8,199.27,3,0
TEL-12894,2026-01,9.97,346,0.2,15,423.56,4,0
TEL-12894,2026-02,14.26,322,0.8,15,399.27,2,0
TEL-12894,2026-03,14.14,429,0.1,17,275.47,2,0
TEL-12894,2026-04,15.81,447,0.2,21,413.31,2,0
TEL-12894,2026-05,23.79,342,0.1,19,355.76,2,0
TEL-12894,2026-06,11.24,323,1.5,18,378.98,4,0
TEL-12895,2026-01,1.99,109,9.0,12,301.05,1,0
TEL-12895,2026-02,3.83,68,12.8,6,390.61,1,0
TEL-12895,2026-03,3.71,104,19.1,4,319.36,3,0
TEL-12895,2026-04,4.57,121,1.2,5,371.44,3,0
TEL-12895,2026-05,2.68,103,5.6,4,339.85,2,0
TEL-12895,2026-06,4.57,153,9.5,4,352.34,2,0
TEL-12896,2026-01,12.52,361,0.1,17,390.45,3,0
TEL-12896,2026-02,7.31,316,2.2,14,379.87,2,0
TEL-12896,2026-03,11.96,293,1.1,17,346.05,3,0
TEL-12896,2026-04,13.4,399,0.3,16,379.31,4,0
TEL-12896,2026-05,11.57,379,2.1,16,390.28,2,0
TEL-12896,2026-06,11.45,325,1.5,18,352.58,1,0
TEL-12897,2026-01,26.75,148,0.6,4,359.93,2,0
TEL-12897,2026-02,37.4,196,2.2,12,395.09,4,0
TEL-12897,2026-03,46.37,182,1.0,4,425.29,4,0
TEL-12897,2026-04,26.47,210,1.1,8,443.02,3,0
TEL-12897,2026-05,40.62,226,0.0,5,414.64,3,0
TEL-12897,2026-06,41.64,176,1.3,5,427.24,2,0
TEL-12898,2026-01,39.36,64,0.5,8,479.62,4,0
TEL-12898,2026-02,33.08,135,0.6,4,501.31,3,0
TEL-12898,2026-03,29.5,145,0.6,9,487.93,1,0
TEL-12898,2026-04,46.12,157,1.5,6,444.88,2,0
TEL-12898,2026-05,26.03,103,0.9,10,439.01,2,0
TEL-12898,2026-06,39.55,140,1.7,3,509.58,3,0
TEL-12899,2026-01,2.2,193,0.6,11,151.32,3,0
TEL-12899,2026-02,2.29,283,2.1,6,139.38,3,0
TEL-12899,2026-03,2.2,268,2.1,6,114.4,3,0
TEL-12899,2026-04,3.02,376,0.1,5,125.56,1,0
TEL-12899,2026-05,2.16,201,0.0,5,139.52,1,0
TEL-12899,2026-06,3.02,260,0.1,4,123.71,1,0
TEL-12900,2026-01,17.73,211,0.3,9,356.34,2,0
TEL-12900,2026-02,15.08,171,0.7,5,423.35,2,0
TEL-12900,2026-03,15.97,238,1.0,4,363.28,4,0
TEL-12900,2026-04,15.55,144,0.6,5,334.4,4,0
TEL-12900,2026-05,16.84,190,0.1,5,330.94,4,0
TEL-12900,2026-06,12.49,299,1.5,3,354.08,3,0
TEL-12901,2026-01,30.15,213,0.9,3,511.17,3,0
TEL-12901,2026-02,33.81,216,1.2,9,530.95,4,0
TEL-12901,2026-03,28.73,276,0.6,8,548.92,1,0
TEL-12901,2026-04,27.11,342,1.3,5,630.91,2,0
TEL-12901,2026-05,21.02,172,1.7,2,523.49,3,0
TEL-12901,2026-06,35.02,220,0.2,6,591.11,3,0
TEL-12902,2026-01,2.48,235,1.6,9,277.22,1,0
TEL-12902,2026-02,1.7,237,0.2,12,241.56,3,0
TEL-12902,2026-03,4.28,177,1.2,5,253.77,2,0
TEL-12902,2026-04,5.52,184,1.6,11,265.17,1,0
TEL-12902,2026-05,4.6,265,1.2,11,209.08,1,0
TEL-12902,2026-06,4.01,195,0.2,5,243.68,2,0
TEL-12903,2026-01,4.06,167,0.5,7,313.98,4,0
TEL-12903,2026-02,3.92,162,0.6,15,268.79,1,0
TEL-12903,2026-03,4.04,127,0.7,10,305.66,4,0
TEL-12903,2026-04,3.37,132,0.1,10,353.18,4,0
TEL-12903,2026-05,5.22,120,1.0,14,269.33,3,0
TEL-12903,2026-06,4.92,166,0.7,13,267.09,1,0
TEL-12904,2026-01,12.16,277,0.2,13,293.39,4,0
TEL-12904,2026-02,13.75,126,0.2,9,305.53,1,0
TEL-12904,2026-03,10.28,411,0.5,17,303.89,2,0
TEL-12904,2026-04,13.57,353,0.3,16,354.8,2,0
TEL-12904,2026-05,11.94,271,0.4,16,278.08,4,0
TEL-12904,2026-06,12.88,291,2.3,20,323.14,2,0
TEL-12905,2026-01,44.25,61,0.2,7,601.87,3,0
TEL-12905,2026-02,32.05,58,1.3,3,701.49,1,0
TEL-12905,2026-03,32.15,51,0.3,11,691.14,1,0
TEL-12905,2026-04,43.89,73,0.0,9,710.24,1,0
TEL-12905,2026-05,54.28,64,0.3,5,498.84,2,0
TEL-12905,2026-06,41.85,84,0.2,8,682.88,4,0
TEL-12906,2026-01,18.15,289,0.1,21,241.05,4,0
TEL-12906,2026-02,16.91,330,0.5,21,273.62,1,0
TEL-12906,2026-03,22.39,363,2.2,30,263.11,1,0
TEL-12906,2026-04,20.62,359,0.5,27,227.92,3,0
TEL-12906,2026-05,11.82,287,1.5,32,287.35,1,0
TEL-12906,2026-06,22.18,253,0.9,24,282.99,2,0
TEL-12907,2026-01,19.23,192,2.2,0,392.04,3,0
TEL-12907,2026-02,18.32,281,1.1,3,390.87,1,0
TEL-12907,2026-03,16.51,267,0.5,2,397.18,4,0
TEL-12907,2026-04,11.87,292,0.2,2,421.41,3,0
TEL-12907,2026-05,19.68,266,0.2,0,341.97,2,0
TEL-12907,2026-06,15.24,408,0.6,2,405.11,2,0
TEL-12908,2026-01,16.79,440,0.5,16,341.06,3,0
TEL-12908,2026-02,21.95,445,0.9,15,339.94,2,0
TEL-12908,2026-03,24.47,525,0.9,19,332.35,1,0
TEL-12908,2026-04,7.92,194,0.6,18,275.54,3,0
TEL-12908,2026-05,18.48,277,0.3,18,282.4,1,0
TEL-12908,2026-06,24.24,471,0.5,17,294.27,3,0
TEL-12909,2026-01,3.45,606,0.5,39,362.86,2,0
TEL-12909,2026-02,2.56,339,0.0,27,388.31,2,0
TEL-12909,2026-03,2.7,356,0.5,39,354.98,1,0
TEL-12909,2026-04,3.52,445,1.6,48,418.62,1,0
TEL-12909,2026-05,2.66,362,0.9,38,401.38,4,0
TEL-12909,2026-06,3.51,496,1.5,36,358.78,1,0
TEL-12910,2026-01,0.94,576,0.3,23,119.44,3,0
TEL-12910,2026-02,1.36,502,0.5,36,128.44,3,0
TEL-12910,2026-03,1.08,515,0.4,41,123.67,2,0
TEL-12910,2026-04,1.27,343,1.8,40,116.26,2,0
TEL-12910,2026-05,1.32,625,1.6,29,121.32,2,0
TEL-12910,2026-06,1.92,681,1.4,28,143.99,2,0
TEL-12911,2026-01,1.58,231,2.4,35,155.47,2,0
TEL-12911,2026-02,2.09,289,0.8,31,196.31,2,0
TEL-12911,2026-03,0.63,364,0.1,28,185.47,3,0
TEL-12911,2026-04,1.62,445,0.1,30,152.32,2,0
TEL-12911,2026-05,1.74,390,0.7,31,155.84,1,0
TEL-12911,2026-06,1.61,219,0.0,40,159.81,4,0
TEL-12912,2026-01,4.81,71,0.6,5,200.12,2,0
TEL-12912,2026-02,2.8,107,0.8,6,184.32,1,0
TEL-12912,2026-03,3.56,42,0.5,4,201.01,2,0
TEL-12912,2026-04,3.55,62,0.5,9,200.42,3,0
TEL-12912,2026-05,2.92,83,0.5,9,222.37,2,0
TEL-12912,2026-06,3.58,57,0.6,11,229.68,4,0
TEL-12913,2026-01,2.01,118,1.4,9,275.16,2,0
TEL-12913,2026-02,0.8,85,0.8,9,270.58,3,0
TEL-12913,2026-03,1.49,97,0.4,12,199.94,3,0
TEL-12913,2026-04,1.57,93,0.2,5,286.14,3,0
TEL-12913,2026-05,1.95,61,0.2,12,244.44,1,0
TEL-12913,2026-06,1.69,117,1.8,5,274.27,4,0
TEL-12914,2026-01,5.52,201,0.7,7,171.74,3,0
TEL-12914,2026-02,7.25,200,0.4,3,158.27,4,0
TEL-12914,2026-03,4.87,157,0.2,8,197.79,4,0
TEL-12914,2026-04,9.12,164,0.3,6,171.4,3,0
TEL-12914,2026-05,5.68,202,0.5,4,179.32,1,0
TEL-12914,2026-06,5.15,141,0.8,13,184.25,2,0
TEL-12915,2026-01,13.04,387,10.1,22,488.67,4,0
TEL-12915,2026-02,12.16,344,13.5,20,510.34,2,0
TEL-12915,2026-03,17.57,383,0.1,17,454.49,2,0
TEL-12915,2026-04,15.3,253,8.2,19,488.6,1,0
TEL-12915,2026-05,11.54,288,17.1,20,498.67,1,0
TEL-12915,2026-06,16.23,384,0.9,18,533.06,3,0
TEL-12916,2026-01,7.58,135,1.0,15,292.11,4,0
TEL-12916,2026-02,6.65,89,0.0,9,247.94,1,0
TEL-12916,2026-03,8.93,132,0.1,12,308.39,1,0
TEL-12916,2026-04,5.91,88,0.5,15,318.8,3,0
TEL-12916,2026-05,8.69,116,0.0,7,253.42,2,0
TEL-12916,2026-06,4.36,138,1.1,9,294.03,2,0
TEL-12917,2026-01,19.19,318,31.9,28,470.72,4,0
TEL-12917,2026-02,14.56,290,15.4,16,460.42,2,0
TEL-12917,2026-03,20.86,263,2.3,27,524.07,1,0
TEL-12917,2026-04,25.44,209,6.0,17,555.44,3,0
TEL-12917,2026-05,22.63,133,16.6,21,518.05,2,0
TEL-12917,2026-06,23.67,192,8.1,17,461.69,4,0
TEL-12918,2026-01,3.26,113,0.4,1,135.4,3,0
TEL-12918,2026-02,2.49,92,1.8,1,96.9,1,0
TEL-12918,2026-03,3.94,120,0.3,2,118.76,3,0
TEL-12918,2026-04,2.59,108,0.3,1,97.7,4,0
TEL-12918,2026-05,2.93,141,0.8,7,113.36,1,0
TEL-12918,2026-06,1.96,111,2.6,3,120.78,4,0
TEL-12919,2026-01,3.81,59,0.2,10,406.72,1,0
TEL-12919,2026-02,5.73,156,0.6,8,431.55,4,0
TEL-12919,2026-03,3.93,121,0.5,5,401.25,4,0
TEL-12919,2026-04,5.8,142,0.1,11,388.59,3,0
TEL-12919,2026-05,3.67,136,2.4,10,397.63,3,0
TEL-12919,2026-06,6.56,78,1.6,10,341.31,3,0
TEL-12920,2026-01,8.27,149,1.3,15,238.43,4,0
TEL-12920,2026-02,9.24,214,0.1,12,0.0,2,0
TEL-12920,2026-03,9.59,256,1.5,19,254.85,1,0
TEL-12920,2026-04,16.01,235,0.6,12,215.99,4,0
TEL-12920,2026-05,14.8,223,0.3,5,238.11,1,0
TEL-12920,2026-06,9.44,244,0.4,7,247.89,3,0
TEL-12921,2026-01,25.58,158,0.4,7,390.67,3,0
TEL-12921,2026-02,24.66,107,0.4,9,373.54,3,0
TEL-12921,2026-03,20.44,184,2.3,14,369.16,2,0
TEL-12921,2026-04,34.0,180,0.0,8,414.74,4,0
TEL-12921,2026-05,17.22,114,1.6,9,441.21,1,0
TEL-12921,2026-06,13.88,206,0.0,10,325.12,3,0
TEL-12922,2026-01,16.88,608,1.4,7,346.21,3,0
TEL-12922,2026-02,24.56,384,0.4,10,376.54,2,0
TEL-12922,2026-03,15.44,439,1.6,7,306.26,1,0
TEL-12922,2026-04,18.87,402,1.4,8,294.22,2,0
TEL-12922,2026-05,16.06,425,0.5,8,307.14,1,0
TEL-12922,2026-06,17.35,428,0.7,1,347.95,3,0
TEL-12923,2026-01,5.34,129,0.9,7,130.92,2,0
TEL-12923,2026-02,5.26,130,0.3,8,189.96,2,0
TEL-12923,2026-03,4.18,157,0.6,3,157.83,3,0
TEL-12923,2026-04,3.96,191,0.5,7,156.28,3,0
TEL-12923,2026-05,4.7,195,1.2,8,151.68,1,0
TEL-12923,2026-06,4.63,190,0.0,7,175.32,1,0
TEL-12924,2026-01,1.46,1138,0.5,31,322.99,3,0
TEL-12924,2026-02,1.95,797,1.4,32,221.53,3,0
TEL-12924,2026-03,1.58,723,1.3,33,300.71,2,0
TEL-12924,2026-04,1.99,533,0.2,34,312.69,1,0
TEL-12924,2026-05,1.79,1227,0.2,26,244.81,4,0
TEL-12924,2026-06,1.72,1168,1.5,28,296.69,1,0
TEL-12925,2026-01,1.62,1008,0.1,29,437.96,3,0
TEL-12925,2026-02,2.38,750,0.3,39,405.29,2,0
TEL-12925,2026-03,1.35,698,1.0,31,413.38,1,0
TEL-12925,2026-04,2.23,786,0.4,32,479.68,4,0
TEL-12925,2026-05,2.12,607,0.9,35,466.09,3,0
TEL-12925,2026-06,1.65,436,0.1,34,418.38,4,0
TEL-12926,2026-01,5.14,111,2.0,7,98.61,3,0
TEL-12926,2026-02,4.6,127,2.3,6,137.74,1,0
TEL-12926,2026-03,3.24,147,0.9,10,120.15,1,0
TEL-12926,2026-04,3.49,121,2.5,7,113.75,1,0
TEL-12926,2026-05,4.22,87,0.2,3,134.57,4,0
TEL-12926,2026-06,3.93,138,0.5,4,119.5,1,0
TEL-12927,2026-01,5.37,229,0.5,6,164.79,2,0
TEL-12927,2026-02,6.25,95,0.7,4,167.5,4,0
TEL-12927,2026-03,7.02,116,0.8,4,165.67,4,0
TEL-12927,2026-04,3.93,154,2.1,6,144.22,1,0
TEL-12927,2026-05,3.44,186,1.2,6,192.29,2,0
TEL-12927,2026-06,5.5,128,1.1,2,161.39,1,0
TEL-12928,2026-01,4.9,224,0.1,4,251.76,2,0
TEL-12928,2026-02,3.82,170,1.5,2,270.78,4,0
TEL-12928,2026-03,4.59,197,0.3,5,242.62,3,0
TEL-12928,2026-04,3.88,122,1.3,2,215.99,2,0
TEL-12928,2026-05,3.47,250,0.7,9,324.73,1,0
TEL-12928,2026-06,4.07,157,0.2,7,256.99,4,0
TEL-12929,2026-01,18.98,247,0.6,18,265.75,2,0
TEL-12929,2026-02,24.79,381,0.4,14,329.33,1,0
TEL-12929,2026-03,28.1,355,0.2,13,295.4,3,0
TEL-12929,2026-04,21.02,404,0.0,17,275.83,4,0
TEL-12929,2026-05,13.35,453,0.3,13,277.02,1,0
TEL-12929,2026-06,16.97,230,0.8,11,304.84,2,0
TEL-12930,2026-01,2.45,83,0.4,9,281.1,3,0
TEL-12930,2026-02,2.55,133,0.5,10,235.42,2,0
TEL-12930,2026-03,1.98,105,2.5,11,319.55,2,0
TEL-12930,2026-04,1.89,137,0.5,6,332.81,1,0
TEL-12930,2026-05,2.18,61,0.0,8,299.15,1,0
TEL-12930,2026-06,2.97,174,0.6,10,323.87,3,0
TEL-12931,2026-01,3.64,261,1.5,10,164.61,2,0
TEL-12931,2026-02,4.67,300,0.0,9,159.7,1,0
TEL-12931,2026-03,5.66,180,1.4,9,162.44,4,0
TEL-12931,2026-04,3.18,307,1.3,10,112.34,2,0
TEL-12931,2026-05,5.51,174,1.0,8,163.59,2,0
TEL-12931,2026-06,4.81,228,0.4,7,136.93,2,0
TEL-12932,2026-01,1.18,215,3.3,2,288.38,2,0
TEL-12932,2026-02,0.98,220,3.9,5,359.75,4,0
TEL-12932,2026-03,1.04,193,10.9,3,286.5,4,0
TEL-12932,2026-04,1.45,174,8.7,4,352.94,2,0
TEL-12932,2026-05,0.97,240,1.9,4,353.89,3,0
TEL-12932,2026-06,0.78,210,13.7,4,343.74,3,0
TEL-12933,2026-01,1.24,371,0.9,31,307.93,2,0
TEL-12933,2026-02,1.25,732,0.8,29,274.2,2,0
TEL-12933,2026-03,1.05,409,1.5,33,299.78,3,0
TEL-12933,2026-04,1.4,428,1.4,31,276.06,4,0
TEL-12933,2026-05,1.06,463,1.7,35,272.03,2,0
TEL-12933,2026-06,1.44,490,1.7,34,281.92,4,0
TEL-12934,2026-01,2.54,90,0.2,6,288.02,2,0
TEL-12934,2026-02,3.41,87,0.5,10,308.67,1,0
TEL-12934,2026-03,3.24,124,0.4,4,368.57,2,0
TEL-12934,2026-04,3.24,81,0.7,7,387.08,2,0
TEL-12934,2026-05,3.2,82,0.3,7,306.72,4,0
TEL-12934,2026-06,4.83,87,0.4,9,349.51,3,0
TEL-12935,2026-01,18.24,242,1.1,1,257.07,3,0
TEL-12935,2026-02,17.31,174,0.4,4,218.43,2,0
TEL-12935,2026-03,17.87,155,2.3,1,238.94,2,0
TEL-12935,2026-04,18.25,124,0.6,11,234.68,1,0
TEL-12935,2026-05,18.4,247,0.3,2,245.42,4,0
TEL-12935,2026-06,21.61,185,1.0,5,276.45,3,0
TEL-12936,2026-01,3.76,241,3.3,10,192.32,3,0
TEL-12936,2026-02,3.35,245,1.7,8,159.87,1,0
TEL-12936,2026-03,4.73,171,0.1,7,176.49,2,0
TEL-12936,2026-04,3.91,149,0.3,7,172.01,4,0
TEL-12936,2026-05,3.51,222,1.0,6,180.66,2,0
TEL-12936,2026-06,3.87,187,0.8,9,189.47,3,0
TEL-12937,2026-01,14.83,110,0.1,0,293.81,1,0
TEL-12937,2026-02,23.86,173,0.3,1,319.21,4,0
TEL-12937,2026-03,11.14,239,0.5,1,289.44,2,0
TEL-12937,2026-04,10.12,199,0.6,5,266.28,3,0
TEL-12937,2026-05,17.11,166,0.8,7,284.68,1,0
TEL-12937,2026-06,17.21,188,2.9,1,293.62,1,0
TEL-12938,2026-01,44.82,397,0.2,2,748.0,1,0
TEL-12938,2026-02,43.99,245,0.1,3,564.64,4,0
TEL-12938,2026-03,42.1,282,0.3,4,650.55,2,0
TEL-12938,2026-04,39.34,315,0.7,2,666.92,1,0
TEL-12938,2026-05,44.1,379,1.0,2,548.94,3,0
TEL-12938,2026-06,43.34,312,0.9,5,699.1,3,0
TEL-12939,2026-01,3.92,587,0.6,32,322.61,1,0
TEL-12939,2026-02,2.74,434,1.0,31,313.64,2,0
TEL-12939,2026-03,2.83,512,0.5,34,416.56,3,0
TEL-12939,2026-04,2.9,502,0.5,34,344.6,4,0
TEL-12939,2026-05,2.44,448,0.4,37,321.78,2,0
TEL-12939,2026-06,3.46,568,0.1,33,311.62,2,0
TEL-12940,2026-01,43.82,160,0.1,4,376.37,4,0
TEL-12940,2026-02,31.47,135,0.0,3,404.14,3,0
TEL-12940,2026-03,34.9,208,0.2,2,404.16,3,0
TEL-12940,2026-04,35.79,230,0.9,3,384.86,3,0
TEL-12940,2026-05,26.53,215,0.7,4,383.0,3,0
TEL-12940,2026-06,26.07,217,0.1,4,344.05,1,0
TEL-12941,2026-01,13.79,539,0.2,17,387.99,1,0
TEL-12941,2026-02,16.25,639,0.0,13,362.22,2,0
TEL-12941,2026-03,10.51,266,0.9,7,348.27,4,0
TEL-12941,2026-04,16.95,551,0.6,12,297.28,3,0
TEL-12941,2026-05,18.69,416,1.1,10,402.1,3,0
TEL-12941,2026-06,17.79,577,3.9,10,368.36,2,0
TEL-12942,2026-01,1.97,402,1.9,25,493.37,2,0
TEL-12942,2026-02,1.24,238,0.3,37,439.49,2,0
TEL-12942,2026-03,1.92,552,1.6,28,541.0,4,0
TEL-12942,2026-04,2.06,879,1.8,37,494.54,4,0
TEL-12942,2026-05,1.18,484,0.9,33,509.52,4,0
TEL-12942,2026-06,1.79,610,0.4,31,524.71,4,0
TEL-12943,2026-01,3.04,491,1.8,31,252.62,1,0
TEL-12943,2026-02,2.62,335,0.3,30,274.49,4,0
TEL-12943,2026-03,3.0,529,0.2,28,215.93,1,0
TEL-12943,2026-04,2.48,476,0.4,32,257.55,4,0
TEL-12943,2026-05,2.86,526,0.1,37,260.67,3,0
TEL-12943,2026-06,3.19,747,0.4,34,248.62,1,0
TEL-12944,2026-01,20.01,317,0.3,20,465.29,4,0
TEL-12944,2026-02,26.63,309,0.5,17,463.7,2,0
TEL-12944,2026-03,18.3,349,2.0,11,482.26,3,0
TEL-12944,2026-04,13.71,269,2.5,10,409.25,1,0
TEL-12944,2026-05,17.17,352,0.1,9,539.27,4,0
TEL-12944,2026-06,11.24,224,0.8,19,406.67,4,0
TEL-12945,2026-01,4.37,138,3.4,13,150.54,1,0
TEL-12945,2026-02,2.73,123,0.0,18,190.78,3,0
TEL-12945,2026-03,3.54,114,0.5,8,146.74,3,0
TEL-12945,2026-04,3.08,123,0.5,14,179.98,1,0
TEL-12945,2026-05,1.97,92,0.9,12,156.74,4,0
TEL-12945,2026-06,3.59,106,1.0,12,195.09,2,0
TEL-12946,2026-01,2.54,132,0.7,8,147.47,4,0
TEL-12946,2026-02,4.53,151,0.1,9,149.64,1,0
TEL-12946,2026-03,4.49,186,0.7,10,188.22,4,0
TEL-12946,2026-04,5.92,113,0.9,9,196.98,4,0
TEL-12946,2026-05,3.5,142,1.3,9,177.83,4,0
TEL-12946,2026-06,4.75,140,0.6,5,139.52,4,0
TEL-12947,2026-01,24.79,237,1.5,2,515.54,1,0
TEL-12947,2026-02,37.44,155,0.2,3,517.27,4,0
TEL-12947,2026-03,26.38,156,0.7,7,432.24,2,0
TEL-12947,2026-04,26.45,144,0.4,8,536.04,2,0
TEL-12947,2026-05,19.36,284,0.1,10,603.19,4,0
TEL-12947,2026-06,38.88,255,0.7,1,430.4,3,0
TEL-12948,2026-01,21.18,161,2.7,4,272.28,1,0
TEL-12948,2026-02,24.32,143,0.1,7,314.05,1,0
TEL-12948,2026-03,23.08,144,0.0,6,363.62,4,0
TEL-12948,2026-04,21.59,182,1.3,13,309.41,1,0
TEL-12948,2026-05,17.15,134,3.6,2,341.89,2,0
TEL-12948,2026-06,28.88,136,0.3,7,314.16,3,0
TEL-12949,2026-01,16.24,427,6.0,19,858.24,4,0
TEL-12949,2026-02,15.6,553,10.1,14,855.61,2,0
TEL-12949,2026-03,0.39,30,1842.7,20,906.23,1,0
TEL-12949,2026-04,0.02,85,2836.5,18,799.21,2,0
TEL-12949,2026-05,0.33,101,2261.3,18,957.88,2,0
TEL-12949,2026-06,0.15,80,2660.6,18,935.85,4,0
TEL-12950,2026-01,16.89,138,0.3,3,385.91,1,0
TEL-12950,2026-02,19.36,137,0.6,3,382.82,2,0
TEL-12950,2026-03,17.36,171,0.2,5,314.56,3,0
TEL-12950,2026-04,18.28,246,0.7,3,386.64,1,0
TEL-12950,2026-05,21.04,159,2.7,5,362.63,3,0
TEL-12950,2026-06,20.22,203,0.8,5,452.84,1,0
TEL-12951,2026-01,36.33,146,0.6,5,474.99,3,0
TEL-12951,2026-02,31.79,194,1.4,8,527.41,2,0
TEL-12951,2026-03,23.01,121,0.6,4,549.32,4,0
TEL-12951,2026-04,34.57,145,0.1,6,511.63,4,0
TEL-12951,2026-05,23.43,140,0.3,7,490.73,1,0
TEL-12951,2026-06,16.01,100,0.3,4,449.28,4,0
TEL-12952,2026-01,10.89,503,0.7,22,428.78,2,0
TEL-12952,2026-02,9.74,393,0.9,15,387.42,4,0
TEL-12952,2026-03,7.62,204,0.4,15,374.41,2,0
TEL-12952,2026-04,15.25,237,1.3,14,384.3,3,0
TEL-12952,2026-05,12.41,516,0.6,14,394.46,3,0
TEL-12952,2026-06,13.26,307,0.0,13,312.63,3,0
TEL-12953,2026-01,36.74,196,0.4,3,515.17,1,0
TEL-12953,2026-02,53.04,151,2.5,5,538.48,4,0
TEL-12953,2026-03,37.63,147,1.0,5,472.93,2,0
TEL-12953,2026-04,56.08,193,0.7,2,532.72,1,0
TEL-12953,2026-05,31.17,195,0.2,2,499.11,2,0
TEL-12953,2026-06,51.41,276,0.9,2,479.93,3,0
TEL-12954,2026-01,6.94,373,0.8,9,457.69,3,0
TEL-12954,2026-02,13.1,212,0.4,18,439.59,1,0
TEL-12954,2026-03,8.74,206,0.5,18,487.71,2,0
TEL-12954,2026-04,12.92,420,0.2,12,403.64,4,0
TEL-12954,2026-05,13.75,304,1.2,10,449.22,3,0
TEL-12954,2026-06,10.19,479,0.9,16,421.3,2,0
TEL-12955,2026-01,4.46,140,0.9,11,469.22,4,0
TEL-12955,2026-02,4.91,179,1.2,5,612.35,3,0
TEL-12955,2026-03,3.67,166,0.5,10,496.24,3,0
TEL-12955,2026-04,4.01,131,0.4,13,526.18,4,0
TEL-12955,2026-05,4.32,153,0.4,5,551.86,4,0
TEL-12955,2026-06,4.58,149,0.5,12,488.87,2,0
TEL-12956,2026-01,40.0,260,6.3,5,807.65,2,0
TEL-12956,2026-02,42.55,341,20.8,8,667.24,1,0
TEL-12956,2026-03,47.3,246,0.2,14,722.14,4,0
TEL-12956,2026-04,32.88,217,20.9,10,759.71,3,0
TEL-12956,2026-05,38.9,113,0.9,9,633.94,1,0
TEL-12956,2026-06,35.88,202,6.8,6,686.72,4,0
TEL-12957,2026-01,4.04,185,0.2,7,232.12,3,0
TEL-12957,2026-02,3.56,120,0.7,6,244.21,3,0
TEL-12957,2026-03,4.85,147,1.0,12,233.98,4,0
TEL-12957,2026-04,4.24,141,0.1,12,231.93,2,0
TEL-12957,2026-05,3.6,162,1.6,12,263.47,2,0
TEL-12957,2026-06,3.74,224,1.4,9,250.26,3,0
TEL-12958,2026-01,0.77,658,1.3,45,318.17,2,0
TEL-12958,2026-02,0.85,504,0.1,48,349.73,3,0
TEL-12958,2026-03,1.01,653,0.0,34,318.44,3,0
TEL-12958,2026-04,1.1,727,0.9,39,326.62,4,0
TEL-12958,2026-05,0.93,441,2.0,47,298.31,2,0
TEL-12958,2026-06,1.09,692,1.8,28,280.03,2,0
TEL-12959,2026-01,1.84,86,1.5,6,128.55,1,0
TEL-12959,2026-02,1.95,139,0.2,4,122.43,2,0
TEL-12959,2026-03,0.95,101,0.6,8,140.03,3,0
TEL-12959,2026-04,2.22,155,2.8,10,129.83,3,0
TEL-12959,2026-05,1.58,123,0.3,5,132.99,3,0
TEL-12959,2026-06,1.66,138,0.2,6,138.56,2,0
TEL-12960,2026-01,5.56,108,1.4,4,116.79,2,0
TEL-12960,2026-02,4.79,151,0.5,6,133.74,2,0
TEL-12960,2026-03,3.02,137,0.3,7,121.9,1,0
TEL-12960,2026-04,6.33,103,0.5,13,137.32,1,0
TEL-12960,2026-05,3.77,117,2.3,9,117.57,4,0
TEL-12960,2026-06,4.11,92,1.5,15,132.95,1,0
TEL-12961,2026-01,4.93,659,0.3,33,228.37,1,0
TEL-12961,2026-02,4.03,776,2.0,34,211.32,3,0
TEL-12961,2026-03,2.77,638,0.0,33,200.23,1,0
TEL-12961,2026-04,3.05,548,0.2,14,175.81,1,0
TEL-12961,2026-05,2.94,594,0.4,26,240.67,3,0
TEL-12961,2026-06,3.8,766,0.7,22,192.98,2,0
TEL-12962,2026-01,27.12,225,0.1,6,603.59,1,0
TEL-12962,2026-02,42.17,176,0.2,6,514.12,4,0
TEL-12962,2026-03,56.88,222,0.3,11,659.99,3,0
TEL-12962,2026-04,63.0,332,0.1,9,738.39,4,0
TEL-12962,2026-05,57.14,186,0.7,6,708.26,3,0
TEL-12962,2026-06,39.25,231,1.0,13,641.63,2,0
TEL-12963,2026-01,35.36,186,0.2,11,474.12,1,0
TEL-12963,2026-02,36.1,162,0.5,3,473.82,4,0
TEL-12963,2026-03,22.81,171,0.5,4,539.46,3,0
TEL-12963,2026-04,20.48,203,0.2,5,576.16,2,0
TEL-12963,2026-05,46.81,181,0.3,5,506.0,4,0
TEL-12963,2026-06,33.73,168,0.9,3,571.46,2,0
TEL-12964,2026-01,20.58,207,0.3,7,362.15,3,0
TEL-12964,2026-02,20.75,188,0.1,5,350.73,3,0
TEL-12964,2026-03,19.36,282,0.2,3,350.63,4,0
TEL-12964,2026-04,26.73,173,0.3,3,336.35,2,0
TEL-12964,2026-05,22.46,105,0.4,2,287.08,1,0
TEL-12964,2026-06,27.74,125,0.7,8,391.36,4,0
TEL-12965,2026-01,2.81,1009,0.0,28,255.36,3,0
TEL-12965,2026-02,2.33,646,1.0,30,213.14,1,0
TEL-12965,2026-03,2.46,471,0.7,39,227.11,2,0
TEL-12965,2026-04,3.58,926,0.5,31,277.26,4,0
TEL-12965,2026-05,1.57,846,0.1,35,220.87,3,0
TEL-12965,2026-06,2.14,339,0.7,31,248.93,4,0
TEL-12966,2026-01,10.07,477,0.6,22,405.86,2,0
TEL-12966,2026-02,19.91,325,1.9,17,408.82,3,0
TEL-12966,2026-03,19.18,462,1.0,12,445.04,4,0
TEL-12966,2026-04,12.02,411,0.0,14,379.72,4,0
TEL-12966,2026-05,18.66,279,1.7,13,428.65,2,0
TEL-12966,2026-06,17.5,346,0.9,18,373.33,2,0
TEL-12967,2026-01,3.33,381,16.7,23,363.44,3,0
TEL-12967,2026-02,3.32,575,9.4,34,429.78,2,0
TEL-12967,2026-03,0.25,31,2198.4,32,351.44,3,0
TEL-12967,2026-04,0.09,84,2580.7,25,404.56,1,0
TEL-12967,2026-05,0.09,30,2691.7,34,409.06,3,0
TEL-12967,2026-06,0.19,61,2771.7,35,332.5,2,0
TEL-12968,2026-01,3.94,142,0.0,8,245.38,2,0
TEL-12968,2026-02,3.23,120,0.2,2,169.89,4,0
TEL-12968,2026-03,3.53,108,0.1,5,207.79,3,0
TEL-12968,2026-04,1.72,220,0.5,9,224.52,1,0
TEL-12968,2026-05,3.02,129,3.4,10,202.75,1,0
TEL-12968,2026-06,2.33,84,0.5,10,199.99,4,0
TEL-12969,2026-01,14.05,300,0.2,11,357.68,2,0
TEL-12969,2026-02,15.81,268,0.5,23,450.72,2,0
TEL-12969,2026-03,12.48,381,0.6,21,447.85,3,0
TEL-12969,2026-04,13.95,239,0.9,21,445.95,3,0
TEL-12969,2026-05,12.39,364,0.3,17,464.07,2,0
TEL-12969,2026-06,17.04,380,2.0,17,437.44,3,0
TEL-12970,2026-01,1.89,382,1.3,43,172.47,1,0
TEL-12970,2026-02,2.24,350,0.5,41,176.56,4,0
TEL-12970,2026-03,1.69,381,0.8,45,177.39,4,0
TEL-12970,2026-04,1.77,260,0.3,28,162.39,1,0
TEL-12970,2026-05,1.83,225,1.2,30,164.15,4,0
TEL-12970,2026-06,1.58,271,0.0,51,177.8,4,0
TEL-12971,2026-01,7.06,437,6.2,18,789.95,2,0
TEL-12971,2026-02,5.41,343,6.3,13,845.93,2,0
TEL-12971,2026-03,9.26,271,41.7,26,794.95,2,0
TEL-12971,2026-04,5.52,364,11.7,22,762.53,2,0
TEL-12971,2026-05,6.75,404,21.8,23,845.35,1,0
TEL-12971,2026-06,3.97,442,28.9,24,517.12,3,0
TEL-12972,2026-01,16.29,448,0.0,15,398.07,3,0
TEL-12972,2026-02,13.48,593,1.2,19,453.67,2,0
TEL-12972,2026-03,20.36,473,0.8,16,393.24,1,0
TEL-12972,2026-04,17.42,563,0.2,15,362.88,4,0
TEL-12972,2026-05,24.86,427,0.0,17,374.36,3,0
TEL-12972,2026-06,15.04,577,1.6,13,394.81,4,0
TEL-12973,2026-01,16.04,386,3.4,14,348.06,2,0
TEL-12973,2026-02,15.71,402,3.2,18,364.35,2,0
TEL-12973,2026-03,16.4,492,2.7,12,348.24,4,0
TEL-12973,2026-04,28.69,390,1.1,16,407.69,1,0
TEL-12973,2026-05,15.32,421,0.4,12,303.97,4,0
TEL-12973,2026-06,14.76,525,0.0,10,346.24,3,0
TEL-12974,2026-01,4.73,145,0.3,8,213.18,3,0
TEL-12974,2026-02,7.19,190,1.0,5,256.25,1,0
TEL-12974,2026-03,4.94,157,0.0,6,260.23,3,0
TEL-12974,2026-04,4.38,243,0.7,6,229.42,3,0
TEL-12974,2026-05,5.95,175,0.8,13,188.45,3,0
TEL-12974,2026-06,5.57,120,0.1,7,225.22,4,0
TEL-12975,2026-01,3.44,151,0.5,2,198.21,3,0
TEL-12975,2026-02,3.42,213,1.8,7,197.05,1,0
TEL-12975,2026-03,3.1,201,0.4,3,195.64,4,0
TEL-12975,2026-04,2.94,154,4.9,2,194.22,2,0
TEL-12975,2026-05,1.75,202,0.0,2,203.17,3,0
TEL-12975,2026-06,3.39,165,0.6,6,198.53,4,0
TEL-12976,2026-01,24.85,194,1.9,8,417.5,2,0
TEL-12976,2026-02,34.6,288,0.3,10,484.88,4,0
TEL-12976,2026-03,27.33,185,0.2,13,487.32,3,0
TEL-12976,2026-04,22.98,304,1.1,7,549.07,4,0
TEL-12976,2026-05,26.43,251,0.9,20,511.48,1,0
TEL-12976,2026-06,36.96,198,0.5,13,471.59,1,0
TEL-12977,2026-01,4.86,247,1.6,8,162.01,2,0
TEL-12977,2026-02,3.96,151,0.4,7,175.26,3,0
TEL-12977,2026-03,2.96,166,0.6,9,193.03,1,0
TEL-12977,2026-04,3.16,228,0.2,6,152.78,4,0
TEL-12977,2026-05,4.52,165,1.2,7,157.68,4,0
TEL-12977,2026-06,4.19,141,0.7,13,195.4,2,0
TEL-12978,2026-01,7.63,124,0.4,12,202.66,3,0
TEL-12978,2026-02,5.14,158,0.1,7,188.76,1,0
TEL-12978,2026-03,6.65,74,0.5,12,204.37,4,0
TEL-12978,2026-04,7.41,112,0.8,15,156.32,2,0
TEL-12978,2026-05,5.51,159,0.0,9,184.98,2,0
TEL-12978,2026-06,6.55,233,0.8,6,195.9,3,0
TEL-12979,2026-01,27.94,105,1.4,7,441.93,2,0
TEL-12979,2026-02,20.0,133,0.3,5,455.62,1,0
TEL-12979,2026-03,22.55,113,0.0,10,402.12,2,0
TEL-12979,2026-04,20.17,106,0.3,7,423.61,1,0
TEL-12979,2026-05,21.37,101,0.2,4,482.79,2,0
TEL-12979,2026-06,29.62,128,1.7,8,482.53,1,0
TEL-12980,2026-01,21.53,213,1.0,17,263.85,4,0
TEL-12980,2026-02,23.54,203,0.4,14,253.16,3,0
TEL-12980,2026-03,20.8,256,1.4,28,269.19,3,0
TEL-12980,2026-04,14.2,268,0.2,19,258.31,1,0
TEL-12980,2026-05,18.33,201,0.5,13,307.37,3,0
TEL-12980,2026-06,25.1,248,2.1,16,237.14,1,0
TEL-12981,2026-01,1.06,461,0.1,41,567.14,1,0
TEL-12981,2026-02,1.01,343,0.6,46,481.02,2,0
TEL-12981,2026-03,0.94,678,1.0,35,499.65,1,0
TEL-12981,2026-04,0.57,147,0.1,38,624.27,1,0
TEL-12981,2026-05,1.02,287,0.2,39,434.84,4,0
TEL-12981,2026-06,1.65,422,1.5,41,536.3,3,0
TEL-12982,2026-01,60.33,217,0.7,11,542.56,3,0
TEL-12982,2026-02,67.2,223,1.1,8,541.78,4,0
TEL-12982,2026-03,43.36,240,1.8,10,528.24,4,0
TEL-12982,2026-04,80.45,94,1.1,3,562.82,2,0
TEL-12982,2026-05,46.65,250,0.8,8,530.95,1,0
TEL-12982,2026-06,51.39,117,0.3,14,517.59,3,0
TEL-12983,2026-01,30.35,86,0.6,4,397.52,1,0
TEL-12983,2026-02,30.62,93,0.1,5,476.42,3,0
TEL-12983,2026-03,31.05,114,1.5,4,452.59,4,0
TEL-12983,2026-04,23.84,84,0.3,5,411.12,3,0
TEL-12983,2026-05,38.55,20,0.6,3,434.49,2,0
TEL-12983,2026-06,30.91,83,0.5,9,496.32,4,0
TEL-12984,2026-01,8.92,180,0.1,6,279.72,2,0
TEL-12984,2026-02,5.48,125,1.3,4,307.18,1,0
TEL-12984,2026-03,5.76,113,3.4,5,298.79,3,0
TEL-12984,2026-04,7.11,140,3.0,3,302.59,1,0
TEL-12984,2026-05,7.0,211,0.8,5,213.58,3,0
TEL-12984,2026-06,3.28,149,0.6,5,236.38,2,0
TEL-12985,2026-01,35.2,247,0.6,5,482.49,2,0
TEL-12985,2026-02,33.29,194,1.3,10,454.71,3,0
TEL-12985,2026-03,38.18,229,1.3,12,445.23,1,0
TEL-12985,2026-04,37.85,378,0.3,10,506.33,3,0
TEL-12985,2026-05,46.02,312,0.3,9,567.68,2,0
TEL-12985,2026-06,41.78,370,1.0,10,376.49,4,0
TEL-12986,2026-01,2.02,237,0.3,16,294.91,4,0
TEL-12986,2026-02,3.55,168,0.9,8,255.56,1,0
TEL-12986,2026-03,3.34,119,0.1,12,258.84,2,0
TEL-12986,2026-04,1.26,214,0.2,14,324.21,1,0
TEL-12986,2026-05,3.31,306,0.9,5,281.77,3,0
TEL-12986,2026-06,3.23,168,0.2,16,266.04,4,0
TEL-12987,2026-01,2.04,179,1.4,12,309.77,3,0
TEL-12987,2026-02,3.08,87,0.5,10,280.58,1,0
TEL-12987,2026-03,2.1,140,0.5,10,280.6,3,0
TEL-12987,2026-04,2.05,122,0.1,14,302.99,1,0
TEL-12987,2026-05,2.19,196,1.0,4,316.91,2,0
TEL-12987,2026-06,1.88,93,0.4,9,278.94,2,0
TEL-12988,2026-01,14.13,152,0.6,17,414.65,2,0
TEL-12988,2026-02,12.93,290,0.1,8,440.61,1,0
TEL-12988,2026-03,15.13,296,0.7,10,490.28,4,0
TEL-12988,2026-04,15.5,248,0.9,17,509.76,4,0
TEL-12988,2026-05,7.23,191,0.9,14,521.3,3,0
TEL-12988,2026-06,7.51,180,2.8,15,485.51,3,0
TEL-12989,2026-01,5.24,254,0.0,13,206.91,3,0
TEL-12989,2026-02,4.09,173,0.7,16,197.03,4,0
TEL-12989,2026-03,4.41,124,1.6,13,213.05,4,0
TEL-12989,2026-04,4.24,190,0.4,10,194.42,1,0
TEL-12989,2026-05,6.08,186,0.1,14,236.68,4,0
TEL-12989,2026-06,4.55,125,0.8,12,215.99,3,0
TEL-12990,2026-01,4.45,136,4.1,10,135.36,3,0
TEL-12990,2026-02,4.18,107,0.4,4,115.67,2,0
TEL-12990,2026-03,2.82,123,0.4,5,142.14,3,0
TEL-12990,2026-04,6.1,175,1.0,5,139.95,4,0
TEL-12990,2026-05,2.55,114,1.0,4,133.97,4,0
TEL-12990,2026-06,3.01,157,0.2,4,126.85,4,0
TEL-12991,2026-01,21.59,132,29.8,7,639.49,2,0
TEL-12991,2026-02,12.81,218,31.9,20,535.36,2,0
TEL-12991,2026-03,15.98,269,1.8,10,528.11,3,0
TEL-12991,2026-04,16.79,201,25.7,12,455.65,3,0
TEL-12991,2026-05,20.26,215,0.2,10,561.83,3,0
TEL-12991,2026-06,16.78,176,6.0,8,559.11,1,0
TEL-12992,2026-01,5.07,134,0.7,10,225.66,2,0
TEL-12992,2026-02,3.71,128,1.4,12,286.58,2,0
TEL-12992,2026-03,4.25,181,2.7,15,248.91,2,0
TEL-12992,2026-04,5.46,151,0.1,6,267.54,3,0
TEL-12992,2026-05,4.61,85,0.2,12,278.01,2,0
TEL-12992,2026-06,4.92,109,1.7,4,258.12,2,0
TEL-12993,2026-01,25.88,293,0.1,6,300.49,4,0
TEL-12993,2026-02,26.74,288,1.1,5,255.77,1,0
TEL-12993,2026-03,27.24,365,1.5,1,292.24,4,0
TEL-12993,2026-04,34.44,182,4.3,1,246.88,1,0
TEL-12993,2026-05,40.39,205,0.0,7,294.09,3,0
TEL-12993,2026-06,40.16,160,0.3,8,282.4,1,0
TEL-12994,2026-01,2.04,538,0.0,25,348.3,1,0
TEL-12994,2026-02,1.98,677,0.7,20,328.51,4,0
TEL-12994,2026-03,2.39,673,0.0,25,343.05,1,0
TEL-12994,2026-04,1.54,390,0.3,20,373.88,1,0
TEL-12994,2026-05,1.9,510,0.1,20,298.6,1,0
TEL-12994,2026-06,1.54,588,0.0,21,293.79,3,0
TEL-12995,2026-01,4.08,145,0.1,3,208.64,2,0
TEL-12995,2026-02,5.83,170,1.0,15,173.64,4,0
TEL-12995,2026-03,3.38,122,0.3,2,215.33,1,0
TEL-12995,2026-04,4.91,150,0.3,8,197.37,2,0
TEL-12995,2026-05,5.95,86,1.5,7,202.26,2,0
TEL-12995,2026-06,4.12,143,0.4,6,227.41,3,0
TEL-12996,2026-01,3.94,180,1.4,13,245.21,1,0
TEL-12996,2026-02,4.66,267,0.3,8,295.18,2,0
TEL-12996,2026-03,4.26,199,0.2,14,225.15,1,0
TEL-12996,2026-04,3.03,177,0.6,16,246.66,2,0
TEL-12996,2026-05,3.26,182,0.8,16,219.18,2,0
TEL-12996,2026-06,2.88,238,0.0,8,295.61,2,0
TEL-12997,2026-01,1.09,286,0.1,34,165.1,3,0
TEL-12997,2026-02,1.23,497,0.5,29,202.62,1,0
TEL-12997,2026-03,1.53,480,0.8,45,174.2,3,0
TEL-12997,2026-04,1.27,607,0.7,43,199.02,4,0
TEL-12997,2026-05,1.57,427,1.5,29,181.86,4,0
TEL-12997,2026-06,0.85,492,0.8,42,195.71,4,0
TEL-12998,2026-01,12.55,130,0.6,13,218.9,2,0
TEL-12998,2026-02,15.11,306,0.2,14,286.45,3,0
TEL-12998,2026-03,15.14,307,0.7,16,187.39,1,0
TEL-12998,2026-04,11.57,244,0.4,13,253.0,1,0
TEL-12998,2026-05,12.97,340,0.1,22,237.2,3,0
TEL-12998,2026-06,16.46,341,2.1,27,232.56,4,0
TEL-12999,2026-01,18.85,61,2.1,14,270.98,2,0
TEL-12999,2026-02,16.44,106,0.3,14,231.7,1,0
TEL-12999,2026-03,15.16,42,0.9,15,279.93,4,0
TEL-12999,2026-04,16.78,57,0.1,15,265.0,1,0
TEL-12999,2026-05,17.75,85,2.2,6,307.4,1,0
TEL-12999,2026-06,24.82,87,0.2,20,258.16,2,0
TEL-13000,2026-01,17.52,533,1.9,9,334.09,4,0
TEL-13000,2026-02,23.08,475,0.2,18,296.06,3,0
TEL-13000,2026-03,21.34,404,3.2,16,223.34,3,0
TEL-13000,2026-04,11.05,597,2.2,9,317.45,1,0
TEL-13000,2026-05,25.84,395,1.9,16,352.89,1,0
TEL-13000,2026-06,14.68,586,2.3,13,271.63,1,0
