msisdn,daily_calls,avg_call_sec,intl_minutes,unique_numbers,night_call_pct,data_usage_gb,is_fraud,fraud_type
96895000000,15.5,249.2,19.0,10.6,3.3,32.5,0,None
96895000001,12.9,275.8,17.3,8.3,18.8,10.2,0,None
96895000002,9.8,89.4,3.1,9.3,25.4,5.3,0,None
96895000003,10.5,121.0,18.2,12.0,24.4,9.8,0,None
96895000004,8.8,135.6,12.6,12.6,11.0,0.1,0,None
96895000005,0.0,32.9,9.7,10.3,18.2,14.6,0,None
96895000006,12.4,178.4,13.4,7.9,1.1,30.1,0,None
96895000007,22.0,146.2,19.0,6.6,5.6,25.5,0,None
96895000008,10.9,190.1,4.0,18.3,16.4,28.6,0,None
96895000009,222.2,13.9,442.1,140.1,58.3,1.6,1,SIM-Box
96895000010,0.0,22.2,24.3,10.0,5.2,21.7,0,None
96895000011,9.2,200.9,11.8,9.8,5.3,20.9,0,None
96895000012,7.8,223.8,0.0,9.6,2.5,50.8,0,None
96895000013,14.5,55.9,12.0,8.5,13.8,20.4,0,None
96895000014,19.5,40.9,13.4,11.4,13.1,36.2,0,None
96895000015,15.6,68.1,17.7,15.4,16.0,0.1,0,None
96895000016,8.1,91.8,8.1,7.6,7.2,20.1,0,None
96895000017,12.7,103.1,4.3,10.1,7.8,0.1,0,None
96895000018,12.0,147.1,19.5,6.3,14.2,7.4,0,None
96895000019,11.2,247.7,0.0,7.3,18.5,19.5,0,None
96895000020,12.5,114.6,5.1,6.7,4.6,35.0,0,None
96895000021,11.7,133.9,19.8,2.1,0.0,35.7,0,None
96895000022,7.4,16.2,4.5,14.1,26.1,11.4,0,None
96895000023,15.2,177.3,342.7,7.6,11.7,18.3,0,None
96895000024,6.7,105.9,33.9,5.4,27.2,13.2,0,None
96895000025,15.0,177.0,12.4,6.8,7.8,9.7,0,None
96895000026,13.0,186.2,3.0,2.0,19.3,18.6,0,None
96895000027,9.1,5.0,24.7,12.5,10.0,15.9,0,None
96895000028,0.1,139.1,5.9,11.2,10.3,30.7,0,None
96895000029,7.0,209.1,12.3,13.7,28.9,22.3,0,None
96895000030,5.4,122.2,21.7,14.5,7.7,26.8,0,None
96895000031,13.0,185.9,19.2,4.8,14.6,31.7,0,None
96895000032,5.4,136.4,21.6,11.0,7.7,18.3,0,None
96895000033,14.9,219.0,0.0,2.7,21.1,37.0,0,None
96895000034,3.3,175.7,19.0,8.7,23.1,20.3,0,None
96895000035,21.8,232.6,25.7,9.5,19.4,32.6,0,None
96895000036,10.7,114.6,20.6,8.4,16.7,17.7,0,None
96895000037,11.8,169.0,8.0,7.6,23.6,26.0,0,None
96895000038,19.1,86.5,0.5,7.3,1.4,0.1,0,None
96895000039,7.8,221.5,14.3,6.5,0.0,0.1,0,None
96895000040,5.5,138.5,22.6,12.3,5.3,28.5,0,None
96895000041,10.1,213.4,3.3,14.5,14.5,18.9,0,None
96895000042,13.5,163.6,20.7,15.1,9.2,35.1,0,None
96895000043,11.3,299.1,35.4,7.7,6.8,13.1,0,None
96895000044,15.8,286.9,22.4,14.6,19.3,21.2,0,None
96895000045,13.9,245.9,0.0,9.2,5.7,1.5,0,None
96895000046,16.9,100.3,3.2,10.6,18.2,23.9,0,None
96895000047,6.5,97.9,0.0,9.2,10.9,15.8,0,None
96895000048,8.0,143.9,1.2,12.6,23.2,21.5,0,None
96895000049,12.4,133.2,2.0,9.5,17.8,27.5,0,None
96895000050,24.4,167.7,24.5,11.1,23.2,18.0,0,None
96895000051,20.2,179.5,25.3,5.1,2.3,21.6,0,None
96895000052,22.5,229.1,16.7,7.5,8.7,13.5,0,None
96895000053,10.0,134.7,23.2,13.7,10.3,29.2,0,None
96895000054,7.0,136.1,0.0,5.3,15.3,19.5,0,None
96895000055,9.1,88.0,10.6,16.7,24.9,34.4,0,None
96895000056,4.6,215.3,0.0,16.9,12.4,12.2,0,None
96895000057,17.0,22.0,12.3,9.0,15.9,3.7,0,None
96895000058,6.6,84.5,20.9,13.9,31.4,6.7,0,None
96895000059,12.1,209.8,8.8,5.5,19.8,28.7,0,None
96895000060,14.5,5.0,0.0,6.4,3.4,9.0,0,None
96895000061,15.5,182.2,21.8,7.5,19.2,8.8,0,None
96895000062,16.9,114.5,5.1,5.5,3.9,0.1,0,None
96895000063,13.1,227.5,3.5,8.6,20.2,2.9,0,None
96895000064,10.4,222.0,13.6,2.9,16.4,21.8,0,None
96895000065,10.7,214.9,0.0,17.8,5.6,21.6,0,None
96895000066,11.2,102.0,0.0,10.2,2.2,19.1,0,None
96895000067,6.9,203.8,24.9,13.9,15.0,13.3,0,None
96895000068,14.0,154.3,4.4,11.6,16.2,13.7,0,None
96895000069,16.3,163.2,19.0,8.4,12.7,33.2,0,None
96895000070,12.6,51.6,0.0,8.1,22.3,23.6,0,None
96895000071,9.1,79.0,0.0,1.0,3.0,17.3,0,None
96895000072,9.1,164.6,13.6,13.9,0.0,7.2,0,None
96895000073,14.3,119.9,0.0,1.0,24.5,12.0,0,None
96895000074,5.4,175.4,3.8,7.3,16.9,31.0,0,None
96895000075,5.1,85.4,0.0,14.0,12.4,15.7,0,None
96895000076,12.0,149.3,8.9,6.0,0.0,17.1,0,None
96895000077,17.3,191.6,39.1,16.4,18.3,18.6,0,None
96895000078,8.7,65.1,25.2,12.5,19.2,5.1,0,None
96895000079,10.2,75.7,16.8,10.4,12.2,40.4,0,None
96895000080,1.9,90.9,29.4,6.6,12.9,13.6,0,None
96895000081,11.6,111.8,27.7,10.3,14.6,25.1,0,None
96895000082,18.7,80.6,3.9,12.7,6.4,0.1,0,None
96895000083,3.1,202.1,18.3,10.8,6.0,13.1,0,None
96895000084,17.7,99.8,14.1,9.0,14.3,31.0,0,None
96895000085,11.1,64.0,19.0,6.5,11.5,4.8,0,None
96895000086,14.0,78.8,4.2,10.3,0.0,37.9,0,None
96895000087,2.9,89.5,10.8,4.3,12.5,30.9,0,None
96895000088,9.8,275.9,7.8,2.2,0.0,7.0,0,None
96895000089,19.9,222.4,0.0,2.9,15.4,21.7,0,None
96895000090,16.8,219.6,0.0,11.7,14.2,23.8,0,None
96895000091,19.2,50.7,3.5,12.9,25.0,12.9,0,None
96895000092,17.7,161.8,15.4,4.1,9.1,6.3,0,None
96895000093,13.7,130.2,21.7,12.5,14.8,24.7,0,None
96895000094,8.3,122.5,28.4,8.3,12.1,21.9,0,None
96895000095,17.0,202.3,12.9,11.3,26.8,24.5,0,None
96895000096,2.5,157.9,3.7,16.6,0.2,30.6,0,None
96895000097,5.7,181.6,5.9,13.7,11.7,30.6,0,None
96895000098,9.1,73.4,6.8,12.1,29.2,17.1,0,None
96895000099,6.7,224.2,28.0,9.2,6.9,0.1,0,None
96895000100,16.0,125.0,26.5,11.6,0.6,19.9,0,None
96895000101,117.2,12.1,9.8,129.9,11.2,3.6,1,Spam-Caller
96895000102,11.6,76.8,11.7,15.4,14.2,26.2,0,None
96895000103,7.2,121.1,0.0,8.5,12.9,0.1,0,None
96895000104,0.0,223.4,20.4,8.4,22.2,22.3,0,None
96895000105,13.9,139.0,19.2,8.9,7.7,6.4,0,None
96895000106,13.3,177.5,17.5,9.1,5.4,16.8,0,None
96895000107,10.7,136.7,13.6,22.5,12.5,6.8,0,None
96895000108,15.2,181.3,20.7,6.5,15.5,21.6,0,None
96895000109,17.2,125.3,3.5,3.3,20.3,3.9,0,None
96895000110,8.3,156.2,10.4,7.3,10.6,0.1,0,None
96895000111,8.0,193.3,4.8,7.7,13.7,2.1,0,None
96895000112,15.3,82.8,6.1,8.1,3.1,15.6,0,None
96895000113,16.4,194.5,2.0,5.8,22.6,28.0,0,None
96895000114,9.1,225.0,27.7,12.7,19.7,1.0,0,None
96895000115,15.5,181.9,0.0,11.5,22.3,6.4,0,None
96895000116,5.9,151.1,25.0,8.7,11.6,8.3,0,None
96895000117,10.9,101.4,0.0,10.9,0.0,13.6,0,None
96895000118,12.7,235.5,3.0,4.1,18.3,7.0,0,None
96895000119,16.7,137.5,14.8,10.1,21.1,9.0,0,None
96895000120,21.5,270.7,9.4,12.2,17.5,8.4,0,None
96895000121,15.4,167.8,19.3,12.8,22.0,40.9,0,None
96895000122,11.8,94.4,24.5,9.2,14.7,17.9,0,None
96895000123,0.1,206.5,20.2,8.6,0.0,13.5,0,None
96895000124,5.9,221.6,19.8,9.1,11.1,12.7,0,None
96895000125,5.8,109.9,19.6,13.7,0.0,17.9,0,None
96895000126,18.4,206.3,5.3,14.3,13.1,2.8,0,None
96895000127,0.0,84.5,23.4,14.7,10.6,12.7,0,None
96895000128,10.2,156.8,15.8,10.7,4.2,6.2,0,None
96895000129,24.7,165.6,0.0,9.9,17.3,0.1,0,None
96895000130,17.5,184.9,4.9,18.6,5.2,13.4,0,None
96895000131,0.0,161.2,12.7,13.8,8.9,19.5,0,None
96895000132,16.3,136.1,20.3,12.2,19.0,26.6,0,None
96895000133,0.0,147.2,33.4,2.2,5.6,13.2,0,None
96895000134,10.1,72.7,9.0,5.5,16.2,0.1,0,None
96895000135,10.5,238.6,14.7,8.1,0.0,4.7,0,None
96895000136,10.3,218.8,3.4,9.6,5.8,0.1,0,None
96895000137,7.3,186.6,11.6,3.7,27.3,0.1,0,None
96895000138,14.0,153.5,9.6,5.3,6.9,1.4,0,None
96895000139,8.1,125.0,6.8,14.7,24.2,37.9,0,None
96895000140,15.1,200.8,6.0,5.9,6.0,10.8,0,None
96895000141,9.9,220.8,24.5,9.3,19.5,21.4,0,None
96895000142,11.7,101.3,18.0,5.3,8.1,35.1,0,None
96895000143,14.4,76.3,7.2,11.9,15.5,18.4,0,None
96895000144,9.2,263.8,25.9,7.1,0.0,33.3,0,None
96895000145,11.6,223.2,2.3,3.0,21.9,5.9,0,None
96895000146,0.0,178.3,10.5,5.1,4.1,20.1,0,None
96895000147,18.8,177.8,15.5,7.8,19.3,24.2,0,None
96895000148,5.2,91.1,0.9,5.4,10.6,30.1,0,None
96895000149,2.1,150.8,11.4,14.4,13.0,29.1,0,None
96895000150,11.3,5.0,9.4,15.5,13.8,2.6,0,None
96895000151,14.4,140.3,20.6,12.6,14.7,6.0,0,None
96895000152,14.0,204.7,0.0,9.5,0.1,20.2,0,None
96895000153,16.5,114.6,14.0,11.9,14.6,13.1,0,None
96895000154,7.9,100.1,20.2,4.9,4.6,2.1,0,None
96895000155,10.8,158.8,8.2,1.9,13.7,4.1,0,None
96895000156,13.9,98.6,6.1,8.2,10.1,9.8,0,None
96895000157,12.1,118.9,17.1,2.6,15.4,4.5,0,None
96895000158,13.8,155.2,12.0,10.2,15.2,8.8,0,None
96895000159,15.3,113.6,3.4,3.0,16.1,17.3,0,None
96895000160,19.2,177.9,0.4,13.1,12.0,21.6,0,None
96895000161,24.4,110.8,0.0,8.3,7.6,0.1,0,None
96895000162,11.7,110.5,13.1,16.6,0.9,30.2,0,None
96895000163,16.0,131.5,16.2,7.8,11.0,7.4,0,None
96895000164,13.1,203.4,22.4,17.5,7.7,26.0,0,None
96895000165,10.1,78.7,18.9,7.5,7.8,22.3,0,None
96895000166,7.6,170.3,16.0,16.3,0.3,21.2,0,None
96895000167,167.8,19.7,0.2,126.8,10.7,4.0,1,Spam-Caller
96895000168,3.9,200.7,4.9,8.5,5.8,26.1,0,None
96895000169,6.5,163.3,8.9,5.1,23.0,25.9,0,None
96895000170,11.9,40.7,17.0,4.0,7.9,30.9,0,None
96895000171,10.7,236.2,7.0,9.7,28.9,36.5,0,None
96895000172,9.5,98.4,0.1,7.2,19.2,20.2,0,None
96895000173,11.1,237.2,13.5,3.6,1.9,35.2,0,None
96895000174,16.6,125.7,9.3,5.1,2.6,25.5,0,None
96895000175,14.6,221.0,4.6,4.7,16.2,31.7,0,None
96895000176,16.0,152.8,8.6,6.3,13.2,23.5,0,None
96895000177,2.4,115.8,22.8,6.5,14.3,16.6,0,None
96895000178,22.4,190.9,20.9,4.6,16.5,10.7,0,None
96895000179,14.8,159.4,18.6,8.0,4.2,15.0,0,None
96895000180,7.1,129.2,10.6,4.2,18.1,43.4,0,None
96895000181,12.5,122.1,7.9,6.0,1.5,0.1,0,None
96895000182,30.5,132.8,10.1,9.8,16.0,0.6,0,None
96895000183,21.3,60.1,10.9,6.4,17.3,18.5,0,None
96895000184,6.8,162.9,0.0,2.1,3.3,29.1,0,None
96895000185,13.9,66.6,9.6,8.6,0.0,29.1,0,None
96895000186,19.9,174.8,410.4,5.4,17.3,0.1,0,None
96895000187,3.0,118.2,12.4,4.3,9.8,14.1,0,None
96895000188,11.2,147.3,14.2,11.8,0.1,22.9,0,None
96895000189,1.4,221.5,18.8,11.3,1.3,12.2,0,None
96895000190,11.5,168.4,5.7,10.7,3.6,29.7,0,None
96895000191,13.2,230.8,7.3,13.2,19.0,22.6,0,None
96895000192,18.9,103.2,16.2,1.0,15.9,15.3,0,None
96895000193,0.0,152.4,0.0,7.8,15.8,9.2,0,None
96895000194,14.5,147.9,35.9,3.7,16.4,18.3,0,None
96895000195,20.9,123.1,0.0,9.5,5.8,23.7,0,None
96895000196,16.4,160.2,9.2,10.3,24.6,0.1,0,None
96895000197,15.3,122.0,13.1,13.1,13.7,17.6,0,None
96895000198,15.8,125.2,21.3,11.6,16.7,27.6,0,None
96895000199,15.3,219.2,12.4,5.7,8.7,0.1,0,None
96895000200,3.5,79.4,17.4,5.1,13.8,30.4,0,None
96895000201,17.4,187.5,16.8,14.3,25.4,43.0,0,None
96895000202,14.2,204.8,369.5,6.1,10.3,18.8,0,None
96895000203,0.0,5.0,0.0,3.7,13.1,12.9,0,None
96895000204,14.8,158.1,4.5,10.4,2.6,29.0,0,None
96895000205,17.2,243.5,27.4,5.2,13.9,30.7,0,None
96895000206,11.1,146.3,0.0,7.1,0.9,11.8,0,None
96895000207,21.0,139.0,18.5,9.6,15.3,9.7,0,None
96895000208,24.5,153.1,12.8,3.7,24.8,20.3,0,None
96895000209,10.5,102.0,4.7,9.8,5.4,5.6,0,None
96895000210,10.9,137.0,32.5,2.0,15.4,0.1,0,None
96895000211,17.1,183.2,26.8,8.3,12.8,24.6,0,None
96895000212,30.7,5.0,16.8,9.4,17.8,27.9,0,None
96895000213,6.7,33.0,0.0,4.6,9.1,30.9,0,None
96895000214,10.0,143.6,8.1,8.6,15.7,15.0,0,None
96895000215,8.2,144.5,9.7,5.4,0.0,29.1,0,None
96895000216,15.8,195.3,9.4,11.5,30.7,0.6,0,None
96895000217,18.8,161.1,12.3,5.7,0.1,28.3,0,None
96895000218,11.5,95.2,16.8,10.9,6.7,14.8,0,None
96895000219,8.0,188.4,12.6,9.4,15.9,8.0,0,None
96895000220,5.6,121.4,1.9,15.4,7.9,17.0,0,None
96895000221,215.0,55.0,152.5,129.4,41.0,4.8,1,SIM-Box
96895000222,6.8,30.3,2.7,10.8,15.2,27.7,0,None
96895000223,5.3,24.6,0.0,5.5,20.1,0.1,0,None
96895000224,17.5,152.1,20.7,12.3,5.3,8.3,0,None
96895000225,8.4,192.2,0.0,7.4,24.8,17.0,0,None
96895000226,10.8,241.7,1.6,15.3,9.8,6.6,0,None
96895000227,16.0,138.2,6.1,5.8,10.5,25.1,0,None
96895000228,18.5,185.5,20.2,1.0,13.7,29.8,0,None
96895000229,15.7,168.7,26.7,12.3,3.4,28.6,0,None
96895000230,13.1,104.3,22.3,1.0,18.0,14.4,0,None
96895000231,21.7,134.4,7.4,5.6,1.1,22.9,0,None
96895000232,17.7,92.1,0.0,2.3,20.7,25.8,0,None
96895000233,12.3,244.7,0.0,11.8,13.9,0.1,0,None
96895000234,11.1,132.7,8.3,4.2,7.5,0.1,0,None
96895000235,13.7,69.5,1.6,13.5,16.0,0.1,0,None
96895000236,16.6,134.2,12.7,11.7,0.0,20.1,0,None
96895000237,13.1,42.4,21.7,4.3,13.6,21.7,0,None
96895000238,15.1,147.7,17.2,17.0,1.0,9.8,0,None
96895000239,16.7,179.7,11.4,3.4,0.0,5.4,0,None
96895000240,12.6,232.2,0.0,3.0,1.3,38.7,0,None
96895000241,3.0,193.0,20.2,2.9,12.3,5.2,0,None
96895000242,11.9,90.9,20.6,13.0,17.3,25.9,0,None
96895000243,15.7,114.2,18.8,4.5,29.4,19.7,0,None
96895000244,15.0,62.0,16.1,6.1,0.0,28.1,0,None
96895000245,8.9,195.4,6.4,9.6,10.0,16.6,0,None
96895000246,8.1,211.8,0.0,9.0,18.4,27.4,0,None
96895000247,11.5,153.6,0.0,14.7,9.2,52.8,0,None
96895000248,4.3,80.8,0.0,1.0,8.6,5.5,0,None
96895000249,8.6,72.4,0.0,7.7,7.8,19.4,0,None
96895000250,24.5,92.1,12.0,3.7,6.1,9.4,0,None
96895000251,6.9,96.6,23.3,10.3,22.8,12.8,0,None
96895000252,8.6,86.7,22.5,8.2,15.4,30.3,0,None
96895000253,11.2,83.2,9.3,12.0,0.0,39.2,0,None
96895000254,6.0,5.0,19.9,11.7,21.6,13.5,0,None
96895000255,2.4,114.9,16.2,12.5,15.4,19.6,0,None
96895000256,8.1,158.1,5.9,11.1,14.9,4.9,0,None
96895000257,18.2,162.7,0.0,4.5,6.6,4.1,0,None
96895000258,3.5,160.5,17.9,6.0,8.3,22.6,0,None
96895000259,159.1,45.6,360.7,129.9,54.4,0.1,1,SIM-Box
96895000260,13.0,169.3,21.6,7.5,16.4,35.8,0,None
96895000261,23.3,100.0,16.2,17.2,15.5,36.9,0,None
96895000262,8.4,209.7,10.0,6.5,19.8,16.9,0,None
96895000263,28.3,120.5,16.0,11.5,28.4,1.1,0,None
96895000264,12.8,247.8,5.1,7.9,3.1,6.8,0,None
96895000265,0.0,250.7,16.4,4.6,8.2,13.0,0,None
96895000266,15.2,112.7,17.9,1.0,19.6,5.6,0,None
96895000267,14.3,245.4,11.2,11.5,11.1,17.5,0,None
96895000268,13.8,118.5,8.4,11.0,5.2,26.9,0,None
96895000269,9.0,63.4,0.0,9.7,5.4,38.3,0,None
96895000270,19.8,155.1,20.9,11.3,15.2,19.4,0,None
96895000271,12.6,122.6,1.7,2.6,15.7,39.4,0,None
96895000272,6.3,208.9,514.7,9.4,19.9,15.0,0,None
96895000273,14.6,67.7,3.4,10.3,19.5,52.2,0,None
96895000274,12.1,72.2,6.9,11.0,13.7,23.9,0,None
96895000275,21.7,224.1,13.5,11.5,17.9,15.7,0,None
96895000276,11.0,160.5,0.0,12.3,17.1,9.6,0,None
96895000277,13.9,243.2,10.2,6.8,16.0,36.0,0,None
96895000278,5.0,217.0,21.1,14.0,17.1,41.5,0,None
96895000279,8.1,76.0,17.1,5.9,10.1,17.4,0,None
96895000280,15.6,177.8,0.0,11.7,9.6,0.1,0,None
96895000281,13.7,84.5,13.2,14.1,0.8,13.9,0,None
96895000282,10.8,96.7,6.5,7.0,9.7,21.4,0,None
96895000283,15.4,118.1,6.1,10.1,18.4,18.6,0,None
96895000284,15.9,42.4,16.6,6.8,15.7,42.3,0,None
96895000285,8.3,227.0,0.0,11.0,0.0,38.4,0,None
96895000286,10.2,108.6,6.8,8.9,3.4,10.7,0,None
96895000287,13.9,143.6,21.6,13.7,15.1,34.4,0,None
96895000288,16.2,5.0,13.1,3.7,28.8,12.4,0,None
96895000289,1.2,178.4,0.0,13.4,12.1,13.2,0,None
96895000290,10.1,165.1,37.0,17.4,16.6,18.3,0,None
96895000291,164.0,45.3,479.1,128.0,37.6,3.3,1,SIM-Box
96895000292,13.3,178.8,6.7,9.1,21.0,22.0,0,None
96895000293,10.9,280.2,0.0,10.2,29.1,8.4,0,None
96895000294,17.1,155.9,12.4,12.2,8.7,32.6,0,None
96895000295,3.8,183.0,0.0,5.1,14.7,7.4,0,None
96895000296,12.9,19.7,19.3,6.5,15.5,0.1,0,None
96895000297,8.7,111.3,0.0,7.5,18.9,17.1,0,None
96895000298,23.0,164.6,24.9,7.2,24.2,0.1,0,None
96895000299,16.0,97.2,0.0,7.5,18.8,6.8,0,None
96895000300,18.7,162.5,10.2,8.1,0.6,11.4,0,None
96895000301,27.8,104.9,0.0,14.4,13.4,0.1,0,None
96895000302,21.2,114.8,3.2,14.8,13.7,8.8,0,None
96895000303,11.0,57.1,6.1,7.4,7.7,10.6,0,None
96895000304,15.1,123.4,23.2,7.3,14.0,25.7,0,None
96895000305,10.7,197.5,0.0,11.5,3.1,27.6,0,None
96895000306,19.7,165.5,0.0,8.9,0.0,5.1,0,None
96895000307,4.5,237.1,15.0,5.9,9.3,21.3,0,None
96895000308,10.2,272.5,0.0,13.2,6.0,29.7,0,None
96895000309,10.8,83.9,12.0,10.3,7.3,42.5,0,None
96895000310,15.1,117.1,15.1,10.3,11.2,39.6,0,None
96895000311,9.9,221.7,9.3,7.9,4.2,7.1,0,None
96895000312,3.5,195.0,11.9,5.8,16.0,18.8,0,None
96895000313,17.1,173.6,5.4,7.9,3.0,23.3,0,None
96895000314,1.4,189.7,0.0,4.7,26.0,22.9,0,None
96895000315,5.1,237.3,15.8,3.6,25.7,27.0,0,None
96895000316,16.1,204.1,14.9,12.2,23.3,17.0,0,None
96895000317,10.9,124.9,10.2,12.8,3.9,20.3,0,None
96895000318,14.8,199.8,21.5,6.2,21.3,18.2,0,None
96895000319,16.3,47.8,2.3,12.0,8.5,7.1,0,None
96895000320,18.6,221.8,13.2,7.9,17.7,23.7,0,None
96895000321,5.1,190.3,39.8,7.5,10.7,19.0,0,None
96895000322,11.8,32.0,13.7,4.0,6.8,9.8,0,None
96895000323,13.0,96.2,9.2,2.7,17.8,0.1,0,None
96895000324,11.0,26.2,32.6,4.9,7.3,12.2,0,None
96895000325,17.3,117.9,25.7,9.4,12.2,20.7,0,None
96895000326,19.4,140.9,4.7,7.2,29.9,15.8,0,None
96895000327,8.1,34.8,3.8,7.1,21.2,19.1,0,None
96895000328,11.5,190.9,18.0,13.0,0.0,14.3,0,None
96895000329,7.0,76.2,32.9,7.3,12.0,14.3,0,None
96895000330,15.5,133.0,24.4,14.3,14.5,34.6,0,None
96895000331,14.6,68.0,6.5,10.7,14.5,27.7,0,None
96895000332,13.3,241.2,9.8,5.9,19.7,20.0,0,None
96895000333,14.3,118.1,5.6,12.6,32.0,6.0,0,None
96895000334,19.7,318.9,7.2,8.5,3.0,23.5,0,None
96895000335,11.6,169.3,0.0,2.5,20.9,9.3,0,None
96895000336,13.2,206.0,17.5,10.3,14.8,37.3,0,None
96895000337,17.3,74.7,11.6,13.5,12.7,14.4,0,None
96895000338,14.3,183.1,11.4,11.2,21.5,10.7,0,None
96895000339,11.8,208.7,0.0,8.2,24.1,0.3,0,None
96895000340,14.0,135.4,3.8,5.6,11.1,15.8,0,None
96895000341,19.6,184.8,0.0,7.9,13.0,16.8,0,None
96895000342,5.9,129.0,0.0,13.6,15.9,0.1,0,None
96895000343,26.4,190.7,10.8,3.5,0.0,24.2,0,None
96895000344,9.7,229.7,20.2,7.8,15.4,28.8,0,None
96895000345,13.8,180.8,8.7,1.1,9.4,29.2,0,None
96895000346,12.7,207.1,20.2,9.0,18.2,0.1,0,None
96895000347,11.8,97.4,4.0,6.8,24.6,7.2,0,None
96895000348,19.2,190.0,7.2,12.1,2.4,41.3,0,None
96895000349,8.0,129.7,12.7,9.6,0.0,50.7,0,None
96895000350,11.2,19.8,29.5,9.1,15.3,0.1,0,None
96895000351,6.7,155.9,8.5,3.4,24.1,29.0,0,None
96895000352,11.2,105.9,15.9,11.1,16.8,40.2,0,None
96895000353,22.8,97.3,22.9,10.7,5.9,20.1,0,None
96895000354,2.0,177.1,15.7,9.3,19.6,9.1,0,None
96895000355,11.7,130.4,17.1,8.1,14.6,4.4,0,None
96895000356,19.2,189.9,8.1,5.7,12.4,34.7,0,None
96895000357,12.4,119.2,19.8,14.8,13.0,0.1,0,None
96895000358,12.9,219.8,10.1,1.9,1.6,17.4,0,None
96895000359,7.2,102.4,20.6,12.2,3.1,21.2,0,None
96895000360,14.3,163.3,2.6,3.2,6.5,3.6,0,None
96895000361,11.3,233.6,35.2,9.8,8.8,41.4,0,None
96895000362,13.4,162.6,5.3,7.6,12.8,0.1,0,None
96895000363,5.1,99.8,12.3,3.9,9.5,3.5,0,None
96895000364,13.8,135.9,35.9,13.7,6.8,14.3,0,None
96895000365,2.4,191.6,0.0,4.6,23.4,38.2,0,None
96895000366,14.7,150.4,308.5,5.0,6.6,12.5,0,None
96895000367,10.8,106.3,15.2,7.2,1.1,7.9,0,None
96895000368,8.0,72.9,22.1,12.1,0.0,29.0,0,None
96895000369,15.3,146.2,14.0,6.3,0.0,27.4,0,None
96895000370,10.4,163.9,4.0,11.2,22.0,13.9,0,None
96895000371,5.2,93.9,11.9,9.7,15.7,33.7,0,None
96895000372,24.1,236.5,17.0,6.5,15.3,6.1,0,None
96895000373,23.8,116.4,5.7,15.4,6.0,38.8,0,None
96895000374,7.1,223.4,8.7,13.1,2.0,10.3,0,None
96895000375,1.8,220.8,4.2,10.8,6.0,2.3,0,None
96895000376,14.6,81.5,6.0,12.8,6.3,0.1,0,None
96895000377,24.9,77.0,11.1,13.6,0.0,38.2,0,None
96895000378,7.4,214.8,12.0,5.6,16.2,10.2,0,None
96895000379,10.3,38.5,25.3,6.9,3.0,0.1,0,None
96895000380,27.4,106.0,16.3,7.6,13.6,0.1,0,None
96895000381,13.6,138.8,7.1,8.8,12.1,21.1,0,None
96895000382,14.7,300.7,0.0,7.6,13.7,39.5,0,None
96895000383,1.4,137.4,18.4,5.1,15.1,2.7,0,None
96895000384,18.0,147.3,0.5,10.6,2.7,16.8,0,None
96895000385,10.4,220.4,13.5,7.3,7.0,25.6,0,None
96895000386,11.0,185.2,21.8,3.7,23.6,28.6,0,None
96895000387,14.1,145.0,2.2,12.2,22.2,7.8,0,None
96895000388,14.1,191.0,14.3,4.8,8.3,13.6,0,None
96895000389,12.9,108.5,15.4,8.6,19.5,0.3,0,None
96895000390,11.9,103.3,11.3,16.4,7.3,7.6,0,None
96895000391,17.9,221.2,15.6,10.7,0.0,0.1,0,None
96895000392,15.0,149.6,19.1,10.2,18.1,24.4,0,None
96895000393,15.5,295.6,5.4,8.0,18.6,9.5,0,None
96895000394,15.9,5.0,7.6,15.1,4.0,14.3,0,None
96895000395,11.2,275.6,23.9,1.0,6.9,8.7,0,None
96895000396,2.9,135.8,10.3,14.0,6.8,38.3,0,None
96895000397,7.7,203.3,0.0,5.8,9.8,3.2,0,None
96895000398,4.3,177.4,22.2,7.0,15.2,1.7,0,None
96895000399,12.7,165.8,0.0,4.8,5.5,9.5,0,None
96895000400,17.3,235.6,13.6,10.3,16.0,4.4,0,None
96895000401,8.1,120.9,26.7,1.0,0.0,38.8,0,None
96895000402,11.1,184.2,24.7,7.9,16.6,17.7,0,None
96895000403,6.7,79.2,30.2,15.2,11.5,12.4,0,None
96895000404,13.8,181.0,0.2,7.9,5.6,31.3,0,None
96895000405,15.4,105.6,0.1,13.4,13.4,0.1,0,None
96895000406,9.6,92.4,12.1,13.7,7.8,9.1,0,None
96895000407,15.0,266.5,0.0,1.1,11.3,29.6,0,None
96895000408,109.5,36.9,2.5,111.1,6.7,1.5,1,Spam-Caller
96895000409,16.5,207.0,2.7,11.6,4.3,0.1,0,None
96895000410,21.2,111.0,6.9,7.0,10.3,48.6,0,None
96895000411,10.3,25.1,25.4,3.5,11.4,10.8,0,None
96895000412,185.2,26.2,3.9,137.2,2.0,0.7,1,Spam-Caller
96895000413,18.1,35.3,19.2,11.5,17.3,15.7,0,None
96895000414,8.3,164.0,21.4,13.9,11.7,20.9,0,None
96895000415,12.5,156.6,5.5,7.8,38.3,37.4,0,None
96895000416,4.9,117.1,24.9,10.6,6.4,18.0,0,None
96895000417,17.3,151.2,4.6,7.5,25.7,33.9,0,None
96895000418,12.4,162.3,11.8,8.5,0.0,9.2,0,None
96895000419,10.4,179.4,0.7,6.8,0.0,21.7,0,None
96895000420,18.8,252.2,22.2,11.3,7.7,48.7,0,None
96895000421,7.2,79.5,2.1,15.9,3.8,12.6,0,None
96895000422,15.7,77.4,14.1,3.4,7.5,13.2,0,None
96895000423,14.2,149.2,6.8,20.8,8.1,53.3,0,None
96895000424,0.2,152.7,0.0,7.3,10.9,0.1,0,None
96895000425,23.1,73.8,7.9,10.3,5.8,0.1,0,None
96895000426,15.8,129.6,5.8,7.1,15.4,7.0,0,None
96895000427,21.4,236.6,13.6,14.6,14.7,10.4,0,None
96895000428,2.1,76.6,6.5,5.5,16.7,20.3,0,None
96895000429,13.9,137.6,5.6,9.9,18.6,15.3,0,None
96895000430,20.5,147.7,25.1,1.0,0.0,9.2,0,None
96895000431,10.6,122.4,25.5,1.1,0.0,23.3,0,None
96895000432,17.5,226.8,24.4,6.7,15.1,29.0,0,None
96895000433,8.8,169.2,1.6,9.8,3.9,2.8,0,None
96895000434,16.2,97.9,22.9,1.0,9.1,7.3,0,None
96895000435,12.5,133.3,22.6,8.9,18.2,0.1,0,None
96895000436,10.4,83.7,0.0,15.0,6.6,21.8,0,None
96895000437,9.6,197.8,0.0,11.0,19.6,33.8,0,None
96895000438,12.0,166.9,30.7,11.1,26.6,24.4,0,None
96895000439,14.8,209.8,43.1,5.4,21.3,34.5,0,None
96895000440,18.5,169.5,8.0,3.1,1.8,18.3,0,None
96895000441,7.5,220.3,17.0,12.4,11.7,36.9,0,None
96895000442,17.0,169.4,22.1,16.7,3.8,15.5,0,None
96895000443,21.3,182.1,0.0,1.7,13.6,10.3,0,None
96895000444,21.3,171.6,22.0,7.1,15.4,14.2,0,None
96895000445,18.6,93.6,28.5,8.6,1.7,28.4,0,None
96895000446,15.5,218.8,17.8,10.0,5.9,6.5,0,None
96895000447,14.0,137.3,15.0,5.2,19.2,6.1,0,None
96895000448,11.7,163.4,18.9,12.5,26.5,4.6,0,None
96895000449,9.7,291.8,0.0,6.0,21.3,14.3,0,None
96895000450,16.2,148.8,0.0,6.8,11.0,14.9,0,None
96895000451,17.6,142.2,0.0,15.0,9.1,0.1,0,None
96895000452,12.0,53.3,10.3,11.3,8.9,36.9,0,None
96895000453,8.3,243.8,13.0,15.7,6.2,16.6,0,None
96895000454,4.0,249.9,0.0,11.9,14.4,0.1,0,None
96895000455,15.2,113.1,26.2,4.5,15.0,11.9,0,None
96895000456,8.1,38.9,0.0,7.3,9.5,5.0,0,None
96895000457,11.6,178.0,1.0,5.3,17.4,16.0,0,None
96895000458,18.7,167.2,17.4,11.5,21.7,2.0,0,None
96895000459,16.3,161.0,21.3,15.7,8.6,25.5,0,None
96895000460,9.2,135.1,0.0,11.5,15.8,33.2,0,None
96895000461,9.0,241.9,20.4,16.7,17.6,48.8,0,None
96895000462,10.4,248.3,25.5,14.5,6.3,41.5,0,None
96895000463,9.2,94.5,28.7,9.2,0.0,9.8,0,None
96895000464,24.9,245.3,0.0,1.0,22.2,17.7,0,None
96895000465,12.0,228.6,12.6,8.6,12.2,21.9,0,None
96895000466,8.4,147.9,9.9,13.8,0.0,0.1,0,None
96895000467,15.6,194.4,0.0,7.2,10.9,0.1,0,None
96895000468,18.4,226.1,0.0,16.8,16.7,20.2,0,None
96895000469,5.6,224.8,6.0,4.9,4.3,17.9,0,None
96895000470,16.9,96.1,0.0,10.2,5.3,15.4,0,None
96895000471,4.1,190.8,14.6,11.8,24.4,9.4,0,None
96895000472,16.9,205.4,0.0,5.3,21.9,18.2,0,None
96895000473,2.5,286.3,0.0,15.5,17.4,32.3,0,None
96895000474,13.4,197.6,13.0,4.4,9.0,12.8,0,None
96895000475,17.8,124.6,17.7,9.0,13.4,36.4,0,None
96895000476,13.5,203.7,10.0,10.9,22.9,9.2,0,None
96895000477,16.8,109.9,16.4,5.8,0.0,17.8,0,None
96895000478,228.5,18.9,185.9,161.5,59.1,2.7,1,SIM-Box
96895000479,11.8,172.1,0.0,9.2,13.3,33.9,0,None
96895000480,13.4,84.2,17.1,4.3,14.9,10.7,0,None
96895000481,15.8,157.4,5.4,8.1,0.0,11.0,0,None
96895000482,8.2,182.5,10.3,14.3,11.2,8.6,0,None
96895000483,7.2,171.4,13.0,8.1,5.5,19.9,0,None
96895000484,15.2,260.9,7.0,9.5,10.4,6.8,0,None
96895000485,20.7,85.7,10.7,6.5,3.3,42.4,0,None
96895000486,11.6,141.8,0.0,12.8,6.6,22.6,0,None
96895000487,19.0,23.7,22.8,12.4,4.0,44.4,0,None
96895000488,14.5,176.9,2.9,10.2,15.2,33.6,0,None
96895000489,7.3,82.2,376.9,12.7,0.0,20.3,0,None
96895000490,25.9,258.6,8.9,8.1,19.5,26.7,0,None
96895000491,165.3,30.3,3.7,176.7,9.6,3.7,1,Spam-Caller
96895000492,18.8,131.7,8.4,12.3,16.1,16.6,0,None
96895000493,12.3,5.0,9.0,6.4,0.0,13.3,0,None
96895000494,3.5,229.5,6.8,8.6,1.8,9.5,0,None
96895000495,20.7,74.2,17.6,3.4,13.9,24.9,0,None
96895000496,10.5,198.1,15.4,3.5,27.6,26.8,0,None
96895000497,10.4,58.8,11.4,4.2,12.9,37.9,0,None
96895000498,7.1,84.9,16.5,7.2,13.2,25.2,0,None
96895000499,9.3,200.3,15.2,7.0,9.8,14.8,0,None
96895000500,7.1,180.8,6.6,2.9,11.1,13.1,0,None
96895000501,13.7,160.6,2.9,8.2,11.7,7.9,0,None
96895000502,19.8,103.3,9.5,11.4,13.5,20.5,0,None
96895000503,5.4,158.3,31.0,10.6,16.9,11.8,0,None
96895000504,12.2,22.8,8.9,14.8,18.0,14.7,0,None
96895000505,11.6,82.1,16.3,7.0,7.2,2.8,0,None
96895000506,15.1,110.0,0.0,12.8,24.1,5.8,0,None
96895000507,11.9,120.5,0.0,15.0,0.0,12.1,0,None
96895000508,21.8,178.2,1.7,13.1,0.0,14.5,0,None
96895000509,14.8,171.8,24.7,1.0,0.0,11.4,0,None
96895000510,15.8,222.4,0.0,9.5,9.5,45.0,0,None
96895000511,16.6,260.4,353.6,7.3,13.2,21.0,0,None
96895000512,10.8,100.9,16.4,10.4,4.7,35.2,0,None
96895000513,23.3,126.7,9.8,4.9,14.5,31.1,0,None
96895000514,11.9,231.8,15.3,10.5,10.3,38.2,0,None
96895000515,21.3,264.2,7.9,8.1,17.4,24.8,0,None
96895000516,2.9,196.1,3.9,7.4,8.3,22.5,0,None
96895000517,23.3,129.5,10.4,7.4,21.0,10.0,0,None
96895000518,14.8,121.9,18.9,7.8,20.5,29.9,0,None
96895000519,4.0,110.8,36.5,9.0,13.3,31.1,0,None
96895000520,19.5,196.8,26.5,9.1,4.1,27.1,0,None
96895000521,12.2,105.9,8.6,9.7,27.2,0.5,0,None
96895000522,149.3,13.9,4.0,136.9,6.5,3.4,1,Spam-Caller
96895000523,8.7,118.8,30.9,11.4,10.4,25.1,0,None
96895000524,12.4,187.3,0.0,6.1,17.2,24.4,0,None
96895000525,15.8,70.0,0.0,13.6,26.2,0.9,0,None
96895000526,18.3,88.5,6.0,7.1,10.8,29.1,0,None
96895000527,22.4,286.3,0.0,4.5,17.5,55.5,0,None
96895000528,6.6,123.8,13.3,8.7,21.6,7.4,0,None
96895000529,7.2,159.0,29.1,5.0,5.6,32.0,0,None
96895000530,13.1,139.0,7.6,10.1,12.8,18.2,0,None
96895000531,15.9,169.5,3.6,9.3,14.1,4.7,0,None
96895000532,13.9,281.0,23.2,9.3,17.4,34.3,0,None
96895000533,19.0,223.2,0.0,11.7,8.5,49.3,0,None
96895000534,15.6,92.0,23.6,8.9,24.5,22.3,0,None
96895000535,8.7,163.5,10.9,3.8,8.4,18.8,0,None
96895000536,16.4,164.6,17.2,12.5,22.4,24.5,0,None
96895000537,12.5,173.9,7.8,7.6,19.6,14.6,0,None
96895000538,14.9,92.2,1.6,6.7,20.7,45.1,0,None
96895000539,7.4,185.4,0.0,5.6,8.0,9.9,0,None
96895000540,15.7,238.9,7.9,12.5,14.0,27.6,0,None
96895000541,17.7,111.0,14.5,6.3,9.6,15.9,0,None
96895000542,9.8,179.2,6.1,8.7,1.0,28.8,0,None
96895000543,16.0,156.1,37.3,16.1,9.6,33.9,0,None
96895000544,13.6,148.0,8.3,3.2,19.0,3.4,0,None
96895000545,11.4,140.5,0.5,9.7,14.0,14.8,0,None
96895000546,10.9,253.6,7.9,8.8,9.3,7.4,0,None
96895000547,19.1,218.2,0.0,10.4,22.9,5.7,0,None
96895000548,19.7,116.0,11.9,9.4,27.0,32.2,0,None
96895000549,14.4,213.8,6.5,8.2,5.2,0.1,0,None
96895000550,15.9,116.4,2.9,17.8,0.0,18.0,0,None
96895000551,9.3,129.8,12.8,7.2,3.7,29.1,0,None
96895000552,13.6,86.4,0.0,5.6,7.7,36.3,0,None
96895000553,9.5,186.3,9.1,13.0,4.4,3.9,0,None
96895000554,18.0,180.2,0.0,11.6,2.0,20.3,0,None
96895000555,13.3,137.9,19.3,4.7,9.4,33.8,0,None
96895000556,13.7,200.9,12.8,7.2,7.4,20.7,0,None
96895000557,7.8,229.8,14.2,8.5,13.6,22.1,0,None
96895000558,8.4,90.4,9.3,11.0,7.4,22.9,0,None
96895000559,12.4,183.2,11.2,4.7,13.7,42.6,0,None
96895000560,11.4,104.2,2.0,12.8,16.4,52.7,0,None
96895000561,8.9,121.0,28.9,6.5,30.8,40.3,0,None
96895000562,12.6,211.3,9.1,10.8,0.0,31.5,0,None
96895000563,7.1,187.8,14.2,8.5,24.4,22.1,0,None
96895000564,18.7,146.6,11.2,16.0,13.7,14.7,0,None
96895000565,11.7,151.1,16.3,7.9,16.0,6.9,0,None
96895000566,1.0,118.5,23.7,9.3,17.1,15.4,0,None
96895000567,8.5,230.5,9.9,4.1,0.0,6.3,0,None
96895000568,8.8,89.8,2.7,9.0,26.3,32.8,0,None
96895000569,5.4,223.1,16.8,10.9,18.8,21.0,0,None
96895000570,16.0,167.5,8.1,10.6,15.6,11.8,0,None
96895000571,6.5,223.8,15.5,4.9,9.2,5.9,0,None
96895000572,20.7,162.7,32.4,8.8,8.9,21.8,0,None
96895000573,6.2,114.7,22.9,7.0,16.5,3.0,0,None
96895000574,17.0,103.6,15.3,6.5,5.4,23.2,0,None
96895000575,17.9,132.2,26.3,8.2,0.0,17.6,0,None
96895000576,14.1,17.0,34.3,6.6,12.6,26.2,0,None
96895000577,18.2,124.8,18.6,9.9,23.9,0.1,0,None
96895000578,10.7,112.5,34.8,1.9,12.9,16.0,0,None
96895000579,0.0,65.7,0.0,6.0,8.0,8.4,0,None
96895000580,14.6,202.6,7.6,2.3,0.0,10.1,0,None
96895000581,179.7,28.6,4.3,137.1,9.8,0.6,1,Spam-Caller
96895000582,14.8,142.3,0.0,8.5,12.4,21.6,0,None
96895000583,7.5,42.8,18.8,9.8,16.3,7.2,0,None
96895000584,20.0,221.4,9.6,12.9,7.2,48.4,0,None
96895000585,5.6,135.8,14.9,11.5,5.6,0.1,0,None
96895000586,17.3,225.4,0.0,14.6,7.9,25.1,0,None
96895000587,12.7,181.3,11.0,6.7,7.7,11.0,0,None
96895000588,6.6,147.7,21.4,7.6,5.8,18.6,0,None
96895000589,5.1,226.4,8.3,13.1,15.2,45.3,0,None
96895000590,10.3,64.0,16.9,9.6,1.3,25.9,0,None
96895000591,19.9,29.6,23.8,7.0,6.2,0.1,0,None
96895000592,18.5,204.8,29.9,9.9,11.6,37.4,0,None
96895000593,9.0,191.4,12.2,10.3,10.5,24.2,0,None
96895000594,18.9,75.3,11.5,11.3,11.1,18.7,0,None
96895000595,7.0,155.2,5.4,11.7,10.8,14.8,0,None
96895000596,16.0,215.5,7.6,8.8,5.7,51.2,0,None
96895000597,21.2,134.8,16.0,2.0,3.0,0.1,0,None
96895000598,251.9,48.2,254.3,139.0,56.8,4.2,1,SIM-Box
96895000599,14.2,212.1,19.8,9.6,24.3,12.4,0,None
96895000600,16.2,191.6,8.2,12.1,20.5,12.0,0,None
96895000601,14.1,107.3,18.9,7.6,6.0,0.1,0,None
96895000602,13.3,103.8,23.6,13.4,15.6,13.9,0,None
96895000603,1.2,120.1,1.2,11.3,16.6,20.0,0,None
96895000604,9.5,156.3,20.0,9.6,13.2,40.6,0,None
96895000605,20.0,137.8,6.3,13.5,15.9,14.7,0,None
96895000606,1.6,90.4,7.6,10.3,12.1,16.5,0,None
96895000607,15.0,162.0,15.7,4.4,22.4,3.3,0,None
96895000608,18.3,234.6,3.9,4.4,15.6,23.7,0,None
96895000609,6.0,97.3,5.3,10.3,12.2,15.9,0,None
96895000610,16.7,107.4,8.8,12.7,19.5,25.8,0,None
96895000611,4.6,211.4,11.3,14.4,10.1,12.9,0,None
96895000612,0.0,154.6,18.4,5.7,1.2,23.0,0,None
96895000613,18.0,252.2,11.5,11.8,14.4,4.3,0,None
96895000614,6.5,187.2,21.7,2.6,9.5,10.9,0,None
96895000615,14.8,235.9,17.2,4.7,17.6,18.9,0,None
96895000616,20.6,116.2,13.4,7.1,13.8,41.5,0,None
96895000617,13.8,36.6,0.0,8.9,24.0,0.1,0,None
96895000618,15.1,202.5,8.7,5.8,13.0,0.1,0,None
96895000619,7.5,238.0,24.2,10.5,11.9,0.1,0,None
96895000620,22.6,203.6,8.2,9.2,3.6,20.2,0,None
96895000621,10.2,206.8,3.5,5.9,12.6,12.1,0,None
96895000622,8.8,173.3,26.8,6.3,5.8,34.1,0,None
96895000623,9.2,138.2,1.6,6.9,16.6,4.9,0,None
96895000624,11.1,158.7,9.3,9.0,8.1,13.4,0,None
96895000625,6.8,179.8,25.0,8.9,0.0,0.1,0,None
96895000626,16.4,176.1,28.7,17.8,28.0,4.0,0,None
96895000627,15.5,255.7,13.4,10.1,8.2,11.5,0,None
96895000628,17.8,79.9,16.2,15.2,6.6,10.3,0,None
96895000629,2.5,166.6,23.1,15.0,7.0,8.5,0,None
96895000630,6.8,134.8,33.2,10.7,31.6,5.8,0,None
96895000631,9.8,112.2,27.0,9.5,18.5,33.3,0,None
96895000632,11.7,135.7,2.5,1.0,8.7,19.3,0,None
96895000633,20.1,201.6,21.3,11.8,17.2,27.3,0,None
96895000634,14.6,112.0,37.0,5.9,19.3,9.6,0,None
96895000635,18.6,135.4,11.8,7.4,1.0,45.2,0,None
96895000636,14.3,164.6,0.7,9.6,2.5,8.1,0,None
96895000637,10.4,87.0,0.0,10.1,13.0,20.8,0,None
96895000638,7.6,95.5,0.2,7.9,13.7,5.6,0,None
96895000639,11.8,151.7,5.2,8.9,17.0,30.1,0,None
96895000640,8.8,103.5,13.8,4.0,9.9,39.5,0,None
96895000641,17.6,102.5,13.2,5.6,23.8,19.1,0,None
96895000642,18.7,150.0,11.5,6.8,25.0,24.4,0,None
96895000643,8.1,79.0,15.6,9.5,24.5,15.2,0,None
96895000644,7.3,96.2,2.0,11.3,13.5,2.6,0,None
96895000645,13.5,75.8,5.3,10.3,22.2,3.8,0,None
96895000646,4.3,117.9,16.1,11.8,3.0,25.1,0,None
96895000647,24.9,148.1,15.6,16.4,3.2,22.9,0,None
96895000648,16.2,180.9,16.6,12.9,6.7,0.1,0,None
96895000649,11.2,189.1,7.2,1.0,8.1,34.7,0,None
96895000650,9.0,154.8,16.9,7.8,22.8,0.1,0,None
96895000651,13.8,203.1,19.3,8.9,4.8,15.7,0,None
96895000652,9.3,122.9,15.4,1.0,13.1,0.1,0,None
96895000653,0.0,199.2,0.0,11.6,9.6,15.1,0,None
96895000654,10.6,98.9,0.0,16.8,14.9,18.2,0,None
96895000655,8.7,107.0,16.5,12.5,4.1,0.1,0,None
96895000656,7.8,184.3,9.7,9.0,8.9,10.8,0,None
96895000657,8.7,24.8,3.0,13.8,7.8,9.6,0,None
96895000658,6.6,52.2,27.9,13.5,6.5,0.1,0,None
96895000659,11.4,49.6,0.3,10.4,4.7,0.1,0,None
96895000660,17.3,80.9,1.0,1.9,21.4,29.2,0,None
96895000661,3.6,57.4,0.0,4.2,22.5,38.9,0,None
96895000662,16.9,116.7,10.2,14.3,21.8,7.2,0,None
96895000663,14.6,218.8,0.0,12.1,10.4,13.1,0,None
96895000664,16.3,138.9,0.0,15.0,11.8,26.5,0,None
96895000665,11.8,165.7,21.3,5.7,12.1,27.6,0,None
96895000666,23.1,107.5,10.6,7.4,21.6,0.1,0,None
96895000667,1.2,67.6,2.2,10.8,7.3,0.1,0,None
96895000668,13.0,128.2,22.0,16.1,13.8,41.6,0,None
96895000669,9.4,5.0,0.0,12.1,6.1,22.2,0,None
96895000670,11.7,122.7,15.8,8.2,9.9,41.4,0,None
96895000671,17.6,87.0,19.9,9.4,20.9,8.9,0,None
96895000672,10.5,39.6,16.5,5.7,8.3,36.3,0,None
96895000673,9.8,74.1,9.8,12.1,6.8,21.9,0,None
96895000674,20.0,164.5,5.7,14.1,24.5,13.5,0,None
96895000675,4.5,177.0,29.7,12.2,12.1,0.1,0,None
96895000676,8.0,195.8,27.3,14.6,5.2,0.1,0,None
96895000677,14.1,63.1,18.8,9.4,5.5,0.1,0,None
96895000678,7.2,236.8,0.0,9.3,12.3,34.1,0,None
96895000679,7.0,220.2,8.0,4.9,20.8,9.3,0,None
96895000680,17.8,148.1,5.6,12.6,9.3,30.1,0,None
96895000681,11.8,77.6,15.9,2.9,20.1,34.1,0,None
96895000682,5.5,138.1,7.7,7.1,8.1,29.0,0,None
96895000683,3.5,191.4,0.0,8.8,12.1,13.7,0,None
96895000684,4.9,166.8,20.1,8.9,4.0,0.2,0,None
96895000685,6.6,244.4,0.0,11.4,18.8,39.5,0,None
96895000686,10.9,239.8,13.4,7.5,9.9,30.8,0,None
96895000687,6.5,189.1,11.5,8.9,9.3,39.4,0,None
96895000688,13.1,170.3,23.1,8.8,5.6,7.0,0,None
96895000689,21.2,131.7,13.6,6.3,14.0,4.7,0,None
96895000690,11.6,199.9,472.3,4.3,9.9,3.6,0,None
96895000691,10.4,144.4,12.8,10.6,20.3,34.7,0,None
96895000692,21.6,185.5,10.2,3.4,11.4,28.9,0,None
96895000693,18.6,251.1,3.5,9.1,13.5,7.9,0,None
96895000694,20.9,105.2,11.6,1.0,19.6,37.7,0,None
96895000695,14.2,40.8,0.0,15.6,7.7,0.1,0,None
96895000696,6.4,124.0,27.9,8.4,2.8,42.9,0,None
96895000697,5.1,168.8,13.3,3.2,6.7,66.0,0,None
96895000698,19.7,210.7,10.8,7.6,9.0,30.0,0,None
96895000699,15.5,151.4,11.9,5.1,11.9,0.1,0,None
96895000700,15.6,173.3,10.4,14.4,13.1,53.0,0,None
96895000701,13.2,162.8,7.9,11.2,20.6,24.5,0,None
96895000702,1.8,67.7,27.2,9.7,12.8,0.1,0,None
96895000703,21.7,113.3,4.5,2.6,13.8,40.7,0,None
96895000704,13.5,157.9,12.9,10.4,26.5,11.9,0,None
96895000705,7.5,198.6,5.7,4.5,15.3,9.6,0,None
96895000706,21.0,190.9,10.9,9.1,18.8,34.9,0,None
96895000707,13.3,109.5,9.6,7.4,18.2,11.7,0,None
96895000708,5.6,151.4,5.7,16.5,27.0,45.6,0,None
96895000709,4.0,175.5,0.0,8.3,4.1,0.1,0,None
96895000710,8.0,140.1,12.1,14.1,5.3,13.1,0,None
96895000711,21.3,97.1,13.8,13.6,3.0,31.5,0,None
96895000712,13.7,140.9,12.8,12.6,15.9,30.7,0,None
96895000713,14.0,104.5,18.5,15.4,7.2,11.5,0,None
96895000714,0.5,139.5,13.5,8.1,10.2,25.0,0,None
96895000715,4.9,120.2,12.5,7.7,4.6,7.6,0,None
96895000716,21.0,179.3,18.4,6.3,11.7,15.8,0,None
96895000717,8.5,202.6,6.6,12.3,9.3,19.1,0,None
96895000718,15.1,128.0,16.2,8.8,24.0,25.7,0,None
96895000719,2.9,151.8,9.8,4.3,13.5,32.6,0,None
96895000720,16.9,97.2,6.7,14.9,0.0,26.5,0,None
96895000721,5.4,180.5,22.7,13.9,22.0,14.4,0,None
96895000722,11.0,51.7,11.8,12.7,8.8,17.3,0,None
96895000723,10.1,136.6,8.6,11.6,13.1,25.8,0,None
96895000724,111.1,26.8,9.1,129.1,6.4,1.8,1,Spam-Caller
96895000725,1.3,84.3,29.8,13.1,25.9,24.2,0,None
96895000726,0.0,171.0,9.8,7.2,19.1,5.1,0,None
96895000727,20.2,203.7,20.2,15.4,4.9,0.1,0,None
96895000728,8.0,168.0,18.0,7.5,0.0,50.4,0,None
96895000729,10.7,157.6,11.2,13.2,0.0,22.7,0,None
96895000730,20.9,160.3,4.8,12.1,0.0,0.1,0,None
96895000731,17.5,145.4,0.0,15.9,12.8,0.1,0,None
96895000732,12.6,238.9,15.4,7.9,17.7,38.5,0,None
96895000733,5.9,193.9,12.8,10.8,26.6,11.1,0,None
96895000734,14.3,63.8,15.0,3.7,15.0,23.2,0,None
96895000735,15.3,199.9,16.0,8.0,12.8,19.8,0,None
96895000736,16.6,91.8,11.6,1.7,0.0,45.6,0,None
96895000737,7.5,132.0,0.7,6.0,24.8,17.2,0,None
96895000738,15.0,75.7,20.1,1.0,15.5,0.1,0,None
96895000739,13.9,146.3,3.5,3.7,16.9,0.1,0,None
96895000740,11.6,61.2,22.9,12.0,8.9,19.3,0,None
96895000741,9.2,217.5,6.4,9.7,11.9,19.6,0,None
96895000742,12.4,68.6,3.7,13.6,16.8,0.1,0,None
96895000743,16.1,129.9,13.4,1.0,0.0,10.4,0,None
96895000744,11.9,267.8,21.1,10.5,2.5,0.1,0,None
96895000745,16.1,99.8,6.5,11.2,11.1,36.7,0,None
96895000746,14.4,179.0,22.4,12.1,13.6,28.6,0,None
96895000747,7.1,115.2,13.8,13.0,23.5,0.1,0,None
96895000748,6.5,74.5,1.7,10.6,16.0,15.6,0,None
96895000749,20.5,322.1,2.8,13.6,22.7,23.7,0,None
96895000750,6.7,170.9,0.0,9.3,13.5,36.8,0,None
96895000751,22.4,113.5,11.3,10.4,14.1,2.5,0,None
96895000752,19.2,126.1,4.4,9.3,2.6,19.7,0,None
96895000753,4.1,120.2,12.0,10.6,16.9,14.6,0,None
96895000754,3.0,156.7,25.5,7.7,29.9,21.4,0,None
96895000755,13.8,132.3,0.0,16.9,22.0,11.9,0,None
96895000756,0.8,195.7,19.3,11.6,7.1,7.9,0,None
96895000757,15.1,80.7,23.7,14.1,4.4,48.2,0,None
96895000758,21.0,184.1,20.8,10.9,13.3,20.4,0,None
96895000759,9.9,125.6,18.0,13.5,18.8,21.4,0,None
96895000760,13.3,57.3,0.0,14.1,9.0,4.0,0,None
96895000761,2.8,185.2,25.9,1.2,11.1,8.1,0,None
96895000762,9.9,144.3,18.4,8.3,10.9,27.8,0,None
96895000763,15.6,162.6,17.9,5.1,12.6,23.2,0,None
96895000764,6.8,227.0,47.3,5.2,31.6,14.5,0,None
96895000765,12.1,195.0,18.9,8.5,15.0,17.0,0,None
96895000766,10.8,120.9,15.3,6.7,5.8,0.1,0,None
96895000767,9.1,229.5,5.8,7.8,8.9,19.8,0,None
96895000768,7.8,113.6,20.6,9.7,7.1,12.2,0,None
96895000769,15.1,126.9,11.9,5.0,7.7,0.2,0,None
96895000770,17.2,48.8,5.2,13.9,15.6,11.2,0,None
96895000771,17.9,167.8,0.0,2.8,17.4,27.8,0,None
96895000772,8.8,193.9,14.8,9.7,17.2,42.9,0,None
96895000773,19.0,67.9,13.0,9.6,4.8,39.1,0,None
96895000774,14.0,224.7,14.4,3.8,12.5,12.0,0,None
96895000775,9.8,80.3,24.9,3.3,5.8,24.3,0,None
96895000776,9.2,103.4,16.6,4.2,0.0,24.2,0,None
96895000777,5.3,185.3,22.6,4.9,11.9,4.8,0,None
96895000778,31.2,207.4,2.0,7.7,2.2,0.1,0,None
96895000779,25.7,229.9,5.7,12.8,3.0,16.8,0,None
96895000780,16.5,269.3,459.8,13.1,5.8,22.8,0,None
96895000781,25.0,64.6,15.0,13.8,13.3,22.7,0,None
96895000782,10.5,5.0,18.9,13.2,20.3,37.4,0,None
96895000783,20.6,86.6,28.8,9.8,15.4,32.7,0,None
96895000784,21.8,166.7,0.0,9.8,11.8,35.9,0,None
96895000785,9.4,181.4,9.3,10.1,9.4,29.5,0,None
96895000786,21.1,191.1,4.3,9.2,6.7,38.5,0,None
96895000787,9.6,128.9,20.3,12.4,13.0,14.0,0,None
96895000788,0.0,201.7,3.2,8.2,6.9,8.9,0,None
96895000789,11.4,126.2,0.0,9.6,14.4,23.3,0,None
96895000790,12.1,141.9,0.0,7.2,4.3,4.7,0,None
96895000791,11.6,204.0,3.9,3.8,21.8,19.7,0,None
96895000792,21.2,108.6,25.3,11.9,13.1,23.2,0,None
96895000793,8.5,172.4,24.2,16.6,25.5,10.2,0,None
96895000794,12.9,231.3,8.6,6.9,13.4,37.8,0,None
96895000795,4.8,104.0,8.3,10.0,13.5,18.8,0,None
96895000796,19.1,260.0,15.1,13.3,19.3,19.5,0,None
96895000797,12.3,263.9,13.1,13.0,18.9,0.1,0,None
96895000798,9.0,112.1,15.7,5.6,12.5,0.1,0,None
96895000799,20.8,150.5,3.1,4.6,18.6,0.1,0,None
96895000800,16.1,66.7,24.0,15.5,2.6,47.5,0,None
96895000801,17.6,106.9,1.5,14.3,0.6,35.5,0,None
96895000802,9.6,143.2,4.4,9.1,24.4,16.1,0,None
96895000803,22.5,185.0,18.3,18.7,0.0,35.8,0,None
96895000804,12.7,101.7,5.0,4.9,4.8,11.1,0,None
96895000805,7.1,112.2,3.9,8.0,13.5,19.5,0,None
96895000806,197.6,38.7,283.2,100.1,41.2,2.3,1,SIM-Box
96895000807,19.0,147.6,11.6,9.4,4.9,25.5,0,None
96895000808,145.4,47.7,251.2,144.2,43.5,3.7,1,SIM-Box
96895000809,6.4,98.3,22.7,5.6,3.2,8.5,0,None
96895000810,1.8,127.5,8.3,12.6,7.8,37.2,0,None
96895000811,7.9,132.0,10.9,8.1,8.4,51.2,0,None
96895000812,11.1,134.1,35.7,17.0,20.6,31.4,0,None
96895000813,9.4,99.2,19.3,5.4,10.5,27.1,0,None
96895000814,13.1,42.8,6.9,7.6,0.0,12.3,0,None
96895000815,12.3,254.8,19.4,13.8,4.3,37.4,0,None
96895000816,8.1,145.5,3.6,6.7,0.0,24.4,0,None
96895000817,20.4,113.6,15.6,6.9,5.3,21.7,0,None
96895000818,10.2,61.0,26.3,10.0,21.4,20.1,0,None
96895000819,12.3,177.4,28.2,6.5,3.1,7.1,0,None
96895000820,24.5,226.3,8.0,12.4,6.8,17.2,0,None
96895000821,16.3,171.7,5.9,5.2,17.2,31.2,0,None
96895000822,17.4,194.7,20.5,6.6,16.2,2.5,0,None
96895000823,12.4,144.4,5.1,17.0,9.1,12.3,0,None
96895000824,16.5,126.5,9.3,5.2,14.5,21.4,0,None
96895000825,15.3,105.5,19.5,13.7,4.2,6.3,0,None
96895000826,14.5,37.8,19.6,7.2,13.0,25.1,0,None
96895000827,4.4,105.0,5.7,4.1,0.4,44.1,0,None
96895000828,13.2,165.1,0.0,7.4,25.3,5.0,0,None
96895000829,17.9,191.6,18.0,1.8,15.2,20.4,0,None
96895000830,25.6,263.3,11.1,7.4,10.7,0.1,0,None
96895000831,15.8,183.2,18.1,9.0,26.9,0.2,0,None
96895000832,15.1,191.9,11.8,7.5,9.3,32.6,0,None
96895000833,0.0,133.6,9.1,10.6,2.1,40.4,0,None
96895000834,24.1,132.7,31.0,10.1,17.7,21.4,0,None
96895000835,18.5,109.4,11.0,12.2,6.3,14.9,0,None
96895000836,3.8,149.9,8.2,16.0,18.6,6.6,0,None
96895000837,16.8,216.4,324.0,4.2,6.4,17.7,0,None
96895000838,13.6,250.0,13.5,7.3,8.0,0.1,0,None
96895000839,6.5,167.9,12.5,12.4,12.0,9.2,0,None
96895000840,19.0,146.8,0.0,4.5,7.6,33.6,0,None
96895000841,11.9,214.2,8.3,11.1,10.6,3.9,0,None
96895000842,2.2,155.1,25.6,9.4,24.1,16.3,0,None
96895000843,2.3,25.3,0.0,6.8,0.0,13.0,0,None
96895000844,19.6,171.0,20.9,16.1,14.5,11.1,0,None
96895000845,8.4,143.0,9.3,19.4,1.8,22.1,0,None
96895000846,0.0,7.7,27.4,13.8,11.6,39.1,0,None
96895000847,26.5,87.6,23.2,9.0,12.0,29.2,0,None
96895000848,0.8,53.0,28.1,7.1,6.5,36.7,0,None
96895000849,21.5,138.7,19.1,12.5,12.6,22.7,0,None
96895000850,21.3,20.9,12.6,10.7,12.6,4.9,0,None
96895000851,10.1,88.1,5.0,8.8,23.4,9.1,0,None
96895000852,20.8,255.0,7.2,5.9,10.0,31.2,0,None
96895000853,18.0,109.8,6.0,7.7,22.6,28.0,0,None
96895000854,11.7,161.6,12.8,12.4,3.0,7.7,0,None
96895000855,13.4,146.3,13.7,10.3,24.6,34.5,0,None
96895000856,8.4,311.6,12.1,9.4,13.9,16.1,0,None
96895000857,10.0,146.8,8.3,12.9,24.8,6.4,0,None
96895000858,12.5,126.4,14.3,9.8,3.6,0.6,0,None
96895000859,18.0,218.1,18.1,9.6,21.5,25.6,0,None
96895000860,8.8,93.7,29.2,6.1,16.9,17.0,0,None
96895000861,12.2,57.1,12.2,12.2,8.1,0.1,0,None
96895000862,8.9,113.3,26.1,5.4,14.6,0.1,0,None
96895000863,18.8,274.5,21.6,9.6,8.5,20.3,0,None
96895000864,12.8,67.6,21.5,6.0,5.2,20.2,0,None
96895000865,14.8,11.0,14.6,2.1,18.4,24.4,0,None
96895000866,12.3,165.5,3.6,10.7,5.3,0.1,0,None
96895000867,14.6,233.6,1.3,8.5,5.5,25.7,0,None
96895000868,18.0,107.3,14.7,13.6,16.5,33.9,0,None
96895000869,20.6,89.0,7.2,14.0,18.9,22.1,0,None
96895000870,15.7,200.4,0.0,3.2,20.2,9.2,0,None
96895000871,11.7,145.0,4.8,13.5,17.3,31.9,0,None
96895000872,17.1,78.3,21.5,7.2,11.9,32.8,0,None
96895000873,5.6,108.0,9.0,17.7,15.7,0.1,0,None
96895000874,7.6,144.7,17.3,1.7,4.2,24.1,0,None
96895000875,11.7,159.4,2.5,10.1,14.9,33.2,0,None
96895000876,5.9,125.2,8.1,1.4,7.6,31.2,0,None
96895000877,1.4,117.7,19.2,8.2,22.5,18.3,0,None
96895000878,0.6,96.0,36.4,5.3,21.5,7.7,0,None
96895000879,3.8,119.3,2.2,9.9,5.1,14.1,0,None
96895000880,6.3,171.4,20.0,11.1,12.3,13.3,0,None
96895000881,8.7,167.5,19.0,7.8,20.1,2.3,0,None
96895000882,12.6,197.4,25.5,9.1,11.0,0.1,0,None
96895000883,10.9,75.3,470.7,6.9,6.7,18.2,0,None
96895000884,16.0,202.4,31.1,8.1,9.7,0.5,0,None
96895000885,11.9,146.0,0.0,6.5,1.7,3.4,0,None
96895000886,12.1,172.2,14.0,6.1,12.6,2.0,0,None
96895000887,10.7,116.8,24.8,5.9,14.0,6.6,0,None
96895000888,2.6,121.7,5.5,4.9,7.1,22.1,0,None
96895000889,7.0,161.0,29.8,1.0,13.1,14.7,0,None
96895000890,12.4,127.8,12.3,13.9,17.1,1.2,0,None
96895000891,14.1,162.0,15.9,9.9,0.0,16.6,0,None
96895000892,8.4,139.3,17.0,5.5,17.5,25.7,0,None
96895000893,18.6,176.6,0.0,10.3,5.1,9.4,0,None
96895000894,12.5,99.2,21.1,4.9,7.6,6.0,0,None
96895000895,10.6,72.4,23.2,13.5,3.9,20.8,0,None
96895000896,12.1,200.4,11.5,15.1,2.0,15.2,0,None
96895000897,113.7,47.1,11.3,148.9,8.1,0.1,1,Spam-Caller
96895000898,12.7,150.2,13.2,2.1,8.9,19.5,0,None
96895000899,35.1,121.2,10.1,11.5,3.0,44.6,0,None
96895000900,13.4,114.9,22.7,7.4,0.0,29.9,0,None
96895000901,10.6,84.1,27.5,7.5,1.3,22.2,0,None
96895000902,138.7,39.6,424.3,134.2,46.4,0.8,1,SIM-Box
96895000903,14.9,137.2,11.1,13.6,20.8,34.1,0,None
96895000904,27.9,174.3,1.0,5.0,9.1,10.7,0,None
96895000905,4.6,157.4,18.2,9.7,13.6,30.9,0,None
96895000906,7.1,99.3,16.8,1.3,0.0,24.5,0,None
96895000907,16.3,22.3,8.4,17.3,9.9,9.2,0,None
96895000908,17.1,81.7,24.5,10.9,2.2,0.1,0,None
96895000909,7.8,111.9,22.2,15.2,15.8,30.7,0,None
96895000910,9.0,266.1,3.1,10.6,12.0,33.8,0,None
96895000911,5.6,199.7,417.7,5.8,8.7,19.6,0,None
96895000912,13.2,169.8,14.1,11.4,11.2,40.6,0,None
96895000913,11.7,107.5,43.2,9.3,13.8,22.9,0,None
96895000914,9.1,109.3,19.8,10.9,6.8,25.3,0,None
96895000915,8.4,71.3,6.1,1.0,3.7,0.1,0,None
96895000916,12.5,79.2,0.3,9.2,18.6,11.6,0,None
96895000917,0.8,136.9,22.5,10.2,15.0,29.5,0,None
96895000918,25.3,124.1,7.0,6.1,6.4,24.1,0,None
96895000919,22.1,186.1,6.8,12.0,20.0,19.8,0,None
96895000920,5.3,94.5,6.6,1.0,2.9,19.6,0,None
96895000921,15.3,158.7,3.3,13.9,8.6,31.9,0,None
96895000922,21.1,114.6,13.4,18.0,17.0,10.4,0,None
96895000923,24.1,175.3,24.9,12.3,8.9,28.3,0,None
96895000924,13.5,69.9,18.6,14.9,15.2,40.2,0,None
96895000925,10.7,146.4,10.7,15.4,6.9,25.0,0,None
96895000926,4.6,180.0,21.0,7.8,0.4,5.8,0,None
96895000927,131.5,5.0,3.8,117.5,6.3,2.4,1,Spam-Caller
96895000928,17.3,82.6,17.0,6.4,13.8,0.1,0,None
96895000929,3.6,98.2,24.0,8.2,17.6,15.8,0,None
96895000930,11.4,210.4,13.9,9.8,1.5,14.6,0,None
96895000931,8.6,231.3,17.2,8.4,2.3,4.1,0,None
96895000932,6.4,96.8,25.6,8.8,0.0,20.3,0,None
96895000933,14.7,212.2,2.8,8.7,20.7,11.0,0,None
96895000934,12.8,180.9,9.4,1.0,20.0,7.5,0,None
96895000935,16.1,99.1,8.6,6.8,3.1,0.1,0,None
96895000936,6.4,58.9,11.8,8.1,15.0,46.7,0,None
96895000937,19.9,247.0,2.6,14.2,32.6,15.2,0,None
96895000938,12.4,143.7,17.3,8.7,8.1,21.9,0,None
96895000939,17.5,180.4,13.2,7.9,1.5,46.8,0,None
96895000940,3.4,158.3,9.7,11.9,0.0,10.3,0,None
96895000941,7.7,203.2,7.3,1.0,9.6,27.8,0,None
96895000942,15.5,99.7,15.2,12.0,15.6,35.9,0,None
96895000943,8.2,315.3,0.0,4.1,25.4,43.5,0,None
96895000944,14.1,172.1,0.0,12.4,24.1,8.3,0,None
96895000945,10.1,86.0,0.3,7.0,7.2,25.6,0,None
96895000946,17.0,215.0,4.3,6.4,10.8,34.4,0,None
96895000947,10.2,182.7,16.5,8.7,10.5,11.1,0,None
96895000948,7.8,56.1,0.8,8.0,18.9,18.7,0,None
96895000949,11.4,183.2,7.3,2.5,11.1,40.9,0,None
96895000950,186.7,39.8,256.0,135.1,53.2,4.8,1,SIM-Box
96895000951,8.6,132.9,18.3,11.2,15.7,29.3,0,None
96895000952,0.0,136.9,38.7,7.4,25.8,28.7,0,None
96895000953,20.4,221.1,5.9,11.9,0.7,2.4,0,None
96895000954,21.8,106.9,0.0,13.1,15.6,27.8,0,None
96895000955,9.3,180.3,3.9,12.7,23.5,23.6,0,None
96895000956,14.4,80.6,17.5,6.0,15.0,24.2,0,None
96895000957,23.0,130.7,9.4,10.9,15.7,0.1,0,None
96895000958,20.2,84.2,3.8,12.6,7.6,27.1,0,None
96895000959,8.1,93.1,16.3,9.3,0.0,18.3,0,None
96895000960,8.4,95.0,42.8,1.0,3.6,45.4,0,None
96895000961,11.5,92.9,3.1,5.1,13.1,7.8,0,None
96895000962,15.6,68.8,5.7,9.3,18.5,40.3,0,None
96895000963,5.4,163.7,4.0,17.2,9.0,54.8,0,None
96895000964,13.1,126.6,5.6,9.4,11.7,43.4,0,None
96895000965,0.0,57.4,9.8,10.4,9.9,5.2,0,None
96895000966,17.7,142.5,19.5,7.8,12.8,9.8,0,None
96895000967,7.6,226.5,17.3,13.0,6.0,15.4,0,None
96895000968,15.0,190.3,19.3,9.8,16.4,33.7,0,None
96895000969,16.3,203.5,18.9,11.5,11.7,24.2,0,None
96895000970,17.3,173.2,22.5,1.6,4.7,12.8,0,None
96895000971,14.7,212.2,38.4,8.7,11.5,0.1,0,None
96895000972,11.3,150.1,23.6,14.9,15.3,18.8,0,None
96895000973,7.4,163.6,12.3,5.0,23.9,14.7,0,None
96895000974,9.2,165.2,22.4,10.2,18.1,6.0,0,None
96895000975,9.1,225.8,14.4,6.7,21.3,36.8,0,None
96895000976,7.0,67.7,15.1,12.3,13.9,12.8,0,None
96895000977,3.2,127.4,15.8,10.5,18.0,6.1,0,None
96895000978,16.3,107.6,4.5,1.1,12.7,34.0,0,None
96895000979,18.0,136.2,0.0,10.1,11.6,8.0,0,None
96895000980,15.7,138.1,6.0,11.3,20.5,61.4,0,None
96895000981,12.1,241.0,6.7,8.2,7.5,16.4,0,None
96895000982,17.1,139.4,17.6,5.8,16.0,25.7,0,None
96895000983,17.8,182.8,0.0,9.5,14.3,33.0,0,None
96895000984,4.5,185.8,25.8,8.7,12.7,9.8,0,None
96895000985,6.6,66.7,0.0,7.7,6.8,1.6,0,None
96895000986,18.5,182.0,22.4,5.5,6.5,14.9,0,None
96895000987,16.1,180.6,29.5,5.8,23.1,9.9,0,None
96895000988,11.6,131.9,17.0,2.7,26.4,31.6,0,None
96895000989,10.7,39.4,21.6,10.1,1.4,0.1,0,None
96895000990,8.3,144.2,23.9,7.7,20.9,0.1,0,None
96895000991,15.3,118.3,8.4,15.3,14.6,11.4,0,None
96895000992,6.9,171.6,0.0,11.8,16.7,39.2,0,None
96895000993,9.4,205.0,472.1,4.2,5.4,6.0,0,None
96895000994,8.4,159.6,30.8,9.7,20.1,22.9,0,None
96895000995,16.2,43.4,19.2,1.0,0.0,23.0,0,None
96895000996,6.0,155.6,23.5,8.1,17.1,13.5,0,None
96895000997,7.1,152.6,11.1,8.9,7.2,0.9,0,None
96895000998,11.3,173.0,5.2,11.3,12.2,0.1,0,None
96895000999,0.0,174.8,4.8,10.8,12.7,9.5,0,None
96895001000,7.7,119.0,2.8,7.5,0.0,22.5,0,None
96895001001,10.8,118.0,16.0,14.1,28.1,17.8,0,None
96895001002,8.1,142.1,16.7,16.4,2.3,9.2,0,None
96895001003,7.0,267.2,6.3,2.9,8.4,28.6,0,None
96895001004,6.0,126.7,11.3,2.1,39.0,28.1,0,None
96895001005,5.6,122.5,10.4,9.1,14.6,0.1,0,None
96895001006,17.0,116.8,12.2,6.4,8.0,0.1,0,None
96895001007,19.9,178.0,14.4,3.1,7.9,35.8,0,None
96895001008,11.5,216.4,23.8,12.7,5.7,18.9,0,None
96895001009,19.4,139.8,23.5,17.2,8.3,15.5,0,None
96895001010,13.6,197.0,15.0,10.6,6.3,0.1,0,None
96895001011,11.6,83.3,15.4,6.6,6.9,9.8,0,None
96895001012,12.1,118.1,11.9,3.4,22.4,15.8,0,None
96895001013,17.6,150.1,3.1,11.4,0.0,47.2,0,None
96895001014,15.0,114.9,2.8,10.3,9.8,26.5,0,None
96895001015,21.5,184.4,0.0,5.9,18.7,45.0,0,None
96895001016,6.5,122.2,5.7,9.6,11.5,25.1,0,None
96895001017,17.0,15.2,6.9,10.2,16.7,32.4,0,None
96895001018,14.2,161.8,15.4,8.4,3.3,18.2,0,None
96895001019,7.9,207.1,25.1,2.9,8.8,40.7,0,None
96895001020,13.6,139.1,12.4,8.6,20.7,9.8,0,None
96895001021,0.2,164.4,16.3,4.8,3.5,19.0,0,None
96895001022,9.3,268.4,0.0,13.2,5.2,18.1,0,None
96895001023,3.6,131.5,15.1,5.8,3.9,24.2,0,None
96895001024,11.0,178.8,14.5,13.3,16.9,19.4,0,None
96895001025,14.3,231.1,6.2,10.1,17.7,36.7,0,None
96895001026,13.2,178.3,21.7,13.5,7.1,31.9,0,None
96895001027,15.3,121.9,11.2,4.9,22.8,31.3,0,None
96895001028,17.6,121.0,2.1,7.3,22.5,0.1,0,None
96895001029,22.2,165.8,21.6,8.0,5.2,20.7,0,None
96895001030,12.5,125.7,10.7,9.7,17.7,26.1,0,None
96895001031,18.1,207.0,13.4,9.7,9.1,37.1,0,None
96895001032,5.9,254.1,10.3,1.3,6.8,12.3,0,None
96895001033,10.8,108.8,2.9,7.0,21.2,27.4,0,None
96895001034,18.9,140.7,0.2,7.6,11.7,20.8,0,None
96895001035,2.4,113.3,23.0,1.7,20.9,23.3,0,None
96895001036,18.4,275.2,22.2,7.0,2.3,36.2,0,None
96895001037,13.1,161.1,8.8,8.2,1.9,22.3,0,None
96895001038,15.9,255.5,3.5,8.0,2.2,28.0,0,None
96895001039,13.2,57.7,21.6,8.1,16.1,12.1,0,None
96895001040,0.0,228.7,15.1,13.0,14.3,19.4,0,None
96895001041,10.9,253.2,1.8,8.5,2.7,27.9,0,None
96895001042,8.8,188.8,10.3,10.7,12.2,21.2,0,None
96895001043,8.4,113.5,16.4,10.6,18.9,36.0,0,None
96895001044,16.9,202.1,15.4,9.7,16.7,6.9,0,None
96895001045,11.8,211.4,0.0,9.6,12.6,18.2,0,None
96895001046,4.2,196.3,0.0,10.0,12.6,0.1,0,None
96895001047,7.1,211.3,28.1,5.1,20.3,25.8,0,None
96895001048,15.7,67.1,10.8,1.2,2.0,2.3,0,None
96895001049,6.0,168.7,11.8,5.5,33.7,18.3,0,None
96895001050,9.1,165.1,28.7,8.9,35.3,23.1,0,None
96895001051,6.1,71.0,4.5,8.5,14.5,7.0,0,None
96895001052,23.0,89.0,25.7,6.5,18.5,20.8,0,None
96895001053,18.4,107.4,19.7,9.4,4.1,5.8,0,None
96895001054,7.9,175.2,8.4,11.2,0.0,28.6,0,None
96895001055,18.7,141.0,12.1,8.7,10.7,6.0,0,None
96895001056,6.1,184.7,11.6,6.7,4.1,25.6,0,None
96895001057,8.6,192.7,29.7,15.0,5.7,19.6,0,None
96895001058,12.0,110.1,7.9,11.3,17.1,14.1,0,None
96895001059,4.7,192.2,19.3,5.3,3.2,4.9,0,None
96895001060,13.9,173.7,3.1,6.5,16.9,28.2,0,None
96895001061,6.2,125.1,6.1,10.3,16.8,23.6,0,None
96895001062,15.4,159.3,41.4,14.6,21.7,20.7,0,None
96895001063,10.7,237.2,10.9,4.7,10.1,28.8,0,None
96895001064,2.0,162.2,0.4,9.3,22.4,15.6,0,None
96895001065,12.6,152.0,0.0,2.0,22.4,41.9,0,None
96895001066,16.3,211.6,30.2,10.8,10.3,34.1,0,None
96895001067,6.0,201.6,24.7,3.6,9.8,7.3,0,None
96895001068,11.3,173.6,13.8,12.0,14.9,15.4,0,None
96895001069,13.1,183.4,10.2,15.4,18.1,5.5,0,None
96895001070,11.7,174.0,0.0,4.7,19.4,17.4,0,None
96895001071,2.7,141.6,8.3,6.8,9.3,4.6,0,None
96895001072,0.0,200.0,37.9,6.6,26.9,10.2,0,None
96895001073,8.5,180.0,15.9,2.9,18.8,36.7,0,None
96895001074,22.7,118.6,5.0,11.2,15.2,22.9,0,None
96895001075,14.4,127.7,6.1,16.0,20.5,23.5,0,None
96895001076,20.2,64.6,10.7,9.5,9.3,0.1,0,None
96895001077,15.9,136.2,18.9,10.5,19.9,15.9,0,None
96895001078,13.4,165.5,8.2,11.8,17.5,27.1,0,None
96895001079,0.7,134.6,0.0,10.7,22.3,27.9,0,None
96895001080,8.6,187.4,12.2,10.0,26.4,27.4,0,None
96895001081,5.8,79.6,20.3,10.4,19.3,0.1,0,None
96895001082,2.9,247.7,8.8,3.7,0.0,32.9,0,None
96895001083,4.5,169.0,14.0,5.8,0.0,0.1,0,None
96895001084,17.2,184.4,14.9,4.6,10.2,14.9,0,None
96895001085,3.4,135.4,37.4,11.5,13.8,15.3,0,None
96895001086,14.0,138.3,1.4,8.8,19.7,4.5,0,None
96895001087,9.4,148.7,5.0,11.3,9.6,18.1,0,None
96895001088,4.8,177.8,21.6,6.3,12.4,5.1,0,None
96895001089,14.0,107.7,2.9,5.7,14.7,17.2,0,None
96895001090,15.5,25.0,0.0,19.8,3.2,39.8,0,None
96895001091,6.1,170.2,10.5,8.9,20.0,6.4,0,None
96895001092,14.6,194.1,12.7,11.9,0.0,33.1,0,None
96895001093,4.0,168.5,4.2,16.7,10.6,20.9,0,None
96895001094,26.6,72.4,20.4,8.9,10.3,33.8,0,None
96895001095,3.3,178.8,0.0,12.9,8.8,25.8,0,None
96895001096,4.4,108.2,0.0,16.0,6.4,8.9,0,None
96895001097,19.7,133.6,0.0,7.8,4.2,29.7,0,None
96895001098,21.2,78.8,4.6,10.6,1.5,14.0,0,None
96895001099,12.0,92.5,14.6,5.3,12.5,20.7,0,None
96895001100,10.7,223.9,34.8,4.7,23.5,40.3,0,None
96895001101,19.0,89.1,10.1,2.9,15.3,0.1,0,None
96895001102,15.6,279.5,399.9,1.0,15.6,18.5,0,None
96895001103,8.6,127.8,35.4,6.2,5.6,28.1,0,None
96895001104,1.7,22.4,11.7,7.0,11.4,7.9,0,None
96895001105,2.4,154.1,0.0,8.3,25.4,0.1,0,None
96895001106,14.6,184.2,14.7,9.0,14.0,12.8,0,None
96895001107,4.9,220.8,0.0,13.4,2.9,37.2,0,None
96895001108,13.2,118.0,0.0,8.5,25.4,21.8,0,None
96895001109,14.4,87.5,19.7,6.1,13.0,15.7,0,None
96895001110,18.9,108.7,13.2,6.4,8.4,0.1,0,None
96895001111,5.6,111.9,10.1,9.4,16.2,27.2,0,None
96895001112,5.0,5.0,0.0,3.6,11.9,12.1,0,None
96895001113,21.4,31.9,15.9,8.1,15.6,18.5,0,None
96895001114,10.9,196.0,13.0,9.6,0.1,38.1,0,None
96895001115,10.1,250.6,0.0,8.3,21.9,5.8,0,None
96895001116,11.6,17.7,7.6,7.1,12.9,0.1,0,None
96895001117,13.3,137.6,10.0,10.6,15.6,4.8,0,None
96895001118,19.1,237.1,33.1,10.2,16.1,38.1,0,None
96895001119,26.7,153.5,21.8,20.3,12.8,20.2,0,None
96895001120,8.0,131.4,24.2,6.1,0.0,24.0,0,None
96895001121,6.0,117.0,13.8,9.5,0.2,35.3,0,None
96895001122,15.0,167.8,7.4,10.6,14.3,3.7,0,None
96895001123,15.0,116.6,1.2,5.6,17.1,3.3,0,None
96895001124,9.7,166.6,27.9,4.7,1.3,31.1,0,None
96895001125,14.0,66.2,8.5,11.2,19.5,18.4,0,None
96895001126,12.1,107.5,22.9,9.9,13.0,20.3,0,None
96895001127,8.7,195.6,19.2,11.9,2.2,0.1,0,None
96895001128,9.8,184.3,12.1,12.2,16.3,0.1,0,None
96895001129,19.9,188.0,24.3,15.7,11.4,44.6,0,None
96895001130,7.3,5.0,25.8,14.6,12.9,50.2,0,None
96895001131,12.3,175.5,8.7,11.3,10.8,18.7,0,None
96895001132,17.9,145.6,17.5,14.8,18.6,7.1,0,None
96895001133,16.3,116.6,24.3,6.0,22.6,18.8,0,None
96895001134,12.1,131.1,20.0,14.0,18.2,15.9,0,None
96895001135,23.5,86.9,0.0,9.9,8.4,35.6,0,None
96895001136,11.9,141.0,6.5,5.8,8.0,12.5,0,None
96895001137,10.1,179.6,15.7,14.1,9.4,30.0,0,None
96895001138,13.3,144.6,2.3,15.4,0.0,38.0,0,None
96895001139,18.3,79.7,15.2,13.1,13.6,16.0,0,None
96895001140,18.5,78.0,0.0,10.8,17.0,46.8,0,None
96895001141,7.5,6.8,19.7,8.9,31.5,19.8,0,None
96895001142,15.9,193.4,6.7,6.7,14.9,21.7,0,None
96895001143,17.2,143.8,4.8,10.0,12.4,19.8,0,None
96895001144,10.7,120.0,22.8,3.3,20.9,11.9,0,None
96895001145,13.1,144.8,8.4,15.3,6.1,17.3,0,None
96895001146,214.3,22.2,406.5,106.9,47.8,5.0,1,SIM-Box
96895001147,20.9,115.8,6.4,16.2,18.6,22.8,0,None
96895001148,18.6,115.1,16.9,12.5,24.6,28.5,0,None
96895001149,19.8,152.1,0.0,1.0,9.6,25.9,0,None
96895001150,7.5,16.9,9.4,8.0,4.3,21.2,0,None
96895001151,22.2,159.5,26.7,7.2,15.2,20.4,0,None
96895001152,13.8,213.5,20.5,10.9,17.8,20.6,0,None
96895001153,13.6,171.8,3.8,14.5,23.0,18.6,0,None
96895001154,16.6,214.1,11.4,5.9,5.1,11.4,0,None
96895001155,2.7,170.9,7.7,7.4,9.2,19.4,0,None
96895001156,13.6,210.4,22.1,8.7,0.1,19.4,0,None
96895001157,19.0,189.9,0.0,8.0,4.5,0.1,0,None
96895001158,6.1,170.0,10.7,6.9,14.0,6.2,0,None
96895001159,14.9,141.8,0.0,8.4,11.8,0.1,0,None
96895001160,9.7,240.2,0.0,12.5,15.6,9.3,0,None
96895001161,9.5,329.1,9.9,11.7,20.6,41.5,0,None
96895001162,11.5,5.0,5.8,7.8,26.7,9.8,0,None
96895001163,13.0,186.4,0.0,7.1,25.4,26.2,0,None
96895001164,135.3,30.0,7.3,147.5,10.2,3.3,1,Spam-Caller
96895001165,9.6,93.4,25.1,12.5,30.9,36.9,0,None
96895001166,15.5,130.4,1.0,11.8,2.9,20.8,0,None
96895001167,15.8,90.6,8.3,16.7,0.0,37.2,0,None
96895001168,9.3,160.9,11.4,11.6,10.5,27.0,0,None
96895001169,10.1,182.7,20.7,7.9,21.9,0.1,0,None
96895001170,13.0,143.1,0.0,7.8,20.7,0.1,0,None
96895001171,15.6,146.4,11.5,14.8,13.4,22.4,0,None
96895001172,8.7,46.1,10.3,6.4,20.7,20.4,0,None
96895001173,11.8,120.4,20.3,18.5,3.4,0.1,0,None
96895001174,23.4,6.5,1.0,8.6,12.1,17.3,0,None
96895001175,10.4,149.2,5.6,9.9,11.5,28.1,0,None
96895001176,6.3,124.5,0.0,8.4,10.6,12.5,0,None
96895001177,11.9,136.5,9.4,11.6,8.3,2.0,0,None
96895001178,15.0,131.4,8.7,2.6,10.4,10.0,0,None
96895001179,13.7,186.2,16.5,8.7,17.5,15.5,0,None
96895001180,20.2,183.1,31.3,5.6,0.0,30.6,0,None
96895001181,19.0,102.6,13.9,6.6,12.4,23.6,0,None
96895001182,15.7,252.2,11.9,11.6,13.4,34.4,0,None
96895001183,13.1,119.9,9.2,6.0,9.2,21.1,0,None
96895001184,12.7,87.4,34.9,7.9,10.2,27.8,0,None
96895001185,12.7,162.3,8.2,1.0,13.8,34.9,0,None
96895001186,2.6,65.0,21.7,9.3,19.4,3.3,0,None
96895001187,9.8,198.8,27.4,11.3,17.1,2.3,0,None
96895001188,12.2,108.3,15.9,11.9,11.9,15.5,0,None
96895001189,13.3,99.2,5.9,13.7,10.1,17.1,0,None
96895001190,15.2,245.6,25.7,17.6,32.4,6.0,0,None
96895001191,10.2,140.4,2.8,5.1,21.4,3.2,0,None
96895001192,10.4,82.4,20.1,10.3,7.7,23.8,0,None
96895001193,16.2,207.6,7.7,13.1,20.0,27.8,0,None
96895001194,15.1,201.5,13.9,1.5,16.2,24.3,0,None
96895001195,11.0,206.7,23.7,8.8,24.0,41.9,0,None
96895001196,10.5,66.3,21.1,18.4,15.5,5.6,0,None
96895001197,5.5,131.9,25.2,7.9,14.6,41.6,0,None
96895001198,12.5,161.1,25.8,10.4,22.0,6.4,0,None
96895001199,11.2,149.4,7.0,2.2,10.5,4.2,0,None
96895001200,9.9,141.3,18.6,10.1,20.8,19.3,0,None
96895001201,8.8,143.4,9.2,12.3,5.3,14.0,0,None
96895001202,18.3,113.3,28.7,15.5,19.6,3.8,0,None
96895001203,15.6,117.6,16.0,15.3,28.2,9.3,0,None
96895001204,5.8,135.4,17.2,10.2,6.7,32.2,0,None
96895001205,12.3,178.5,15.7,21.0,1.9,5.6,0,None
96895001206,8.8,148.1,25.2,14.2,3.6,11.9,0,None
96895001207,8.1,101.8,19.3,15.1,0.0,27.1,0,None
96895001208,16.0,38.4,4.4,7.7,10.7,16.9,0,None
96895001209,17.8,197.0,20.7,11.3,7.7,18.8,0,None
96895001210,23.4,137.8,16.9,4.3,14.0,26.8,0,None
96895001211,13.2,200.5,12.0,13.8,12.0,31.1,0,None
96895001212,7.6,248.6,16.9,14.7,8.3,37.7,0,None
96895001213,5.1,167.7,13.9,13.3,24.5,16.1,0,None
96895001214,17.7,163.5,11.4,11.5,13.0,62.6,0,None
96895001215,6.2,6.6,18.8,4.3,11.0,28.3,0,None
96895001216,15.8,162.5,26.4,9.9,13.4,8.5,0,None
96895001217,1.8,91.6,33.8,9.6,14.6,13.7,0,None
96895001218,22.1,251.7,0.0,14.8,10.5,18.5,0,None
96895001219,3.4,196.0,0.0,7.5,12.3,8.7,0,None
96895001220,4.7,154.4,19.4,9.9,3.4,16.1,0,None
96895001221,14.5,193.9,9.8,7.1,10.0,33.5,0,None
96895001222,13.0,194.6,25.7,6.9,13.9,2.5,0,None
96895001223,8.1,221.6,11.0,3.5,12.3,19.8,0,None
96895001224,9.3,192.0,3.5,10.4,10.0,25.9,0,None
96895001225,13.1,153.4,28.1,12.1,9.1,18.9,0,None
96895001226,10.7,130.5,0.0,4.3,6.0,23.6,0,None
96895001227,5.6,266.9,15.0,8.1,3.1,5.6,0,None
96895001228,21.0,152.1,0.0,11.9,6.0,29.0,0,None
96895001229,21.7,170.8,18.9,15.3,11.2,23.3,0,None
96895001230,7.2,225.3,30.7,11.4,27.6,32.1,0,None
96895001231,11.8,179.0,18.6,4.5,8.1,7.9,0,None
96895001232,15.2,103.1,5.3,9.9,0.0,2.3,0,None
96895001233,13.6,166.6,12.6,7.0,10.7,36.1,0,None
96895001234,6.8,195.5,23.9,6.1,14.9,59.6,0,None
96895001235,9.7,68.5,13.8,3.8,6.5,10.9,0,None
96895001236,0.0,84.5,12.4,6.9,22.5,13.7,0,None
96895001237,11.1,145.9,13.6,8.3,2.4,0.1,0,None
96895001238,2.0,209.8,11.5,7.5,14.3,11.2,0,None
96895001239,14.5,293.3,5.5,3.1,13.6,38.3,0,None
96895001240,11.5,176.7,13.8,8.5,0.5,24.8,0,None
96895001241,15.6,143.2,14.4,11.7,12.0,27.9,0,None
96895001242,13.8,200.8,1.5,5.3,11.5,38.0,0,None
96895001243,5.2,204.0,17.2,5.0,4.5,0.1,0,None
96895001244,10.1,215.8,0.0,6.3,10.6,5.9,0,None
96895001245,14.0,69.7,18.7,10.4,19.4,8.8,0,None
96895001246,21.2,107.4,15.8,13.2,7.8,26.0,0,None
96895001247,20.4,106.9,16.0,14.6,1.3,19.1,0,None
96895001248,5.6,90.5,19.0,7.3,15.7,11.3,0,None
96895001249,14.9,72.8,13.1,10.4,27.8,13.1,0,None
96895001250,2.4,133.3,11.6,9.5,10.1,26.5,0,None
96895001251,8.6,91.2,19.0,9.3,0.0,36.7,0,None
96895001252,16.0,132.9,10.8,2.7,13.4,46.0,0,None
96895001253,2.7,170.3,11.6,11.4,10.3,9.9,0,None
96895001254,13.1,216.2,0.0,1.9,5.3,15.9,0,None
96895001255,14.3,118.5,21.8,13.2,6.1,13.6,0,None
96895001256,13.2,187.7,2.7,14.2,25.4,26.2,0,None
96895001257,6.4,116.3,0.0,13.1,8.2,11.1,0,None
96895001258,9.8,208.7,10.4,2.3,4.3,35.9,0,None
96895001259,18.4,186.5,0.2,7.1,5.6,9.2,0,None
96895001260,25.4,80.8,4.3,9.2,2.7,44.9,0,None
96895001261,4.3,35.4,32.4,13.1,2.2,15.1,0,None
96895001262,11.9,158.5,8.7,12.2,8.6,5.1,0,None
96895001263,7.6,44.9,4.8,11.3,16.1,18.5,0,None
96895001264,12.1,146.5,19.0,6.7,20.5,17.3,0,None
96895001265,0.0,214.2,16.0,6.4,16.2,22.0,0,None
96895001266,6.6,207.3,23.6,10.8,11.9,39.8,0,None
96895001267,14.1,208.1,15.1,10.6,5.1,22.2,0,None
96895001268,13.6,5.0,0.0,9.1,10.0,15.9,0,None
96895001269,11.4,234.0,10.0,7.1,14.7,8.8,0,None
96895001270,6.0,181.1,16.0,5.8,9.7,0.1,0,None
96895001271,7.7,129.2,27.4,4.4,6.7,0.1,0,None
96895001272,13.5,152.3,0.0,13.2,3.8,31.0,0,None
96895001273,15.7,57.9,6.9,7.7,4.1,0.2,0,None
96895001274,15.8,137.7,0.7,9.7,18.5,14.2,0,None
96895001275,21.5,184.3,0.0,12.5,0.0,16.0,0,None
96895001276,11.4,68.7,33.0,5.8,22.8,4.3,0,None
96895001277,0.0,145.3,13.4,8.4,17.7,6.1,0,None
96895001278,18.2,87.7,2.2,6.2,12.0,24.9,0,None
96895001279,25.0,200.1,2.2,8.5,9.0,13.2,0,None
96895001280,8.8,126.9,4.4,10.5,0.0,0.1,0,None
96895001281,6.9,187.2,4.6,20.2,15.8,11.4,0,None
96895001282,17.8,215.8,19.3,1.8,8.6,0.1,0,None
96895001283,17.7,177.5,16.6,3.7,3.7,0.1,0,None
96895001284,12.0,117.9,6.6,9.1,26.2,1.7,0,None
96895001285,7.3,50.3,15.5,14.0,0.0,30.9,0,None
96895001286,12.8,221.7,15.9,8.3,15.0,0.1,0,None
96895001287,7.9,36.6,19.0,7.6,19.8,28.4,0,None
96895001288,13.3,261.5,12.3,5.3,8.0,18.5,0,None
96895001289,6.2,180.4,23.1,2.2,7.4,6.0,0,None
96895001290,15.9,210.1,19.2,6.5,20.9,16.0,0,None
96895001291,1.4,65.6,18.2,7.9,19.7,24.0,0,None
96895001292,17.1,226.3,4.5,14.3,0.0,14.3,0,None
96895001293,11.2,39.5,20.3,8.6,16.4,30.6,0,None
96895001294,9.3,78.3,11.7,9.1,13.9,11.2,0,None
96895001295,14.6,205.8,5.0,10.7,4.4,26.0,0,None
96895001296,11.9,155.2,33.4,8.4,15.2,18.3,0,None
96895001297,11.0,197.9,8.1,8.7,2.7,16.6,0,None
96895001298,16.7,80.9,10.5,12.3,5.7,19.2,0,None
96895001299,0.0,83.9,22.3,6.4,17.6,13.5,0,None
96895001300,14.6,90.9,0.0,2.3,6.3,43.2,0,None
96895001301,9.1,54.0,11.7,5.9,7.0,9.3,0,None
96895001302,6.0,188.3,5.6,8.6,11.2,31.2,0,None
96895001303,259.4,45.4,381.5,134.3,49.4,3.2,1,SIM-Box
96895001304,12.0,45.3,3.2,9.9,10.0,1.6,0,None
96895001305,11.8,201.5,30.9,6.1,11.2,7.5,0,None
96895001306,17.5,326.9,7.5,5.7,19.5,23.7,0,None
96895001307,15.6,186.1,489.7,8.9,7.9,19.4,0,None
96895001308,10.5,37.0,8.7,3.4,33.1,29.4,0,None
96895001309,14.2,146.6,345.5,10.1,7.2,17.7,0,None
96895001310,18.2,168.2,1.4,4.5,22.9,27.8,0,None
96895001311,20.4,58.4,16.6,6.9,16.1,13.4,0,None
96895001312,15.0,231.1,27.0,13.7,3.8,41.5,0,None
96895001313,9.9,217.7,0.0,12.6,0.0,21.8,0,None
96895001314,11.6,200.7,30.0,9.2,14.7,14.8,0,None
96895001315,4.7,74.5,8.7,7.8,3.3,23.1,0,None
96895001316,26.8,94.9,21.7,1.4,4.4,35.2,0,None
96895001317,14.5,190.1,8.4,14.1,16.2,26.0,0,None
96895001318,17.3,157.6,12.3,7.4,19.3,11.3,0,None
96895001319,14.4,115.4,10.7,16.9,18.3,21.0,0,None
96895001320,13.2,122.5,23.6,12.5,9.9,44.6,0,None
96895001321,8.8,216.1,6.3,12.2,8.0,4.2,0,None
96895001322,13.3,221.7,20.2,5.5,1.3,2.9,0,None
96895001323,6.9,121.7,0.0,7.7,16.0,16.7,0,None
96895001324,8.2,203.6,21.0,2.5,9.3,24.9,0,None
96895001325,13.9,199.6,21.5,8.7,16.9,24.7,0,None
96895001326,18.5,159.4,18.7,6.1,12.2,16.4,0,None
96895001327,7.8,221.3,13.9,10.7,10.3,15.9,0,None
96895001328,0.3,212.7,5.2,10.9,16.0,16.9,0,None
96895001329,18.4,113.5,0.0,8.1,11.4,28.5,0,None
96895001330,16.5,161.5,10.0,7.4,15.9,5.2,0,None
96895001331,8.7,40.1,0.0,3.0,11.1,6.0,0,None
96895001332,18.5,158.6,10.6,3.1,10.3,19.6,0,None
96895001333,23.1,100.1,25.6,6.4,17.4,22.4,0,None
96895001334,3.9,144.1,5.8,8.7,21.6,20.7,0,None
96895001335,14.1,78.3,0.0,11.6,12.8,40.1,0,None
96895001336,10.5,121.3,11.4,9.2,0.9,27.4,0,None
96895001337,10.1,252.0,0.0,8.6,10.9,12.6,0,None
96895001338,20.0,82.4,16.4,12.6,13.0,11.5,0,None
96895001339,18.1,154.3,9.9,11.5,9.0,34.2,0,None
96895001340,18.9,164.5,7.0,4.8,20.0,8.0,0,None
96895001341,13.7,165.8,0.1,11.4,25.5,12.4,0,None
96895001342,18.2,169.4,18.7,7.5,0.0,6.3,0,None
96895001343,16.2,214.5,14.4,11.8,20.1,20.6,0,None
96895001344,13.5,101.7,7.5,7.0,16.8,8.9,0,None
96895001345,4.1,189.1,12.7,11.8,7.2,8.7,0,None
96895001346,11.2,209.9,8.8,7.6,22.5,26.6,0,None
96895001347,5.7,274.1,23.7,10.5,11.4,18.4,0,None
96895001348,8.2,163.9,0.0,13.4,21.0,45.8,0,None
96895001349,7.9,101.0,0.0,7.3,27.7,51.6,0,None
96895001350,12.5,179.8,24.6,9.6,0.0,9.8,0,None
96895001351,7.7,83.3,11.5,1.9,20.4,8.1,0,None
96895001352,12.3,253.1,25.1,7.4,0.7,15.5,0,None
96895001353,8.7,160.1,0.0,3.0,0.0,15.9,0,None
96895001354,12.4,175.6,0.0,8.2,10.6,19.6,0,None
96895001355,13.0,146.4,12.2,5.0,5.4,5.9,0,None
96895001356,15.7,114.7,14.5,5.0,16.6,13.5,0,None
96895001357,17.8,82.7,0.0,15.1,16.8,56.3,0,None
96895001358,12.0,175.5,0.5,8.6,6.3,18.2,0,None
96895001359,16.1,188.7,11.2,7.0,11.0,16.7,0,None
96895001360,15.3,152.8,8.4,4.6,13.9,29.6,0,None
96895001361,8.1,177.6,13.3,5.3,5.2,39.2,0,None
96895001362,18.6,165.0,18.9,15.1,15.9,4.8,0,None
96895001363,12.8,155.9,0.0,8.4,12.6,16.9,0,None
96895001364,15.7,91.5,12.3,11.5,2.6,20.1,0,None
96895001365,8.4,207.3,13.9,6.5,15.1,19.4,0,None
96895001366,6.2,179.2,31.9,12.1,4.9,7.9,0,None
96895001367,23.9,116.1,4.2,9.7,13.1,24.9,0,None
96895001368,13.5,177.5,12.3,17.8,22.3,27.8,0,None
96895001369,21.7,193.1,8.9,16.4,8.0,1.0,0,None
96895001370,3.3,148.0,8.3,5.4,14.0,6.9,0,None
96895001371,8.7,137.2,0.0,9.1,11.4,22.4,0,None
96895001372,219.9,60.0,341.8,119.1,44.1,4.2,1,SIM-Box
96895001373,21.2,91.9,2.0,10.7,16.5,55.7,0,None
96895001374,12.9,43.4,1.3,6.8,11.6,16.1,0,None
96895001375,13.2,98.2,0.6,6.2,7.6,0.1,0,None
96895001376,5.6,170.6,7.4,12.0,11.4,11.8,0,None
96895001377,17.2,93.1,1.3,9.4,20.4,28.8,0,None
96895001378,17.5,53.0,10.3,12.9,6.2,11.7,0,None
96895001379,5.9,154.7,16.5,11.6,15.0,44.1,0,None
96895001380,8.1,157.7,18.0,7.3,2.1,11.4,0,None
96895001381,17.0,183.8,17.2,6.4,17.3,21.4,0,None
96895001382,7.7,120.5,416.8,7.6,1.3,5.7,0,None
96895001383,9.8,125.3,25.9,4.2,22.9,9.7,0,None
96895001384,10.7,225.2,8.2,16.7,10.9,22.9,0,None
96895001385,11.8,201.7,39.0,8.0,9.1,4.1,0,None
96895001386,8.6,222.0,19.0,14.2,8.4,34.2,0,None
96895001387,9.0,140.1,0.0,13.0,14.4,30.0,0,None
96895001388,12.1,185.7,13.1,13.3,0.0,38.7,0,None
96895001389,0.0,142.6,0.0,8.8,1.3,19.9,0,None
96895001390,30.8,272.5,27.7,10.1,10.0,7.8,0,None
96895001391,9.3,139.6,7.1,3.2,12.2,24.2,0,None
96895001392,6.2,161.7,0.9,8.3,19.6,10.9,0,None
96895001393,14.4,206.6,6.6,4.1,8.4,27.4,0,None
96895001394,14.5,192.6,6.7,8.0,10.6,25.0,0,None
96895001395,11.4,237.1,11.8,7.4,5.5,24.8,0,None
96895001396,13.2,264.7,23.3,5.8,6.5,57.8,0,None
96895001397,11.6,127.7,15.9,8.7,8.6,29.6,0,None
96895001398,12.3,107.1,13.4,9.7,2.6,5.2,0,None
96895001399,15.5,223.8,23.2,12.8,0.4,22.7,0,None
96895001400,15.0,153.1,0.0,10.0,7.9,5.3,0,None
96895001401,17.4,180.3,15.4,15.0,22.4,0.1,0,None
96895001402,7.9,144.1,2.2,7.4,11.3,15.7,0,None
96895001403,15.2,166.2,2.6,3.4,25.8,21.3,0,None
96895001404,6.2,249.4,17.8,15.0,9.8,31.4,0,None
96895001405,19.4,92.5,25.4,7.8,23.8,38.4,0,None
96895001406,1.0,92.0,5.8,9.6,11.5,8.5,0,None
96895001407,6.1,67.3,2.6,7.7,13.3,0.1,0,None
96895001408,9.8,171.7,9.7,15.7,17.3,0.1,0,None
96895001409,9.1,239.8,0.0,12.6,11.2,0.1,0,None
96895001410,17.6,228.2,23.7,16.0,0.7,5.2,0,None
96895001411,15.8,233.1,2.1,4.7,9.9,29.5,0,None
96895001412,6.0,132.9,7.7,4.7,8.0,11.0,0,None
96895001413,8.1,175.1,0.0,8.7,18.2,0.1,0,None
96895001414,8.9,249.0,19.5,3.2,14.0,23.6,0,None
96895001415,8.9,106.0,19.2,7.9,0.0,23.2,0,None
96895001416,27.3,163.1,0.0,11.2,14.7,39.2,0,None
96895001417,12.0,176.2,6.0,6.2,17.4,16.2,0,None
96895001418,27.5,100.5,16.5,6.8,16.4,51.4,0,None
96895001419,16.7,266.7,14.3,4.7,12.3,30.9,0,None
96895001420,13.4,89.2,0.0,6.5,14.4,2.8,0,None
96895001421,10.6,206.5,12.2,9.8,9.8,23.8,0,None
96895001422,10.0,156.4,5.7,9.9,8.0,28.1,0,None
96895001423,14.0,123.2,1.7,8.4,0.6,17.5,0,None
96895001424,24.6,29.0,31.5,9.5,0.0,26.0,0,None
96895001425,14.1,113.5,14.8,10.8,15.8,19.6,0,None
96895001426,27.6,61.4,16.4,7.7,21.3,28.7,0,None
96895001427,12.4,72.5,5.1,16.9,16.7,22.0,0,None
96895001428,11.4,147.7,16.1,11.6,21.7,13.8,0,None
96895001429,25.5,111.7,0.0,9.4,6.5,23.3,0,None
96895001430,4.9,146.2,23.2,5.0,10.2,8.4,0,None
96895001431,7.2,5.0,1.6,11.3,0.7,29.7,0,None
96895001432,4.7,160.5,0.0,9.8,23.8,20.4,0,None
96895001433,9.2,183.9,0.0,2.1,15.9,24.9,0,None
96895001434,11.4,150.8,9.1,12.1,13.5,39.3,0,None
96895001435,9.8,148.5,16.5,13.1,9.9,24.6,0,None
96895001436,22.0,174.9,0.0,10.1,11.7,13.2,0,None
96895001437,4.1,142.7,16.5,10.6,13.9,31.7,0,None
96895001438,6.3,89.9,23.2,7.5,14.0,1.6,0,None
96895001439,6.1,219.5,14.9,13.7,12.1,29.4,0,None
96895001440,14.2,119.1,14.2,15.1,9.5,21.2,0,None
96895001441,4.8,158.6,11.3,10.7,1.8,9.5,0,None
96895001442,9.0,275.3,26.5,12.3,10.4,7.9,0,None
96895001443,14.3,220.4,12.5,1.5,11.5,35.9,0,None
96895001444,24.6,183.5,12.2,14.5,12.9,30.1,0,None
96895001445,9.7,79.4,19.7,15.9,11.8,29.8,0,None
96895001446,19.4,158.4,26.5,14.7,6.4,47.5,0,None
96895001447,7.3,141.6,27.3,9.2,14.3,0.1,0,None
96895001448,14.8,93.2,493.3,7.7,13.5,23.9,0,None
96895001449,1.7,163.5,23.8,14.7,10.2,13.4,0,None
96895001450,12.0,201.0,0.0,12.3,16.2,2.2,0,None
96895001451,16.6,214.3,0.8,15.9,5.8,28.5,0,None
96895001452,23.2,205.9,0.0,16.0,4.1,8.1,0,None
96895001453,14.8,130.6,15.2,14.7,19.2,12.6,0,None
96895001454,17.5,273.0,36.9,8.1,11.9,19.7,0,None
96895001455,15.5,184.3,13.1,5.5,14.8,15.2,0,None
96895001456,7.5,248.4,3.9,14.4,21.1,26.1,0,None
96895001457,8.3,56.3,8.6,7.7,9.9,0.1,0,None
96895001458,15.0,113.8,0.0,13.2,14.2,41.5,0,None
96895001459,6.1,5.0,23.8,5.5,15.1,16.1,0,None
96895001460,14.3,190.1,35.9,4.8,11.8,35.8,0,None
96895001461,14.4,170.0,3.6,15.8,13.8,11.2,0,None
96895001462,13.7,128.9,13.5,12.0,12.5,10.3,0,None
96895001463,10.6,145.4,0.0,11.5,21.7,21.9,0,None
96895001464,18.4,150.9,13.6,9.5,15.5,15.6,0,None
96895001465,18.0,28.7,17.2,9.1,19.8,9.9,0,None
96895001466,6.3,146.6,0.0,10.5,1.4,2.8,0,None
96895001467,18.6,169.9,3.9,9.4,7.5,32.8,0,None
96895001468,13.8,31.5,0.0,7.1,5.1,52.6,0,None
96895001469,8.4,166.2,0.0,1.3,5.4,37.4,0,None
96895001470,23.2,237.9,19.1,12.1,20.2,29.4,0,None
96895001471,12.4,140.5,32.2,5.5,7.3,16.8,0,None
96895001472,12.8,88.4,2.2,9.0,5.2,15.5,0,None
96895001473,20.5,166.8,0.0,9.9,17.5,4.1,0,None
96895001474,13.9,253.5,9.8,11.1,7.0,17.3,0,None
96895001475,6.3,130.9,3.0,14.1,6.2,34.1,0,None
96895001476,11.5,121.0,15.5,8.4,2.4,2.3,0,None
96895001477,8.3,185.0,24.1,8.5,8.7,2.8,0,None
96895001478,13.5,269.2,13.5,7.4,3.2,23.3,0,None
96895001479,12.7,31.3,34.0,10.8,8.1,10.4,0,None
96895001480,6.6,143.0,30.1,13.4,8.5,27.8,0,None
96895001481,3.1,170.1,6.3,7.9,8.5,32.5,0,None
96895001482,15.0,178.4,18.6,1.0,4.4,10.8,0,None
96895001483,1.8,111.0,26.9,18.6,14.6,18.4,0,None
96895001484,1.3,102.2,0.0,4.2,16.6,9.4,0,None
96895001485,8.9,150.7,11.5,6.2,24.3,2.1,0,None
96895001486,160.6,20.8,0.0,126.0,21.5,2.0,1,Spam-Caller
96895001487,17.4,165.2,41.3,12.3,0.0,0.1,0,None
96895001488,13.4,141.5,14.6,6.6,3.6,0.1,0,None
96895001489,13.6,66.3,11.6,7.1,2.2,35.4,0,None
96895001490,7.7,138.8,7.2,7.7,16.9,20.6,0,None
96895001491,93.6,53.2,326.7,153.0,26.2,3.2,1,SIM-Box
96895001492,2.4,94.5,14.9,8.6,5.5,27.1,0,None
96895001493,7.0,149.5,8.9,15.2,7.5,39.1,0,None
96895001494,14.7,57.4,2.8,7.4,13.0,9.8,0,None
96895001495,22.5,59.0,4.2,5.8,13.6,10.7,0,None
96895001496,12.2,193.3,14.3,5.0,15.1,29.0,0,None
96895001497,12.8,176.8,26.0,7.6,9.8,19.3,0,None
96895001498,8.3,127.8,12.9,1.0,18.3,20.3,0,None
96895001499,7.8,24.0,12.5,10.1,7.7,15.8,0,None
96895001500,8.4,200.7,3.6,9.6,1.5,3.7,0,None
96895001501,8.8,68.9,0.0,5.4,17.6,0.1,0,None
96895001502,28.6,167.3,3.0,5.0,0.0,25.9,0,None
96895001503,12.4,217.0,345.0,3.8,13.2,16.2,0,None
96895001504,12.4,37.2,11.2,9.3,6.4,25.6,0,None
96895001505,3.9,195.1,15.3,12.8,17.4,17.6,0,None
96895001506,0.0,339.1,8.3,10.1,9.2,39.8,0,None
96895001507,11.4,179.6,15.9,8.5,21.5,36.5,0,None
96895001508,19.1,147.3,25.3,12.2,16.3,28.7,0,None
96895001509,8.1,227.7,0.0,13.3,19.5,34.3,0,None
96895001510,4.5,205.1,25.5,6.6,1.5,30.0,0,None
96895001511,11.1,84.8,6.3,15.0,9.7,12.1,0,None
96895001512,13.0,175.9,12.3,10.0,8.6,10.4,0,None
96895001513,12.1,197.6,19.2,8.4,1.5,16.2,0,None
96895001514,10.9,107.0,13.9,13.3,18.6,22.1,0,None
96895001515,12.8,186.7,12.8,1.0,22.4,27.4,0,None
96895001516,3.6,164.6,0.0,9.9,16.7,1.8,0,None
96895001517,11.2,115.3,8.4,13.3,0.0,25.3,0,None
96895001518,3.8,165.4,7.2,15.1,15.1,0.1,0,None
96895001519,13.1,141.1,8.7,15.1,19.1,33.1,0,None
96895001520,10.2,201.7,9.3,13.2,17.9,9.3,0,None
96895001521,10.9,69.1,0.0,10.7,9.7,22.6,0,None
96895001522,4.6,117.7,27.6,6.9,13.0,31.9,0,None
96895001523,13.7,163.4,30.5,9.4,17.0,13.9,0,None
96895001524,17.4,161.9,0.0,1.0,18.3,10.3,0,None
96895001525,120.8,21.5,4.6,142.6,14.5,4.0,1,Spam-Caller
96895001526,7.4,99.1,17.0,7.3,15.5,37.3,0,None
96895001527,7.9,140.9,2.0,8.6,8.3,22.6,0,None
96895001528,12.7,117.7,16.6,4.5,11.0,31.4,0,None
96895001529,16.2,211.8,9.2,3.3,0.8,20.3,0,None
96895001530,13.2,147.1,7.5,12.2,12.3,16.3,0,None
96895001531,13.1,149.6,21.2,3.2,17.3,9.0,0,None
96895001532,10.2,204.8,11.5,6.8,9.8,33.1,0,None
96895001533,7.6,192.8,10.3,2.8,7.7,0.1,0,None
96895001534,19.0,39.8,0.0,1.2,9.3,18.3,0,None
96895001535,15.7,173.2,4.3,10.6,5.2,14.6,0,None
96895001536,14.6,101.2,0.0,19.3,18.1,18.9,0,None
96895001537,12.6,174.9,14.7,13.8,6.6,4.6,0,None
96895001538,2.4,43.1,0.8,15.0,7.4,7.0,0,None
96895001539,13.5,148.6,17.3,12.6,32.2,11.6,0,None
96895001540,12.9,91.1,26.1,4.9,8.2,10.6,0,None
96895001541,7.1,122.6,19.3,3.3,10.7,20.4,0,None
96895001542,6.4,190.7,22.3,12.9,7.5,39.6,0,None
96895001543,8.7,99.3,3.5,7.6,5.5,29.2,0,None
96895001544,14.7,37.8,10.9,9.0,26.1,31.7,0,None
96895001545,9.6,95.8,2.1,12.5,34.4,25.4,0,None
96895001546,14.7,155.7,4.3,1.0,1.9,10.2,0,None
96895001547,13.0,189.9,6.4,4.4,13.8,1.4,0,None
96895001548,9.7,151.6,12.3,11.3,0.0,30.2,0,None
96895001549,16.9,169.7,15.9,10.5,3.3,32.1,0,None
96895001550,11.2,201.2,0.7,3.3,17.2,15.6,0,None
96895001551,5.4,247.9,32.8,11.2,10.8,21.1,0,None
96895001552,16.3,96.8,16.6,8.6,9.3,38.7,0,None
96895001553,10.4,56.2,6.5,17.2,22.1,19.3,0,None
96895001554,14.4,182.6,0.0,7.2,0.0,24.6,0,None
96895001555,4.6,205.5,0.0,14.5,20.9,12.5,0,None
96895001556,12.4,183.3,19.9,7.4,13.4,0.1,0,None
96895001557,2.0,196.6,0.7,5.8,15.2,16.6,0,None
96895001558,9.2,84.6,19.4,7.6,19.8,31.3,0,None
96895001559,16.5,113.8,19.5,16.6,12.1,27.0,0,None
96895001560,5.4,192.1,8.0,7.6,4.4,0.2,0,None
96895001561,12.6,89.7,15.2,11.5,19.1,22.9,0,None
96895001562,8.5,83.6,1.2,8.5,8.9,34.9,0,None
96895001563,4.7,132.2,21.7,5.7,5.8,9.5,0,None
96895001564,14.9,160.1,0.0,11.5,18.0,14.1,0,None
96895001565,12.6,190.8,10.4,7.2,19.3,25.5,0,None
96895001566,19.7,58.0,8.5,11.1,7.7,27.0,0,None
96895001567,10.3,55.1,14.8,10.6,13.8,7.2,0,None
96895001568,10.9,98.6,12.5,7.4,7.1,32.8,0,None
96895001569,11.8,152.5,11.4,9.3,17.7,25.8,0,None
96895001570,13.7,97.3,24.6,8.8,7.5,29.5,0,None
96895001571,4.5,149.6,17.4,13.1,23.1,40.4,0,None
96895001572,6.5,151.6,16.1,8.7,3.4,40.6,0,None
96895001573,10.7,137.3,20.8,7.9,5.9,15.6,0,None
96895001574,2.8,118.4,10.9,11.4,22.4,34.8,0,None
96895001575,15.4,146.1,6.4,11.4,17.0,13.1,0,None
96895001576,15.1,175.2,2.6,11.3,3.2,12.0,0,None
96895001577,17.0,197.9,12.2,7.5,16.2,9.8,0,None
96895001578,10.4,169.3,19.5,8.7,1.5,17.8,0,None
96895001579,21.1,147.4,10.6,14.4,5.8,33.6,0,None
96895001580,11.8,56.1,35.7,14.4,18.6,18.3,0,None
96895001581,16.5,233.3,3.5,2.5,10.8,13.1,0,None
96895001582,3.1,151.1,4.5,13.6,24.8,36.8,0,None
96895001583,10.6,180.9,17.3,6.4,19.9,1.7,0,None
96895001584,6.2,120.1,18.7,10.3,12.4,28.1,0,None
96895001585,13.2,257.8,20.5,8.0,14.9,14.4,0,None
96895001586,10.8,115.8,0.0,15.9,12.7,11.6,0,None
96895001587,7.7,150.9,11.8,10.0,20.5,12.9,0,None
96895001588,1.6,146.1,22.6,15.6,8.9,26.8,0,None
96895001589,15.2,118.3,2.9,5.8,0.0,14.7,0,None
96895001590,15.0,185.8,12.8,12.0,0.0,7.8,0,None
96895001591,19.2,217.3,5.7,10.7,15.1,39.6,0,None
96895001592,15.1,139.5,0.0,8.1,0.0,15.9,0,None
96895001593,0.0,277.5,0.9,10.1,1.8,26.6,0,None
96895001594,17.7,162.6,15.7,4.4,6.7,7.5,0,None
96895001595,13.7,138.0,12.2,10.3,1.7,29.5,0,None
96895001596,17.4,150.5,14.0,11.9,21.7,36.5,0,None
96895001597,5.3,95.7,1.9,7.1,0.0,5.9,0,None
96895001598,2.3,135.6,0.0,13.6,12.0,32.1,0,None
96895001599,15.8,195.8,21.0,14.3,20.9,16.2,0,None
96895001600,12.2,180.0,0.0,6.6,24.6,34.3,0,None
96895001601,23.3,182.3,9.5,11.5,15.6,9.1,0,None
96895001602,13.2,214.9,28.7,7.3,15.1,20.4,0,None
96895001603,8.7,158.4,17.3,13.7,0.0,37.1,0,None
96895001604,5.5,159.9,0.0,17.1,20.8,0.1,0,None
96895001605,10.6,163.0,12.9,1.0,0.0,18.5,0,None
96895001606,12.9,222.1,11.0,4.3,0.0,31.8,0,None
96895001607,13.7,145.9,0.7,8.7,17.0,39.7,0,None
96895001608,19.8,269.2,3.3,6.1,21.6,39.2,0,None
96895001609,22.0,18.2,3.9,21.6,6.4,26.4,0,None
96895001610,19.1,199.4,31.5,10.7,19.4,22.8,0,None
96895001611,5.8,179.6,13.4,7.6,14.7,22.9,0,None
96895001612,19.0,133.0,4.5,12.9,10.2,42.5,0,None
96895001613,22.6,263.4,0.0,4.4,9.8,12.4,0,None
96895001614,13.7,177.2,29.0,20.5,5.0,16.3,0,None
96895001615,15.9,163.0,23.9,13.0,5.1,7.2,0,None
96895001616,19.0,130.8,26.8,3.6,12.0,19.2,0,None
96895001617,18.2,115.0,18.9,5.0,5.9,8.4,0,None
96895001618,163.9,45.0,349.1,126.7,45.3,5.5,1,SIM-Box
96895001619,1.4,45.5,11.1,3.2,24.0,22.0,0,None
96895001620,23.3,114.8,22.9,14.1,27.1,4.5,0,None
96895001621,2.5,181.2,30.0,7.5,11.8,0.1,0,None
96895001622,13.1,99.3,9.1,7.5,9.4,35.3,0,None
96895001623,9.6,164.8,17.6,9.3,16.6,4.9,0,None
96895001624,5.5,65.7,28.1,10.8,30.6,0.1,0,None
96895001625,14.7,150.1,17.5,2.9,9.4,14.3,0,None
96895001626,17.1,126.2,3.6,6.9,7.0,18.5,0,None
96895001627,8.9,70.0,4.7,6.2,6.1,5.9,0,None
96895001628,15.8,207.5,0.0,10.0,0.6,52.2,0,None
96895001629,11.6,126.8,7.0,13.7,11.1,8.3,0,None
96895001630,13.6,172.8,0.0,10.8,13.5,11.0,0,None
96895001631,4.5,199.4,18.8,9.8,9.0,9.4,0,None
96895001632,8.7,119.8,11.2,14.0,16.3,30.6,0,None
96895001633,21.8,171.8,4.3,12.0,11.9,35.7,0,None
96895001634,160.5,58.3,263.6,94.8,27.6,5.0,1,SIM-Box
96895001635,13.6,96.3,17.6,5.9,10.6,39.9,0,None
96895001636,6.8,205.9,37.7,3.6,19.2,32.5,0,None
96895001637,9.4,28.5,12.8,11.7,12.7,8.1,0,None
96895001638,2.3,137.0,23.6,9.4,6.9,40.9,0,None
96895001639,19.3,182.9,7.6,10.2,19.5,28.3,0,None
96895001640,9.0,100.5,7.0,4.9,9.6,44.9,0,None
96895001641,19.4,146.1,12.7,7.3,14.0,28.6,0,None
96895001642,14.1,106.0,11.1,1.6,9.2,14.1,0,None
96895001643,3.9,167.5,12.7,7.0,11.2,24.9,0,None
96895001644,0.0,175.2,0.4,5.8,15.4,24.1,0,None
96895001645,15.3,126.8,26.2,9.5,14.0,19.3,0,None
96895001646,7.5,59.0,14.0,10.5,0.0,8.2,0,None
96895001647,20.5,66.4,8.2,8.4,16.3,19.9,0,None
96895001648,10.6,105.7,11.4,11.0,14.8,18.1,0,None
96895001649,22.0,229.7,0.0,15.6,18.8,23.5,0,None
96895001650,12.3,173.7,18.8,9.0,7.3,5.0,0,None
96895001651,9.4,191.2,0.4,7.5,14.7,15.3,0,None
96895001652,197.4,52.6,260.5,166.7,48.6,4.7,1,SIM-Box
96895001653,12.4,133.9,9.3,11.0,10.1,20.0,0,None
96895001654,11.3,77.8,13.5,5.8,9.9,4.5,0,None
96895001655,3.6,125.0,27.4,13.1,2.0,2.3,0,None
96895001656,21.9,218.7,22.8,3.0,13.9,14.1,0,None
96895001657,10.9,161.4,9.7,11.9,13.1,0.1,0,None
96895001658,12.2,143.3,5.4,9.6,12.3,32.7,0,None
96895001659,10.5,121.3,5.6,8.6,21.4,17.7,0,None
96895001660,5.5,240.5,26.6,11.3,23.6,4.2,0,None
96895001661,10.0,31.9,9.4,8.2,12.6,34.3,0,None
96895001662,13.2,213.2,0.0,4.6,13.1,9.8,0,None
96895001663,11.5,125.4,18.1,7.8,7.3,13.8,0,None
96895001664,12.6,168.6,20.4,11.4,6.6,26.7,0,None
96895001665,16.1,120.8,35.8,19.9,5.4,21.6,0,None
96895001666,12.5,174.6,17.9,11.2,4.3,10.4,0,None
96895001667,21.8,282.8,25.4,13.3,9.7,11.2,0,None
96895001668,10.2,133.2,8.2,2.0,8.0,5.8,0,None
96895001669,14.3,135.9,11.6,13.2,19.9,29.0,0,None
96895001670,20.2,162.9,13.9,9.0,0.7,0.1,0,None
96895001671,1.2,81.1,0.0,9.2,21.6,24.0,0,None
96895001672,10.9,178.2,18.9,5.6,20.4,24.7,0,None
96895001673,17.6,193.3,11.9,15.2,10.9,4.7,0,None
96895001674,4.3,77.9,7.2,3.6,21.1,49.8,0,None
96895001675,16.5,86.5,22.3,12.9,16.2,15.2,0,None
96895001676,9.8,178.4,11.7,9.3,9.8,2.2,0,None
96895001677,10.7,124.2,26.3,17.1,11.3,28.3,0,None
96895001678,21.6,192.9,0.0,9.6,13.9,27.6,0,None
96895001679,16.6,146.3,6.7,9.3,0.0,46.2,0,None
96895001680,12.8,213.9,10.9,7.7,0.0,29.6,0,None
96895001681,9.2,191.7,25.6,13.0,16.9,25.1,0,None
96895001682,20.3,136.9,8.5,7.9,3.1,11.6,0,None
96895001683,7.0,161.7,0.0,2.7,3.4,22.3,0,None
96895001684,15.7,121.1,0.0,9.8,27.1,28.0,0,None
96895001685,18.3,152.3,28.1,14.7,1.0,29.4,0,None
96895001686,12.1,198.5,21.5,11.2,15.5,3.4,0,None
96895001687,23.3,175.2,4.6,15.9,13.5,29.7,0,None
96895001688,10.7,138.2,29.3,8.8,11.3,16.5,0,None
96895001689,17.1,128.6,1.0,8.3,4.8,21.3,0,None
96895001690,8.0,160.3,15.3,1.0,10.5,24.8,0,None
96895001691,15.9,168.7,9.3,14.1,10.3,0.1,0,None
96895001692,11.0,207.5,27.9,14.4,3.1,18.0,0,None
96895001693,13.6,194.4,0.0,8.0,14.3,28.6,0,None
96895001694,16.5,119.4,12.6,15.4,6.3,39.6,0,None
96895001695,4.3,241.4,15.0,7.0,4.4,7.2,0,None
96895001696,12.5,102.3,24.3,8.8,0.0,36.8,0,None
96895001697,20.9,110.0,12.1,14.7,11.0,1.8,0,None
96895001698,22.3,155.1,0.0,12.2,18.7,24.7,0,None
96895001699,16.5,136.5,4.9,3.4,0.0,42.7,0,None
96895001700,13.4,199.2,0.0,6.1,23.8,45.5,0,None
96895001701,15.4,138.6,2.7,19.4,12.4,17.4,0,None
96895001702,12.3,180.6,18.1,6.6,6.3,25.1,0,None
96895001703,10.5,59.1,0.0,13.5,13.5,22.3,0,None
96895001704,8.3,180.2,16.9,6.9,32.2,24.3,0,None
96895001705,17.9,113.2,14.9,12.5,15.7,15.5,0,None
96895001706,10.7,141.0,21.7,17.1,10.5,42.9,0,None
96895001707,4.7,241.3,11.3,7.2,11.1,4.5,0,None
96895001708,11.5,161.8,12.3,5.7,13.2,31.3,0,None
96895001709,20.1,219.2,6.6,6.4,13.9,7.2,0,None
96895001710,19.6,105.8,13.1,7.8,11.1,20.9,0,None
96895001711,10.5,92.0,23.3,11.9,13.5,29.5,0,None
96895001712,24.3,215.5,12.7,4.5,16.2,0.1,0,None
96895001713,18.0,180.7,9.7,13.1,7.4,27.2,0,None
96895001714,13.3,82.0,16.4,11.7,16.1,49.9,0,None
96895001715,9.1,113.6,8.1,11.5,5.5,12.2,0,None
96895001716,13.8,168.4,24.0,15.7,9.5,5.9,0,None
96895001717,7.8,182.9,27.3,7.0,0.6,21.7,0,None
96895001718,10.5,146.6,1.5,5.4,19.1,18.2,0,None
96895001719,15.1,187.1,9.0,7.8,10.7,22.0,0,None
96895001720,6.6,111.5,13.4,8.5,31.5,8.4,0,None
96895001721,12.7,173.2,0.0,11.4,3.4,16.9,0,None
96895001722,9.4,150.3,26.0,8.1,10.3,20.4,0,None
96895001723,18.5,5.0,19.1,15.7,16.6,36.3,0,None
96895001724,7.0,178.8,21.3,10.6,27.9,17.3,0,None
96895001725,13.1,209.2,3.2,10.2,11.3,20.1,0,None
96895001726,9.3,196.1,10.7,11.5,0.0,0.1,0,None
96895001727,6.2,142.6,12.5,15.6,3.5,36.0,0,None
96895001728,2.9,220.7,5.3,5.8,8.2,6.8,0,None
96895001729,26.7,127.3,7.0,12.3,4.4,4.4,0,None
96895001730,7.8,99.9,12.0,11.4,5.3,11.2,0,None
96895001731,19.4,238.3,13.0,12.8,18.3,6.9,0,None
96895001732,8.5,208.7,10.1,1.0,9.5,41.0,0,None
96895001733,0.5,178.4,14.4,9.8,18.6,0.1,0,None
96895001734,11.3,178.9,3.5,7.2,12.8,23.1,0,None
96895001735,25.1,176.0,9.6,10.3,1.5,36.7,0,None
96895001736,3.7,174.6,20.3,17.4,16.4,6.3,0,None
96895001737,12.1,35.5,18.1,1.5,0.0,4.7,0,None
96895001738,7.9,102.8,6.3,9.9,22.2,34.5,0,None
96895001739,7.2,134.5,12.2,6.8,19.4,40.6,0,None
96895001740,14.2,151.5,14.7,3.5,6.5,16.9,0,None
96895001741,10.9,233.3,13.2,10.1,4.2,14.4,0,None
96895001742,19.6,117.2,7.5,5.3,9.4,6.2,0,None
96895001743,12.1,5.0,2.7,9.2,9.6,5.7,0,None
96895001744,4.8,252.0,6.9,10.1,9.5,6.7,0,None
96895001745,5.7,246.5,6.0,12.5,17.4,7.9,0,None
96895001746,14.9,78.6,0.0,12.2,3.4,28.8,0,None
96895001747,10.1,150.2,13.2,9.6,12.0,7.3,0,None
96895001748,7.1,289.2,13.0,6.0,9.9,0.8,0,None
96895001749,11.8,50.6,32.8,9.3,4.0,17.4,0,None
96895001750,5.6,262.3,1.9,3.8,15.1,6.0,0,None
96895001751,10.7,184.2,28.6,6.6,0.6,18.0,0,None
96895001752,13.1,5.0,3.9,7.6,14.2,30.7,0,None
96895001753,10.1,259.2,6.7,10.5,14.7,35.2,0,None
96895001754,6.8,208.5,13.1,17.5,24.9,18.1,0,None
96895001755,5.2,113.5,5.8,6.3,10.4,15.2,0,None
96895001756,14.5,167.6,5.7,13.5,0.0,24.8,0,None
96895001757,25.0,290.9,3.9,7.3,8.9,28.1,0,None
96895001758,11.7,144.1,24.0,14.4,0.0,7.5,0,None
96895001759,16.7,187.6,2.6,8.8,1.5,14.8,0,None
96895001760,14.5,112.5,0.0,11.2,10.1,20.0,0,None
96895001761,22.6,183.1,12.8,5.8,17.5,8.8,0,None
96895001762,19.3,169.7,13.3,2.5,11.0,32.6,0,None
96895001763,14.2,99.7,0.0,15.3,15.8,14.8,0,None
96895001764,8.3,215.8,22.9,9.1,27.3,0.1,0,None
96895001765,8.7,154.8,11.0,8.1,0.0,32.4,0,None
96895001766,3.1,25.5,9.0,11.8,13.3,28.5,0,None
96895001767,16.9,59.3,10.5,3.3,20.9,23.0,0,None
96895001768,13.6,16.8,24.3,8.1,13.3,20.4,0,None
96895001769,10.9,120.7,0.0,11.1,19.1,0.1,0,None
96895001770,10.1,90.7,0.0,9.4,12.6,0.1,0,None
96895001771,17.9,156.6,13.9,5.7,13.7,9.6,0,None
96895001772,14.3,120.7,7.7,14.7,11.4,0.1,0,None
96895001773,13.7,54.1,24.0,2.2,12.0,8.8,0,None
96895001774,7.9,232.2,5.6,1.3,4.1,0.1,0,None
96895001775,9.9,172.0,12.8,13.2,3.1,0.1,0,None
96895001776,21.0,223.1,7.9,11.5,9.8,8.2,0,None
96895001777,0.0,74.6,0.0,10.0,8.3,0.1,0,None
96895001778,16.6,75.5,0.0,8.7,9.9,24.9,0,None
96895001779,19.6,167.5,6.8,12.0,14.3,64.0,0,None
96895001780,13.4,87.2,3.2,7.0,8.8,6.0,0,None
96895001781,8.7,174.5,17.8,14.1,11.4,6.4,0,None
96895001782,9.3,180.2,6.8,12.0,14.3,13.2,0,None
96895001783,6.4,19.4,23.4,16.5,8.3,4.0,0,None
96895001784,14.5,207.5,0.0,5.6,2.6,6.2,0,None
96895001785,16.7,234.4,12.2,11.7,12.6,6.1,0,None
96895001786,12.6,140.5,0.0,13.0,12.6,14.6,0,None
96895001787,27.4,83.8,9.9,1.8,11.3,25.5,0,None
96895001788,8.9,111.7,0.0,4.9,7.6,12.5,0,None
96895001789,12.2,272.8,25.6,11.7,7.2,45.2,0,None
96895001790,17.7,204.9,18.0,5.0,13.7,17.9,0,None
96895001791,15.8,201.3,13.0,7.0,14.3,0.1,0,None
96895001792,88.7,21.7,3.2,114.0,3.2,1.5,1,Spam-Caller
96895001793,3.4,57.9,12.5,7.4,7.1,26.2,0,None
96895001794,15.6,61.6,16.4,8.2,11.4,17.6,0,None
96895001795,13.5,131.8,0.0,14.6,9.6,28.4,0,None
96895001796,5.0,205.1,22.6,11.4,15.0,17.0,0,None
96895001797,3.7,136.2,0.0,3.4,15.5,22.5,0,None
96895001798,9.8,175.2,14.6,14.4,5.1,28.1,0,None
96895001799,14.4,187.5,4.9,7.0,16.4,0.1,0,None
96895001800,16.3,174.6,11.4,13.1,20.6,12.8,0,None
96895001801,14.8,26.1,15.6,11.8,9.6,15.0,0,None
96895001802,157.9,21.7,1.8,145.7,2.5,3.9,1,Spam-Caller
96895001803,9.6,142.5,7.4,14.2,9.6,27.9,0,None
96895001804,21.6,217.7,15.3,11.3,15.7,12.6,0,None
96895001805,5.7,107.1,14.3,5.1,9.4,23.2,0,None
96895001806,9.9,145.2,25.5,9.7,17.2,25.7,0,None
96895001807,9.2,184.6,25.4,14.6,5.4,38.3,0,None
96895001808,8.9,182.1,5.9,6.1,13.3,13.6,0,None
96895001809,14.7,201.0,12.3,8.1,19.3,0.1,0,None
96895001810,7.5,183.5,8.1,6.2,23.4,26.0,0,None
96895001811,12.7,207.1,12.8,5.0,8.2,19.3,0,None
96895001812,9.7,100.5,12.1,7.1,22.6,9.8,0,None
96895001813,24.5,159.5,16.0,3.3,0.0,25.2,0,None
96895001814,15.0,212.8,3.9,16.9,8.8,0.1,0,None
96895001815,11.4,93.8,12.8,6.1,2.5,18.1,0,None
96895001816,0.0,5.0,19.7,10.0,0.0,38.4,0,None
96895001817,8.3,40.1,0.0,15.5,0.0,20.0,0,None
96895001818,4.6,91.6,15.3,10.0,2.5,23.6,0,None
96895001819,20.9,130.1,17.9,12.4,13.6,16.5,0,None
96895001820,9.8,142.2,11.9,15.1,4.2,5.0,0,None
96895001821,18.7,96.0,0.0,11.1,23.7,11.9,0,None
96895001822,5.3,212.5,17.0,1.0,16.0,2.8,0,None
96895001823,8.9,200.6,4.7,11.1,9.1,28.7,0,None
96895001824,4.9,144.0,6.2,5.8,0.6,43.3,0,None
96895001825,15.9,125.3,4.6,3.3,8.5,22.9,0,None
96895001826,11.2,168.1,9.8,7.8,2.7,18.7,0,None
96895001827,16.2,125.4,18.6,7.3,15.6,20.8,0,None
96895001828,17.0,218.4,0.0,5.0,23.1,5.1,0,None
96895001829,0.0,33.8,11.9,9.8,16.1,48.0,0,None
96895001830,15.9,161.9,28.7,2.9,0.0,7.6,0,None
96895001831,6.1,136.2,3.0,4.9,20.2,25.9,0,None
96895001832,25.8,49.9,12.1,6.9,18.2,10.7,0,None
96895001833,9.3,146.9,21.7,12.6,16.8,16.1,0,None
96895001834,7.4,144.3,41.4,12.8,1.1,3.1,0,None
96895001835,16.5,146.3,4.5,15.7,12.1,14.2,0,None
96895001836,20.1,121.1,252.0,7.3,5.5,10.6,0,None
96895001837,11.0,205.3,29.5,13.2,0.0,38.7,0,None
96895001838,18.2,161.7,0.0,4.7,1.5,0.1,0,None
96895001839,12.2,134.2,11.9,8.1,17.4,22.3,0,None
96895001840,16.3,177.0,10.2,12.9,1.0,4.3,0,None
96895001841,4.5,57.3,21.7,10.6,9.1,18.4,0,None
96895001842,21.5,176.5,18.9,1.1,8.9,36.9,0,None
96895001843,9.7,128.4,27.5,19.0,25.0,0.1,0,None
96895001844,5.4,269.6,1.7,7.2,0.3,21.3,0,None
96895001845,6.6,185.0,9.8,9.1,13.6,19.5,0,None
96895001846,8.2,202.9,15.3,2.0,8.5,47.6,0,None
96895001847,14.6,181.1,14.7,14.9,21.4,19.9,0,None
96895001848,12.1,113.6,0.0,5.9,5.1,15.0,0,None
96895001849,15.2,160.7,0.7,7.0,17.5,6.4,0,None
96895001850,2.3,110.9,0.0,7.8,11.7,12.2,0,None
96895001851,16.7,125.5,28.4,15.7,0.0,59.2,0,None
96895001852,10.4,180.0,23.8,11.3,18.4,30.0,0,None
96895001853,17.8,94.4,16.0,11.8,3.2,20.2,0,None
96895001854,13.0,151.5,4.8,14.5,26.9,48.1,0,None
96895001855,15.6,116.9,19.0,10.5,17.4,26.3,0,None
96895001856,11.1,18.6,31.9,11.5,0.0,1.7,0,None
96895001857,3.0,189.6,14.5,9.8,14.4,8.1,0,None
96895001858,18.8,197.0,9.7,9.5,7.8,30.7,0,None
96895001859,19.3,202.3,9.9,14.1,6.6,17.7,0,None
96895001860,3.5,99.0,22.6,4.8,21.7,32.9,0,None
96895001861,17.4,187.4,23.8,10.6,6.3,3.0,0,None
96895001862,18.8,109.7,1.0,10.0,32.1,7.0,0,None
96895001863,15.3,130.0,16.8,5.7,14.3,13.4,0,None
96895001864,5.6,223.7,21.1,5.5,2.8,34.2,0,None
96895001865,11.8,144.5,5.5,9.4,18.8,34.9,0,None
96895001866,0.0,154.4,7.1,7.4,26.5,12.6,0,None
96895001867,9.1,32.2,8.5,10.9,13.0,25.9,0,None
96895001868,9.1,163.0,4.3,3.2,12.3,5.3,0,None
96895001869,7.5,136.7,22.0,4.1,8.2,29.5,0,None
96895001870,8.5,117.0,21.6,4.8,9.2,31.1,0,None
96895001871,10.8,191.8,28.9,1.5,3.9,23.4,0,None
96895001872,3.3,135.1,24.9,14.2,15.6,0.1,0,None
96895001873,18.9,148.1,3.8,11.9,7.4,23.1,0,None
96895001874,15.9,84.5,11.8,6.0,15.2,27.1,0,None
96895001875,19.2,92.1,13.1,9.2,13.5,19.9,0,None
96895001876,3.9,186.5,9.5,10.7,20.2,42.6,0,None
96895001877,11.9,122.1,29.8,10.7,6.6,0.1,0,None
96895001878,23.8,15.7,9.9,8.3,10.6,16.8,0,None
96895001879,15.0,135.2,9.4,12.9,7.3,38.5,0,None
96895001880,11.8,151.9,0.7,1.6,7.0,17.4,0,None
96895001881,10.9,101.3,13.8,16.9,11.3,25.9,0,None
96895001882,15.6,224.4,23.4,1.9,9.7,15.3,0,None
96895001883,15.4,180.4,17.1,8.1,8.3,15.9,0,None
96895001884,23.5,194.7,16.3,11.9,13.8,16.3,0,None
96895001885,16.8,144.3,10.1,6.5,24.2,13.7,0,None
96895001886,18.1,168.8,12.2,17.3,12.1,23.0,0,None
96895001887,16.4,154.6,21.9,6.4,9.4,1.8,0,None
96895001888,16.0,112.3,4.3,8.3,8.9,21.7,0,None
96895001889,6.1,127.8,6.7,8.9,13.4,8.6,0,None
96895001890,8.5,83.6,6.4,1.7,16.2,13.0,0,None
96895001891,9.4,171.1,24.2,1.0,6.2,19.0,0,None
96895001892,13.0,148.7,20.8,10.4,22.5,11.9,0,None
96895001893,4.5,104.7,8.5,17.6,18.3,9.1,0,None
96895001894,0.0,90.3,12.4,12.4,19.7,12.2,0,None
96895001895,11.1,165.9,0.7,12.0,3.7,15.5,0,None
96895001896,15.7,101.7,1.1,14.6,12.8,38.9,0,None
96895001897,22.3,125.3,13.3,7.8,0.0,0.1,0,None
96895001898,12.1,153.1,6.3,1.0,9.8,6.8,0,None
96895001899,2.0,74.7,14.1,17.8,28.9,35.0,0,None
96895001900,20.7,125.2,10.2,12.9,6.6,22.4,0,None
96895001901,21.0,223.1,0.0,9.6,23.2,20.7,0,None
96895001902,16.9,179.6,19.4,9.8,19.7,30.2,0,None
96895001903,20.2,228.7,12.3,9.3,25.1,12.5,0,None
96895001904,10.3,135.5,8.6,15.0,9.5,13.7,0,None
96895001905,22.8,154.7,8.4,17.7,14.7,25.4,0,None
96895001906,15.7,226.7,16.8,12.8,5.2,20.4,0,None
96895001907,14.8,52.1,0.0,17.8,10.4,2.9,0,None
96895001908,16.6,104.4,21.6,8.3,19.9,19.1,0,None
96895001909,21.4,273.2,2.2,13.1,0.0,24.8,0,None
96895001910,12.8,55.4,23.0,9.0,10.2,21.9,0,None
96895001911,10.3,158.5,9.3,15.2,12.3,3.0,0,None
96895001912,12.4,259.1,0.0,9.0,11.5,12.4,0,None
96895001913,3.8,151.2,21.9,1.5,11.4,29.2,0,None
96895001914,12.9,125.9,10.2,10.4,4.3,44.6,0,None
96895001915,10.2,216.2,7.2,12.5,7.1,0.1,0,None
96895001916,3.9,127.0,5.7,7.6,7.6,0.1,0,None
96895001917,15.1,144.4,15.6,6.9,20.8,10.5,0,None
96895001918,17.2,170.9,17.6,4.6,7.0,9.3,0,None
96895001919,9.9,206.2,0.0,8.0,3.9,37.9,0,None
96895001920,19.4,227.4,19.5,12.1,12.1,26.5,0,None
96895001921,4.7,235.7,10.4,6.2,11.6,12.2,0,None
96895001922,22.0,154.4,0.6,5.3,17.5,10.7,0,None
96895001923,13.5,90.9,0.0,10.1,4.2,16.9,0,None
96895001924,0.2,199.7,13.4,10.3,0.0,27.9,0,None
96895001925,8.5,146.2,0.0,8.4,21.5,8.5,0,None
96895001926,14.2,161.5,20.1,9.3,13.5,13.6,0,None
96895001927,8.3,136.7,9.0,5.4,12.2,13.5,0,None
96895001928,14.0,211.8,19.5,9.0,8.7,4.4,0,None
96895001929,13.1,87.6,1.8,7.8,12.5,0.1,0,None
96895001930,0.0,81.4,10.4,10.0,2.7,30.7,0,None
96895001931,20.7,175.2,506.0,12.5,13.6,37.0,0,None
96895001932,8.7,68.1,3.5,4.7,11.2,31.6,0,None
96895001933,22.1,150.4,0.0,11.1,11.7,15.3,0,None
96895001934,23.1,213.7,0.0,8.9,0.5,0.1,0,None
96895001935,0.1,170.4,24.9,13.8,7.6,23.4,0,None
96895001936,12.6,288.2,14.0,6.5,10.4,36.8,0,None
96895001937,18.2,73.2,3.2,1.0,6.4,14.1,0,None
96895001938,4.8,68.5,9.6,13.2,7.0,42.9,0,None
96895001939,15.6,180.9,16.4,8.8,23.9,16.4,0,None
96895001940,0.0,195.6,19.3,14.4,0.0,27.0,0,None
96895001941,3.5,129.3,15.1,5.8,11.5,26.3,0,None
96895001942,20.8,5.0,513.9,10.6,12.2,26.6,0,None
96895001943,10.1,237.2,0.8,14.0,8.0,27.9,0,None
96895001944,14.8,173.4,0.0,7.6,21.0,17.0,0,None
96895001945,10.2,164.0,2.0,9.9,4.1,0.1,0,None
96895001946,0.0,154.6,3.6,9.4,6.6,35.3,0,None
96895001947,21.4,190.7,14.1,11.7,21.1,9.8,0,None
96895001948,9.8,213.5,0.0,12.1,12.6,0.1,0,None
96895001949,17.2,227.8,11.1,11.1,12.3,41.9,0,None
96895001950,24.1,98.6,10.2,11.3,3.1,14.9,0,None
96895001951,1.4,99.9,10.1,7.3,11.3,0.1,0,None
96895001952,10.2,175.3,15.4,10.9,9.3,27.6,0,None
96895001953,8.1,155.5,8.7,14.9,7.0,30.0,0,None
96895001954,147.4,42.8,238.7,116.3,46.8,2.0,1,SIM-Box
96895001955,3.6,177.3,14.1,6.5,10.0,1.3,0,None
96895001956,14.1,145.2,7.7,1.5,9.8,22.1,0,None
96895001957,22.4,191.7,6.3,5.0,16.7,22.9,0,None
96895001958,18.3,167.7,9.2,5.4,10.3,48.1,0,None
96895001959,16.5,96.4,17.2,10.0,22.2,8.7,0,None
96895001960,20.3,128.3,6.3,12.7,3.1,35.3,0,None
96895001961,9.5,163.7,0.0,10.8,15.9,0.1,0,None
96895001962,12.8,160.7,317.7,1.0,13.4,14.5,0,None
96895001963,10.5,385.6,9.4,2.3,20.4,2.4,0,None
96895001964,13.9,203.2,20.1,10.4,12.8,17.3,0,None
96895001965,13.0,85.8,0.0,11.9,7.6,11.5,0,None
96895001966,9.7,84.8,10.9,11.3,11.7,6.7,0,None
96895001967,15.3,185.1,17.4,10.5,7.5,41.8,0,None
96895001968,20.7,145.8,1.3,7.7,3.3,5.2,0,None
96895001969,10.4,162.1,8.2,8.2,27.2,1.5,0,None
96895001970,11.5,147.4,12.1,10.8,17.5,15.7,0,None
96895001971,7.3,126.4,23.0,2.7,3.7,19.5,0,None
96895001972,6.9,204.2,8.1,8.8,7.2,0.1,0,None
96895001973,4.0,180.0,5.2,6.1,16.8,5.2,0,None
96895001974,10.6,171.3,3.0,10.3,11.2,24.6,0,None
96895001975,7.4,54.2,0.8,7.8,13.3,8.4,0,None
96895001976,14.4,239.7,18.4,7.0,9.1,28.2,0,None
96895001977,12.6,178.9,23.0,5.3,0.0,24.3,0,None
96895001978,16.9,70.8,22.5,7.7,14.1,9.5,0,None
96895001979,12.2,93.1,7.8,7.5,20.7,10.5,0,None
96895001980,22.8,85.5,7.7,8.5,0.0,29.1,0,None
96895001981,4.2,174.5,28.2,6.0,9.8,8.9,0,None
96895001982,22.0,132.0,21.6,5.4,7.1,20.0,0,None
96895001983,17.9,185.6,10.2,9.3,0.4,34.8,0,None
96895001984,83.2,6.8,4.3,121.7,7.0,6.2,1,Spam-Caller
96895001985,12.3,45.1,0.0,12.1,22.8,0.1,0,None
96895001986,20.5,281.8,9.9,17.0,9.2,0.1,0,None
96895001987,18.1,167.2,13.7,10.2,10.1,14.7,0,None
96895001988,12.4,90.3,27.8,7.9,20.7,32.3,0,None
96895001989,7.4,161.4,19.1,1.0,8.5,43.6,0,None
96895001990,5.0,210.1,22.8,7.2,7.2,29.5,0,None
96895001991,13.6,202.1,18.1,12.6,5.3,21.1,0,None
96895001992,14.4,60.0,8.5,14.7,22.6,50.3,0,None
96895001993,3.7,227.8,19.7,3.8,20.9,24.2,0,None
96895001994,20.6,241.7,362.5,4.6,8.3,5.9,0,None
96895001995,20.4,114.1,22.0,15.5,24.5,0.1,0,None
96895001996,12.2,189.3,20.3,10.0,23.8,21.7,0,None
96895001997,23.1,103.6,0.0,8.3,11.7,6.5,0,None
96895001998,9.8,235.2,20.8,9.7,16.3,0.1,0,None
96895001999,14.5,82.2,10.8,13.0,6.3,21.2,0,None
96895002000,11.6,134.6,9.5,7.8,18.3,7.3,0,None
96895002001,15.3,69.0,0.0,5.9,6.3,8.7,0,None
96895002002,8.4,103.0,13.5,12.5,1.2,34.4,0,None
96895002003,11.8,106.1,32.6,5.7,4.6,13.9,0,None
96895002004,13.7,172.2,22.3,2.8,6.5,23.7,0,None
96895002005,16.8,120.3,16.1,6.3,28.0,27.7,0,None
96895002006,5.5,194.1,4.2,6.8,14.9,13.1,0,None
96895002007,5.6,267.2,17.9,7.2,9.7,39.4,0,None
96895002008,12.3,224.3,25.9,9.8,1.5,24.3,0,None
96895002009,7.5,146.2,10.6,2.8,17.5,7.2,0,None
96895002010,18.2,139.3,20.8,1.0,22.4,2.2,0,None
96895002011,19.3,185.7,28.9,5.0,12.4,12.2,0,None
96895002012,15.3,133.0,0.0,9.1,19.9,33.0,0,None
96895002013,22.0,153.0,6.8,11.0,11.4,0.1,0,None
96895002014,14.2,199.2,3.3,10.9,12.8,31.1,0,None
96895002015,25.9,115.7,20.2,11.6,0.0,12.0,0,None
96895002016,13.5,245.4,25.9,10.1,11.4,0.5,0,None
96895002017,20.9,171.5,9.5,10.3,19.3,37.7,0,None
96895002018,20.7,258.4,13.4,5.1,0.0,48.3,0,None
96895002019,0.0,175.5,0.0,5.4,9.5,26.7,0,None
96895002020,14.4,142.3,15.6,12.2,0.6,24.1,0,None
96895002021,6.9,57.2,11.8,9.3,11.0,16.0,0,None
96895002022,6.5,93.3,6.5,7.8,8.6,34.6,0,None
96895002023,11.9,183.2,5.5,7.2,25.0,6.5,0,None
96895002024,18.2,122.5,7.9,11.3,13.8,31.9,0,None
96895002025,24.9,110.5,14.0,4.8,17.2,0.1,0,None
96895002026,14.4,5.0,8.6,15.6,3.4,15.7,0,None
96895002027,122.4,20.9,1.8,128.6,13.3,2.3,1,Spam-Caller
96895002028,6.1,103.2,22.7,11.7,13.4,34.6,0,None
96895002029,7.9,100.1,23.5,8.7,6.5,44.0,0,None
96895002030,18.3,193.7,348.1,4.5,18.3,0.1,0,None
96895002031,12.2,193.9,8.9,13.2,5.8,17.8,0,None
96895002032,16.8,133.3,335.5,5.7,15.2,15.1,0,None
96895002033,14.6,114.4,15.1,9.4,13.5,47.0,0,None
96895002034,22.5,112.0,3.4,6.7,17.2,0.1,0,None
96895002035,5.3,119.1,8.1,15.7,11.4,6.6,0,None
96895002036,14.0,146.6,10.9,10.2,12.9,19.2,0,None
96895002037,13.5,273.4,8.1,3.9,0.0,36.2,0,None
96895002038,18.9,128.3,10.5,16.2,5.4,20.6,0,None
96895002039,0.8,82.2,9.9,9.8,18.4,25.0,0,None
96895002040,15.4,94.9,0.0,5.4,22.4,28.7,0,None
96895002041,7.5,225.6,16.8,7.8,5.5,19.9,0,None
96895002042,7.0,120.7,25.5,7.0,20.8,8.6,0,None
96895002043,17.7,177.7,24.7,9.7,16.4,34.2,0,None
96895002044,8.6,210.6,7.6,11.5,2.5,0.1,0,None
96895002045,16.9,79.1,10.6,10.9,0.0,14.6,0,None
96895002046,7.8,160.7,31.4,2.8,6.3,24.0,0,None
96895002047,20.9,122.7,0.0,6.4,0.0,9.9,0,None
96895002048,17.2,195.4,0.7,5.0,27.6,28.4,0,None
96895002049,16.1,216.0,7.5,13.3,30.4,29.4,0,None
96895002050,13.1,165.3,10.5,8.3,8.3,30.9,0,None
96895002051,22.2,263.3,367.5,8.5,19.5,14.3,0,None
96895002052,8.3,137.1,12.7,5.1,24.3,27.2,0,None
96895002053,12.9,88.7,22.5,11.9,24.0,25.7,0,None
96895002054,8.7,126.0,8.2,8.6,20.9,12.9,0,None
96895002055,10.5,170.1,16.0,8.7,10.5,28.5,0,None
96895002056,16.9,198.8,14.1,10.2,20.4,13.4,0,None
96895002057,9.2,198.8,32.7,7.7,9.5,10.4,0,None
96895002058,6.0,131.8,30.1,13.9,5.9,12.9,0,None
96895002059,15.5,167.7,15.6,7.2,7.8,47.9,0,None
96895002060,1.7,178.9,0.0,15.1,6.7,30.9,0,None
96895002061,11.0,117.0,27.8,9.8,18.9,36.4,0,None
96895002062,19.2,214.6,37.6,8.2,25.8,0.1,0,None
96895002063,14.2,85.4,0.0,13.3,15.7,29.3,0,None
96895002064,8.9,212.3,5.9,5.6,16.6,33.5,0,None
96895002065,17.5,344.6,22.9,7.6,18.0,22.0,0,None
96895002066,12.5,203.5,5.7,15.4,15.4,22.5,0,None
96895002067,3.7,226.6,20.6,10.1,1.6,14.8,0,None
96895002068,16.6,270.9,20.4,10.9,9.9,0.1,0,None
96895002069,13.3,115.2,0.0,5.7,14.1,17.4,0,None
96895002070,12.2,181.6,2.5,6.6,0.0,45.9,0,None
96895002071,10.4,114.1,8.6,5.0,8.5,25.7,0,None
96895002072,0.0,239.3,13.8,5.1,4.9,44.0,0,None
96895002073,4.5,121.7,11.0,6.6,11.2,19.0,0,None
96895002074,15.8,202.8,12.3,9.4,14.3,30.6,0,None
96895002075,9.4,179.7,13.5,13.0,8.6,26.3,0,None
96895002076,7.3,226.8,0.0,12.4,32.6,22.5,0,None
96895002077,8.8,143.4,14.7,10.3,21.2,24.4,0,None
96895002078,2.8,243.8,7.3,10.3,0.0,13.0,0,None
96895002079,21.1,225.0,33.5,7.6,0.0,23.1,0,None
96895002080,27.5,213.2,25.2,11.7,8.3,26.5,0,None
96895002081,20.7,196.3,0.0,9.9,18.1,17.5,0,None
96895002082,12.7,129.4,5.7,6.6,0.0,16.4,0,None
96895002083,10.8,125.0,15.3,10.9,7.3,35.1,0,None
96895002084,12.7,247.6,4.6,1.0,14.4,47.5,0,None
96895002085,18.5,125.1,20.1,10.7,7.6,28.4,0,None
96895002086,9.9,109.9,338.0,8.3,2.3,25.6,0,None
96895002087,15.1,70.7,10.6,14.7,0.0,5.3,0,None
96895002088,3.3,55.0,16.3,14.6,0.0,15.4,0,None
96895002089,18.3,196.6,15.8,8.8,11.6,11.6,0,None
96895002090,14.9,105.7,12.4,7.8,11.0,21.8,0,None
96895002091,9.2,88.8,37.5,9.9,9.6,28.7,0,None
96895002092,24.8,165.0,18.9,13.2,24.7,12.5,0,None
96895002093,4.2,241.8,10.2,8.4,10.5,27.1,0,None
96895002094,4.0,156.7,7.8,10.8,14.3,30.8,0,None
96895002095,16.0,122.9,13.1,15.4,15.3,0.1,0,None
96895002096,12.3,226.9,2.4,8.8,6.2,8.1,0,None
96895002097,5.1,87.0,0.0,10.1,0.0,1.6,0,None
96895002098,9.5,216.3,11.4,13.8,7.4,22.2,0,None
96895002099,2.6,265.4,7.6,11.1,21.9,18.5,0,None
96895002100,13.5,163.2,5.3,8.2,21.9,15.4,0,None
96895002101,13.2,231.4,11.6,9.7,25.7,10.6,0,None
96895002102,8.7,97.6,0.0,1.3,7.8,0.1,0,None
96895002103,15.9,175.0,9.2,7.5,15.5,10.4,0,None
96895002104,5.8,139.5,6.9,5.2,11.4,18.3,0,None
96895002105,3.0,90.9,15.7,10.6,7.4,28.7,0,None
96895002106,11.1,122.9,30.0,6.4,12.3,14.5,0,None
96895002107,16.5,238.4,20.9,11.4,16.5,24.8,0,None
96895002108,3.8,189.9,11.8,1.0,14.9,20.0,0,None
96895002109,13.2,203.3,0.0,10.5,3.4,9.5,0,None
96895002110,14.1,108.6,387.5,3.5,10.9,11.6,0,None
96895002111,11.5,84.6,13.9,10.2,15.5,5.7,0,None
96895002112,3.3,112.4,0.0,3.1,10.9,0.1,0,None
96895002113,17.8,173.7,0.0,14.6,17.2,0.1,0,None
96895002114,11.9,134.6,22.3,9.7,9.6,30.2,0,None
96895002115,9.5,27.0,0.9,6.6,11.9,8.1,0,None
96895002116,20.3,28.9,4.3,10.6,7.2,25.9,0,None
96895002117,9.6,162.4,18.2,17.2,5.1,29.5,0,None
96895002118,12.5,35.3,5.0,11.3,19.6,37.0,0,None
96895002119,11.1,162.8,23.0,5.1,14.7,35.9,0,None
96895002120,7.9,135.1,24.1,9.8,14.0,22.6,0,None
96895002121,14.7,92.1,9.4,1.0,2.5,2.8,0,None
96895002122,13.2,5.0,34.0,4.3,3.7,15.1,0,None
96895002123,18.3,176.7,2.8,6.0,21.7,10.3,0,None
96895002124,16.4,252.7,13.0,10.7,19.0,10.7,0,None
96895002125,8.1,188.2,14.4,3.0,10.1,0.1,0,None
96895002126,22.8,200.4,0.0,13.5,20.8,39.8,0,None
96895002127,9.4,154.3,15.4,8.4,14.3,20.4,0,None
96895002128,13.4,147.0,17.7,10.6,9.2,30.0,0,None
96895002129,14.0,35.5,12.3,8.7,12.3,24.7,0,None
96895002130,19.2,191.6,10.1,7.2,11.4,13.9,0,None
96895002131,3.5,128.5,10.0,11.9,12.8,19.3,0,None
96895002132,7.7,135.8,8.4,6.4,11.8,27.0,0,None
96895002133,11.0,146.8,17.8,9.7,10.5,16.9,0,None
96895002134,5.5,82.2,14.2,10.2,12.9,21.8,0,None
96895002135,9.5,162.0,15.1,9.9,18.7,26.6,0,None
96895002136,20.3,104.6,28.2,13.7,11.5,7.1,0,None
96895002137,18.3,140.4,32.5,9.9,21.8,0.1,0,None
96895002138,10.6,96.6,13.7,7.8,20.6,0.1,0,None
96895002139,9.4,103.0,7.0,4.9,18.5,46.6,0,None
96895002140,10.9,114.2,17.9,8.9,7.6,50.8,0,None
96895002141,19.8,228.7,22.7,4.5,12.9,18.6,0,None
96895002142,24.5,181.3,18.1,6.9,20.5,30.2,0,None
96895002143,15.0,152.8,12.3,1.8,32.8,25.0,0,None
96895002144,6.1,132.2,17.4,8.4,23.5,10.6,0,None
96895002145,16.2,73.8,15.1,1.0,7.2,35.6,0,None
96895002146,11.8,208.5,10.0,10.9,11.6,12.8,0,None
96895002147,1.0,113.6,31.0,8.9,20.5,6.2,0,None
96895002148,24.0,145.1,15.1,10.9,17.1,8.5,0,None
96895002149,11.9,200.4,0.0,13.7,0.0,49.7,0,None
96895002150,9.9,112.4,13.6,8.9,15.5,2.3,0,None
96895002151,9.1,55.7,14.6,12.7,5.5,6.0,0,None
96895002152,3.9,186.2,37.0,4.8,4.3,7.9,0,None
96895002153,16.5,153.3,17.0,10.6,2.5,19.8,0,None
96895002154,12.1,196.5,10.7,7.9,5.4,23.9,0,None
96895002155,4.0,33.0,27.6,15.0,24.8,3.2,0,None
96895002156,16.1,101.9,10.4,15.7,8.0,34.7,0,None
96895002157,19.9,131.0,268.1,9.5,0.9,18.7,0,None
96895002158,2.1,98.6,28.4,6.8,19.3,15.4,0,None
96895002159,7.4,160.9,12.6,10.6,15.5,28.7,0,None
96895002160,9.4,195.4,1.3,3.1,10.4,28.4,0,None
96895002161,9.2,104.2,4.3,13.1,12.0,33.0,0,None
96895002162,0.0,125.8,10.8,4.8,11.5,20.1,0,None
96895002163,8.9,250.6,16.5,5.4,14.2,29.0,0,None
96895002164,17.8,112.9,12.9,12.1,21.5,19.0,0,None
96895002165,24.9,177.5,18.0,3.6,9.0,6.0,0,None
96895002166,13.8,191.2,20.5,15.5,7.4,19.6,0,None
96895002167,10.6,58.1,23.7,8.4,5.8,24.5,0,None
96895002168,5.9,115.3,8.7,6.3,18.2,22.1,0,None
96895002169,9.4,147.1,0.0,3.6,11.0,45.8,0,None
96895002170,6.0,107.3,25.5,13.7,22.2,28.1,0,None
96895002171,5.2,201.3,5.4,10.2,6.2,0.1,0,None
96895002172,11.5,126.7,0.0,5.3,6.5,3.4,0,None
96895002173,21.6,163.5,16.3,6.5,7.6,36.1,0,None
96895002174,17.0,92.9,4.9,9.9,12.4,0.1,0,None
96895002175,13.9,214.4,3.8,7.2,1.8,0.1,0,None
96895002176,19.1,193.3,1.5,3.9,18.5,0.9,0,None
96895002177,8.2,97.2,3.3,8.9,24.4,22.8,0,None
96895002178,8.1,191.9,0.0,10.2,22.1,41.6,0,None
96895002179,7.4,213.5,40.2,7.0,0.7,17.9,0,None
96895002180,14.2,245.7,20.6,8.2,9.8,25.2,0,None
96895002181,20.3,108.3,8.8,12.3,22.2,14.6,0,None
96895002182,2.6,114.3,2.5,4.0,7.2,16.8,0,None
96895002183,7.9,101.8,26.4,1.6,13.9,24.4,0,None
96895002184,19.4,34.3,20.4,5.6,3.7,1.8,0,None
96895002185,3.5,53.6,10.6,12.1,0.1,6.5,0,None
96895002186,4.7,106.2,3.4,10.6,4.4,12.8,0,None
96895002187,4.7,239.2,1.9,7.3,11.5,24.1,0,None
96895002188,2.9,48.6,20.1,9.7,11.2,20.0,0,None
96895002189,7.4,169.4,10.1,9.8,12.0,0.1,0,None
96895002190,18.4,192.4,12.3,1.0,21.5,15.8,0,None
96895002191,0.7,132.8,14.7,13.1,0.0,5.4,0,None
96895002192,15.3,152.7,28.8,11.6,19.9,0.1,0,None
96895002193,9.7,135.8,0.0,7.7,0.0,30.0,0,None
96895002194,10.6,84.3,8.3,2.8,10.7,17.5,0,None
96895002195,15.1,172.0,331.5,4.4,14.6,20.3,0,None
96895002196,10.0,68.0,35.2,1.0,7.8,29.9,0,None
96895002197,15.4,92.9,29.2,12.8,9.9,19.9,0,None
96895002198,10.5,178.9,22.1,12.2,24.8,41.3,0,None
96895002199,13.8,307.2,5.4,18.2,29.3,0.1,0,None
96895002200,9.2,132.3,8.6,8.2,8.4,0.1,0,None
96895002201,8.9,27.0,11.8,10.9,1.8,31.9,0,None
96895002202,6.5,229.2,9.4,11.4,11.9,8.9,0,None
96895002203,0.0,91.5,16.2,3.3,13.7,27.8,0,None
96895002204,9.9,294.7,23.2,4.4,12.0,0.1,0,None
96895002205,21.7,258.8,0.0,8.2,15.0,19.6,0,None
96895002206,0.0,236.1,0.0,7.7,8.2,0.1,0,None
96895002207,8.5,54.3,14.9,10.4,16.9,20.8,0,None
96895002208,8.6,116.1,23.2,10.3,19.8,16.7,0,None
96895002209,160.4,56.1,363.4,91.3,66.5,1.9,1,SIM-Box
96895002210,12.0,171.0,12.9,8.0,20.9,43.5,0,None
96895002211,16.7,179.5,12.3,9.9,23.2,32.4,0,None
96895002212,9.3,189.1,0.0,7.2,12.5,11.5,0,None
96895002213,16.2,72.0,16.9,8.8,25.6,21.6,0,None
96895002214,10.5,269.5,1.0,1.5,5.0,24.3,0,None
96895002215,10.9,249.3,21.5,7.5,10.8,40.5,0,None
96895002216,7.4,161.4,0.0,12.4,11.3,9.3,0,None
96895002217,15.8,37.4,11.4,16.1,16.8,46.8,0,None
96895002218,8.6,119.7,17.4,4.5,8.0,27.7,0,None
96895002219,16.6,131.9,11.3,1.0,19.8,16.9,0,None
96895002220,19.3,10.8,19.5,7.2,22.4,8.7,0,None
96895002221,6.0,97.5,14.8,1.6,15.5,50.4,0,None
96895002222,14.1,54.1,3.0,8.5,10.7,60.6,0,None
96895002223,14.8,225.7,6.4,4.0,18.1,8.3,0,None
96895002224,5.9,168.7,13.3,7.9,9.9,15.5,0,None
96895002225,5.9,142.1,20.7,4.8,13.0,20.4,0,None
96895002226,160.0,19.1,0.0,132.1,8.5,0.1,1,Spam-Caller
96895002227,15.5,171.2,25.5,10.7,6.7,34.8,0,None
96895002228,13.2,164.0,0.0,6.2,7.8,26.2,0,None
96895002229,21.1,52.1,28.8,4.9,29.4,30.3,0,None
96895002230,7.9,63.3,3.6,6.7,12.3,14.2,0,None
96895002231,11.0,134.2,12.3,8.7,8.3,30.7,0,None
96895002232,14.7,106.3,5.5,3.7,11.8,23.8,0,None
96895002233,16.1,118.5,1.9,7.8,21.2,15.4,0,None
96895002234,18.5,102.9,10.0,6.5,1.9,21.8,0,None
96895002235,8.3,201.4,22.7,11.0,7.2,0.1,0,None
96895002236,12.1,41.8,11.6,13.6,2.2,3.0,0,None
96895002237,86.6,48.7,253.9,78.5,46.0,2.8,1,SIM-Box
96895002238,4.7,172.8,0.0,8.4,17.8,24.6,0,None
96895002239,3.9,58.2,24.6,6.8,10.0,20.9,0,None
96895002240,17.3,69.8,28.7,12.2,6.3,24.0,0,None
96895002241,8.5,173.0,2.2,9.7,8.9,11.4,0,None
96895002242,11.5,49.0,9.2,7.0,14.5,5.4,0,None
96895002243,175.1,42.0,394.3,126.0,60.3,5.6,1,SIM-Box
96895002244,4.2,126.3,23.0,7.1,28.5,31.2,0,None
96895002245,17.0,102.5,23.7,2.6,11.4,0.1,0,None
96895002246,7.0,142.6,38.4,17.9,6.6,16.0,0,None
96895002247,17.9,101.1,16.7,6.8,7.6,24.7,0,None
96895002248,17.6,126.1,0.0,12.6,16.9,0.1,0,None
96895002249,14.6,136.1,9.8,13.1,19.9,24.7,0,None
96895002250,21.3,175.7,0.0,7.8,7.3,37.7,0,None
96895002251,152.2,44.4,366.2,133.5,63.4,3.7,1,SIM-Box
96895002252,8.0,209.7,7.2,7.4,0.0,3.3,0,None
96895002253,0.9,195.4,1.6,13.5,17.6,24.4,0,None
96895002254,7.2,197.0,21.0,2.4,9.2,7.5,0,None
96895002255,6.2,172.3,7.8,7.3,3.1,0.1,0,None
96895002256,14.5,168.5,12.8,11.7,10.4,28.4,0,None
96895002257,14.1,133.2,43.0,14.9,5.7,12.8,0,None
96895002258,12.4,176.8,512.5,10.7,11.7,0.1,0,None
96895002259,13.3,93.3,9.4,11.4,9.9,1.9,0,None
96895002260,9.2,131.0,13.6,7.2,11.0,16.1,0,None
96895002261,11.8,71.6,7.0,7.3,20.6,24.0,0,None
96895002262,22.8,122.8,19.7,10.5,12.7,20.0,0,None
96895002263,12.0,136.2,21.8,4.2,18.7,6.1,0,None
96895002264,5.8,166.7,13.4,10.4,14.6,2.1,0,None
96895002265,18.2,117.7,29.0,7.1,6.2,15.2,0,None
96895002266,7.2,131.2,4.7,6.8,14.6,24.7,0,None
96895002267,8.1,106.3,5.8,11.7,19.2,33.7,0,None
96895002268,4.2,137.1,22.2,11.6,14.5,33.6,0,None
96895002269,19.1,78.6,16.0,11.3,5.6,49.1,0,None
96895002270,9.2,179.2,21.6,5.4,8.6,0.1,0,None
96895002271,11.2,129.8,14.5,2.4,15.1,13.7,0,None
96895002272,6.0,135.4,2.5,4.3,11.9,12.4,0,None
96895002273,6.6,214.5,21.6,14.7,7.1,20.5,0,None
96895002274,14.9,143.7,4.2,8.2,7.0,51.8,0,None
96895002275,12.3,65.7,18.5,11.7,24.5,4.3,0,None
96895002276,21.9,73.8,20.6,6.7,25.2,14.9,0,None
96895002277,14.2,92.2,0.0,3.6,14.1,44.0,0,None
96895002278,6.6,231.1,8.3,8.4,5.1,13.5,0,None
96895002279,9.1,122.3,4.8,7.9,9.3,45.2,0,None
96895002280,15.0,165.9,7.9,6.2,6.7,15.7,0,None
96895002281,6.1,24.8,0.0,8.0,5.2,25.3,0,None
96895002282,11.1,160.7,10.5,1.0,6.1,3.2,0,None
96895002283,12.9,173.2,11.0,13.1,16.3,20.6,0,None
96895002284,27.2,170.3,7.7,6.5,8.5,0.1,0,None
96895002285,18.5,202.3,439.9,1.0,3.6,13.6,0,None
96895002286,20.1,163.5,4.5,8.8,4.3,17.3,0,None
96895002287,22.8,147.0,19.4,6.8,0.4,10.1,0,None
96895002288,7.5,5.0,26.6,8.8,12.9,8.7,0,None
96895002289,0.0,130.2,14.5,9.7,28.2,25.3,0,None
96895002290,10.0,88.8,0.0,4.5,10.8,32.3,0,None
96895002291,14.9,106.6,0.0,8.6,20.7,3.9,0,None
96895002292,8.2,149.0,0.0,13.2,14.4,41.6,0,None
96895002293,18.8,185.1,0.0,9.1,19.9,5.2,0,None
96895002294,7.7,149.7,3.5,10.6,9.0,17.3,0,None
96895002295,10.0,169.0,31.6,3.0,14.0,0.1,0,None
96895002296,9.2,92.9,340.1,10.5,8.5,6.3,0,None
96895002297,13.3,103.4,24.3,7.3,16.9,3.9,0,None
96895002298,22.1,123.0,16.8,11.9,3.8,0.1,0,None
96895002299,12.6,132.5,11.5,14.5,4.7,10.7,0,None
96895002300,16.8,209.4,13.6,8.9,12.3,1.1,0,None
96895002301,4.6,90.3,9.8,7.5,0.0,21.5,0,None
96895002302,9.2,115.2,10.3,4.4,16.1,0.1,0,None
96895002303,16.4,143.1,0.0,10.5,18.7,37.2,0,None
96895002304,6.7,228.2,5.4,6.3,29.4,24.3,0,None
96895002305,13.9,161.4,448.1,13.5,18.2,0.1,0,None
96895002306,11.1,135.1,28.0,10.9,3.0,14.2,0,None
96895002307,13.3,152.7,4.4,2.0,8.3,24.5,0,None
96895002308,14.8,113.7,1.7,12.1,14.6,21.4,0,None
96895002309,3.4,214.5,12.4,2.2,14.2,15.6,0,None
96895002310,1.3,119.4,15.2,4.4,7.3,64.0,0,None
96895002311,14.8,28.8,6.7,10.7,10.4,9.6,0,None
96895002312,4.6,27.8,11.7,5.2,17.3,33.6,0,None
96895002313,12.9,154.9,5.1,12.0,1.1,9.1,0,None
96895002314,17.1,66.0,16.5,4.4,16.8,7.1,0,None
96895002315,11.8,78.2,0.0,4.4,18.2,22.6,0,None
96895002316,2.4,133.3,11.0,14.5,26.8,25.2,0,None
96895002317,20.4,137.0,10.8,7.7,30.4,31.2,0,None
96895002318,18.5,155.0,10.3,4.3,2.4,36.1,0,None
96895002319,13.4,158.9,12.2,19.5,19.7,0.1,0,None
96895002320,7.0,154.9,8.1,7.3,6.7,22.1,0,None
96895002321,16.4,138.3,12.6,4.3,19.8,12.9,0,None
96895002322,10.2,105.2,7.3,1.7,14.0,32.4,0,None
96895002323,23.6,127.6,20.2,13.2,0.0,24.4,0,None
96895002324,23.4,257.9,3.8,10.2,18.1,5.1,0,None
96895002325,20.7,151.1,364.7,14.3,17.2,17.6,0,None
96895002326,4.1,161.6,17.2,10.0,10.0,12.1,0,None
96895002327,11.3,108.1,0.0,10.6,7.9,22.8,0,None
96895002328,19.9,129.4,29.4,11.7,12.1,18.7,0,None
96895002329,20.5,95.0,29.1,5.4,0.0,32.3,0,None
96895002330,12.5,188.0,7.3,11.7,21.9,29.3,0,None
96895002331,13.9,93.0,10.5,10.8,0.4,13.3,0,None
96895002332,22.0,130.0,16.5,4.5,16.8,39.1,0,None
96895002333,11.2,220.2,12.8,9.0,0.9,5.1,0,None
96895002334,5.3,162.6,19.9,10.2,16.8,8.2,0,None
96895002335,17.5,212.9,0.0,9.4,10.6,0.1,0,None
96895002336,6.3,237.7,22.4,11.1,19.3,27.8,0,None
96895002337,27.0,71.1,6.5,6.0,10.5,20.3,0,None
96895002338,14.1,66.3,10.0,10.1,7.2,1.5,0,None
96895002339,19.3,172.7,21.0,6.1,19.3,38.1,0,None
96895002340,17.5,85.2,16.7,7.7,0.0,43.6,0,None
96895002341,19.1,188.4,28.5,12.7,12.8,0.1,0,None
96895002342,13.6,155.6,30.2,14.9,13.8,23.6,0,None
96895002343,6.9,160.9,8.9,11.1,3.4,17.3,0,None
96895002344,11.0,128.9,6.2,20.1,3.2,16.9,0,None
96895002345,8.7,83.0,0.0,14.2,4.3,19.1,0,None
96895002346,14.9,214.2,5.9,10.8,2.1,8.5,0,None
96895002347,14.5,141.0,12.9,14.2,8.8,7.5,0,None
96895002348,10.1,170.5,41.2,8.9,6.4,20.4,0,None
96895002349,10.6,163.5,4.9,12.1,16.1,20.0,0,None
96895002350,11.0,128.1,8.0,8.9,11.1,24.2,0,None
96895002351,9.4,172.8,10.9,3.1,26.4,0.3,0,None
96895002352,22.2,125.3,25.3,13.5,16.6,21.1,0,None
96895002353,16.2,95.0,4.4,6.3,6.0,25.4,0,None
96895002354,12.7,125.0,4.1,10.2,19.7,27.3,0,None
96895002355,17.0,145.6,14.2,1.0,8.9,27.8,0,None
96895002356,12.2,179.8,12.6,13.9,25.3,0.1,0,None
96895002357,5.7,126.0,9.8,18.2,19.1,24.0,0,None
96895002358,10.1,220.9,0.0,10.5,0.0,2.3,0,None
96895002359,6.3,93.5,32.6,11.9,18.7,10.7,0,None
96895002360,24.4,144.8,18.9,7.0,14.1,20.3,0,None
96895002361,11.8,56.9,9.0,9.5,5.2,0.1,0,None
96895002362,5.3,73.3,7.7,6.2,25.4,0.1,0,None
96895002363,8.4,35.3,0.0,8.5,12.2,14.5,0,None
96895002364,8.5,43.7,0.0,9.0,5.0,6.1,0,None
96895002365,6.6,230.8,457.9,8.4,16.6,1.8,0,None
96895002366,11.5,77.2,415.8,5.8,6.3,24.2,0,None
96895002367,14.7,169.1,8.7,9.6,24.8,0.6,0,None
96895002368,14.4,145.1,19.2,19.8,14.7,21.5,0,None
96895002369,18.3,256.9,19.1,10.9,2.6,31.9,0,None
96895002370,24.3,191.8,9.2,9.5,12.1,30.8,0,None
96895002371,6.1,145.3,15.0,2.3,8.5,46.3,0,None
96895002372,16.4,172.9,10.1,8.6,6.9,17.5,0,None
96895002373,2.6,150.0,9.2,3.8,9.4,4.6,0,None
96895002374,9.8,233.2,22.9,7.0,0.4,34.1,0,None
96895002375,17.0,100.5,6.1,5.7,22.5,0.1,0,None
96895002376,18.0,142.1,0.0,10.9,6.6,9.1,0,None
96895002377,4.2,155.1,10.8,8.5,18.3,20.4,0,None
96895002378,17.7,168.4,5.9,6.1,22.2,12.2,0,None
96895002379,13.4,211.5,28.7,10.3,12.8,32.4,0,None
96895002380,3.2,169.7,17.4,12.5,24.7,25.1,0,None
96895002381,15.1,158.7,24.4,7.7,7.5,22.4,0,None
96895002382,10.0,167.3,12.9,10.1,16.1,13.3,0,None
96895002383,22.8,202.6,6.0,8.9,0.0,40.4,0,None
96895002384,13.3,246.9,7.1,17.2,30.2,28.1,0,None
96895002385,21.7,68.1,22.9,8.3,2.9,10.0,0,None
96895002386,13.3,151.1,3.8,8.3,24.0,26.5,0,None
96895002387,15.1,234.2,0.0,7.7,10.9,27.5,0,None
96895002388,4.1,254.3,1.4,8.7,19.9,2.7,0,None
96895002389,10.9,235.1,12.9,7.9,6.5,15.4,0,None
96895002390,20.1,172.1,24.0,1.0,3.4,28.4,0,None
96895002391,7.7,140.5,18.9,8.8,22.1,34.4,0,None
96895002392,15.7,126.7,5.5,6.5,10.5,0.1,0,None
96895002393,17.6,130.7,0.0,6.2,13.5,25.3,0,None
96895002394,15.9,279.9,15.0,2.4,14.2,25.3,0,None
96895002395,16.8,48.6,16.4,7.5,22.3,43.0,0,None
96895002396,9.8,210.4,17.1,7.1,14.6,26.7,0,None
96895002397,2.4,201.1,0.0,4.2,25.4,39.3,0,None
96895002398,9.4,167.0,19.6,5.5,16.6,0.1,0,None
96895002399,16.1,140.4,0.2,3.8,14.8,15.1,0,None
96895002400,3.6,138.3,0.0,4.9,17.9,12.9,0,None
96895002401,15.7,176.2,10.5,18.0,25.4,29.8,0,None
96895002402,1.5,208.4,0.0,9.1,19.3,19.1,0,None
96895002403,14.1,192.3,17.0,6.6,12.4,21.2,0,None
96895002404,10.9,248.1,6.4,5.1,17.0,20.2,0,None
96895002405,9.3,189.5,11.3,11.4,12.1,0.1,0,None
96895002406,16.0,157.6,3.6,3.8,5.3,21.7,0,None
96895002407,10.1,261.4,15.8,8.3,21.4,34.5,0,None
96895002408,25.1,128.4,6.9,14.7,15.8,25.5,0,None
96895002409,15.0,60.2,23.9,5.1,16.9,21.4,0,None
96895002410,19.1,283.1,0.0,6.2,8.8,30.4,0,None
96895002411,15.1,122.7,6.8,12.8,16.7,38.8,0,None
96895002412,15.0,111.9,17.1,7.5,3.1,19.7,0,None
96895002413,10.6,114.2,6.9,13.7,6.7,26.4,0,None
96895002414,3.7,265.2,2.6,6.6,5.4,13.5,0,None
96895002415,24.0,144.5,12.8,14.1,16.1,11.1,0,None
96895002416,19.4,156.0,3.9,10.6,17.0,0.1,0,None
96895002417,8.2,169.2,2.0,4.8,7.5,5.3,0,None
96895002418,6.4,96.9,13.3,12.8,7.3,18.8,0,None
96895002419,16.9,117.0,18.4,10.9,16.6,39.8,0,None
96895002420,14.3,99.3,16.2,9.4,11.1,19.5,0,None
96895002421,13.1,100.6,14.5,5.8,10.8,12.0,0,None
96895002422,12.5,106.1,14.6,12.2,17.1,6.5,0,None
96895002423,7.2,168.1,0.0,1.7,0.5,0.1,0,None
96895002424,16.4,279.3,24.5,4.2,14.1,33.2,0,None
96895002425,11.4,130.2,21.7,5.2,7.3,0.1,0,None
96895002426,16.1,87.8,18.3,5.3,28.1,0.2,0,None
96895002427,13.2,79.3,20.6,4.3,12.7,12.0,0,None
96895002428,2.7,198.9,20.0,5.1,10.8,15.2,0,None
96895002429,11.9,80.8,17.6,2.5,11.2,25.3,0,None
96895002430,10.1,104.5,0.0,4.8,15.7,15.0,0,None
96895002431,8.8,173.1,2.7,7.5,21.3,35.0,0,None
96895002432,8.1,184.4,0.0,18.8,23.0,42.4,0,None
96895002433,12.9,131.1,1.7,11.8,10.8,23.8,0,None
96895002434,7.2,95.4,10.3,11.7,8.2,0.1,0,None
96895002435,3.1,161.4,3.9,9.6,9.9,22.9,0,None
96895002436,8.3,152.0,4.2,12.0,18.7,34.0,0,None
96895002437,10.3,141.2,7.8,14.7,7.9,26.9,0,None
96895002438,3.7,214.3,30.3,8.7,7.3,43.6,0,None
96895002439,15.4,197.3,0.0,8.9,10.1,16.9,0,None
96895002440,16.7,173.3,7.5,9.0,22.7,16.7,0,None
96895002441,7.1,171.6,9.7,11.4,3.5,18.3,0,None
96895002442,7.8,179.5,24.2,5.9,4.6,14.8,0,None
96895002443,16.7,261.3,2.7,12.9,0.0,5.5,0,None
96895002444,14.0,147.9,6.1,4.0,16.1,26.8,0,None
96895002445,8.6,113.2,24.3,14.5,16.9,3.3,0,None
96895002446,16.2,185.6,17.1,6.0,22.9,38.6,0,None
96895002447,20.2,188.8,26.0,13.8,13.4,31.2,0,None
96895002448,11.9,86.7,23.9,8.0,19.3,26.6,0,None
96895002449,16.9,190.9,5.9,9.5,15.6,12.6,0,None
96895002450,2.6,37.2,0.0,16.9,8.1,0.1,0,None
96895002451,6.7,175.8,21.6,14.9,17.2,0.1,0,None
96895002452,14.8,90.4,14.9,4.6,6.4,6.4,0,None
96895002453,3.2,189.3,0.0,11.6,17.3,18.9,0,None
96895002454,6.2,79.7,30.7,13.8,20.6,2.5,0,None
96895002455,9.5,261.0,11.6,12.4,4.0,10.1,0,None
96895002456,11.3,96.3,13.4,9.5,13.8,13.4,0,None
96895002457,11.2,167.1,12.6,7.4,11.1,13.6,0,None
96895002458,18.7,91.3,3.6,12.6,18.5,16.2,0,None
96895002459,16.5,222.0,6.0,17.2,14.8,15.4,0,None
96895002460,6.5,201.0,468.6,13.3,0.0,0.1,0,None
96895002461,10.3,288.5,6.3,17.6,7.3,7.9,0,None
96895002462,9.2,109.2,13.4,1.0,8.9,29.3,0,None
96895002463,20.5,202.9,3.4,9.9,14.4,11.7,0,None
96895002464,0.0,255.3,13.3,9.3,13.1,45.6,0,None
96895002465,9.1,133.2,3.8,11.7,15.9,24.2,0,None
96895002466,6.6,165.9,3.4,9.8,18.3,0.1,0,None
96895002467,10.2,129.8,1.7,13.8,6.2,19.5,0,None
96895002468,17.2,193.9,17.3,7.0,8.2,5.4,0,None
96895002469,2.9,226.5,12.1,8.0,9.5,9.4,0,None
96895002470,13.6,262.1,17.5,5.4,0.0,16.2,0,None
96895002471,0.7,66.8,18.8,12.2,23.6,9.1,0,None
96895002472,11.9,175.1,30.1,10.5,22.8,51.5,0,None
96895002473,10.1,152.7,18.4,19.3,9.4,14.0,0,None
96895002474,21.9,180.5,5.4,9.5,12.6,28.6,0,None
96895002475,7.5,159.5,0.0,15.0,8.0,1.6,0,None
96895002476,18.3,210.4,0.0,7.7,1.4,17.2,0,None
96895002477,10.6,232.9,3.7,14.5,15.6,16.9,0,None
96895002478,4.8,138.8,14.8,4.1,1.6,0.1,0,None
96895002479,6.1,196.9,8.8,9.8,11.6,12.4,0,None
96895002480,12.0,246.3,4.6,13.6,12.1,12.0,0,None
96895002481,18.7,88.6,10.9,10.0,3.1,17.7,0,None
96895002482,19.5,166.0,27.0,6.7,14.2,22.1,0,None
96895002483,18.6,118.8,382.6,2.8,15.8,26.8,0,None
96895002484,11.3,173.3,9.6,3.5,18.8,19.9,0,None
96895002485,6.4,35.2,28.9,11.7,18.5,16.5,0,None
96895002486,22.9,259.8,12.4,9.3,10.2,2.2,0,None
96895002487,19.1,164.6,14.8,8.4,17.2,33.4,0,None
96895002488,2.7,54.8,27.3,14.1,7.5,22.3,0,None
96895002489,8.6,132.0,12.2,11.8,17.6,28.2,0,None
96895002490,22.4,250.1,8.1,9.5,0.0,0.1,0,None
96895002491,11.9,255.3,15.1,5.6,19.4,36.9,0,None
96895002492,15.4,159.6,0.0,1.9,3.8,7.1,0,None
96895002493,15.7,118.4,10.7,3.9,2.6,25.5,0,None
96895002494,14.8,85.2,26.4,17.1,10.3,6.3,0,None
96895002495,24.4,207.7,9.6,4.8,11.4,16.7,0,None
96895002496,11.5,178.5,16.4,12.8,13.7,0.1,0,None
96895002497,13.9,118.1,21.8,10.6,6.3,0.1,0,None
96895002498,12.5,210.8,4.0,12.8,4.3,23.0,0,None
96895002499,13.2,98.3,11.7,13.6,0.8,33.3,0,None
