msisdn,tenure_months,data_usage_gb,monthly_spend_omr,intl_minutes,roaming_days,voice_minutes,true_persona
96890000000,9.1,55.1,11.5,0.0,1.9,514.7,Heavy-Data Youth
96890000001,14.9,58.9,12.9,11.2,1.0,445.8,Heavy-Data Youth
96890000002,17.5,64.7,14.2,0.4,0.3,0.0,Heavy-Data Youth
96890000003,15.8,3.8,29.5,136.1,13.0,303.6,Frequent Roamer
96890000004,70.2,28.1,42.2,54.8,2.6,515.5,Business Postpaid
96890000005,1.0,1.5,6.8,4.0,0.6,165.5,Low-Use Prepaid
96890000006,57.6,23.6,59.1,23.5,1.4,612.5,Business Postpaid
96890000007,7.3,5.9,22.7,93.1,9.3,0.0,Frequent Roamer
96890000008,12.7,0.6,3.3,4.5,0.1,14.4,Low-Use Prepaid
96890000009,27.6,7.6,40.7,219.2,8.6,32.0,Frequent Roamer
96890000010,1.0,0.1,4.7,6.1,0.0,0.0,Low-Use Prepaid
96890000011,10.7,3.2,5.9,4.4,0.0,1054.2,Low-Use Prepaid
96890000012,23.6,63.2,18.6,9.0,0.6,145.9,Heavy-Data Youth
96890000013,9.6,53.8,18.4,8.0,0.6,349.0,Heavy-Data Youth
96890000014,22.7,2.5,8.1,0.0,0.0,824.9,Low-Use Prepaid
96890000015,21.7,74.0,6.3,15.5,0.0,427.3,Heavy-Data Youth
96890000016,18.8,67.5,13.9,10.5,0.0,396.5,Heavy-Data Youth
96890000017,63.1,5.2,50.1,103.9,2.8,168.5,Business Postpaid
96890000018,14.0,2.4,6.0,4.3,0.9,870.9,Low-Use Prepaid
96890000019,14.1,67.2,12.8,11.9,0.6,596.7,Heavy-Data Youth
96890000020,32.9,15.6,32.2,163.6,8.2,521.5,Frequent Roamer
96890000021,13.6,0.1,5.6,0.1,0.0,409.7,Low-Use Prepaid
96890000022,37.9,14.6,22.0,138.7,19.7,351.2,Frequent Roamer
96890000023,33.1,18.8,11.1,113.3,13.0,522.1,Frequent Roamer
96890000024,7.8,2.5,6.8,5.5,0.0,345.3,Low-Use Prepaid
96890000025,26.7,72.7,23.8,8.0,2.6,409.0,Heavy-Data Youth
96890000026,19.9,53.0,16.6,0.1,0.8,427.5,Heavy-Data Youth
96890000027,26.9,40.6,18.2,12.2,1.1,893.2,Heavy-Data Youth
96890000028,17.8,40.8,11.7,0.0,0.0,0.0,Heavy-Data Youth
96890000029,8.2,2.7,6.4,3.1,0.5,671.4,Low-Use Prepaid
96890000030,14.7,84.5,21.2,0.0,0.0,345.0,Heavy-Data Youth
96890000031,15.2,2.3,7.2,0.0,0.5,455.0,Low-Use Prepaid
96890000032,17.5,75.2,13.5,0.0,0.1,0.0,Heavy-Data Youth
96890000033,28.8,15.4,29.0,236.9,16.3,764.9,Frequent Roamer
96890000034,11.2,63.5,21.4,9.6,1.9,227.1,Heavy-Data Youth
96890000035,30.8,85.0,16.3,8.4,2.2,807.7,Heavy-Data Youth
96890000036,55.2,17.2,54.3,42.8,2.2,703.0,Business Postpaid
96890000037,10.1,58.3,20.8,6.8,0.5,547.3,Heavy-Data Youth
96890000038,48.8,26.0,35.2,72.2,2.3,307.8,Business Postpaid
96890000039,20.4,46.9,16.2,2.0,2.0,507.2,Heavy-Data Youth
96890000040,31.9,13.2,28.8,152.7,18.0,799.3,Frequent Roamer
96890000041,29.6,45.8,16.8,8.3,0.7,679.9,Heavy-Data Youth
96890000042,55.4,23.9,31.4,110.6,1.7,727.1,Business Postpaid
96890000043,13.5,63.1,31.1,14.9,0.0,805.5,Heavy-Data Youth
96890000044,18.4,3.0,6.7,7.5,0.0,376.0,Low-Use Prepaid
96890000045,72.4,13.4,44.3,124.0,1.7,1.5,Business Postpaid
96890000046,28.0,80.2,22.8,0.4,0.9,565.8,Heavy-Data Youth
96890000047,7.6,1.5,5.9,4.9,0.4,425.7,Low-Use Prepaid
96890000048,59.8,25.6,68.2,66.9,4.1,0.0,Business Postpaid
96890000049,25.0,17.9,35.0,111.9,13.0,144.6,Frequent Roamer
96890000050,28.4,1.9,8.0,0.0,0.9,7.6,Low-Use Prepaid
96890000051,48.3,28.3,32.8,89.9,2.9,882.4,Business Postpaid
96890000052,26.3,1.0,6.5,7.8,0.0,479.6,Low-Use Prepaid
96890000053,11.7,2.0,6.2,1.2,0.0,487.6,Low-Use Prepaid
96890000054,8.1,3.9,6.5,2.1,0.5,0.0,Low-Use Prepaid
96890000055,10.6,2.1,5.6,0.0,0.1,0.0,Low-Use Prepaid
96890000056,13.8,74.9,14.5,11.4,1.0,673.5,Heavy-Data Youth
96890000057,4.2,68.5,24.0,12.7,0.0,353.5,Heavy-Data Youth
96890000058,46.5,16.7,53.2,115.3,0.0,309.2,Business Postpaid
96890000059,13.2,67.0,19.9,10.3,0.6,645.9,Heavy-Data Youth
96890000060,31.5,7.0,34.0,162.1,8.3,444.5,Frequent Roamer
96890000061,20.9,74.1,15.1,9.3,0.6,0.0,Heavy-Data Youth
96890000062,19.7,1.9,5.3,2.8,0.0,80.7,Low-Use Prepaid
96890000063,21.3,16.5,39.9,163.8,4.5,170.4,Frequent Roamer
96890000064,12.1,2.3,8.2,0.0,0.7,111.8,Low-Use Prepaid
96890000065,13.0,79.5,13.7,5.7,0.0,933.0,Heavy-Data Youth
96890000066,10.0,63.9,16.7,6.8,0.8,219.3,Heavy-Data Youth
96890000067,8.1,0.3,8.2,2.0,0.7,526.8,Low-Use Prepaid
96890000068,16.3,2.6,6.9,0.0,0.0,0.0,Low-Use Prepaid
96890000069,19.0,3.1,8.7,0.0,0.5,949.6,Low-Use Prepaid
96890000070,14.7,2.1,5.0,1.2,0.0,406.6,Low-Use Prepaid
96890000071,32.1,23.1,27.9,158.7,9.3,684.9,Frequent Roamer
96890000072,31.7,17.2,26.9,70.9,15.8,750.4,Frequent Roamer
96890000073,16.4,60.6,15.8,7.2,0.2,356.9,Heavy-Data Youth
96890000074,6.2,83.7,21.7,2.3,0.5,687.8,Heavy-Data Youth
96890000075,1.0,65.2,15.0,0.0,1.8,866.7,Heavy-Data Youth
96890000076,21.6,60.3,14.7,9.0,1.7,701.9,Heavy-Data Youth
96890000077,38.2,16.1,39.1,235.7,15.4,644.9,Frequent Roamer
96890000078,13.2,63.6,15.3,9.5,0.8,1010.4,Heavy-Data Youth
96890000079,11.9,1.6,7.3,4.7,0.0,327.2,Low-Use Prepaid
96890000080,49.2,15.3,43.5,49.8,2.9,554.7,Business Postpaid
96890000081,13.6,0.1,9.6,8.5,0.4,534.4,Low-Use Prepaid
96890000082,32.5,10.2,37.2,210.6,8.9,0.0,Frequent Roamer
96890000083,3.7,2.2,6.4,4.9,0.8,0.0,Low-Use Prepaid
96890000084,29.0,77.3,13.6,3.8,0.8,42.4,Heavy-Data Youth
96890000085,31.7,21.9,55.4,59.2,2.2,990.4,Business Postpaid
96890000086,35.9,8.2,25.3,118.6,11.9,0.0,Frequent Roamer
96890000087,3.4,2.3,2.2,2.4,0.0,598.9,Low-Use Prepaid
96890000088,33.1,11.3,46.8,126.3,2.9,465.4,Business Postpaid
96890000089,44.3,23.9,46.3,132.6,0.3,325.3,Business Postpaid
96890000090,53.6,25.2,47.2,89.6,0.7,668.1,Business Postpaid
96890000091,22.4,2.7,7.3,8.5,0.0,0.0,Low-Use Prepaid
96890000092,20.7,2.2,7.0,7.9,0.3,771.6,Low-Use Prepaid
96890000093,16.0,1.8,4.5,2.4,0.0,155.1,Low-Use Prepaid
96890000094,9.6,1.2,5.0,3.5,0.0,243.7,Low-Use Prepaid
96890000095,20.6,56.6,19.2,6.6,1.2,639.2,Heavy-Data Youth
96890000096,25.4,85.0,18.5,0.7,0.0,862.6,Heavy-Data Youth
96890000097,60.4,24.5,55.5,135.2,0.0,331.0,Business Postpaid
96890000098,18.8,64.9,13.6,6.4,0.0,901.0,Heavy-Data Youth
96890000099,7.8,2.9,2.0,0.5,0.6,654.5,Low-Use Prepaid
96890000100,43.5,14.1,37.4,167.5,14.7,506.7,Frequent Roamer
96890000101,43.5,6.7,28.2,209.9,18.1,812.7,Frequent Roamer
96890000102,29.3,6.8,35.3,196.9,10.6,349.3,Frequent Roamer
96890000103,45.5,24.3,59.2,75.5,1.3,183.9,Business Postpaid
96890000104,1.0,2.5,4.3,1.8,0.6,902.5,Low-Use Prepaid
96890000105,21.3,61.5,17.4,4.5,1.4,517.2,Heavy-Data Youth
96890000106,15.5,1.6,5.1,0.0,0.5,922.8,Low-Use Prepaid
96890000107,10.6,68.5,25.8,1.3,0.0,649.9,Heavy-Data Youth
96890000108,14.8,61.9,9.6,6.1,1.0,920.0,Heavy-Data Youth
96890000109,20.1,2.4,7.4,6.7,0.7,490.5,Low-Use Prepaid
96890000110,9.7,72.4,17.9,0.8,1.0,258.9,Heavy-Data Youth
96890000111,34.7,15.8,25.1,181.6,16.8,732.1,Frequent Roamer
96890000112,23.7,83.2,13.7,14.7,0.4,790.0,Heavy-Data Youth
96890000113,26.7,14.4,44.1,271.8,1.8,86.8,Frequent Roamer
96890000114,10.6,1.1,6.0,4.6,0.5,379.8,Low-Use Prepaid
96890000115,11.8,50.9,20.5,2.7,1.1,1020.5,Heavy-Data Youth
96890000116,52.3,12.8,47.5,75.4,2.8,297.4,Business Postpaid
96890000117,54.2,19.3,42.5,95.5,1.8,321.5,Business Postpaid
96890000118,51.5,29.0,59.6,69.5,0.9,570.2,Business Postpaid
96890000119,58.0,30.3,39.9,108.3,1.6,148.5,Business Postpaid
96890000120,25.1,4.3,7.0,0.0,0.0,120.6,Low-Use Prepaid
96890000121,18.0,2.4,5.9,2.1,0.0,867.6,Low-Use Prepaid
96890000122,13.8,3.5,7.6,2.0,0.2,597.2,Low-Use Prepaid
96890000123,57.5,15.8,54.5,138.8,2.3,700.1,Business Postpaid
96890000124,36.6,10.8,23.1,136.8,12.8,730.8,Frequent Roamer
96890000125,6.8,1.8,6.7,0.0,0.1,655.7,Low-Use Prepaid
96890000126,21.5,2.1,5.5,5.1,0.1,0.0,Low-Use Prepaid
96890000127,35.1,9.5,25.4,191.3,13.2,188.5,Frequent Roamer
96890000128,48.4,29.8,54.5,133.6,3.7,208.5,Business Postpaid
96890000129,28.9,1.2,4.4,1.0,0.7,193.5,Low-Use Prepaid
96890000130,20.4,2.3,5.7,0.2,0.3,216.5,Low-Use Prepaid
96890000131,53.9,20.2,62.9,146.1,0.9,929.5,Business Postpaid
96890000132,24.8,6.8,33.6,79.5,4.1,988.4,Frequent Roamer
96890000133,42.3,17.0,44.6,66.9,0.0,1304.0,Business Postpaid
96890000134,19.2,59.8,14.3,6.9,0.0,228.0,Heavy-Data Youth
96890000135,12.3,1.7,5.4,2.0,0.1,0.0,Low-Use Prepaid
96890000136,10.2,58.1,13.2,8.7,0.0,765.7,Heavy-Data Youth
96890000137,8.5,4.0,5.7,5.3,0.0,432.9,Low-Use Prepaid
96890000138,16.4,3.5,6.5,1.9,0.5,593.7,Low-Use Prepaid
96890000139,9.5,2.6,6.0,2.2,0.4,160.9,Low-Use Prepaid
96890000140,69.5,19.6,45.6,95.9,2.0,702.2,Business Postpaid
96890000141,29.2,85.2,12.3,20.7,2.2,510.9,Heavy-Data Youth
96890000142,15.0,49.4,10.7,3.7,1.8,704.3,Heavy-Data Youth
96890000143,26.2,38.8,15.9,2.8,0.0,496.4,Heavy-Data Youth
96890000144,14.9,80.3,12.0,2.8,0.3,0.0,Heavy-Data Youth
96890000145,17.8,73.2,18.8,3.0,0.1,959.2,Heavy-Data Youth
96890000146,16.8,58.5,11.7,2.3,0.5,217.9,Heavy-Data Youth
96890000147,21.9,3.0,6.6,8.7,0.0,807.5,Low-Use Prepaid
96890000148,6.1,0.5,8.2,3.6,0.0,517.4,Low-Use Prepaid
96890000149,19.1,20.9,25.3,187.4,12.8,439.1,Frequent Roamer
96890000150,13.2,2.2,5.1,3.4,0.0,221.2,Low-Use Prepaid
96890000151,6.1,54.8,11.2,11.9,2.6,553.8,Heavy-Data Youth
96890000152,16.4,1.7,10.0,4.5,0.0,399.9,Low-Use Prepaid
96890000153,26.2,18.5,23.2,2.1,0.6,0.0,Heavy-Data Youth
96890000154,14.1,69.8,11.2,2.8,0.0,255.7,Heavy-Data Youth
96890000155,45.8,22.4,56.0,108.3,1.6,584.8,Business Postpaid
96890000156,54.2,12.6,39.7,37.7,0.8,1011.4,Business Postpaid
96890000157,55.3,25.4,41.4,98.6,2.8,243.4,Business Postpaid
96890000158,16.1,1.3,8.5,1.5,0.0,899.3,Low-Use Prepaid
96890000159,60.4,31.5,42.6,98.7,6.9,161.2,Business Postpaid
96890000160,18.8,82.9,16.8,13.5,0.0,615.0,Heavy-Data Youth
96890000161,64.4,22.3,36.4,91.1,0.3,276.1,Business Postpaid
96890000162,13.6,0.6,3.3,6.0,0.0,372.6,Low-Use Prepaid
96890000163,18.7,2.1,4.7,0.0,0.6,394.6,Low-Use Prepaid
96890000164,15.3,2.9,7.0,0.0,0.1,954.7,Low-Use Prepaid
96890000165,46.4,21.1,24.5,247.5,12.1,201.3,Frequent Roamer
96890000166,8.9,2.2,8.8,2.5,0.3,736.8,Low-Use Prepaid
96890000167,37.5,11.4,35.7,142.6,21.3,909.3,Frequent Roamer
96890000168,28.3,11.8,22.6,92.2,11.7,272.3,Frequent Roamer
96890000169,40.2,12.4,48.2,62.4,1.5,1186.8,Business Postpaid
96890000170,32.9,10.4,22.5,186.9,15.6,388.7,Frequent Roamer
96890000171,12.5,1.5,5.9,3.5,0.1,576.1,Low-Use Prepaid
96890000172,11.1,2.8,5.9,0.7,0.0,381.5,Low-Use Prepaid
96890000173,26.1,64.8,12.3,9.1,0.6,784.6,Heavy-Data Youth
96890000174,13.7,69.3,16.8,9.3,0.0,0.0,Heavy-Data Youth
96890000175,17.0,2.0,4.6,2.6,0.4,790.8,Low-Use Prepaid
96890000176,18.7,2.3,5.1,1.8,0.3,551.8,Low-Use Prepaid
96890000177,2.8,2.4,2.1,4.7,1.5,782.1,Low-Use Prepaid
96890000178,53.6,23.3,45.0,87.8,1.0,538.8,Business Postpaid
96890000179,17.3,4.1,4.9,4.3,0.1,699.0,Low-Use Prepaid
96890000180,60.0,23.1,39.6,113.3,3.7,657.1,Business Postpaid
96890000181,14.5,1.3,3.1,2.3,0.6,280.6,Low-Use Prepaid
96890000182,35.6,2.8,2.3,6.2,0.4,502.1,Low-Use Prepaid
96890000183,14.9,46.6,19.7,7.9,0.7,443.2,Heavy-Data Youth
96890000184,8.0,4.2,5.2,0.0,0.0,151.7,Low-Use Prepaid
96890000185,4.6,57.9,22.0,10.5,1.8,533.2,Heavy-Data Youth
96890000186,38.6,1.1,26.3,235.7,10.6,737.3,Frequent Roamer
96890000187,3.5,1.0,4.7,3.7,0.3,504.4,Low-Use Prepaid
96890000188,13.1,0.1,4.6,4.1,0.7,1270.3,Low-Use Prepaid
96890000189,16.1,46.9,18.4,4.5,0.3,817.8,Heavy-Data Youth
96890000190,23.0,12.3,30.2,180.9,13.2,187.4,Frequent Roamer
96890000191,28.8,68.7,18.5,6.1,1.4,654.6,Heavy-Data Youth
96890000192,22.0,0.9,5.7,3.4,0.2,219.3,Low-Use Prepaid
96890000193,14.1,57.3,21.3,4.4,0.0,201.5,Heavy-Data Youth
96890000194,18.9,90.2,27.1,12.4,0.8,562.1,Heavy-Data Youth
96890000195,11.8,57.7,27.7,12.8,0.0,780.3,Heavy-Data Youth
96890000196,19.1,1.4,2.6,0.0,0.0,409.8,Low-Use Prepaid
96890000197,17.8,0.7,5.0,0.9,0.0,0.0,Low-Use Prepaid
96890000198,18.4,2.4,3.0,5.5,0.9,821.0,Low-Use Prepaid
96890000199,15.2,101.6,16.8,0.7,1.6,417.1,Heavy-Data Youth
96890000200,12.5,60.8,14.9,13.6,1.6,706.9,Heavy-Data Youth
96890000201,20.3,2.3,6.0,5.2,0.1,0.0,Low-Use Prepaid
96890000202,23.7,9.7,28.4,27.1,16.5,188.1,Frequent Roamer
96890000203,17.5,72.8,14.9,2.2,0.0,698.4,Heavy-Data Youth
96890000204,17.3,2.0,2.0,1.9,0.1,80.4,Low-Use Prepaid
96890000205,61.4,37.2,54.7,122.1,1.6,969.4,Business Postpaid
96890000206,13.0,2.7,5.4,4.4,0.0,0.0,Low-Use Prepaid
96890000207,9.1,42.0,11.4,0.0,0.0,0.0,Heavy-Data Youth
96890000208,9.7,64.0,22.8,13.0,0.6,670.4,Heavy-Data Youth
96890000209,12.3,2.0,5.7,0.2,0.1,240.8,Low-Use Prepaid
96890000210,30.0,16.4,29.5,83.7,12.8,207.5,Frequent Roamer
96890000211,20.0,2.2,6.9,4.2,0.0,469.6,Low-Use Prepaid
96890000212,23.2,5.2,24.8,158.4,9.2,218.5,Frequent Roamer
96890000213,62.7,17.8,45.8,125.4,1.0,743.3,Business Postpaid
96890000214,49.3,24.2,44.3,74.0,0.9,15.0,Business Postpaid
96890000215,23.2,82.7,20.1,2.7,1.0,0.0,Heavy-Data Youth
96890000216,60.7,17.7,35.4,46.9,2.6,402.8,Business Postpaid
96890000217,70.0,22.7,49.8,66.2,4.6,0.0,Business Postpaid
96890000218,32.3,10.0,31.8,138.0,9.5,0.0,Frequent Roamer
96890000219,9.4,1.0,4.6,0.9,0.0,58.0,Low-Use Prepaid
96890000220,33.9,19.0,43.3,60.0,2.1,1133.5,Business Postpaid
96890000221,33.2,12.9,18.7,166.7,6.1,902.9,Frequent Roamer
96890000222,63.0,23.5,57.6,128.9,4.0,0.0,Business Postpaid
96890000223,37.4,16.5,26.9,190.0,17.8,749.2,Frequent Roamer
96890000224,27.3,11.9,18.6,187.3,15.2,84.3,Frequent Roamer
96890000225,41.9,24.7,45.9,97.3,0.0,478.1,Business Postpaid
96890000226,38.4,15.9,52.7,90.0,1.8,482.9,Business Postpaid
96890000227,19.5,63.9,15.8,1.6,1.3,345.0,Heavy-Data Youth
96890000228,63.9,14.4,59.5,15.2,2.6,225.6,Business Postpaid
96890000229,35.6,22.1,48.9,92.1,0.0,0.0,Business Postpaid
96890000230,34.9,17.3,34.4,191.8,18.5,917.2,Frequent Roamer
96890000231,59.4,24.6,44.0,86.7,1.2,529.0,Business Postpaid
96890000232,73.1,16.6,55.4,72.4,2.2,0.0,Business Postpaid
96890000233,14.3,1.4,2.0,7.5,0.0,616.4,Low-Use Prepaid
96890000234,12.9,3.0,6.7,0.9,0.6,620.7,Low-Use Prepaid
96890000235,30.6,48.6,18.1,5.4,0.6,553.3,Heavy-Data Youth
96890000236,19.4,1.8,7.9,0.0,0.2,212.3,Low-Use Prepaid
96890000237,33.1,74.1,25.2,3.2,0.0,1166.0,Heavy-Data Youth
96890000238,42.7,14.1,34.5,180.5,13.7,513.4,Frequent Roamer
96890000239,38.2,10.4,23.0,235.4,10.1,855.5,Frequent Roamer
96890000240,14.7,3.5,9.7,7.2,0.0,0.0,Low-Use Prepaid
96890000241,37.0,22.7,46.6,57.9,0.2,541.4,Business Postpaid
96890000242,13.7,40.5,24.3,9.9,1.0,1271.0,Heavy-Data Youth
96890000243,71.2,20.8,49.4,117.5,0.0,1156.2,Business Postpaid
96890000244,17.5,1.2,11.9,6.6,0.0,745.3,Low-Use Prepaid
96890000245,10.4,3.2,2.2,3.8,0.0,0.0,Low-Use Prepaid
96890000246,9.4,1.4,7.7,6.5,0.3,690.2,Low-Use Prepaid
96890000247,51.4,23.2,52.4,95.0,3.4,436.0,Business Postpaid
96890000248,15.9,42.2,19.8,6.8,0.6,171.5,Heavy-Data Youth
96890000249,17.5,69.0,16.8,0.0,0.0,0.0,Heavy-Data Youth
96890000250,17.8,45.0,16.1,3.5,1.1,1355.1,Heavy-Data Youth
96890000251,8.2,71.0,17.2,7.7,0.6,370.0,Heavy-Data Youth
96890000252,29.2,33.4,53.6,110.0,2.0,381.8,Business Postpaid
96890000253,16.5,57.1,12.5,14.7,0.0,317.9,Heavy-Data Youth
96890000254,7.0,3.4,4.8,0.0,0.0,285.8,Low-Use Prepaid
96890000255,44.8,24.0,43.6,138.0,0.0,479.9,Business Postpaid
96890000256,56.8,16.2,55.7,99.5,0.5,0.0,Business Postpaid
96890000257,29.1,63.0,19.9,8.5,0.0,21.5,Heavy-Data Youth
96890000258,4.1,0.1,4.7,3.0,0.0,629.9,Low-Use Prepaid
96890000259,28.7,13.6,24.3,134.4,7.7,338.3,Frequent Roamer
96890000260,14.6,48.1,19.1,1.8,0.7,202.7,Heavy-Data Youth
96890000261,27.1,2.5,9.1,0.0,0.1,685.2,Low-Use Prepaid
96890000262,63.3,23.5,36.1,69.9,5.7,159.0,Business Postpaid
96890000263,33.0,1.4,9.9,2.7,0.2,422.2,Low-Use Prepaid
96890000264,41.9,20.6,42.0,110.5,1.5,273.9,Business Postpaid
96890000265,62.1,19.9,47.5,118.5,0.0,991.8,Business Postpaid
96890000266,14.0,32.8,12.7,10.3,0.3,590.1,Heavy-Data Youth
96890000267,24.9,64.5,18.6,1.2,0.0,133.0,Heavy-Data Youth
96890000268,19.1,52.6,10.1,8.7,1.1,321.8,Heavy-Data Youth
96890000269,21.1,12.8,26.8,118.5,13.5,0.0,Frequent Roamer
96890000270,23.1,1.3,6.0,2.9,0.1,303.9,Low-Use Prepaid
96890000271,14.7,1.0,2.0,2.4,0.3,595.2,Low-Use Prepaid
96890000272,49.6,18.2,36.1,175.7,8.2,1050.3,Frequent Roamer
96890000273,17.7,57.0,21.3,7.5,0.0,644.9,Heavy-Data Youth
96890000274,14.1,1.4,4.0,3.2,0.9,450.6,Low-Use Prepaid
96890000275,67.3,25.8,39.0,45.7,3.0,0.0,Business Postpaid
96890000276,8.6,63.6,19.8,6.6,0.9,471.3,Heavy-Data Youth
96890000277,16.3,2.3,8.8,2.4,0.0,634.4,Low-Use Prepaid
96890000278,63.3,14.3,50.6,35.4,2.2,669.1,Business Postpaid
96890000279,9.4,2.6,4.2,0.0,0.3,139.4,Low-Use Prepaid
96890000280,18.2,2.0,8.5,3.3,0.3,628.6,Low-Use Prepaid
96890000281,64.5,19.9,43.6,82.5,3.7,0.0,Business Postpaid
96890000282,54.3,14.7,34.9,72.2,2.8,486.6,Business Postpaid
96890000283,21.5,44.4,14.4,0.0,2.8,822.5,Heavy-Data Youth
96890000284,16.2,62.0,16.2,5.6,0.0,367.2,Heavy-Data Youth
96890000285,42.0,13.5,62.7,116.4,0.9,652.7,Business Postpaid
96890000286,12.0,2.2,4.6,1.0,0.0,406.2,Low-Use Prepaid
96890000287,7.4,53.2,8.9,14.4,0.1,865.7,Heavy-Data Youth
96890000288,58.7,13.0,38.8,77.3,3.9,118.6,Business Postpaid
96890000289,39.3,25.9,45.0,66.0,2.1,63.7,Business Postpaid
96890000290,11.8,2.8,6.5,3.6,0.0,37.4,Low-Use Prepaid
96890000291,44.8,13.1,32.5,148.6,15.8,603.3,Frequent Roamer
96890000292,16.0,17.8,24.5,240.2,15.0,920.2,Frequent Roamer
96890000293,49.9,8.8,57.7,125.7,2.6,0.0,Business Postpaid
96890000294,29.3,8.5,30.6,100.7,9.1,155.5,Frequent Roamer
96890000295,7.8,56.5,17.6,7.5,0.5,404.2,Heavy-Data Youth
96890000296,24.6,13.1,31.1,158.6,19.6,158.4,Frequent Roamer
96890000297,43.3,23.7,43.2,89.5,1.0,540.9,Business Postpaid
96890000298,54.2,24.3,37.6,56.7,2.0,636.2,Business Postpaid
96890000299,66.6,31.3,58.6,91.0,2.7,184.5,Business Postpaid
96890000300,50.6,22.0,45.5,128.2,1.8,992.4,Business Postpaid
96890000301,32.4,2.5,4.3,9.5,0.6,602.6,Low-Use Prepaid
96890000302,1.3,81.8,10.0,11.9,0.1,316.0,Heavy-Data Youth
96890000303,12.9,3.0,8.3,4.6,0.0,1007.4,Low-Use Prepaid
96890000304,17.6,4.1,8.1,2.2,0.4,724.4,Low-Use Prepaid
96890000305,26.5,15.5,24.4,217.8,6.7,483.9,Frequent Roamer
96890000306,11.8,77.9,17.1,9.3,0.3,390.8,Heavy-Data Youth
96890000307,19.7,51.3,13.0,10.1,0.3,140.0,Heavy-Data Youth
96890000308,24.9,55.3,19.0,10.1,0.0,0.0,Heavy-Data Youth
96890000309,40.5,22.4,50.7,47.7,0.0,418.4,Business Postpaid
96890000310,60.9,25.1,48.9,109.7,2.7,363.2,Business Postpaid
96890000311,55.0,33.0,39.8,79.6,2.6,610.9,Business Postpaid
96890000312,4.0,2.0,7.5,0.0,0.0,283.5,Low-Use Prepaid
96890000313,65.9,34.2,34.7,144.3,3.5,1082.4,Business Postpaid
96890000314,19.3,10.3,36.0,143.5,14.1,7.6,Frequent Roamer
96890000315,6.0,3.0,5.9,2.8,0.1,187.7,Low-Use Prepaid
96890000316,18.8,3.1,6.8,6.7,0.0,67.8,Low-Use Prepaid
96890000317,12.7,3.2,4.0,5.7,0.2,0.0,Low-Use Prepaid
96890000318,17.2,0.1,7.8,9.0,0.3,417.8,Low-Use Prepaid
96890000319,19.0,0.7,3.8,4.3,0.0,343.0,Low-Use Prepaid
96890000320,21.7,1.8,6.5,4.1,0.9,706.5,Low-Use Prepaid
96890000321,58.1,7.7,53.3,61.1,2.3,802.9,Business Postpaid
96890000322,13.8,1.5,3.8,2.4,0.1,209.6,Low-Use Prepaid
96890000323,33.7,12.8,27.3,91.9,15.1,0.0,Frequent Roamer
96890000324,55.3,20.9,52.7,59.3,1.5,651.0,Business Postpaid
96890000325,6.4,16.5,34.0,105.7,8.3,0.0,Frequent Roamer
96890000326,24.1,69.4,14.2,9.4,1.4,722.9,Heavy-Data Youth
96890000327,9.5,3.8,4.0,4.0,0.6,0.0,Low-Use Prepaid
96890000328,13.4,1.4,3.3,3.7,0.0,669.7,Low-Use Prepaid
96890000329,38.1,11.7,33.4,68.0,21.6,127.4,Frequent Roamer
96890000330,31.0,21.5,23.3,115.4,11.3,890.6,Frequent Roamer
96890000331,70.5,28.9,50.4,64.7,4.0,644.4,Business Postpaid
96890000332,15.5,2.6,3.2,0.8,0.0,329.2,Low-Use Prepaid
96890000333,16.7,0.7,2.8,4.0,0.4,363.3,Low-Use Prepaid
96890000334,44.2,36.4,20.5,68.6,0.4,230.5,Business Postpaid
96890000335,12.0,56.2,20.6,2.8,2.2,542.8,Heavy-Data Youth
96890000336,27.0,43.9,15.1,0.0,0.0,855.0,Heavy-Data Youth
96890000337,20.2,2.9,7.3,3.4,0.7,644.6,Low-Use Prepaid
96890000338,16.6,1.2,5.2,3.9,0.2,0.0,Low-Use Prepaid
96890000339,13.1,63.1,18.1,11.1,1.6,326.6,Heavy-Data Youth
96890000340,16.3,0.1,9.2,2.4,0.0,390.4,Low-Use Prepaid
96890000341,22.9,1.8,5.3,6.3,0.1,24.2,Low-Use Prepaid
96890000342,51.7,20.8,38.6,43.2,0.0,745.4,Business Postpaid
96890000343,26.2,74.3,15.4,14.6,0.5,0.0,Heavy-Data Youth
96890000344,11.3,3.6,5.0,0.0,0.2,696.2,Low-Use Prepaid
96890000345,18.2,81.0,18.2,3.9,0.1,600.1,Heavy-Data Youth
96890000346,14.8,3.0,8.6,0.1,0.4,107.5,Low-Use Prepaid
96890000347,20.3,63.4,21.2,8.1,1.3,0.0,Heavy-Data Youth
96890000348,36.6,16.0,28.7,145.7,12.6,435.1,Frequent Roamer
96890000349,16.0,62.2,14.7,4.4,1.2,675.5,Heavy-Data Youth
96890000350,46.8,7.8,34.1,77.2,9.8,688.1,Frequent Roamer
96890000351,7.9,0.4,5.6,1.9,0.9,531.5,Low-Use Prepaid
96890000352,57.0,13.9,45.1,84.5,2.7,844.2,Business Postpaid
96890000353,18.7,8.6,32.8,97.9,10.6,464.5,Frequent Roamer
96890000354,2.4,3.3,6.1,1.3,0.4,728.1,Low-Use Prepaid
96890000355,16.2,70.6,12.7,9.2,0.0,197.8,Heavy-Data Youth
96890000356,31.5,17.1,34.8,108.6,10.5,603.8,Frequent Roamer
96890000357,14.5,2.0,9.1,4.0,0.4,714.8,Low-Use Prepaid
96890000358,38.1,12.7,22.1,210.0,8.9,524.0,Frequent Roamer
96890000359,55.9,32.3,43.7,63.4,2.1,231.7,Business Postpaid
96890000360,16.7,3.3,7.1,3.4,0.7,1471.4,Low-Use Prepaid
96890000361,14.2,77.6,16.5,0.0,0.1,557.5,Heavy-Data Youth
96890000362,50.3,17.1,40.2,98.5,2.5,234.1,Business Postpaid
96890000363,70.7,28.1,37.6,69.3,2.3,442.2,Business Postpaid
96890000364,16.1,3.7,5.4,1.5,0.0,863.0,Low-Use Prepaid
96890000365,10.0,21.3,14.8,0.0,0.2,437.9,Heavy-Data Youth
96890000366,44.1,6.4,28.8,175.7,12.6,448.6,Frequent Roamer
96890000367,16.7,47.9,21.4,2.1,0.0,982.0,Heavy-Data Youth
96890000368,12.5,84.5,15.7,0.0,1.0,513.4,Heavy-Data Youth
96890000369,48.8,11.4,49.5,150.2,3.9,71.0,Business Postpaid
96890000370,73.3,23.8,64.1,74.8,0.0,907.5,Business Postpaid
96890000371,26.9,28.8,21.2,215.5,10.4,471.8,Frequent Roamer
96890000372,32.6,12.2,24.9,241.0,10.7,75.2,Frequent Roamer
96890000373,78.3,25.3,33.7,83.7,2.8,158.7,Business Postpaid
96890000374,8.3,2.2,7.0,1.6,0.3,373.4,Low-Use Prepaid
96890000375,2.1,2.6,5.1,1.4,0.1,168.6,Low-Use Prepaid
96890000376,8.5,63.7,18.0,2.5,0.0,80.6,Heavy-Data Youth
96890000377,15.3,54.3,22.4,10.8,0.7,793.4,Heavy-Data Youth
96890000378,55.4,15.9,62.1,122.7,0.1,574.8,Business Postpaid
96890000379,12.0,2.4,9.5,0.0,0.0,1283.6,Low-Use Prepaid
96890000380,32.0,0.9,9.3,4.7,0.6,455.1,Low-Use Prepaid
96890000381,15.8,2.7,7.3,1.9,0.8,319.4,Low-Use Prepaid
96890000382,16.2,62.5,25.3,2.0,0.2,851.3,Heavy-Data Youth
96890000383,1.7,3.2,6.0,0.0,0.2,134.8,Low-Use Prepaid
96890000384,21.0,2.7,4.6,2.9,0.6,643.2,Low-Use Prepaid
96890000385,36.2,16.4,17.5,180.4,15.7,782.2,Frequent Roamer
96890000386,20.9,58.1,15.8,2.0,0.0,820.3,Heavy-Data Youth
96890000387,9.8,20.5,25.2,173.5,11.3,309.6,Frequent Roamer
96890000388,16.4,1.3,8.2,1.4,0.0,781.1,Low-Use Prepaid
96890000389,33.2,60.3,17.4,9.3,0.8,697.3,Heavy-Data Youth
96890000390,49.3,13.7,47.0,92.9,1.3,349.6,Business Postpaid
96890000391,20.9,2.8,4.4,6.1,0.0,589.8,Low-Use Prepaid
96890000392,32.4,9.5,29.1,230.1,12.4,348.5,Frequent Roamer
96890000393,18.1,2.6,8.6,2.4,1.0,32.0,Low-Use Prepaid
96890000394,18.6,2.9,3.9,3.6,0.7,1022.5,Low-Use Prepaid
96890000395,71.1,25.6,45.8,85.5,4.0,597.5,Business Postpaid
96890000396,35.1,13.2,30.9,161.1,6.8,626.5,Frequent Roamer
96890000397,23.7,27.9,33.2,87.1,1.8,216.1,Business Postpaid
96890000398,5.0,2.3,4.6,1.4,0.6,1035.7,Low-Use Prepaid
96890000399,14.8,2.4,3.4,0.3,0.0,620.6,Low-Use Prepaid
96890000400,24.5,14.6,33.6,133.8,12.4,905.4,Frequent Roamer
96890000401,48.8,15.5,49.8,22.5,0.7,125.8,Business Postpaid
96890000402,39.8,18.4,40.1,114.5,3.5,0.0,Business Postpaid
96890000403,35.6,23.2,53.2,79.8,0.7,696.4,Business Postpaid
96890000404,73.4,28.1,49.0,101.2,2.7,327.7,Business Postpaid
96890000405,28.9,39.4,16.4,2.2,0.4,351.2,Heavy-Data Youth
96890000406,11.1,2.7,6.8,1.8,0.0,655.5,Low-Use Prepaid
96890000407,17.4,2.5,2.0,2.7,0.2,1074.7,Low-Use Prepaid
96890000408,39.4,16.3,24.4,100.2,4.2,339.0,Frequent Roamer
96890000409,17.0,44.3,22.0,13.9,1.4,43.0,Heavy-Data Youth
96890000410,24.7,3.7,5.7,2.6,0.0,173.2,Low-Use Prepaid
96890000411,49.6,22.6,44.5,46.8,1.5,448.6,Business Postpaid
96890000412,28.2,21.7,28.7,168.6,14.3,140.6,Frequent Roamer
96890000413,45.1,12.6,27.2,164.2,10.2,813.6,Frequent Roamer
96890000414,60.1,35.0,46.8,139.4,0.0,0.0,Business Postpaid
96890000415,56.4,12.7,46.1,137.4,1.0,52.3,Business Postpaid
96890000416,5.7,1.1,5.6,0.4,0.5,0.0,Low-Use Prepaid
96890000417,49.0,15.1,19.8,203.0,12.1,307.1,Frequent Roamer
96890000418,14.5,1.3,4.2,0.3,0.3,453.1,Low-Use Prepaid
96890000419,25.7,13.3,35.1,209.1,11.3,238.0,Frequent Roamer
96890000420,21.9,3.9,6.4,6.5,0.7,88.8,Low-Use Prepaid
96890000421,8.5,2.4,7.6,2.1,0.0,341.6,Low-Use Prepaid
96890000422,18.3,0.4,7.4,6.4,0.0,442.8,Low-Use Prepaid
96890000423,16.5,0.9,5.7,7.3,0.1,183.5,Low-Use Prepaid
96890000424,21.4,6.7,30.3,228.0,7.0,436.7,Frequent Roamer
96890000425,26.9,3.1,4.6,7.1,0.2,17.9,Low-Use Prepaid
96890000426,36.4,18.4,26.0,281.1,10.3,917.3,Frequent Roamer
96890000427,25.0,2.0,4.7,4.9,0.3,618.3,Low-Use Prepaid
96890000428,8.1,39.0,12.6,8.0,0.4,1032.4,Heavy-Data Youth
96890000429,16.2,1.9,6.8,3.3,0.0,0.0,Low-Use Prepaid
96890000430,23.9,18.9,30.4,146.8,17.1,459.0,Frequent Roamer
96890000431,29.2,16.5,24.5,161.5,10.2,296.8,Frequent Roamer
96890000432,14.0,65.5,7.0,1.5,0.1,76.0,Heavy-Data Youth
96890000433,20.1,50.5,13.3,11.2,0.0,380.3,Heavy-Data Youth
96890000434,26.3,16.3,28.3,170.3,17.3,835.4,Frequent Roamer
96890000435,14.6,2.4,3.8,6.3,0.0,275.8,Low-Use Prepaid
96890000436,12.1,2.0,5.6,3.6,0.6,678.3,Low-Use Prepaid
96890000437,16.4,8.4,24.5,211.2,9.2,466.4,Frequent Roamer
96890000438,23.7,69.6,27.2,10.0,1.1,472.1,Heavy-Data Youth
96890000439,17.3,2.4,3.7,0.0,0.0,625.3,Low-Use Prepaid
96890000440,55.6,21.3,54.8,91.3,1.5,1055.3,Business Postpaid
96890000441,8.1,82.1,11.5,4.3,0.2,182.0,Heavy-Data Youth
96890000442,40.8,16.5,29.7,195.6,13.1,163.7,Frequent Roamer
96890000443,24.8,3.3,6.6,4.9,0.3,34.6,Low-Use Prepaid
96890000444,30.7,18.3,22.9,93.2,8.5,348.1,Frequent Roamer
96890000445,30.3,26.1,55.0,58.6,1.9,236.1,Business Postpaid
96890000446,42.7,24.9,37.5,74.7,1.8,249.9,Business Postpaid
96890000447,16.3,2.1,6.2,4.5,0.2,712.8,Low-Use Prepaid
96890000448,62.9,29.8,43.0,157.0,0.0,29.7,Business Postpaid
96890000449,11.3,1.4,5.9,4.0,0.0,572.6,Low-Use Prepaid
96890000450,62.6,27.6,44.4,62.2,1.8,671.4,Business Postpaid
96890000451,20.5,1.2,8.2,0.0,0.9,355.0,Low-Use Prepaid
96890000452,30.7,15.9,46.0,92.2,3.1,890.7,Business Postpaid
96890000453,9.6,3.0,2.5,5.1,0.7,701.4,Low-Use Prepaid
96890000454,23.4,10.0,27.0,191.5,10.9,0.0,Frequent Roamer
96890000455,17.2,44.9,14.8,9.7,1.3,1039.2,Heavy-Data Youth
96890000456,62.8,23.1,26.1,64.3,0.6,62.8,Business Postpaid
96890000457,13.5,3.5,8.4,3.3,0.0,46.3,Low-Use Prepaid
96890000458,21.8,1.4,8.0,0.8,0.0,863.5,Low-Use Prepaid
96890000459,18.2,69.6,12.4,8.4,0.0,506.1,Heavy-Data Youth
96890000460,50.6,25.9,47.8,55.0,0.0,310.3,Business Postpaid
96890000461,10.5,3.4,5.2,2.5,0.0,225.4,Low-Use Prepaid
96890000462,51.7,23.4,43.2,30.6,1.6,98.8,Business Postpaid
96890000463,13.7,75.0,18.9,7.8,0.9,606.0,Heavy-Data Youth
96890000464,2.9,57.9,21.4,4.9,0.0,94.4,Heavy-Data Youth
96890000465,33.8,15.0,29.4,160.9,10.0,82.1,Frequent Roamer
96890000466,29.1,12.5,20.1,177.6,11.1,578.7,Frequent Roamer
96890000467,18.2,2.2,9.0,5.7,0.0,102.2,Low-Use Prepaid
96890000468,43.1,10.5,40.4,179.8,9.9,369.2,Frequent Roamer
96890000469,6.5,1.8,5.2,1.0,0.7,552.0,Low-Use Prepaid
96890000470,31.6,16.2,28.2,174.1,12.9,607.4,Frequent Roamer
96890000471,41.6,11.2,42.1,143.2,16.1,865.5,Frequent Roamer
96890000472,21.6,17.2,40.3,129.6,8.6,901.6,Frequent Roamer
96890000473,27.3,65.6,18.7,6.8,0.9,1225.0,Heavy-Data Youth
96890000474,44.8,25.9,40.3,87.8,1.9,663.1,Business Postpaid
96890000475,54.0,22.3,66.1,64.5,2.7,479.2,Business Postpaid
96890000476,15.7,2.3,7.2,1.3,0.6,864.5,Low-Use Prepaid
96890000477,56.5,30.6,35.9,87.1,0.8,267.1,Business Postpaid
96890000478,27.8,17.9,25.9,199.6,15.1,114.0,Frequent Roamer
96890000479,13.8,1.0,8.2,0.0,0.4,471.8,Low-Use Prepaid
96890000480,18.3,45.5,25.2,2.7,0.3,121.5,Heavy-Data Youth
96890000481,18.4,1.2,6.3,3.3,0.0,738.0,Low-Use Prepaid
96890000482,48.2,16.1,36.1,108.7,1.1,1341.1,Business Postpaid
96890000483,46.0,12.3,32.4,169.5,10.9,0.0,Frequent Roamer
96890000484,17.8,1.8,6.2,1.5,0.2,1526.9,Low-Use Prepaid
96890000485,24.1,2.2,4.1,0.0,0.4,524.8,Low-Use Prepaid
96890000486,15.9,68.0,15.9,2.4,0.4,263.4,Heavy-Data Youth
96890000487,18.9,77.4,19.9,13.2,0.4,1201.9,Heavy-Data Youth
96890000488,66.6,31.0,28.5,54.3,0.2,361.9,Business Postpaid
96890000489,25.0,9.0,28.9,171.4,3.2,546.3,Frequent Roamer
96890000490,30.2,1.9,7.2,0.0,0.6,505.3,Low-Use Prepaid
96890000491,32.9,9.9,31.4,165.0,12.0,850.2,Frequent Roamer
96890000492,68.3,22.8,55.9,54.6,4.7,293.0,Business Postpaid
96890000493,14.3,3.2,3.7,0.0,0.1,90.4,Low-Use Prepaid
96890000494,27.8,58.6,17.7,19.6,0.7,212.6,Heavy-Data Youth
96890000495,30.6,7.4,30.5,149.1,15.1,324.1,Frequent Roamer
96890000496,59.0,25.0,56.8,69.8,0.0,187.9,Business Postpaid
96890000497,12.1,1.4,5.0,5.3,0.4,421.6,Low-Use Prepaid
96890000498,8.3,2.4,4.8,7.7,0.2,681.7,Low-Use Prepaid
96890000499,42.3,18.3,19.0,133.6,11.4,934.9,Frequent Roamer
96890000500,32.4,6.5,27.9,141.2,15.8,0.0,Frequent Roamer
96890000501,53.5,17.3,36.1,52.0,2.7,463.1,Business Postpaid
96890000502,67.3,22.7,36.5,88.5,1.7,389.5,Business Postpaid
96890000503,18.0,14.8,13.8,211.9,12.5,607.0,Frequent Roamer
96890000504,14.2,1.4,7.2,2.8,1.0,286.0,Low-Use Prepaid
96890000505,13.5,2.0,6.5,9.0,0.0,438.1,Low-Use Prepaid
96890000506,52.8,26.1,38.8,67.6,1.1,29.1,Business Postpaid
96890000507,13.9,4.2,3.6,3.6,0.1,456.8,Low-Use Prepaid
96890000508,25.4,3.4,5.5,0.0,0.0,495.0,Low-Use Prepaid
96890000509,36.2,21.2,46.1,103.5,3.3,903.7,Business Postpaid
96890000510,18.5,1.2,2.5,0.0,0.5,774.9,Low-Use Prepaid
96890000511,22.1,18.1,32.2,307.9,11.8,478.8,Frequent Roamer
96890000512,12.5,4.4,4.6,8.5,0.4,394.8,Low-Use Prepaid
96890000513,27.1,2.7,6.5,1.7,0.3,30.7,Low-Use Prepaid
96890000514,52.8,20.1,46.3,76.8,0.2,509.9,Business Postpaid
96890000515,24.9,4.5,4.4,3.5,0.2,310.0,Low-Use Prepaid
96890000516,3.4,2.9,7.5,4.8,0.3,264.7,Low-Use Prepaid
96890000517,17.0,50.1,16.6,4.2,0.8,422.4,Heavy-Data Youth
96890000518,18.0,13.6,28.1,167.8,13.1,278.4,Frequent Roamer
96890000519,28.3,8.6,30.0,250.9,6.9,96.2,Frequent Roamer
96890000520,22.8,2.3,6.7,2.7,0.1,578.6,Low-Use Prepaid
96890000521,14.2,1.1,8.0,4.3,0.0,101.7,Low-Use Prepaid
96890000522,31.2,11.1,32.6,107.3,11.6,769.7,Frequent Roamer
96890000523,26.7,47.5,11.4,7.6,0.1,181.8,Heavy-Data Youth
96890000524,14.5,0.7,6.4,4.0,0.0,668.2,Low-Use Prepaid
96890000525,45.2,29.1,49.1,128.2,0.9,724.8,Business Postpaid
96890000526,5.0,39.5,12.1,6.5,0.0,885.0,Heavy-Data Youth
96890000527,1.0,69.2,16.8,5.3,0.3,298.7,Heavy-Data Youth
96890000528,7.6,3.2,6.2,1.0,0.7,263.5,Low-Use Prepaid
96890000529,18.3,58.7,20.6,4.3,0.8,0.0,Heavy-Data Youth
96890000530,36.9,13.5,22.1,149.8,6.8,543.2,Frequent Roamer
96890000531,31.7,27.1,40.5,144.9,0.3,111.9,Business Postpaid
96890000532,59.9,12.8,49.5,77.0,0.0,229.4,Business Postpaid
96890000533,35.0,15.3,55.8,44.6,1.0,0.0,Business Postpaid
96890000534,33.7,9.2,28.0,158.9,7.9,263.9,Frequent Roamer
96890000535,66.9,29.9,42.3,130.0,2.6,597.1,Business Postpaid
96890000536,59.5,24.8,32.7,159.0,3.9,824.3,Business Postpaid
96890000537,14.6,2.7,8.3,3.7,0.2,447.2,Low-Use Prepaid
96890000538,17.4,2.2,3.8,6.2,0.0,648.4,Low-Use Prepaid
96890000539,10.5,71.6,11.6,16.6,0.8,354.7,Heavy-Data Youth
96890000540,18.3,1.0,5.4,7.7,0.3,751.5,Low-Use Prepaid
96890000541,43.9,27.5,31.4,77.6,2.2,21.1,Business Postpaid
96890000542,31.7,2.9,25.4,55.9,9.7,763.5,Frequent Roamer
96890000543,26.3,6.4,31.9,109.5,8.8,454.5,Frequent Roamer
96890000544,36.7,8.5,28.4,129.3,11.8,48.0,Frequent Roamer
96890000545,38.0,72.2,18.0,8.4,0.1,0.0,Heavy-Data Youth
96890000546,46.8,16.5,36.8,93.0,12.7,576.7,Frequent Roamer
96890000547,11.5,66.8,21.3,12.5,0.5,530.7,Heavy-Data Youth
96890000548,23.4,16.4,18.7,167.6,17.0,608.4,Frequent Roamer
96890000549,13.3,74.6,10.7,15.1,0.0,343.0,Heavy-Data Youth
96890000550,16.4,48.6,16.6,5.8,1.1,934.1,Heavy-Data Youth
96890000551,40.1,27.9,38.1,112.9,1.7,493.6,Business Postpaid
96890000552,11.8,74.8,14.4,7.7,0.8,452.6,Heavy-Data Youth
96890000553,58.4,20.1,60.9,107.9,3.9,608.3,Business Postpaid
96890000554,31.1,53.2,21.8,1.4,0.8,315.5,Heavy-Data Youth
96890000555,15.5,3.2,6.5,4.1,0.7,19.8,Low-Use Prepaid
96890000556,15.9,3.4,10.1,3.9,0.2,369.1,Low-Use Prepaid
96890000557,9.1,2.0,6.7,0.0,0.4,249.1,Low-Use Prepaid
96890000558,7.2,75.6,16.1,0.0,0.0,648.3,Heavy-Data Youth
96890000559,43.2,16.1,42.5,128.7,1.6,514.7,Business Postpaid
96890000560,61.5,27.8,41.2,87.5,2.6,365.1,Business Postpaid
96890000561,10.3,2.0,4.2,4.4,0.3,485.3,Low-Use Prepaid
96890000562,14.7,1.4,2.6,2.5,0.0,594.5,Low-Use Prepaid
96890000563,8.2,3.2,6.7,2.2,0.0,436.7,Low-Use Prepaid
96890000564,37.9,12.3,25.0,223.3,6.5,847.3,Frequent Roamer
96890000565,13.6,1.8,4.0,5.6,0.2,384.9,Low-Use Prepaid
96890000566,10.6,46.4,22.4,3.8,1.2,670.3,Heavy-Data Youth
96890000567,9.9,2.9,7.7,0.3,0.0,964.9,Low-Use Prepaid
96890000568,10.3,1.3,7.2,6.2,0.0,217.1,Low-Use Prepaid
96890000569,30.5,60.6,12.5,6.9,1.8,174.2,Heavy-Data Youth
96890000570,26.1,16.8,32.1,147.1,15.2,1068.8,Frequent Roamer
96890000571,15.3,66.6,14.5,3.7,0.0,652.6,Heavy-Data Youth
96890000572,24.2,2.5,5.4,4.0,0.1,755.5,Low-Use Prepaid
96890000573,7.2,3.0,2.8,0.9,0.6,429.9,Low-Use Prepaid
96890000574,19.8,1.9,8.0,1.8,0.0,0.0,Low-Use Prepaid
96890000575,58.6,21.3,33.0,84.5,2.3,596.6,Business Postpaid
96890000576,16.6,51.2,15.0,13.1,0.6,570.9,Heavy-Data Youth
96890000577,29.0,10.8,24.2,139.2,9.5,264.6,Frequent Roamer
96890000578,12.4,1.6,11.3,1.4,0.4,679.4,Low-Use Prepaid
96890000579,49.8,20.1,34.7,78.9,2.5,43.4,Business Postpaid
96890000580,57.2,17.4,38.0,114.1,3.8,1049.3,Business Postpaid
96890000581,24.6,11.3,29.6,187.8,3.2,131.6,Frequent Roamer
96890000582,36.1,18.7,28.5,209.4,3.9,760.4,Frequent Roamer
96890000583,20.9,78.9,16.7,0.2,1.1,672.3,Heavy-Data Youth
96890000584,13.9,93.6,22.7,4.1,1.1,0.0,Heavy-Data Youth
96890000585,63.6,20.6,33.3,89.2,1.7,663.0,Business Postpaid
96890000586,20.2,3.2,7.4,4.2,0.0,423.4,Low-Use Prepaid
96890000587,14.9,1.0,7.1,0.6,0.1,617.8,Low-Use Prepaid
96890000588,7.7,0.8,7.8,9.8,0.0,814.2,Low-Use Prepaid
96890000589,32.7,20.3,26.6,135.7,7.7,88.6,Frequent Roamer
96890000590,27.4,55.0,17.6,1.6,1.2,494.4,Heavy-Data Youth
96890000591,60.9,10.9,39.4,63.4,1.7,832.4,Business Postpaid
96890000592,62.3,17.1,58.3,87.4,4.4,567.7,Business Postpaid
96890000593,37.9,21.1,35.2,132.7,17.5,860.4,Frequent Roamer
96890000594,22.0,1.3,3.8,4.7,0.7,289.5,Low-Use Prepaid
96890000595,50.0,20.6,35.1,46.1,2.0,847.2,Business Postpaid
96890000596,18.6,1.3,4.1,1.8,0.1,339.6,Low-Use Prepaid
96890000597,49.2,21.9,42.6,226.2,13.9,658.6,Frequent Roamer
96890000598,32.6,6.7,29.6,168.0,19.3,484.5,Frequent Roamer
96890000599,51.8,28.3,44.4,82.9,0.5,456.8,Business Postpaid
96890000600,18.9,1.6,6.1,0.3,0.3,1247.0,Low-Use Prepaid
96890000601,16.4,1.4,8.9,4.3,0.4,536.9,Low-Use Prepaid
96890000602,15.6,1.8,5.5,4.8,0.3,623.5,Low-Use Prepaid
96890000603,1.0,46.4,18.3,3.5,0.2,186.0,Heavy-Data Youth
96890000604,11.1,2.3,12.2,5.9,0.3,833.8,Low-Use Prepaid
96890000605,22.7,68.6,21.9,12.9,1.3,142.1,Heavy-Data Youth
96890000606,50.6,19.7,25.4,263.8,5.7,819.6,Frequent Roamer
96890000607,49.1,26.8,40.3,106.5,2.4,198.8,Business Postpaid
96890000608,21.4,3.5,4.7,5.9,0.0,251.8,Low-Use Prepaid
96890000609,35.0,21.8,27.0,127.6,10.0,465.1,Frequent Roamer
96890000610,19.5,1.7,3.8,2.1,0.0,1037.1,Low-Use Prepaid
96890000611,5.3,3.0,7.0,1.6,0.0,536.1,Low-Use Prepaid
96890000612,1.0,2.3,7.3,3.6,0.2,534.1,Low-Use Prepaid
96890000613,19.4,40.4,17.1,15.6,1.8,46.2,Heavy-Data Youth
96890000614,36.0,28.2,34.0,72.2,9.9,397.6,Frequent Roamer
96890000615,17.2,1.0,6.4,2.9,0.4,363.0,Low-Use Prepaid
96890000616,9.6,63.9,16.1,8.8,0.4,316.6,Heavy-Data Youth
96890000617,53.3,26.5,46.9,117.1,1.1,0.0,Business Postpaid
96890000618,17.6,3.6,4.9,0.1,0.0,785.2,Low-Use Prepaid
96890000619,19.3,84.5,15.9,9.0,0.4,786.3,Heavy-Data Youth
96890000620,26.4,1.9,2.0,2.8,0.0,811.9,Low-Use Prepaid
96890000621,29.6,9.1,22.5,184.2,15.2,701.3,Frequent Roamer
96890000622,48.1,22.0,39.0,76.9,6.1,635.3,Business Postpaid
96890000623,66.3,23.5,61.3,129.5,2.9,386.7,Business Postpaid
96890000624,12.9,4.3,6.8,4.1,0.3,350.9,Low-Use Prepaid
96890000625,28.5,12.2,28.7,241.8,16.0,565.9,Frequent Roamer
96890000626,19.0,63.1,20.4,3.7,1.4,416.4,Heavy-Data Youth
96890000627,21.3,28.0,15.8,3.4,1.0,243.8,Heavy-Data Youth
96890000628,20.8,2.3,6.3,4.3,0.0,0.0,Low-Use Prepaid
96890000629,56.6,9.6,43.6,70.8,1.3,825.7,Business Postpaid
96890000630,29.5,8.1,24.5,225.9,4.7,565.6,Frequent Roamer
96890000631,77.9,25.5,32.6,99.6,1.9,120.0,Business Postpaid
96890000632,13.7,1.9,8.5,0.0,0.6,626.5,Low-Use Prepaid
96890000633,23.5,0.7,4.2,0.0,0.2,0.0,Low-Use Prepaid
96890000634,33.5,20.2,55.1,96.8,3.3,701.2,Business Postpaid
96890000635,36.6,15.7,42.2,125.2,3.5,1150.7,Business Postpaid
96890000636,9.2,76.9,13.9,5.8,0.6,324.9,Heavy-Data Youth
96890000637,67.8,20.0,32.0,130.9,3.2,59.4,Business Postpaid
96890000638,8.9,1.0,4.1,1.5,0.5,361.2,Low-Use Prepaid
96890000639,72.5,16.9,42.2,103.0,2.3,565.0,Business Postpaid
96890000640,62.7,19.7,41.8,138.9,2.6,213.4,Business Postpaid
96890000641,9.6,50.8,18.8,7.5,0.6,564.5,Heavy-Data Youth
96890000642,27.5,56.7,17.6,12.8,1.7,11.3,Heavy-Data Youth
96890000643,20.5,40.5,21.5,0.7,0.0,668.2,Heavy-Data Youth
96890000644,8.6,1.5,7.4,1.2,0.2,590.1,Low-Use Prepaid
96890000645,15.8,0.4,5.2,0.0,0.8,1338.8,Low-Use Prepaid
96890000646,20.6,68.8,12.5,7.2,1.3,875.1,Heavy-Data Youth
96890000647,29.1,0.4,6.0,2.5,0.0,484.2,Low-Use Prepaid
96890000648,18.9,1.7,3.4,6.3,0.0,0.0,Low-Use Prepaid
96890000649,39.3,6.8,24.8,150.9,21.4,857.0,Frequent Roamer
96890000650,42.0,19.7,46.0,117.4,3.4,261.4,Business Postpaid
96890000651,16.2,2.1,6.0,2.4,0.3,618.1,Low-Use Prepaid
96890000652,10.9,2.0,7.4,5.1,0.1,0.0,Low-Use Prepaid
96890000653,72.9,26.2,45.8,84.5,1.8,0.0,Business Postpaid
96890000654,12.4,1.6,6.9,8.9,0.1,746.0,Low-Use Prepaid
96890000655,3.8,67.1,14.8,8.3,0.0,780.0,Heavy-Data Youth
96890000656,50.3,24.2,55.7,92.2,0.5,155.2,Business Postpaid
96890000657,26.3,62.8,24.7,8.3,0.0,366.3,Heavy-Data Youth
96890000658,7.7,3.0,6.9,0.0,0.5,675.6,Low-Use Prepaid
96890000659,46.4,17.7,44.6,93.1,1.9,767.4,Business Postpaid
96890000660,66.7,19.0,39.0,131.5,2.0,617.2,Business Postpaid
96890000661,21.1,61.1,17.4,2.9,1.1,945.2,Heavy-Data Youth
96890000662,19.8,1.8,5.5,3.1,0.2,706.7,Low-Use Prepaid
96890000663,23.4,21.1,36.1,192.2,12.6,547.1,Frequent Roamer
96890000664,19.0,2.8,3.0,2.6,0.0,75.4,Low-Use Prepaid
96890000665,68.9,10.0,31.6,99.8,1.3,424.5,Business Postpaid
96890000666,22.3,69.4,22.2,9.7,0.7,515.8,Heavy-Data Youth
96890000667,65.9,26.9,47.1,117.9,0.5,475.3,Business Postpaid
96890000668,57.8,25.6,35.1,133.0,1.4,963.0,Business Postpaid
96890000669,48.4,27.0,46.2,101.7,2.6,328.4,Business Postpaid
96890000670,13.6,3.3,6.8,5.9,0.0,179.9,Low-Use Prepaid
96890000671,20.6,1.7,2.8,6.2,0.0,1080.5,Low-Use Prepaid
96890000672,16.9,50.0,17.6,4.8,1.3,60.7,Heavy-Data Youth
96890000673,5.0,48.5,17.2,10.7,1.1,56.9,Heavy-Data Youth
96890000674,31.0,5.2,28.6,65.8,14.8,846.5,Frequent Roamer
96890000675,5.3,3.7,6.3,0.0,0.7,550.4,Low-Use Prepaid
96890000676,31.1,63.9,12.4,9.8,0.1,593.2,Heavy-Data Youth
96890000677,16.4,2.0,5.3,2.2,0.4,0.0,Low-Use Prepaid
96890000678,52.6,26.4,29.9,82.0,1.0,0.0,Business Postpaid
96890000679,8.2,1.7,4.8,0.0,0.3,627.2,Low-Use Prepaid
96890000680,19.1,44.8,20.3,7.6,0.3,41.3,Heavy-Data Youth
96890000681,13.8,3.0,6.8,1.9,0.6,598.4,Low-Use Prepaid
96890000682,40.3,15.6,19.3,131.5,14.0,308.8,Frequent Roamer
96890000683,4.0,3.2,6.4,3.0,0.9,828.0,Low-Use Prepaid
96890000684,5.7,2.6,3.6,0.0,0.3,142.5,Low-Use Prepaid
96890000685,7.7,1.3,7.2,5.8,0.0,942.4,Low-Use Prepaid
96890000686,24.0,77.6,19.0,2.2,0.0,289.3,Heavy-Data Youth
96890000687,15.9,14.1,38.1,130.2,9.7,59.6,Frequent Roamer
96890000688,57.2,15.6,20.3,112.5,1.8,192.8,Business Postpaid
96890000689,13.1,15.5,34.4,228.2,16.8,404.6,Frequent Roamer
96890000690,28.9,15.2,23.1,185.6,16.5,394.6,Frequent Roamer
96890000691,12.2,2.6,3.0,1.9,0.4,1164.8,Low-Use Prepaid
96890000692,19.8,57.8,14.2,8.7,0.7,1234.3,Heavy-Data Youth
96890000693,21.7,1.0,5.7,1.2,0.4,171.4,Low-Use Prepaid
96890000694,24.3,2.0,4.2,6.8,0.4,523.7,Low-Use Prepaid
96890000695,16.6,1.2,7.3,5.3,0.2,945.0,Low-Use Prepaid
96890000696,50.4,25.4,59.6,140.3,3.9,755.6,Business Postpaid
96890000697,23.6,50.3,20.6,15.9,0.5,523.9,Heavy-Data Youth
96890000698,22.9,3.4,5.0,1.6,0.2,248.3,Low-Use Prepaid
96890000699,18.1,0.6,5.0,0.8,0.0,252.0,Low-Use Prepaid
96890000700,18.2,1.5,5.0,10.0,0.0,551.2,Low-Use Prepaid
96890000701,11.6,62.5,16.0,0.0,0.4,610.4,Heavy-Data Youth
96890000702,2.2,1.5,4.1,3.4,0.1,4.0,Low-Use Prepaid
96890000703,66.9,24.3,39.9,87.0,0.7,350.5,Business Postpaid
96890000704,19.6,39.6,17.6,0.0,1.3,566.3,Heavy-Data Youth
96890000705,18.9,73.3,15.8,0.0,0.0,357.8,Heavy-Data Youth
96890000706,18.9,50.0,20.9,4.7,0.6,596.0,Heavy-Data Youth
96890000707,6.0,70.1,17.0,9.4,0.0,893.3,Heavy-Data Youth
96890000708,62.4,27.3,41.1,81.6,2.7,647.6,Business Postpaid
96890000709,4.7,2.2,4.1,5.0,0.0,498.1,Low-Use Prepaid
96890000710,8.1,67.4,9.9,11.5,0.0,353.4,Heavy-Data Youth
96890000711,24.9,1.9,3.4,8.7,0.0,72.5,Low-Use Prepaid
96890000712,26.8,57.1,23.1,10.5,0.0,432.9,Heavy-Data Youth
96890000713,31.7,12.7,21.7,95.0,16.6,1100.2,Frequent Roamer
96890000714,1.0,2.6,2.8,0.0,0.0,501.0,Low-Use Prepaid
96890000715,4.1,80.0,18.7,10.7,2.6,341.7,Heavy-Data Youth
96890000716,21.7,66.6,19.0,0.0,1.1,0.0,Heavy-Data Youth
96890000717,10.0,1.2,7.4,2.2,0.2,672.6,Low-Use Prepaid
96890000718,17.6,1.2,7.1,3.2,0.0,1414.3,Low-Use Prepaid
96890000719,3.4,0.9,3.7,7.6,0.0,0.0,Low-Use Prepaid
96890000720,19.7,2.6,5.8,0.0,0.2,0.0,Low-Use Prepaid
96890000721,35.9,22.4,38.0,129.0,0.9,1036.5,Business Postpaid
96890000722,28.8,76.4,12.5,0.0,1.7,623.8,Heavy-Data Youth
96890000723,11.0,62.9,15.5,0.0,1.2,390.0,Heavy-Data Youth
96890000724,18.4,7.8,26.8,164.8,14.7,396.2,Frequent Roamer
96890000725,24.4,14.1,19.0,165.1,9.4,147.1,Frequent Roamer
96890000726,1.0,2.4,7.3,0.0,0.0,898.3,Low-Use Prepaid
96890000727,10.2,56.6,20.0,4.7,0.0,36.8,Heavy-Data Youth
96890000728,54.2,27.4,30.5,130.6,2.5,110.1,Business Postpaid
96890000729,68.7,13.8,52.1,119.5,3.5,343.1,Business Postpaid
96890000730,67.8,27.0,52.4,56.1,1.9,821.5,Business Postpaid
96890000731,38.6,52.5,18.5,2.3,0.0,291.9,Heavy-Data Youth
96890000732,19.1,6.3,17.6,156.7,10.1,639.9,Frequent Roamer
96890000733,6.8,2.6,4.1,1.8,0.5,0.0,Low-Use Prepaid
96890000734,6.5,58.4,11.9,9.0,2.9,0.0,Heavy-Data Youth
96890000735,31.7,17.1,34.9,169.0,9.7,516.3,Frequent Roamer
96890000736,62.4,23.9,47.1,114.2,1.5,295.6,Business Postpaid
96890000737,8.8,2.4,4.0,4.8,0.2,357.0,Low-Use Prepaid
96890000738,12.3,48.9,28.7,3.2,0.8,391.6,Heavy-Data Youth
96890000739,16.3,4.6,5.3,3.9,0.0,615.7,Low-Use Prepaid
96890000740,14.1,42.2,15.9,11.1,0.0,867.8,Heavy-Data Youth
96890000741,10.7,3.0,9.2,3.9,0.4,519.3,Low-Use Prepaid
96890000742,24.0,14.0,27.0,140.4,10.7,626.4,Frequent Roamer
96890000743,18.8,0.7,2.0,1.6,0.0,535.1,Low-Use Prepaid
96890000744,13.9,0.9,3.3,6.0,0.0,538.0,Low-Use Prepaid
96890000745,18.8,1.8,6.4,2.1,0.4,0.0,Low-Use Prepaid
96890000746,16.8,2.8,4.7,6.7,0.0,31.9,Low-Use Prepaid
96890000747,46.7,10.7,20.0,177.6,12.5,864.0,Frequent Roamer
96890000748,7.6,3.8,5.6,3.7,0.3,168.2,Low-Use Prepaid
96890000749,23.9,1.0,3.1,2.7,0.2,810.3,Low-Use Prepaid
96890000750,53.1,25.3,39.0,51.1,2.6,861.6,Business Postpaid
96890000751,25.4,16.2,38.2,123.1,6.5,537.4,Frequent Roamer
96890000752,11.3,75.2,17.1,1.0,0.2,79.9,Heavy-Data Youth
96890000753,31.6,31.5,50.1,96.5,3.2,217.2,Business Postpaid
96890000754,36.4,22.0,19.0,42.7,21.6,324.5,Frequent Roamer
96890000755,16.1,2.2,2.7,4.2,0.5,588.4,Low-Use Prepaid
96890000756,55.8,20.5,40.8,47.6,0.8,0.0,Business Postpaid
96890000757,17.6,3.1,3.5,3.4,0.2,735.9,Low-Use Prepaid
96890000758,36.2,18.6,49.3,86.9,1.1,491.4,Business Postpaid
96890000759,36.7,20.9,42.3,206.2,7.7,616.8,Frequent Roamer
96890000760,8.3,60.7,13.2,5.7,0.6,802.2,Heavy-Data Youth
96890000761,3.6,68.0,13.2,7.1,0.2,983.6,Heavy-Data Youth
96890000762,11.6,2.3,5.5,0.2,0.0,442.3,Low-Use Prepaid
96890000763,36.8,12.9,25.1,123.9,7.4,476.1,Frequent Roamer
96890000764,41.1,6.0,37.5,167.6,8.6,499.2,Frequent Roamer
96890000765,54.0,11.8,43.4,98.2,0.3,578.5,Business Postpaid
96890000766,12.6,1.0,6.4,5.6,0.5,87.0,Low-Use Prepaid
96890000767,10.7,3.7,6.8,0.0,0.8,121.2,Low-Use Prepaid
96890000768,9.1,1.7,7.8,6.7,0.2,184.4,Low-Use Prepaid
96890000769,68.3,11.3,53.7,84.6,0.3,761.2,Business Postpaid
96890000770,5.9,73.6,22.9,6.2,0.0,939.8,Heavy-Data Youth
96890000771,48.2,21.8,43.6,100.1,2.5,427.3,Business Postpaid
96890000772,27.5,15.6,25.9,192.3,9.5,808.3,Frequent Roamer
96890000773,22.2,0.9,5.2,1.5,0.4,533.5,Low-Use Prepaid
96890000774,16.3,2.2,6.2,4.5,0.0,745.1,Low-Use Prepaid
96890000775,11.5,1.7,9.5,4.2,0.4,378.3,Low-Use Prepaid
96890000776,32.3,20.2,42.6,116.2,1.6,1066.9,Business Postpaid
96890000777,32.4,22.7,31.4,233.1,8.6,1549.1,Frequent Roamer
96890000778,64.9,24.4,46.1,98.8,2.7,461.1,Business Postpaid
96890000779,9.6,75.1,20.9,6.5,0.0,0.0,Heavy-Data Youth
96890000780,20.5,8.3,22.5,200.6,12.5,401.4,Frequent Roamer
96890000781,4.0,67.0,7.9,9.3,0.0,548.7,Heavy-Data Youth
96890000782,31.3,9.3,19.7,91.3,17.7,635.0,Frequent Roamer
96890000783,24.1,3.5,4.4,2.7,0.3,922.9,Low-Use Prepaid
96890000784,30.9,13.5,45.4,118.0,1.2,473.9,Business Postpaid
96890000785,26.3,13.4,30.7,202.6,12.1,375.6,Frequent Roamer
96890000786,24.7,1.1,9.2,8.0,0.0,267.3,Low-Use Prepaid
96890000787,11.2,1.6,5.0,7.5,0.0,631.6,Low-Use Prepaid
96890000788,17.3,16.9,30.9,192.3,16.1,179.2,Frequent Roamer
96890000789,59.1,24.2,29.1,69.3,4.2,888.6,Business Postpaid
96890000790,14.1,3.6,3.4,2.1,0.0,0.0,Low-Use Prepaid
96890000791,13.5,1.4,3.5,0.5,0.8,455.6,Low-Use Prepaid
96890000792,24.8,0.5,6.2,6.2,0.7,142.6,Low-Use Prepaid
96890000793,15.4,82.0,13.8,3.0,0.8,495.9,Heavy-Data Youth
96890000794,42.6,17.8,40.3,96.8,0.4,12.1,Business Postpaid
96890000795,5.6,2.2,7.8,5.3,0.7,330.8,Low-Use Prepaid
96890000796,22.3,3.2,5.6,4.7,0.0,728.8,Low-Use Prepaid
96890000797,18.1,44.6,15.3,0.7,1.6,1060.5,Heavy-Data Youth
96890000798,10.5,1.2,3.7,0.0,0.0,703.0,Low-Use Prepaid
96890000799,10.2,59.4,18.6,19.6,1.0,612.2,Heavy-Data Youth
96890000800,9.7,92.9,20.1,11.4,1.6,0.0,Heavy-Data Youth
96890000801,20.5,1.8,5.7,5.2,0.0,94.9,Low-Use Prepaid
96890000802,61.6,15.8,50.8,63.8,0.2,0.0,Business Postpaid
96890000803,26.3,1.1,5.9,3.6,0.3,569.6,Low-Use Prepaid
96890000804,22.3,39.4,14.0,5.7,0.8,524.2,Heavy-Data Youth
96890000805,44.5,21.2,33.9,64.9,3.3,407.8,Business Postpaid
96890000806,27.1,10.9,35.9,152.2,8.2,379.8,Frequent Roamer
96890000807,22.1,0.6,8.7,8.2,0.0,437.9,Low-Use Prepaid
96890000808,31.6,15.2,34.0,131.1,11.3,348.1,Frequent Roamer
96890000809,7.4,1.7,8.7,0.0,0.3,523.3,Low-Use Prepaid
96890000810,2.1,2.3,4.5,4.4,0.4,74.2,Low-Use Prepaid
96890000811,9.2,2.1,8.3,2.3,0.4,717.4,Low-Use Prepaid
96890000812,32.9,15.0,26.7,118.3,9.1,564.4,Frequent Roamer
96890000813,11.0,2.9,5.6,0.0,0.4,987.1,Low-Use Prepaid
96890000814,15.3,0.1,8.2,1.8,0.3,367.4,Low-Use Prepaid
96890000815,14.3,3.3,6.9,1.2,0.6,268.6,Low-Use Prepaid
96890000816,2.0,29.7,9.9,21.6,0.0,241.9,Heavy-Data Youth
96890000817,23.9,45.3,8.8,7.7,0.2,1326.9,Heavy-Data Youth
96890000818,46.9,20.1,48.0,110.7,2.4,593.0,Business Postpaid
96890000819,14.4,0.7,8.3,0.0,0.6,245.4,Low-Use Prepaid
96890000820,28.5,1.8,9.6,0.0,0.3,451.1,Low-Use Prepaid
96890000821,19.0,2.0,5.3,0.0,0.3,343.2,Low-Use Prepaid
96890000822,27.5,42.4,14.7,0.2,0.9,335.1,Heavy-Data Youth
96890000823,14.5,2.6,7.4,8.3,0.0,367.5,Low-Use Prepaid
96890000824,19.3,1.6,5.8,4.3,0.2,77.5,Low-Use Prepaid
96890000825,17.8,0.4,6.5,5.9,0.5,205.2,Low-Use Prepaid
96890000826,16.9,1.6,8.4,2.9,0.2,0.0,Low-Use Prepaid
96890000827,37.0,14.8,17.8,181.3,14.3,0.0,Frequent Roamer
96890000828,37.1,12.7,31.2,155.4,12.5,528.3,Frequent Roamer
96890000829,20.8,2.4,7.8,4.0,0.0,256.4,Low-Use Prepaid
96890000830,29.9,3.3,5.3,5.7,0.0,432.0,Low-Use Prepaid
96890000831,18.4,2.8,8.5,0.0,0.5,557.7,Low-Use Prepaid
96890000832,17.6,1.7,12.3,7.7,0.7,447.9,Low-Use Prepaid
96890000833,22.7,24.5,34.5,137.6,13.8,287.7,Frequent Roamer
96890000834,28.1,1.1,8.9,4.5,0.3,790.2,Low-Use Prepaid
96890000835,21.6,3.3,5.4,1.0,0.3,545.6,Low-Use Prepaid
96890000836,23.3,59.4,18.8,11.8,1.3,1168.2,Heavy-Data Youth
96890000837,30.9,15.9,21.7,65.6,8.8,661.4,Frequent Roamer
96890000838,15.9,1.5,5.6,3.6,0.0,397.3,Low-Use Prepaid
96890000839,7.6,2.7,6.8,6.3,0.0,855.9,Low-Use Prepaid
96890000840,22.1,0.5,7.3,0.0,0.3,343.8,Low-Use Prepaid
96890000841,9.9,74.9,18.0,5.9,0.5,439.6,Heavy-Data Youth
96890000842,2.6,2.5,7.4,1.9,0.0,93.8,Low-Use Prepaid
96890000843,50.0,12.3,39.1,84.4,1.2,261.9,Business Postpaid
96890000844,22.9,2.4,6.0,0.0,0.2,261.2,Low-Use Prepaid
96890000845,9.9,1.5,7.8,2.9,0.0,930.9,Low-Use Prepaid
96890000846,63.4,24.4,40.2,25.4,4.9,934.7,Business Postpaid
96890000847,39.5,11.6,29.9,224.7,1.3,1090.1,Frequent Roamer
96890000848,39.7,14.2,24.5,172.7,10.5,575.8,Frequent Roamer
96890000849,45.6,12.2,22.6,180.8,7.8,739.7,Frequent Roamer
96890000850,24.8,0.9,5.6,5.0,0.3,870.9,Low-Use Prepaid
96890000851,49.5,30.9,43.2,74.7,2.8,169.9,Business Postpaid
96890000852,24.3,2.6,6.1,0.6,0.4,0.0,Low-Use Prepaid
96890000853,23.6,69.8,18.3,11.4,1.4,301.7,Heavy-Data Youth
96890000854,13.6,2.0,7.2,0.0,0.0,557.6,Low-Use Prepaid
96890000855,26.7,38.8,22.7,0.0,0.0,0.0,Heavy-Data Youth
96890000856,9.8,3.7,6.0,4.5,0.3,0.0,Low-Use Prepaid
96890000857,31.1,3.7,24.7,139.5,16.6,360.7,Frequent Roamer
96890000858,34.7,73.6,11.1,18.0,0.0,0.0,Heavy-Data Youth
96890000859,21.0,4.2,4.8,0.9,0.2,505.3,Low-Use Prepaid
96890000860,14.7,82.9,22.1,5.1,0.0,557.2,Heavy-Data Youth
96890000861,7.9,59.7,16.8,1.6,0.0,668.9,Heavy-Data Youth
96890000862,10.4,2.6,6.6,1.9,0.0,0.0,Low-Use Prepaid
96890000863,41.1,12.3,19.4,220.6,10.3,627.4,Frequent Roamer
96890000864,2.3,53.7,14.6,3.7,0.6,1007.2,Heavy-Data Youth
96890000865,13.5,62.4,20.5,4.9,0.5,718.6,Heavy-Data Youth
96890000866,17.2,40.6,14.0,0.0,0.0,1555.2,Heavy-Data Youth
96890000867,49.6,23.6,27.9,126.3,14.8,205.0,Frequent Roamer
96890000868,33.9,28.9,45.1,85.2,1.6,0.0,Business Postpaid
96890000869,24.1,2.0,6.1,14.8,0.6,1015.7,Low-Use Prepaid
96890000870,13.1,73.1,14.1,0.0,1.0,999.0,Heavy-Data Youth
96890000871,11.7,57.0,17.7,3.5,0.0,961.6,Heavy-Data Youth
96890000872,24.2,13.6,31.1,162.3,16.3,912.4,Frequent Roamer
96890000873,24.5,14.4,29.0,148.9,15.6,279.4,Frequent Roamer
96890000874,48.0,20.1,39.8,100.8,1.7,407.8,Business Postpaid
96890000875,58.6,15.6,33.6,0.8,2.9,456.2,Business Postpaid
96890000876,11.2,53.2,14.8,9.8,1.4,294.0,Heavy-Data Youth
96890000877,1.7,2.5,6.0,8.2,0.3,358.0,Low-Use Prepaid
96890000878,30.2,13.3,27.1,192.3,21.9,638.7,Frequent Roamer
96890000879,38.0,14.2,17.3,135.3,16.5,788.1,Frequent Roamer
96890000880,44.8,16.6,32.5,183.5,17.5,0.0,Frequent Roamer
96890000881,10.1,3.5,5.4,0.0,0.6,666.9,Low-Use Prepaid
96890000882,14.6,3.4,5.8,6.1,0.0,553.8,Low-Use Prepaid
96890000883,27.3,2.9,27.8,157.9,16.2,481.1,Frequent Roamer
96890000884,19.6,13.3,30.6,212.3,17.4,377.0,Frequent Roamer
96890000885,13.9,2.7,3.0,5.7,0.2,315.3,Low-Use Prepaid
96890000886,39.0,2.3,30.1,133.4,20.6,0.0,Frequent Roamer
96890000887,14.4,51.2,22.4,7.3,1.2,684.2,Heavy-Data Youth
96890000888,39.2,12.6,15.9,104.1,11.3,671.2,Frequent Roamer
96890000889,8.1,0.8,6.9,0.0,0.3,553.2,Low-Use Prepaid
96890000890,14.4,0.1,8.2,5.5,0.4,778.1,Low-Use Prepaid
96890000891,42.9,29.2,38.6,50.6,3.9,608.0,Business Postpaid
96890000892,23.5,51.9,11.1,6.5,1.2,635.6,Heavy-Data Youth
96890000893,21.7,0.9,7.8,5.1,0.4,0.0,Low-Use Prepaid
96890000894,61.3,23.2,50.3,80.4,1.9,0.0,Business Postpaid
96890000895,12.3,1.3,5.7,4.3,1.1,816.4,Low-Use Prepaid
96890000896,33.1,13.5,35.3,79.7,14.9,32.9,Frequent Roamer
96890000897,19.4,18.1,24.0,179.2,13.2,0.0,Frequent Roamer
96890000898,14.8,2.2,4.4,5.6,0.4,369.0,Low-Use Prepaid
96890000899,41.0,2.4,6.4,2.3,0.2,384.1,Low-Use Prepaid
96890000900,18.8,15.9,35.8,149.6,10.0,0.0,Frequent Roamer
96890000901,40.8,23.1,60.9,113.4,3.3,0.0,Business Postpaid
96890000902,25.9,8.3,22.0,175.0,7.8,577.9,Frequent Roamer
96890000903,7.2,39.4,21.0,5.4,1.4,594.0,Heavy-Data Youth
96890000904,72.5,22.4,47.3,97.4,0.0,318.4,Business Postpaid
96890000905,23.1,53.4,18.2,7.6,0.4,52.5,Heavy-Data Youth
96890000906,29.6,11.8,25.9,152.8,6.7,244.1,Frequent Roamer
96890000907,11.6,38.3,16.2,16.6,0.6,518.2,Heavy-Data Youth
96890000908,20.0,0.7,5.2,4.4,0.5,748.4,Low-Use Prepaid
96890000909,12.8,63.9,20.7,5.8,0.0,291.6,Heavy-Data Youth
96890000910,14.5,50.4,21.8,9.5,0.0,592.0,Heavy-Data Youth
96890000911,38.7,10.9,22.8,95.7,13.9,430.2,Frequent Roamer
96890000912,15.4,0.5,7.8,4.4,0.0,495.7,Low-Use Prepaid
96890000913,26.4,14.9,33.6,248.8,14.2,573.7,Frequent Roamer
96890000914,42.1,27.1,37.3,95.5,3.0,259.5,Business Postpaid
96890000915,9.8,1.4,8.5,1.3,0.0,465.9,Low-Use Prepaid
96890000916,57.7,19.6,37.4,104.8,1.9,864.8,Business Postpaid
96890000917,1.0,2.1,2.0,1.2,0.9,352.9,Low-Use Prepaid
96890000918,21.4,52.5,17.1,4.2,0.0,368.4,Heavy-Data Youth
96890000919,25.7,1.5,7.6,5.1,0.0,191.1,Low-Use Prepaid
96890000920,6.1,0.2,6.5,2.0,0.3,705.8,Low-Use Prepaid
96890000921,7.9,71.1,15.3,10.4,1.0,690.0,Heavy-Data Youth
96890000922,47.6,31.5,49.9,95.3,3.4,322.2,Business Postpaid
96890000923,14.8,19.2,24.5,223.4,5.6,859.7,Frequent Roamer
96890000924,15.7,1.9,7.2,6.6,0.1,338.4,Low-Use Prepaid
96890000925,53.4,14.3,53.6,42.9,2.5,89.5,Business Postpaid
96890000926,32.1,13.6,26.5,134.4,11.5,778.5,Frequent Roamer
96890000927,15.7,2.5,27.5,96.7,14.6,534.2,Frequent Roamer
96890000928,44.5,30.3,61.0,85.4,3.5,1011.7,Business Postpaid
96890000929,4.1,3.2,2.9,6.4,0.1,384.7,Low-Use Prepaid
96890000930,16.6,43.8,7.6,0.1,0.2,606.0,Heavy-Data Youth
96890000931,10.0,1.8,5.6,2.1,0.5,1082.7,Low-Use Prepaid
96890000932,7.4,1.9,6.0,3.6,0.4,154.0,Low-Use Prepaid
96890000933,75.7,14.5,54.4,38.8,2.9,1353.1,Business Postpaid
96890000934,53.9,26.9,52.4,136.2,1.1,23.6,Business Postpaid
96890000935,18.8,0.1,7.3,0.5,0.0,901.9,Low-Use Prepaid
96890000936,36.1,17.5,56.5,109.2,3.3,951.9,Business Postpaid
96890000937,43.4,19.0,48.6,193.4,18.8,1256.4,Frequent Roamer
96890000938,60.8,16.8,46.5,117.9,0.9,1327.9,Business Postpaid
96890000939,51.8,13.2,43.0,98.2,0.7,597.9,Business Postpaid
96890000940,15.4,53.1,9.6,0.0,1.8,251.9,Heavy-Data Youth
96890000941,9.0,3.1,4.5,0.9,0.3,929.4,Low-Use Prepaid
96890000942,20.9,13.5,27.9,196.2,8.3,257.7,Frequent Roamer
96890000943,37.5,13.0,28.3,190.3,6.9,772.8,Frequent Roamer
96890000944,16.5,2.9,4.4,6.9,0.2,462.4,Low-Use Prepaid
96890000945,16.7,38.5,19.7,11.9,0.2,494.2,Heavy-Data Youth
96890000946,19.8,1.1,6.0,7.6,0.7,558.2,Low-Use Prepaid
96890000947,23.4,17.0,41.0,194.3,8.2,751.3,Frequent Roamer
96890000948,9.0,3.6,4.4,1.2,1.0,585.2,Low-Use Prepaid
96890000949,32.2,13.6,34.9,143.2,9.0,361.2,Frequent Roamer
96890000950,27.1,16.4,31.4,204.8,19.1,456.3,Frequent Roamer
96890000951,15.5,72.1,21.6,11.9,0.0,740.7,Heavy-Data Youth
96890000952,22.4,16.0,18.1,77.0,8.8,904.5,Frequent Roamer
96890000953,23.6,10.8,34.4,193.5,8.5,450.1,Frequent Roamer
96890000954,25.4,2.8,3.2,2.0,0.7,0.0,Low-Use Prepaid
96890000955,21.0,86.8,17.2,5.7,0.3,503.4,Heavy-Data Youth
96890000956,27.4,17.5,39.2,120.1,16.9,536.2,Frequent Roamer
96890000957,26.8,1.3,6.5,1.6,0.0,810.3,Low-Use Prepaid
96890000958,23.6,1.3,10.2,0.0,0.1,627.5,Low-Use Prepaid
96890000959,9.4,1.7,5.1,3.9,0.0,161.8,Low-Use Prepaid
96890000960,9.8,2.0,3.2,5.6,0.8,746.4,Low-Use Prepaid
96890000961,57.0,23.6,39.5,122.1,0.0,978.3,Business Postpaid
96890000962,30.9,12.0,25.8,118.2,19.3,0.0,Frequent Roamer
96890000963,12.7,63.0,17.1,12.9,0.0,0.0,Heavy-Data Youth
96890000964,15.3,0.6,5.4,0.0,0.3,297.3,Low-Use Prepaid
96890000965,44.3,19.1,40.0,99.8,3.9,676.2,Business Postpaid
96890000966,36.1,14.8,50.1,118.3,1.1,675.0,Business Postpaid
96890000967,28.9,76.5,18.8,0.0,0.1,468.4,Heavy-Data Youth
96890000968,22.7,15.4,24.6,166.5,14.0,934.2,Frequent Roamer
96890000969,43.2,25.6,55.7,134.8,3.0,153.8,Business Postpaid
96890000970,8.4,13.4,28.8,196.0,16.7,1006.3,Frequent Roamer
96890000971,33.5,34.9,13.3,2.6,0.0,371.9,Heavy-Data Youth
96890000972,42.9,26.1,48.6,153.5,1.9,465.4,Business Postpaid
96890000973,23.5,12.2,20.5,81.8,7.0,119.7,Frequent Roamer
96890000974,10.7,4.1,8.1,3.8,0.8,489.1,Low-Use Prepaid
96890000975,10.6,2.8,7.2,4.6,0.8,0.0,Low-Use Prepaid
96890000976,22.1,64.1,11.9,4.6,0.4,406.6,Heavy-Data Youth
96890000977,11.9,36.6,20.5,11.2,0.3,1044.2,Heavy-Data Youth
96890000978,19.1,2.4,7.1,6.2,0.3,57.5,Low-Use Prepaid
96890000979,22.8,16.0,31.8,176.9,14.4,595.4,Frequent Roamer
96890000980,21.6,97.1,13.5,7.5,0.1,0.0,Heavy-Data Youth
96890000981,14.1,1.3,6.9,0.0,0.4,814.0,Low-Use Prepaid
96890000982,20.0,1.9,4.3,0.5,0.7,279.0,Low-Use Prepaid
96890000983,20.8,1.3,2.2,4.9,0.4,747.5,Low-Use Prepaid
96890000984,12.2,76.8,12.3,3.0,0.7,410.9,Heavy-Data Youth
96890000985,28.6,15.5,16.9,191.5,19.3,248.6,Frequent Roamer
96890000986,4.1,56.6,14.8,10.9,0.5,318.7,Heavy-Data Youth
96890000987,27.8,8.6,26.1,141.5,14.4,874.1,Frequent Roamer
96890000988,13.6,3.2,4.5,1.4,0.2,633.1,Low-Use Prepaid
96890000989,29.6,59.5,9.5,4.8,0.0,539.9,Heavy-Data Youth
96890000990,9.7,1.3,7.6,8.4,0.4,425.6,Low-Use Prepaid
96890000991,17.1,60.5,10.7,6.7,0.6,162.9,Heavy-Data Youth
96890000992,62.1,20.2,48.6,118.0,4.0,703.9,Business Postpaid
96890000993,27.9,17.6,33.0,124.7,9.2,449.3,Frequent Roamer
96890000994,13.9,60.1,22.4,9.5,0.2,314.6,Heavy-Data Youth
96890000995,13.5,58.8,18.8,9.6,0.8,0.0,Heavy-Data Youth
96890000996,6.9,2.2,4.8,9.8,0.3,479.0,Low-Use Prepaid
96890000997,8.3,2.6,6.2,0.0,0.2,895.4,Low-Use Prepaid
96890000998,53.6,20.7,41.8,105.7,0.0,352.5,Business Postpaid
96890000999,29.4,22.1,23.5,220.7,9.5,344.7,Frequent Roamer
96890001000,9.0,2.4,2.9,9.0,0.1,343.8,Low-Use Prepaid
96890001001,2.3,61.4,9.1,12.1,0.1,376.7,Heavy-Data Youth
96890001002,57.9,18.2,46.3,64.1,0.0,614.0,Business Postpaid
96890001003,8.2,1.7,7.7,3.8,0.0,113.1,Low-Use Prepaid
96890001004,70.8,29.8,49.5,110.2,3.0,632.9,Business Postpaid
96890001005,4.0,96.9,20.9,4.2,0.2,356.1,Heavy-Data Youth
96890001006,30.2,13.2,24.1,166.7,10.6,392.6,Frequent Roamer
96890001007,18.2,61.1,15.4,15.9,0.9,451.1,Heavy-Data Youth
96890001008,24.2,82.5,18.1,6.1,0.2,796.0,Heavy-Data Youth
96890001009,36.7,8.3,27.1,190.3,7.5,637.1,Frequent Roamer
96890001010,35.7,4.9,27.2,171.6,19.4,490.0,Frequent Roamer
96890001011,6.9,49.8,18.5,8.9,1.1,676.4,Heavy-Data Youth
96890001012,14.1,2.1,4.8,6.0,0.0,421.0,Low-Use Prepaid
96890001013,44.8,11.6,24.7,66.1,8.3,0.0,Frequent Roamer
96890001014,17.5,0.8,3.4,3.7,0.4,773.2,Low-Use Prepaid
96890001015,13.2,68.1,14.9,0.0,0.5,541.3,Heavy-Data Youth
96890001016,7.5,1.9,7.2,0.5,0.0,932.5,Low-Use Prepaid
96890001017,19.8,1.4,4.2,3.6,0.2,937.6,Low-Use Prepaid
96890001018,24.3,60.9,18.1,9.4,1.0,531.9,Heavy-Data Youth
96890001019,28.4,17.5,36.0,153.8,6.5,756.5,Frequent Roamer
96890001020,40.6,56.8,14.1,9.7,0.0,889.7,Heavy-Data Youth
96890001021,1.0,2.2,4.5,4.8,0.0,79.5,Low-Use Prepaid
96890001022,18.3,68.7,24.0,5.9,0.2,617.3,Heavy-Data Youth
96890001023,4.2,1.4,7.6,4.2,0.2,0.0,Low-Use Prepaid
96890001024,53.2,15.0,39.2,94.3,3.7,408.9,Business Postpaid
96890001025,42.8,9.8,29.0,194.9,15.9,428.9,Frequent Roamer
96890001026,15.4,1.9,8.7,4.4,0.1,520.2,Low-Use Prepaid
96890001027,24.6,14.5,15.8,29.0,5.0,798.7,Frequent Roamer
96890001028,25.9,16.8,25.9,235.1,19.6,41.0,Frequent Roamer
96890001029,69.3,23.7,41.5,137.4,1.3,704.5,Business Postpaid
96890001030,39.0,25.0,38.6,84.9,1.8,466.3,Business Postpaid
96890001031,10.7,61.0,16.8,9.6,0.0,210.3,Heavy-Data Youth
96890001032,6.9,3.5,6.1,7.3,0.2,400.5,Low-Use Prepaid
96890001033,71.2,19.1,37.6,109.1,1.5,477.3,Business Postpaid
96890001034,22.0,2.6,7.7,0.1,0.1,564.4,Low-Use Prepaid
96890001035,58.7,19.2,40.5,53.6,0.5,938.3,Business Postpaid
96890001036,13.6,41.0,17.6,6.2,0.0,1001.0,Heavy-Data Youth
96890001037,15.2,1.7,6.9,0.0,1.0,446.2,Low-Use Prepaid
96890001038,18.6,1.5,6.3,1.5,1.1,709.9,Low-Use Prepaid
96890001039,65.9,23.2,40.9,78.4,0.2,543.4,Business Postpaid
96890001040,26.9,48.7,20.5,8.9,0.0,646.5,Heavy-Data Youth
96890001041,12.7,1.0,6.3,4.4,0.0,860.7,Low-Use Prepaid
96890001042,10.3,1.1,5.0,0.8,0.0,1477.5,Low-Use Prepaid
96890001043,50.4,30.5,37.5,82.0,2.0,515.1,Business Postpaid
96890001044,45.9,14.8,23.5,121.3,13.2,324.6,Frequent Roamer
96890001045,13.4,56.7,18.5,1.1,0.0,446.8,Heavy-Data Youth
96890001046,34.8,10.2,28.6,126.2,12.7,717.0,Frequent Roamer
96890001047,23.1,14.7,31.9,239.0,13.8,485.3,Frequent Roamer
96890001048,18.3,3.6,3.0,3.3,1.2,485.9,Low-Use Prepaid
96890001049,69.3,26.0,49.1,100.6,4.2,528.2,Business Postpaid
96890001050,10.6,2.7,6.7,2.7,0.4,797.8,Low-Use Prepaid
96890001051,7.2,3.3,5.3,0.1,0.3,445.0,Low-Use Prepaid
96890001052,16.4,63.1,19.8,8.0,0.6,223.0,Heavy-Data Youth
96890001053,42.8,49.7,17.0,0.0,2.1,587.5,Heavy-Data Youth
96890001054,23.0,61.9,16.9,6.4,1.2,635.8,Heavy-Data Youth
96890001055,21.6,7.6,27.9,165.8,15.0,664.9,Frequent Roamer
96890001056,37.7,10.6,22.3,157.7,10.4,627.4,Frequent Roamer
96890001057,10.1,1.8,12.0,4.5,0.0,406.5,Low-Use Prepaid
96890001058,34.9,16.0,23.3,153.3,8.3,560.1,Frequent Roamer
96890001059,28.4,12.0,35.9,206.0,14.2,466.7,Frequent Roamer
96890001060,20.2,76.4,17.0,9.9,0.5,408.2,Heavy-Data Youth
96890001061,18.3,81.2,11.3,9.2,0.0,501.5,Heavy-Data Youth
96890001062,47.6,31.7,42.6,69.7,1.9,0.0,Business Postpaid
96890001063,48.4,15.5,55.2,89.9,1.9,492.2,Business Postpaid
96890001064,36.0,21.8,50.8,134.2,3.0,54.8,Business Postpaid
96890001065,23.5,78.2,17.7,14.8,0.6,628.7,Heavy-Data Youth
96890001066,15.2,41.4,13.5,4.0,0.3,63.3,Heavy-Data Youth
96890001067,39.0,21.3,58.7,115.6,0.1,745.0,Business Postpaid
96890001068,13.2,1.7,5.8,6.5,0.4,456.8,Low-Use Prepaid
96890001069,15.3,2.7,7.8,4.4,0.7,626.1,Low-Use Prepaid
96890001070,19.7,37.0,15.1,14.9,0.7,174.7,Heavy-Data Youth
96890001071,3.1,1.2,7.4,5.5,0.2,967.3,Low-Use Prepaid
96890001072,1.0,2.0,5.3,1.3,0.8,191.3,Low-Use Prepaid
96890001073,9.9,2.6,5.0,5.0,0.3,1032.9,Low-Use Prepaid
96890001074,59.8,21.1,31.3,110.8,2.8,503.3,Business Postpaid
96890001075,15.9,73.8,8.7,9.1,0.1,104.2,Heavy-Data Youth
96890001076,66.3,29.6,46.8,70.0,0.5,620.2,Business Postpaid
96890001077,18.5,2.2,4.7,5.1,0.2,1164.7,Low-Use Prepaid
96890001078,15.6,3.7,3.8,4.3,0.1,888.6,Low-Use Prepaid
96890001079,45.9,26.9,36.0,82.2,3.1,0.0,Business Postpaid
96890001080,10.1,1.7,8.9,6.7,0.1,478.4,Low-Use Prepaid
96890001081,33.7,77.9,23.7,10.3,0.0,848.2,Heavy-Data Youth
96890001082,16.3,49.1,16.9,7.8,0.0,438.6,Heavy-Data Youth
96890001083,5.3,1.7,5.6,3.4,0.2,734.9,Low-Use Prepaid
96890001084,20.1,2.8,3.6,0.4,0.6,360.3,Low-Use Prepaid
96890001085,3.9,0.9,6.6,0.0,0.0,0.0,Low-Use Prepaid
96890001086,16.3,0.7,6.6,0.3,0.6,373.1,Low-Use Prepaid
96890001087,53.0,28.2,38.2,128.4,3.6,526.1,Business Postpaid
96890001088,5.6,3.1,6.7,6.7,0.0,413.0,Low-Use Prepaid
96890001089,56.8,26.1,37.3,97.0,1.4,344.8,Business Postpaid
96890001090,18.0,0.2,8.8,5.6,0.4,1342.2,Low-Use Prepaid
96890001091,23.1,85.9,23.7,7.0,0.1,598.2,Heavy-Data Youth
96890001092,18.0,59.8,25.0,13.5,1.3,767.0,Heavy-Data Youth
96890001093,17.6,52.8,8.6,0.6,0.4,528.8,Heavy-Data Youth
96890001094,31.5,52.8,16.6,0.0,0.3,750.9,Heavy-Data Youth
96890001095,53.7,8.1,22.6,141.1,7.8,460.8,Frequent Roamer
96890001096,5.2,0.9,4.6,0.3,0.0,891.5,Low-Use Prepaid
96890001097,22.9,0.9,8.3,0.1,0.0,0.0,Low-Use Prepaid
96890001098,22.8,10.5,30.5,223.8,9.7,0.0,Frequent Roamer
96890001099,42.6,15.7,34.2,162.5,9.1,427.5,Frequent Roamer
96890001100,12.5,2.9,7.7,7.4,0.0,682.9,Low-Use Prepaid
96890001101,7.3,39.2,6.2,0.0,1.1,328.9,Heavy-Data Youth
96890001102,17.8,11.4,24.3,159.0,11.0,436.7,Frequent Roamer
96890001103,10.1,2.8,4.3,8.4,0.4,630.2,Low-Use Prepaid
96890001104,2.0,2.6,10.7,2.1,0.5,761.2,Low-Use Prepaid
96890001105,34.5,12.0,22.8,248.6,17.7,547.4,Frequent Roamer
96890001106,4.9,86.3,13.8,14.4,0.0,438.6,Heavy-Data Youth
96890001107,34.6,18.3,30.2,200.9,9.1,0.0,Frequent Roamer
96890001108,47.9,25.6,36.4,104.8,1.8,165.7,Business Postpaid
96890001109,16.8,2.6,4.0,0.0,0.1,0.0,Low-Use Prepaid
96890001110,70.5,18.1,34.9,33.3,3.5,767.7,Business Postpaid
96890001111,6.5,3.2,5.1,0.5,0.3,576.1,Low-Use Prepaid
96890001112,17.6,53.5,19.7,12.4,2.1,715.0,Heavy-Data Youth
96890001113,10.1,40.7,20.5,4.2,0.3,405.1,Heavy-Data Youth
96890001114,21.8,15.2,30.9,123.1,8.5,664.9,Frequent Roamer
96890001115,34.5,8.4,24.2,153.5,10.0,513.9,Frequent Roamer
96890001116,13.5,3.1,6.9,8.2,0.3,136.3,Low-Use Prepaid
96890001117,15.6,3.5,8.5,2.5,0.0,219.9,Low-Use Prepaid
96890001118,17.0,64.2,13.2,6.3,0.8,692.5,Heavy-Data Youth
96890001119,31.1,3.3,4.7,5.8,0.9,1287.2,Low-Use Prepaid
96890001120,35.1,19.5,19.1,173.3,11.1,0.0,Frequent Roamer
96890001121,30.7,75.0,16.1,9.5,1.1,104.4,Heavy-Data Youth
96890001122,29.2,19.4,35.4,214.4,5.1,770.3,Frequent Roamer
96890001123,17.5,2.0,7.6,3.8,0.3,498.5,Low-Use Prepaid
96890001124,21.2,64.1,15.6,8.0,0.0,947.1,Heavy-Data Youth
96890001125,16.3,0.8,4.9,0.8,0.3,346.9,Low-Use Prepaid
96890001126,14.1,3.4,5.5,2.0,0.9,625.6,Low-Use Prepaid
96890001127,70.8,18.7,39.1,65.1,1.3,718.8,Business Postpaid
96890001128,11.4,0.1,7.7,9.3,0.0,332.7,Low-Use Prepaid
96890001129,47.5,21.7,31.6,132.1,4.0,141.4,Business Postpaid
96890001130,8.5,2.2,4.4,0.6,0.1,820.2,Low-Use Prepaid
96890001131,14.4,2.0,5.2,6.2,0.0,334.5,Low-Use Prepaid
96890001132,20.8,3.7,4.9,0.0,0.0,436.4,Low-Use Prepaid
96890001133,3.6,72.4,15.4,13.7,1.3,342.5,Heavy-Data Youth
96890001134,53.0,10.2,15.0,191.4,13.4,600.5,Frequent Roamer
96890001135,1.0,51.1,19.5,15.7,0.7,180.9,Heavy-Data Youth
96890001136,15.8,75.5,14.8,7.2,1.1,553.6,Heavy-Data Youth
96890001137,59.1,23.2,44.2,121.7,1.2,220.4,Business Postpaid
96890001138,15.5,2.7,6.2,0.0,0.1,1263.6,Low-Use Prepaid
96890001139,12.3,74.3,14.1,5.9,0.2,676.1,Heavy-Data Youth
96890001140,18.4,61.0,17.0,1.7,0.6,620.5,Heavy-Data Youth
96890001141,46.2,20.2,38.2,149.8,3.1,906.0,Business Postpaid
96890001142,22.2,2.7,21.5,226.7,18.7,0.0,Frequent Roamer
96890001143,21.4,69.2,18.3,11.3,0.2,526.6,Heavy-Data Youth
96890001144,12.5,2.2,6.5,0.0,0.3,167.8,Low-Use Prepaid
96890001145,13.4,39.5,12.0,5.8,1.3,0.0,Heavy-Data Youth
96890001146,19.5,18.2,15.9,193.2,10.5,358.0,Frequent Roamer
96890001147,37.0,22.1,30.6,138.7,4.3,1095.9,Frequent Roamer
96890001148,26.8,48.6,24.1,12.6,0.0,664.6,Heavy-Data Youth
96890001149,22.1,61.6,17.1,0.5,1.9,568.6,Heavy-Data Youth
96890001150,74.0,25.9,46.2,81.5,1.3,118.8,Business Postpaid
96890001151,17.1,76.6,20.2,0.4,0.4,26.2,Heavy-Data Youth
96890001152,16.9,21.0,28.9,228.2,10.9,218.9,Frequent Roamer
96890001153,57.7,34.3,46.1,74.0,2.4,459.9,Business Postpaid
96890001154,4.6,48.7,22.6,3.9,1.1,842.3,Heavy-Data Youth
96890001155,37.1,17.9,28.6,221.5,11.7,0.0,Frequent Roamer
96890001156,15.9,1.5,4.0,1.2,0.0,435.5,Low-Use Prepaid
96890001157,11.2,78.5,16.0,12.2,0.0,634.6,Heavy-Data Youth
96890001158,7.1,1.2,2.0,3.9,0.0,369.7,Low-Use Prepaid
96890001159,48.3,24.7,46.9,108.4,0.0,669.8,Business Postpaid
96890001160,11.3,1.9,7.3,2.0,1.0,414.3,Low-Use Prepaid
96890001161,11.1,1.5,9.6,6.0,0.0,288.6,Low-Use Prepaid
96890001162,50.1,10.8,45.8,69.6,1.4,129.0,Business Postpaid
96890001163,15.2,1.0,5.5,4.7,0.6,154.2,Low-Use Prepaid
96890001164,29.9,11.7,29.6,117.8,8.1,748.0,Frequent Roamer
96890001165,15.6,57.0,7.5,6.0,0.0,739.2,Heavy-Data Youth
96890001166,22.6,78.9,11.4,0.0,1.2,497.4,Heavy-Data Youth
96890001167,15.8,60.7,18.9,0.0,1.4,547.1,Heavy-Data Youth
96890001168,6.3,49.7,21.3,0.0,1.6,465.6,Heavy-Data Youth
96890001169,9.6,12.4,24.5,271.2,16.9,623.4,Frequent Roamer
96890001170,35.4,15.2,29.3,225.7,18.5,481.3,Frequent Roamer
96890001171,28.2,56.6,22.4,13.0,0.4,730.4,Heavy-Data Youth
96890001172,10.2,1.6,7.0,2.6,0.5,626.8,Low-Use Prepaid
96890001173,13.7,1.3,5.6,0.0,0.3,485.0,Low-Use Prepaid
96890001174,59.1,27.6,62.2,73.0,2.3,449.8,Business Postpaid
96890001175,36.8,16.5,23.4,124.0,15.0,364.5,Frequent Roamer
96890001176,7.3,1.5,7.6,0.0,0.9,754.8,Low-Use Prepaid
96890001177,53.2,29.6,49.5,89.8,2.3,186.2,Business Postpaid
96890001178,15.7,58.6,20.2,5.8,1.2,739.1,Heavy-Data Youth
96890001179,34.3,64.0,23.2,5.9,0.0,999.4,Heavy-Data Youth
96890001180,35.5,9.3,26.9,217.5,8.4,561.7,Frequent Roamer
96890001181,11.5,60.1,15.5,3.0,0.3,1094.6,Heavy-Data Youth
96890001182,18.4,2.1,4.8,0.0,0.1,547.7,Low-Use Prepaid
96890001183,15.3,1.4,8.5,3.6,0.8,587.4,Low-Use Prepaid
96890001184,29.3,54.3,25.4,2.0,0.0,301.0,Heavy-Data Youth
96890001185,27.7,24.2,67.5,77.4,2.6,339.9,Business Postpaid
96890001186,60.5,25.8,61.8,123.7,3.4,1360.9,Business Postpaid
96890001187,35.6,7.2,34.3,214.4,15.2,756.7,Frequent Roamer
96890001188,14.2,1.6,8.9,4.2,0.5,0.0,Low-Use Prepaid
96890001189,15.6,2.0,2.0,7.0,0.0,293.8,Low-Use Prepaid
96890001190,35.5,12.1,37.0,231.4,8.5,194.6,Frequent Roamer
96890001191,20.7,54.1,22.2,0.0,0.4,478.5,Heavy-Data Youth
96890001192,61.6,19.3,40.8,44.7,2.2,334.1,Business Postpaid
96890001193,51.6,21.3,54.0,78.2,1.3,834.8,Business Postpaid
96890001194,17.7,4.1,7.1,0.0,0.5,1176.3,Low-Use Prepaid
96890001195,37.6,22.3,30.0,123.2,10.1,493.9,Frequent Roamer
96890001196,29.5,41.8,19.4,3.5,2.7,104.0,Heavy-Data Youth
96890001197,6.4,2.5,3.4,0.1,0.7,1012.7,Low-Use Prepaid
96890001198,14.6,0.7,7.7,7.8,0.3,243.1,Low-Use Prepaid
96890001199,44.0,26.6,51.2,85.6,0.0,483.3,Business Postpaid
96890001200,60.9,31.1,32.3,40.0,0.0,1037.5,Business Postpaid
96890001201,46.6,24.7,27.8,82.6,2.8,654.9,Business Postpaid
96890001202,21.3,0.4,4.3,3.0,0.0,464.5,Low-Use Prepaid
96890001203,29.9,18.3,28.2,112.7,18.8,252.8,Frequent Roamer
96890001204,18.6,64.4,10.7,4.8,0.0,780.3,Heavy-Data Youth
96890001205,12.9,56.2,19.3,0.0,0.2,0.0,Heavy-Data Youth
96890001206,10.3,2.6,4.1,2.3,0.0,82.3,Low-Use Prepaid
96890001207,22.2,10.1,21.9,156.4,12.6,0.0,Frequent Roamer
96890001208,58.9,16.3,43.4,103.2,4.8,456.6,Business Postpaid
96890001209,25.8,74.4,10.1,15.6,0.0,594.6,Heavy-Data Youth
96890001210,27.3,3.1,4.8,1.8,0.4,0.0,Low-Use Prepaid
96890001211,15.4,1.0,4.8,2.5,0.0,520.6,Low-Use Prepaid
96890001212,41.2,15.5,48.2,101.7,0.2,875.6,Business Postpaid
96890001213,5.9,1.6,4.8,7.6,0.1,825.2,Low-Use Prepaid
96890001214,2.8,62.5,20.3,13.2,0.0,602.3,Heavy-Data Youth
96890001215,64.6,35.0,45.6,88.1,3.4,129.5,Business Postpaid
96890001216,9.2,43.7,18.5,6.1,2.8,873.2,Heavy-Data Youth
96890001217,21.3,59.6,13.4,4.4,0.0,522.6,Heavy-Data Youth
96890001218,23.2,76.3,13.3,0.0,0.5,337.7,Heavy-Data Youth
96890001219,36.9,18.9,40.6,103.4,2.1,913.9,Business Postpaid
96890001220,12.1,28.9,17.7,0.0,0.3,894.2,Heavy-Data Youth
96890001221,75.0,20.0,41.3,64.7,3.1,327.5,Business Postpaid
96890001222,15.2,2.6,6.2,5.5,0.8,541.7,Low-Use Prepaid
96890001223,16.8,52.9,11.7,0.7,0.5,1167.9,Heavy-Data Youth
96890001224,60.9,23.1,49.3,129.0,0.5,191.4,Business Postpaid
96890001225,37.1,10.6,22.0,121.7,7.5,646.1,Frequent Roamer
96890001226,17.6,78.5,20.1,10.2,0.2,333.4,Heavy-Data Youth
96890001227,57.5,11.7,45.1,140.8,1.7,496.9,Business Postpaid
96890001228,24.5,2.2,6.8,0.0,0.3,647.7,Low-Use Prepaid
96890001229,1.0,90.0,19.0,4.4,1.7,980.4,Heavy-Data Youth
96890001230,26.7,10.2,18.3,194.5,20.9,728.8,Frequent Roamer
96890001231,13.8,0.9,6.9,8.3,0.7,912.1,Low-Use Prepaid
96890001232,16.2,41.7,21.0,8.4,2.2,0.0,Heavy-Data Youth
96890001233,42.3,34.1,44.2,110.6,1.2,725.5,Business Postpaid
96890001234,8.0,1.6,2.9,6.1,0.5,501.4,Low-Use Prepaid
96890001235,54.4,18.7,34.4,97.4,4.1,0.0,Business Postpaid
96890001236,1.0,2.2,7.5,4.5,0.0,0.0,Low-Use Prepaid
96890001237,12.9,4.1,4.0,0.0,0.3,293.0,Low-Use Prepaid
96890001238,2.3,2.2,6.7,4.4,1.1,446.6,Low-Use Prepaid
96890001239,26.6,9.2,31.4,141.9,10.6,800.7,Frequent Roamer
96890001240,15.0,59.2,15.8,3.2,1.2,552.5,Heavy-Data Youth
96890001241,20.1,62.7,23.7,8.2,0.5,628.3,Heavy-Data Youth
96890001242,16.2,1.0,8.1,7.9,0.0,328.9,Low-Use Prepaid
96890001243,48.9,35.9,38.2,100.1,4.3,0.0,Business Postpaid
96890001244,43.0,30.4,28.9,107.0,8.7,756.0,Frequent Roamer
96890001245,16.3,0.1,2.8,5.2,0.2,253.5,Low-Use Prepaid
96890001246,24.7,2.7,4.1,0.4,0.2,817.0,Low-Use Prepaid
96890001247,18.6,57.4,13.4,0.0,0.6,485.9,Heavy-Data Youth
96890001248,48.9,20.7,47.0,66.4,3.8,628.5,Business Postpaid
96890001249,17.4,2.4,7.0,1.4,0.2,841.7,Low-Use Prepaid
96890001250,10.1,17.2,26.8,144.1,18.0,308.0,Frequent Roamer
96890001251,12.7,95.5,16.9,0.0,0.6,628.7,Heavy-Data Youth
96890001252,32.7,16.4,37.1,218.8,11.2,608.3,Frequent Roamer
96890001253,31.7,77.1,11.6,5.1,0.2,341.4,Heavy-Data Youth
96890001254,18.6,48.6,13.8,4.1,0.0,923.3,Heavy-Data Youth
96890001255,44.4,7.9,52.0,70.7,1.4,652.0,Business Postpaid
96890001256,16.7,7.8,24.5,160.9,13.0,403.0,Frequent Roamer
96890001257,38.5,18.2,39.6,175.2,7.8,273.2,Frequent Roamer
96890001258,15.9,81.5,16.6,7.7,0.8,69.3,Heavy-Data Youth
96890001259,39.5,29.8,42.7,97.2,1.9,36.6,Business Postpaid
96890001260,43.1,27.8,46.6,100.3,0.0,0.0,Business Postpaid
96890001261,5.0,3.1,4.8,0.0,0.4,497.6,Low-Use Prepaid
96890001262,23.9,99.4,13.3,10.5,0.4,276.8,Heavy-Data Youth
96890001263,8.9,2.1,7.6,2.8,0.0,0.0,Low-Use Prepaid
96890001264,61.3,18.1,54.6,72.1,1.3,493.1,Business Postpaid
96890001265,68.6,14.3,51.0,47.1,3.0,849.3,Business Postpaid
96890001266,7.6,2.0,3.9,4.4,0.3,529.6,Low-Use Prepaid
96890001267,16.5,2.3,6.5,3.4,0.7,45.0,Low-Use Prepaid
96890001268,25.7,14.5,31.1,60.1,10.4,0.0,Frequent Roamer
96890001269,25.3,58.5,12.9,2.3,1.4,247.6,Heavy-Data Youth
96890001270,29.2,8.9,28.4,81.9,9.0,710.0,Frequent Roamer
96890001271,42.0,22.0,30.0,96.1,2.6,597.3,Business Postpaid
96890001272,15.8,2.4,7.4,2.1,0.4,850.5,Low-Use Prepaid
96890001273,18.4,4.6,7.8,1.8,0.0,564.0,Low-Use Prepaid
96890001274,18.4,2.0,5.1,0.2,0.4,652.1,Low-Use Prepaid
96890001275,25.1,1.5,5.7,4.4,0.3,511.7,Low-Use Prepaid
96890001276,16.5,38.8,17.9,11.0,0.1,0.0,Heavy-Data Youth
96890001277,68.6,22.6,44.0,100.1,1.1,454.4,Business Postpaid
96890001278,21.2,1.7,4.9,0.1,0.0,478.4,Low-Use Prepaid
96890001279,31.0,48.5,14.3,4.0,0.7,435.7,Heavy-Data Youth
96890001280,10.3,3.2,10.2,4.3,1.0,400.4,Low-Use Prepaid
96890001281,8.0,2.0,7.0,2.8,0.0,98.0,Low-Use Prepaid
96890001282,20.7,3.0,2.4,3.5,0.7,718.2,Low-Use Prepaid
96890001283,20.7,1.1,5.6,5.3,0.0,479.6,Low-Use Prepaid
96890001284,13.9,1.8,6.2,3.8,0.0,0.0,Low-Use Prepaid
96890001285,74.8,29.9,56.5,88.9,1.9,720.9,Business Postpaid
96890001286,8.1,72.2,23.6,4.3,2.2,514.7,Heavy-Data Youth
96890001287,71.0,25.7,54.3,154.5,4.7,18.6,Business Postpaid
96890001288,19.1,43.0,20.2,9.3,0.7,653.6,Heavy-Data Youth
96890001289,29.2,15.5,33.0,108.0,11.6,508.1,Frequent Roamer
96890001290,19.9,71.2,16.1,0.0,0.0,130.3,Heavy-Data Youth
96890001291,15.3,40.9,22.3,8.6,0.0,235.0,Heavy-Data Youth
96890001292,60.4,20.0,44.0,32.3,2.9,552.6,Business Postpaid
96890001293,48.6,23.8,47.3,60.3,2.6,258.8,Business Postpaid
96890001294,37.3,8.3,31.2,103.1,14.7,44.7,Frequent Roamer
96890001295,50.0,26.1,43.1,71.1,2.4,375.3,Business Postpaid
96890001296,54.8,29.6,37.0,74.5,2.3,777.7,Business Postpaid
96890001297,35.2,23.1,37.1,91.6,3.8,1001.5,Business Postpaid
96890001298,19.5,2.1,8.4,4.4,0.4,683.2,Low-Use Prepaid
96890001299,1.0,1.7,10.0,3.1,0.0,143.9,Low-Use Prepaid
96890001300,40.1,29.5,22.9,87.6,1.9,1266.6,Business Postpaid
96890001301,22.6,40.4,23.4,1.7,1.4,320.1,Heavy-Data Youth
96890001302,7.0,3.9,5.9,1.9,0.5,272.9,Low-Use Prepaid
96890001303,34.2,9.7,28.3,193.1,12.1,1394.3,Frequent Roamer
96890001304,72.2,27.5,56.0,104.2,2.6,1160.9,Business Postpaid
96890001305,6.0,59.2,18.9,0.0,0.0,500.5,Heavy-Data Youth
96890001306,20.4,3.3,3.7,7.6,0.0,1097.3,Low-Use Prepaid
96890001307,32.9,14.5,35.6,187.5,17.0,352.0,Frequent Roamer
96890001308,12.3,2.2,7.2,3.6,0.0,631.3,Low-Use Prepaid
96890001309,22.8,20.7,22.0,70.0,10.2,634.6,Frequent Roamer
96890001310,21.2,1.9,2.4,2.2,0.0,281.0,Low-Use Prepaid
96890001311,41.7,21.9,50.2,31.5,0.0,0.0,Business Postpaid
96890001312,18.1,72.5,14.3,0.0,1.1,345.3,Heavy-Data Youth
96890001313,61.8,28.9,34.2,100.1,1.1,1306.0,Business Postpaid
96890001314,64.2,25.0,36.2,105.4,2.1,462.0,Business Postpaid
96890001315,15.4,69.5,18.6,3.5,1.4,207.2,Heavy-Data Youth
96890001316,31.2,1.8,2.5,7.7,0.4,758.4,Low-Use Prepaid
96890001317,26.7,8.2,23.7,164.6,16.7,528.6,Frequent Roamer
96890001318,18.5,62.6,12.1,7.4,0.0,105.4,Heavy-Data Youth
96890001319,29.1,20.8,27.5,175.3,11.7,602.2,Frequent Roamer
96890001320,15.0,5.7,30.8,117.2,13.1,34.5,Frequent Roamer
96890001321,24.7,49.4,14.0,18.3,0.6,657.7,Heavy-Data Youth
96890001322,15.0,57.5,19.2,12.2,0.0,413.7,Heavy-Data Youth
96890001323,8.0,1.4,4.7,5.2,0.0,220.5,Low-Use Prepaid
96890001324,9.6,2.5,5.5,2.8,0.0,307.4,Low-Use Prepaid
96890001325,16.2,3.1,5.6,0.5,0.4,563.5,Low-Use Prepaid
96890001326,2.2,95.0,16.1,2.9,0.1,210.7,Heavy-Data Youth
96890001327,33.3,9.7,22.6,21.3,8.6,564.2,Frequent Roamer
96890001328,1.0,0.1,11.5,1.4,0.0,968.7,Low-Use Prepaid
96890001329,21.4,1.2,10.0,0.6,0.0,202.2,Low-Use Prepaid
96890001330,57.4,23.4,48.6,49.1,2.9,558.2,Business Postpaid
96890001331,18.3,94.2,22.2,1.5,0.0,522.8,Heavy-Data Youth
96890001332,21.6,1.4,3.3,0.0,0.0,739.8,Low-Use Prepaid
96890001333,27.0,0.6,5.8,0.0,0.9,409.7,Low-Use Prepaid
96890001334,4.6,4.1,4.4,7.8,0.2,57.4,Low-Use Prepaid
96890001335,13.9,62.4,14.6,6.3,0.5,608.9,Heavy-Data Youth
96890001336,42.8,22.9,51.9,136.7,2.5,425.5,Business Postpaid
96890001337,11.8,1.8,7.1,2.5,0.6,72.1,Low-Use Prepaid
96890001338,64.7,18.4,38.2,76.3,4.9,687.8,Business Postpaid
96890001339,25.6,85.7,19.7,17.4,2.3,336.3,Heavy-Data Youth
96890001340,22.1,1.6,7.2,5.3,0.0,0.0,Low-Use Prepaid
96890001341,16.0,2.3,5.4,7.0,0.5,640.2,Low-Use Prepaid
96890001342,23.3,57.3,22.7,5.8,1.8,1102.4,Heavy-Data Youth
96890001343,70.9,15.9,38.0,133.1,2.5,257.3,Business Postpaid
96890001344,15.7,1.3,6.6,4.1,0.0,1285.9,Low-Use Prepaid
96890001345,4.8,2.0,9.2,2.5,0.3,623.7,Low-Use Prepaid
96890001346,42.8,15.4,40.9,51.6,1.9,659.4,Business Postpaid
96890001347,18.7,49.1,17.6,4.8,0.4,1063.3,Heavy-Data Youth
96890001348,9.5,2.6,8.4,0.0,0.0,124.9,Low-Use Prepaid
96890001349,21.4,74.8,12.3,3.0,0.1,661.3,Heavy-Data Youth
96890001350,32.1,64.8,21.5,3.7,1.1,593.6,Heavy-Data Youth
96890001351,9.0,1.7,6.9,5.6,0.3,508.8,Low-Use Prepaid
96890001352,18.9,13.0,34.5,142.0,9.7,528.8,Frequent Roamer
96890001353,34.9,15.1,35.6,163.1,8.8,1222.8,Frequent Roamer
96890001354,1.0,47.9,22.8,11.3,0.8,1113.3,Heavy-Data Youth
96890001355,54.4,19.4,50.6,78.6,2.2,475.0,Business Postpaid
96890001356,29.9,9.9,30.7,89.3,6.0,877.8,Frequent Roamer
96890001357,61.3,17.0,52.0,81.5,4.1,0.0,Business Postpaid
96890001358,19.1,17.9,35.5,188.3,14.4,445.9,Frequent Roamer
96890001359,6.3,10.1,33.5,226.8,14.2,707.5,Frequent Roamer
96890001360,7.2,90.0,16.3,11.1,0.8,673.4,Heavy-Data Youth
96890001361,56.9,20.2,37.3,80.0,2.5,1299.2,Business Postpaid
96890001362,38.5,14.2,30.2,143.4,11.0,114.7,Frequent Roamer
96890001363,19.6,52.0,22.2,6.0,0.0,73.4,Heavy-Data Youth
96890001364,26.7,22.8,30.8,150.8,15.5,0.0,Frequent Roamer
96890001365,26.7,9.1,24.0,196.8,11.2,327.6,Frequent Roamer
96890001366,61.0,19.3,55.0,19.7,2.0,0.0,Business Postpaid
96890001367,36.5,20.0,21.0,127.1,5.0,619.0,Frequent Roamer
96890001368,19.5,80.7,22.9,4.6,0.2,441.6,Heavy-Data Youth
96890001369,45.6,15.5,28.0,138.5,14.8,615.6,Frequent Roamer
96890001370,3.9,2.3,7.3,2.8,0.6,631.3,Low-Use Prepaid
96890001371,22.0,10.5,27.2,192.4,9.6,105.8,Frequent Roamer
96890001372,33.5,19.7,19.0,171.8,8.6,819.3,Frequent Roamer
96890001373,19.1,69.4,10.9,6.0,2.3,0.0,Heavy-Data Youth
96890001374,15.1,2.6,4.9,2.7,0.4,5.5,Low-Use Prepaid
96890001375,52.7,30.8,61.6,57.3,3.3,404.3,Business Postpaid
96890001376,24.0,17.8,23.9,193.0,15.7,751.8,Frequent Roamer
96890001377,20.1,2.2,7.4,4.6,0.3,444.2,Low-Use Prepaid
96890001378,62.2,23.1,51.3,103.7,3.0,391.7,Business Postpaid
96890001379,27.9,80.4,22.4,0.0,0.4,505.2,Heavy-Data Youth
96890001380,28.3,12.9,36.6,130.0,15.7,796.6,Frequent Roamer
96890001381,19.8,1.8,6.8,2.3,0.0,117.5,Low-Use Prepaid
96890001382,36.7,20.6,25.4,171.0,7.5,424.0,Frequent Roamer
96890001383,54.6,16.5,51.9,96.9,2.2,163.1,Business Postpaid
96890001384,20.4,55.4,24.2,5.9,0.0,279.7,Heavy-Data Youth
96890001385,13.5,67.1,14.5,0.4,0.2,26.9,Heavy-Data Youth
96890001386,10.0,0.4,7.6,7.5,0.2,1288.0,Low-Use Prepaid
96890001387,15.8,68.6,15.8,9.4,1.0,502.7,Heavy-Data Youth
96890001388,14.2,0.8,10.8,3.2,0.0,350.2,Low-Use Prepaid
96890001389,1.0,3.2,7.7,5.1,0.3,378.0,Low-Use Prepaid
96890001390,54.6,15.8,68.7,96.7,3.2,588.8,Business Postpaid
96890001391,10.9,2.2,11.2,1.8,0.0,774.0,Low-Use Prepaid
96890001392,10.8,91.9,17.8,7.2,0.0,1119.4,Heavy-Data Youth
96890001393,66.5,11.4,48.5,101.5,0.2,1232.9,Business Postpaid
96890001394,22.9,48.3,17.4,0.0,0.8,432.1,Heavy-Data Youth
96890001395,26.9,5.0,24.5,100.7,14.9,1296.4,Frequent Roamer
96890001396,15.4,2.3,6.5,0.0,0.4,128.7,Low-Use Prepaid
96890001397,13.5,1.6,10.1,2.7,0.2,264.8,Low-Use Prepaid
96890001398,22.2,80.5,21.3,0.6,1.3,583.3,Heavy-Data Youth
96890001399,73.3,33.9,50.4,94.4,0.0,0.0,Business Postpaid
96890001400,17.8,56.6,13.4,3.7,0.6,634.4,Heavy-Data Youth
96890001401,53.0,28.7,52.3,96.4,0.0,998.7,Business Postpaid
96890001402,7.4,78.4,15.4,12.8,1.0,617.9,Heavy-Data Youth
96890001403,21.6,49.8,18.2,4.1,2.5,525.0,Heavy-Data Youth
96890001404,64.6,15.5,38.8,73.4,4.5,415.5,Business Postpaid
96890001405,38.1,15.3,30.7,111.0,11.2,0.0,Frequent Roamer
96890001406,38.2,24.0,38.1,56.2,3.0,358.4,Business Postpaid
96890001407,7.1,2.9,4.9,7.7,0.0,0.0,Low-Use Prepaid
96890001408,20.2,49.5,14.0,2.9,0.0,579.6,Heavy-Data Youth
96890001409,39.5,14.1,30.0,185.5,17.9,231.7,Frequent Roamer
96890001410,11.9,81.1,24.6,0.7,0.9,492.5,Heavy-Data Youth
96890001411,10.7,38.2,15.4,9.2,1.5,156.6,Heavy-Data Youth
96890001412,7.0,1.4,9.3,3.8,0.1,33.9,Low-Use Prepaid
96890001413,22.9,53.8,14.6,10.8,0.0,357.9,Heavy-Data Youth
96890001414,10.3,1.2,6.0,4.1,0.0,456.8,Low-Use Prepaid
96890001415,10.3,2.6,8.0,2.6,0.6,502.3,Low-Use Prepaid
96890001416,12.7,48.4,24.0,5.3,1.0,762.1,Heavy-Data Youth
96890001417,15.8,85.9,17.8,2.9,0.9,1144.3,Heavy-Data Youth
96890001418,25.2,24.7,14.5,4.4,1.4,0.0,Heavy-Data Youth
96890001419,29.2,13.9,21.7,175.0,10.8,1231.3,Frequent Roamer
96890001420,15.6,2.2,7.1,5.5,0.0,130.5,Low-Use Prepaid
96890001421,12.3,2.7,5.7,7.4,1.1,641.0,Low-Use Prepaid
96890001422,40.2,12.4,27.7,254.8,8.9,648.1,Frequent Roamer
96890001423,50.5,24.5,45.7,64.5,0.4,0.0,Business Postpaid
96890001424,30.5,23.7,27.3,160.2,15.1,362.6,Frequent Roamer
96890001425,74.0,20.5,47.6,73.3,3.4,661.3,Business Postpaid
96890001426,19.3,52.7,19.2,11.0,0.5,258.8,Heavy-Data Youth
96890001427,14.5,2.1,4.8,0.0,0.0,112.5,Low-Use Prepaid
96890001428,13.3,2.2,7.5,0.0,0.0,444.0,Low-Use Prepaid
96890001429,28.5,48.2,17.2,9.5,1.6,1026.8,Heavy-Data Youth
96890001430,51.9,17.3,39.3,42.7,1.3,864.0,Business Postpaid
96890001431,8.4,3.0,7.6,5.4,0.0,240.1,Low-Use Prepaid
96890001432,2.8,43.0,17.6,0.0,0.0,401.2,Heavy-Data Youth
96890001433,10.8,3.8,9.3,6.2,0.7,308.5,Low-Use Prepaid
96890001434,63.4,17.1,60.2,119.2,1.7,443.6,Business Postpaid
96890001435,25.0,17.6,24.9,115.5,12.2,391.6,Frequent Roamer
96890001436,25.9,17.2,28.1,194.1,11.0,618.7,Frequent Roamer
96890001437,18.5,72.7,15.3,0.0,1.0,473.0,Heavy-Data Youth
96890001438,7.4,2.9,3.8,0.8,0.3,484.2,Low-Use Prepaid
96890001439,7.1,1.4,5.3,3.9,0.0,291.3,Low-Use Prepaid
96890001440,32.8,19.2,40.2,21.3,1.6,274.9,Business Postpaid
96890001441,1.0,70.0,21.8,4.5,0.0,636.8,Heavy-Data Youth
96890001442,10.5,2.7,4.4,2.8,0.0,375.1,Low-Use Prepaid
96890001443,16.7,2.7,6.1,1.6,0.6,270.1,Low-Use Prepaid
96890001444,28.6,2.2,6.4,2.4,0.3,494.2,Low-Use Prepaid
96890001445,31.1,20.7,20.4,252.5,19.8,525.1,Frequent Roamer
96890001446,27.6,28.2,21.7,8.2,1.8,566.5,Heavy-Data Youth
96890001447,12.6,53.1,13.4,3.4,0.0,28.6,Heavy-Data Youth
96890001448,14.6,16.0,29.6,174.6,8.4,0.0,Frequent Roamer
96890001449,1.9,3.1,5.5,4.2,0.4,654.9,Low-Use Prepaid
96890001450,36.6,12.9,35.2,111.2,10.7,632.1,Frequent Roamer
96890001451,19.3,1.9,6.2,3.9,0.1,235.2,Low-Use Prepaid
96890001452,61.3,14.6,42.5,125.9,3.6,1212.1,Business Postpaid
96890001453,52.7,27.1,41.9,78.1,3.9,249.8,Business Postpaid
96890001454,26.4,36.1,19.8,8.3,0.3,0.0,Heavy-Data Youth
96890001455,61.9,28.7,45.3,83.4,1.9,971.9,Business Postpaid
96890001456,54.5,17.2,47.1,108.3,1.1,50.0,Business Postpaid
96890001457,9.7,3.7,7.2,0.0,0.0,743.2,Low-Use Prepaid
96890001458,17.5,1.3,2.4,0.0,0.0,23.3,Low-Use Prepaid
96890001459,7.1,1.9,4.3,7.1,0.0,97.0,Low-Use Prepaid
96890001460,16.7,2.0,5.3,2.2,0.1,241.3,Low-Use Prepaid
96890001461,17.0,59.2,18.7,4.0,0.1,849.8,Heavy-Data Youth
96890001462,16.0,0.4,5.9,5.3,0.3,285.0,Low-Use Prepaid
96890001463,17.9,64.0,21.6,6.7,1.4,0.0,Heavy-Data Youth
96890001464,23.5,19.9,22.2,119.0,16.8,0.0,Frequent Roamer
96890001465,28.1,18.6,51.2,65.6,3.1,252.7,Business Postpaid
96890001466,53.7,3.3,35.4,120.4,10.9,798.8,Frequent Roamer
96890001467,7.8,60.3,13.3,7.0,2.3,173.5,Heavy-Data Youth
96890001468,34.8,19.1,53.9,53.7,0.3,303.1,Business Postpaid
96890001469,9.8,1.0,3.0,0.0,0.4,606.6,Low-Use Prepaid
96890001470,27.1,0.3,2.9,1.1,0.2,780.8,Low-Use Prepaid
96890001471,14.5,2.1,6.9,5.1,0.2,397.5,Low-Use Prepaid
96890001472,24.1,71.7,13.7,5.2,0.2,240.6,Heavy-Data Youth
96890001473,51.9,24.2,51.8,72.0,4.2,439.0,Business Postpaid
96890001474,16.2,2.5,4.8,7.9,0.8,635.9,Low-Use Prepaid
96890001475,49.9,31.1,40.1,34.4,0.0,72.8,Business Postpaid
96890001476,22.3,14.6,28.2,164.2,8.7,164.6,Frequent Roamer
96890001477,41.4,57.3,27.8,13.2,0.2,967.8,Heavy-Data Youth
96890001478,15.8,1.8,6.5,5.9,0.3,0.0,Low-Use Prepaid
96890001479,19.5,96.4,17.0,0.7,1.4,0.0,Heavy-Data Youth
96890001480,7.7,0.6,6.3,6.1,0.5,537.3,Low-Use Prepaid
96890001481,3.6,4.6,7.4,6.8,0.0,789.3,Low-Use Prepaid
96890001482,16.9,17.6,21.4,148.0,11.1,134.0,Frequent Roamer
96890001483,35.8,14.8,14.5,173.1,10.6,988.2,Frequent Roamer
96890001484,24.0,14.1,26.6,125.5,14.2,508.4,Frequent Roamer
96890001485,10.4,3.9,6.1,0.0,0.2,300.0,Low-Use Prepaid
96890001486,28.6,4.5,32.8,130.5,9.3,453.4,Frequent Roamer
96890001487,13.0,57.2,18.8,5.6,0.3,816.9,Heavy-Data Youth
96890001488,21.8,36.6,15.2,0.0,0.5,0.0,Heavy-Data Youth
96890001489,29.9,8.4,27.1,188.9,20.6,115.7,Frequent Roamer
96890001490,9.0,0.1,8.0,2.1,0.0,584.1,Low-Use Prepaid
96890001491,20.3,9.3,32.2,178.8,12.6,550.5,Frequent Roamer
96890001492,2.7,1.5,5.1,4.4,0.0,570.4,Low-Use Prepaid
96890001493,10.7,6.1,31.9,150.3,5.6,309.9,Frequent Roamer
96890001494,58.3,12.8,33.2,81.7,3.4,737.7,Business Postpaid
96890001495,26.3,2.9,5.8,6.5,0.3,620.2,Low-Use Prepaid
96890001496,14.2,3.6,10.2,0.0,0.0,642.4,Low-Use Prepaid
96890001497,14.9,1.4,9.1,3.0,0.1,0.0,Low-Use Prepaid
96890001498,9.6,76.4,20.8,11.9,0.6,619.6,Heavy-Data Youth
96890001499,9.1,2.8,8.2,0.8,0.1,678.3,Low-Use Prepaid
96890001500,9.8,4.3,9.3,3.6,0.1,441.5,Low-Use Prepaid
96890001501,10.3,2.7,5.9,0.0,0.7,857.0,Low-Use Prepaid
96890001502,22.9,6.3,33.1,200.7,8.4,0.0,Frequent Roamer
96890001503,29.5,7.6,27.7,161.8,9.4,548.8,Frequent Roamer
96890001504,14.5,2.9,9.2,3.6,0.0,691.7,Low-Use Prepaid
96890001505,71.9,5.5,49.1,102.4,2.1,457.6,Business Postpaid
96890001506,58.8,25.4,53.0,91.1,0.0,35.3,Business Postpaid
96890001507,56.7,25.1,49.6,73.4,0.8,163.7,Business Postpaid
96890001508,15.2,56.5,12.5,5.7,1.1,108.2,Heavy-Data Youth
96890001509,40.8,16.6,29.4,136.4,8.8,1027.2,Frequent Roamer
96890001510,29.1,12.4,17.8,229.6,14.1,1212.1,Frequent Roamer
96890001511,11.2,8.9,31.2,170.6,11.2,456.0,Frequent Roamer
96890001512,15.2,1.3,6.6,2.6,0.0,473.8,Low-Use Prepaid
96890001513,16.7,78.5,11.8,7.8,1.3,559.5,Heavy-Data Youth
96890001514,30.9,22.4,43.9,137.4,3.2,86.4,Business Postpaid
96890001515,14.9,1.8,3.5,4.5,0.0,673.1,Low-Use Prepaid
96890001516,67.7,19.3,48.1,52.6,5.2,422.1,Business Postpaid
96890001517,26.6,12.3,31.2,121.3,8.2,604.3,Frequent Roamer
96890001518,19.6,78.8,14.9,2.0,0.2,0.0,Heavy-Data Youth
96890001519,6.0,33.9,10.0,5.4,0.0,482.5,Heavy-Data Youth
96890001520,76.2,22.8,38.7,83.9,0.7,682.1,Business Postpaid
96890001521,31.7,60.4,9.8,3.1,0.6,543.6,Heavy-Data Youth
96890001522,20.9,16.7,31.7,235.5,2.4,217.2,Frequent Roamer
96890001523,35.3,11.4,34.1,120.6,8.3,503.8,Frequent Roamer
96890001524,69.4,28.8,36.2,115.1,2.2,903.6,Business Postpaid
96890001525,37.0,12.8,23.0,101.9,13.8,922.9,Frequent Roamer
96890001526,8.6,2.3,7.1,0.0,0.7,836.4,Low-Use Prepaid
96890001527,9.3,0.6,2.0,6.4,0.0,784.3,Low-Use Prepaid
96890001528,58.0,24.0,32.5,75.1,3.4,976.8,Business Postpaid
96890001529,23.4,6.1,16.2,166.6,16.2,899.3,Frequent Roamer
96890001530,34.7,70.3,11.0,0.0,1.2,692.8,Heavy-Data Youth
96890001531,19.4,41.2,16.2,13.5,1.2,399.1,Heavy-Data Youth
96890001532,21.3,69.6,20.3,7.4,0.5,398.7,Heavy-Data Youth
96890001533,8.9,2.3,6.8,4.7,0.0,151.7,Low-Use Prepaid
96890001534,40.7,23.1,49.6,78.2,2.3,409.4,Business Postpaid
96890001535,18.4,2.5,5.7,7.6,0.7,652.3,Low-Use Prepaid
96890001536,15.9,59.8,16.7,2.2,0.0,425.4,Heavy-Data Youth
96890001537,14.7,2.4,7.9,0.0,0.0,380.6,Low-Use Prepaid
96890001538,23.9,10.1,34.5,149.3,9.9,173.3,Frequent Roamer
96890001539,15.7,1.6,6.2,5.8,0.9,0.0,Low-Use Prepaid
96890001540,8.4,78.2,15.5,0.0,0.3,509.0,Heavy-Data Youth
96890001541,8.3,2.7,7.5,4.7,0.5,414.8,Low-Use Prepaid
96890001542,7.5,3.0,2.8,1.5,0.3,0.0,Low-Use Prepaid
96890001543,28.0,21.4,27.7,157.9,15.5,274.4,Frequent Roamer
96890001544,17.1,2.7,2.8,1.9,0.2,710.3,Low-Use Prepaid
96890001545,6.2,24.2,15.6,9.7,1.3,857.7,Heavy-Data Youth
96890001546,17.1,2.5,7.3,4.4,0.3,743.2,Low-Use Prepaid
96890001547,15.2,1.6,7.7,2.3,0.0,30.4,Low-Use Prepaid
96890001548,43.0,12.9,24.7,269.9,17.9,0.0,Frequent Roamer
96890001549,19.7,1.3,5.1,1.1,0.2,122.5,Low-Use Prepaid
96890001550,13.1,0.4,7.9,4.0,0.0,383.2,Low-Use Prepaid
96890001551,6.3,1.5,5.5,3.2,0.0,900.8,Low-Use Prepaid
96890001552,16.9,9.0,24.3,118.2,6.7,469.0,Frequent Roamer
96890001553,52.4,21.2,39.1,76.2,1.8,676.0,Business Postpaid
96890001554,16.8,1.4,7.1,2.0,0.6,842.8,Low-Use Prepaid
96890001555,5.4,3.7,6.0,3.8,0.4,387.7,Low-Use Prepaid
96890001556,14.4,2.9,7.6,4.0,0.1,247.7,Low-Use Prepaid
96890001557,2.4,0.6,4.6,0.0,0.0,276.2,Low-Use Prepaid
96890001558,10.7,2.3,6.0,1.4,0.0,908.6,Low-Use Prepaid
96890001559,19.2,2.0,3.2,5.0,0.7,181.6,Low-Use Prepaid
96890001560,27.5,20.3,22.9,167.7,17.6,563.3,Frequent Roamer
96890001561,29.6,19.2,25.5,135.8,13.8,669.7,Frequent Roamer
96890001562,39.6,41.9,24.8,13.7,0.0,104.7,Heavy-Data Youth
96890001563,5.5,2.1,5.4,6.6,0.7,102.5,Low-Use Prepaid
96890001564,17.2,81.6,15.5,13.4,2.3,222.9,Heavy-Data Youth
96890001565,52.8,10.5,39.1,109.8,2.0,1030.6,Business Postpaid
96890001566,24.6,51.5,14.4,2.4,1.1,783.6,Heavy-Data Youth
96890001567,46.7,20.6,40.5,74.9,1.1,555.4,Business Postpaid
96890001568,34.5,14.7,35.8,259.9,13.9,488.9,Frequent Roamer
96890001569,13.7,2.1,7.7,8.4,0.2,200.2,Low-Use Prepaid
96890001570,16.0,1.7,4.8,2.8,0.2,454.7,Low-Use Prepaid
96890001571,5.3,1.5,5.3,4.2,0.6,958.2,Low-Use Prepaid
96890001572,54.3,18.9,49.6,57.4,1.4,475.9,Business Postpaid
96890001573,12.5,3.2,9.3,1.9,0.1,315.0,Low-Use Prepaid
96890001574,8.4,53.0,11.7,8.3,1.2,682.9,Heavy-Data Youth
96890001575,17.9,1.4,6.0,3.2,0.4,211.5,Low-Use Prepaid
96890001576,58.5,27.9,48.5,89.6,0.3,525.3,Business Postpaid
96890001577,21.7,7.9,22.0,140.6,6.9,727.5,Frequent Roamer
96890001578,12.1,3.2,3.1,2.4,0.0,429.7,Low-Use Prepaid
96890001579,24.7,2.0,2.3,1.7,0.2,553.3,Low-Use Prepaid
96890001580,58.8,23.0,48.5,80.8,2.0,425.5,Business Postpaid
96890001581,19.3,2.4,5.9,2.7,0.0,690.0,Low-Use Prepaid
96890001582,14.5,63.1,12.7,2.7,0.0,190.5,Heavy-Data Youth
96890001583,12.4,4.5,8.7,3.9,0.0,505.0,Low-Use Prepaid
96890001584,18.3,11.2,24.6,199.2,14.0,455.6,Frequent Roamer
96890001585,28.6,45.5,17.3,6.2,0.6,271.5,Heavy-Data Youth
96890001586,12.6,1.6,8.8,0.0,1.3,655.6,Low-Use Prepaid
96890001587,9.0,1.9,4.5,3.7,0.0,909.1,Low-Use Prepaid
96890001588,20.7,97.8,10.0,0.0,1.7,523.0,Heavy-Data Youth
96890001589,17.7,2.3,6.2,3.5,0.0,318.5,Low-Use Prepaid
96890001590,17.5,1.9,8.4,0.3,0.3,0.0,Low-Use Prepaid
96890001591,23.6,62.6,20.2,12.8,0.9,686.7,Heavy-Data Youth
96890001592,56.6,19.3,45.4,72.6,1.5,240.2,Business Postpaid
96890001593,38.0,64.2,15.3,11.3,2.1,1257.1,Heavy-Data Youth
96890001594,47.1,19.3,62.1,73.2,2.8,601.6,Business Postpaid
96890001595,52.9,21.9,47.1,126.3,3.2,343.4,Business Postpaid
96890001596,66.4,20.8,51.4,105.2,0.3,754.4,Business Postpaid
96890001597,6.1,2.2,5.9,3.4,1.0,272.5,Low-Use Prepaid
96890001598,17.9,81.1,17.0,2.3,3.2,344.8,Heavy-Data Youth
96890001599,50.2,18.0,32.9,212.1,13.9,123.3,Frequent Roamer
96890001600,25.4,6.4,33.2,112.5,11.1,799.3,Frequent Roamer
96890001601,48.8,14.9,47.2,73.1,2.3,551.5,Business Postpaid
96890001602,15.4,0.1,9.6,1.7,0.0,669.3,Low-Use Prepaid
96890001603,10.2,2.5,9.1,2.0,0.4,1214.8,Low-Use Prepaid
96890001604,44.4,11.9,46.2,78.8,2.2,1038.3,Business Postpaid
96890001605,31.7,22.4,38.5,176.3,14.2,232.3,Frequent Roamer
96890001606,30.5,15.1,23.5,141.4,13.2,416.3,Frequent Roamer
96890001607,49.3,25.3,41.7,119.8,1.0,312.8,Business Postpaid
96890001608,23.1,1.0,6.5,1.8,0.0,281.0,Low-Use Prepaid
96890001609,8.4,49.3,23.7,2.4,0.5,322.8,Heavy-Data Youth
96890001610,22.4,59.5,16.8,5.5,0.3,349.5,Heavy-Data Youth
96890001611,52.1,20.6,38.9,83.8,1.3,411.9,Business Postpaid
96890001612,22.1,2.1,8.8,2.8,0.3,461.0,Low-Use Prepaid
96890001613,57.5,18.6,43.0,95.5,0.3,838.7,Business Postpaid
96890001614,16.0,0.2,3.0,0.0,0.8,474.3,Low-Use Prepaid
96890001615,18.5,2.3,4.3,6.6,0.1,708.7,Low-Use Prepaid
96890001616,40.1,26.5,35.3,75.6,0.4,614.0,Business Postpaid
96890001617,21.3,2.4,2.0,5.2,0.7,958.5,Low-Use Prepaid
96890001618,43.8,18.0,30.4,145.1,14.0,333.0,Frequent Roamer
96890001619,51.9,27.2,49.1,69.2,1.1,895.9,Business Postpaid
96890001620,27.2,3.2,6.3,0.8,0.6,1539.5,Low-Use Prepaid
96890001621,65.2,14.1,33.5,70.2,1.2,253.2,Business Postpaid
96890001622,12.8,72.0,13.6,9.0,1.8,0.0,Heavy-Data Youth
96890001623,40.0,25.4,32.2,155.8,16.0,24.1,Frequent Roamer
96890001624,6.5,4.1,7.9,0.0,0.6,1022.3,Low-Use Prepaid
96890001625,10.2,15.0,36.2,158.3,19.1,738.8,Frequent Roamer
96890001626,15.1,68.6,16.2,4.8,1.3,729.5,Heavy-Data Youth
96890001627,6.6,15.6,24.2,194.9,10.5,128.6,Frequent Roamer
96890001628,48.1,25.5,49.4,77.4,1.0,0.0,Business Postpaid
96890001629,13.5,2.9,2.0,2.3,0.3,528.1,Low-Use Prepaid
96890001630,20.4,84.1,18.8,3.6,1.1,272.3,Heavy-Data Youth
96890001631,13.2,5.3,26.7,158.3,19.5,805.9,Frequent Roamer
96890001632,10.2,1.2,4.5,5.7,0.0,780.0,Low-Use Prepaid
96890001633,23.3,76.5,13.7,2.9,0.0,227.1,Heavy-Data Youth
96890001634,28.4,22.0,21.4,163.7,11.5,436.7,Frequent Roamer
96890001635,15.8,2.4,5.8,2.4,0.0,135.8,Low-Use Prepaid
96890001636,8.0,2.6,7.6,4.4,0.4,913.8,Low-Use Prepaid
96890001637,10.9,1.5,6.2,4.7,0.0,320.9,Low-Use Prepaid
96890001638,38.3,21.1,46.3,0.0,2.3,410.1,Business Postpaid
96890001639,20.9,79.7,15.1,7.5,0.7,1006.0,Heavy-Data Youth
96890001640,10.5,2.6,6.7,0.5,0.0,866.0,Low-Use Prepaid
96890001641,20.9,56.2,10.5,2.7,0.7,220.4,Heavy-Data Youth
96890001642,35.9,7.3,28.2,175.8,11.5,925.9,Frequent Roamer
96890001643,39.7,11.5,20.5,229.4,12.9,319.7,Frequent Roamer
96890001644,33.5,16.7,42.4,187.0,14.7,197.1,Frequent Roamer
96890001645,58.1,23.6,40.4,72.0,1.8,0.0,Business Postpaid
96890001646,8.7,2.2,3.6,0.0,0.3,400.5,Low-Use Prepaid
96890001647,16.4,18.1,28.7,185.3,19.2,581.0,Frequent Roamer
96890001648,26.7,15.8,26.9,198.5,8.6,397.5,Frequent Roamer
96890001649,25.7,1.9,6.1,0.0,0.8,0.0,Low-Use Prepaid
96890001650,71.9,0.1,41.7,127.1,4.8,0.0,Business Postpaid
96890001651,15.7,19.9,33.1,129.9,4.2,871.1,Frequent Roamer
96890001652,51.8,19.2,29.2,176.2,14.0,405.5,Frequent Roamer
96890001653,53.8,13.2,40.7,65.2,1.5,412.0,Business Postpaid
96890001654,13.2,1.4,6.1,3.3,0.2,461.9,Low-Use Prepaid
96890001655,4.2,3.9,6.7,0.0,0.2,691.2,Low-Use Prepaid
96890001656,18.3,15.8,15.2,195.8,21.1,1184.9,Frequent Roamer
96890001657,51.0,25.0,34.5,148.9,1.0,851.4,Business Postpaid
96890001658,14.8,78.1,15.6,0.7,0.0,336.6,Heavy-Data Youth
96890001659,18.1,37.5,24.3,2.1,0.4,141.3,Heavy-Data Youth
96890001660,65.7,24.3,32.7,68.7,0.1,567.9,Business Postpaid
96890001661,18.7,63.3,21.5,1.9,1.0,443.3,Heavy-Data Youth
96890001662,32.8,6.7,30.5,182.7,8.0,336.1,Frequent Roamer
96890001663,56.0,21.2,51.5,79.9,0.7,314.4,Business Postpaid
96890001664,14.7,2.0,6.5,7.3,0.5,624.7,Low-Use Prepaid
96890001665,18.8,3.6,7.5,10.2,0.1,695.5,Low-Use Prepaid
96890001666,41.3,22.4,31.3,200.8,8.6,456.7,Frequent Roamer
96890001667,13.9,67.4,17.0,10.0,0.0,0.0,Heavy-Data Youth
96890001668,11.9,0.7,8.8,9.0,0.0,852.4,Low-Use Prepaid
96890001669,16.6,2.0,5.9,4.5,1.0,142.3,Low-Use Prepaid
96890001670,23.6,0.6,5.6,2.6,0.2,253.4,Low-Use Prepaid
96890001671,1.4,1.0,3.8,5.5,0.1,312.8,Low-Use Prepaid
96890001672,12.7,1.8,7.4,1.4,0.4,810.1,Low-Use Prepaid
96890001673,20.5,1.4,2.8,5.0,0.2,0.0,Low-Use Prepaid
96890001674,5.0,0.1,7.8,6.5,0.6,366.8,Low-Use Prepaid
96890001675,19.2,1.9,4.7,3.6,0.0,837.0,Low-Use Prepaid
96890001676,11.5,2.9,7.4,6.7,0.3,1046.4,Low-Use Prepaid
96890001677,53.4,14.6,43.0,98.5,0.0,382.1,Business Postpaid
96890001678,25.2,2.6,8.2,0.0,0.3,153.2,Low-Use Prepaid
96890001679,19.4,1.5,7.9,3.6,0.2,216.6,Low-Use Prepaid
96890001680,11.6,63.7,18.2,12.3,0.2,192.9,Heavy-Data Youth
96890001681,10.8,3.0,6.8,4.3,0.5,406.3,Low-Use Prepaid
96890001682,16.6,49.1,20.7,11.6,0.2,340.9,Heavy-Data Youth
96890001683,8.2,1.3,5.0,1.2,0.7,657.4,Low-Use Prepaid
96890001684,38.8,16.2,51.1,105.0,0.0,0.0,Business Postpaid
96890001685,21.4,2.1,4.4,3.8,0.8,889.4,Low-Use Prepaid
96890001686,41.8,21.5,22.6,220.4,16.7,0.0,Frequent Roamer
96890001687,27.2,2.4,8.8,8.1,0.0,550.0,Low-Use Prepaid
96890001688,12.5,1.8,7.6,5.7,0.0,421.7,Low-Use Prepaid
96890001689,25.8,82.0,16.0,3.6,1.6,600.9,Heavy-Data Youth
96890001690,9.4,2.5,4.7,5.0,0.1,270.7,Low-Use Prepaid
96890001691,18.6,1.7,7.3,9.7,0.0,289.1,Low-Use Prepaid
96890001692,6.0,70.9,14.5,6.2,1.3,538.3,Heavy-Data Youth
96890001693,37.7,18.2,31.4,136.9,15.4,283.3,Frequent Roamer
96890001694,71.9,16.9,53.1,103.0,1.1,736.3,Business Postpaid
96890001695,5.1,2.8,5.4,0.0,0.1,181.9,Low-Use Prepaid
96890001696,21.1,44.8,21.3,1.9,1.0,297.3,Heavy-Data Youth
96890001697,38.3,10.9,46.6,93.7,7.3,633.8,Frequent Roamer
96890001698,39.4,24.4,52.6,46.4,2.2,497.2,Business Postpaid
96890001699,39.4,9.2,33.4,139.6,15.7,606.0,Frequent Roamer
96890001700,15.6,0.8,5.8,0.0,0.5,802.5,Low-Use Prepaid
96890001701,18.0,3.2,6.1,2.7,0.5,684.8,Low-Use Prepaid
96890001702,14.3,0.9,4.7,2.3,0.0,621.2,Low-Use Prepaid
96890001703,12.3,3.9,5.8,4.9,0.0,589.4,Low-Use Prepaid
96890001704,58.6,18.8,47.0,74.2,1.2,744.4,Business Postpaid
96890001705,55.2,13.4,22.2,240.2,6.8,596.3,Frequent Roamer
96890001706,32.6,82.3,18.3,2.5,0.6,98.5,Heavy-Data Youth
96890001707,5.5,1.7,4.0,7.0,0.0,543.7,Low-Use Prepaid
96890001708,33.7,14.7,34.9,163.3,17.8,213.8,Frequent Roamer
96890001709,23.5,1.1,3.3,5.3,0.6,586.4,Low-Use Prepaid
96890001710,13.5,81.8,21.2,9.1,1.2,294.3,Heavy-Data Youth
96890001711,63.0,19.7,27.1,50.5,2.9,809.8,Business Postpaid
96890001712,16.1,49.8,18.6,4.9,0.1,0.0,Heavy-Data Youth
96890001713,6.7,87.6,13.7,8.4,0.5,399.3,Heavy-Data Youth
96890001714,31.8,19.9,22.7,220.8,10.0,337.3,Frequent Roamer
96890001715,10.6,1.5,5.0,3.9,0.3,693.6,Low-Use Prepaid
96890001716,32.9,18.6,42.1,56.5,2.0,794.6,Business Postpaid
96890001717,9.1,3.8,4.9,5.7,1.1,596.2,Low-Use Prepaid
96890001718,12.2,3.8,7.1,0.0,0.1,0.0,Low-Use Prepaid
96890001719,57.4,20.1,56.8,84.2,0.6,375.2,Business Postpaid
96890001720,32.5,23.9,43.8,53.0,18.1,693.9,Frequent Roamer
96890001721,14.8,3.0,7.6,5.3,0.1,1204.2,Low-Use Prepaid
96890001722,49.0,18.3,49.7,96.0,1.4,1060.4,Business Postpaid
96890001723,56.2,20.2,53.3,68.7,0.0,206.5,Business Postpaid
96890001724,8.2,1.2,7.2,0.0,0.1,551.8,Low-Use Prepaid
96890001725,70.0,17.9,52.2,33.2,3.9,554.9,Business Postpaid
96890001726,32.1,18.6,46.1,5.7,3.6,769.8,Business Postpaid
96890001727,23.6,42.7,14.8,16.2,0.1,556.6,Heavy-Data Youth
96890001728,32.8,15.9,36.3,91.3,0.0,294.8,Business Postpaid
96890001729,31.2,2.7,6.4,3.2,0.0,371.3,Low-Use Prepaid
96890001730,26.2,56.0,14.0,1.5,1.4,521.7,Heavy-Data Youth
96890001731,41.1,11.1,26.1,143.8,13.8,0.0,Frequent Roamer
96890001732,10.0,1.6,7.0,1.3,0.6,467.6,Low-Use Prepaid
96890001733,1.0,0.8,5.7,1.4,0.2,0.0,Low-Use Prepaid
96890001734,13.2,2.2,5.7,0.0,0.6,0.0,Low-Use Prepaid
96890001735,29.3,3.4,8.8,8.3,0.0,114.4,Low-Use Prepaid
96890001736,4.4,2.9,4.8,1.9,0.1,741.1,Low-Use Prepaid
96890001737,10.6,26.3,13.5,6.1,1.0,915.0,Heavy-Data Youth
96890001738,9.3,2.4,4.6,0.0,0.3,154.5,Low-Use Prepaid
96890001739,8.4,2.5,7.0,0.2,0.0,1032.3,Low-Use Prepaid
96890001740,16.5,1.9,5.6,2.6,0.3,688.1,Low-Use Prepaid
96890001741,34.5,13.7,27.0,264.0,14.2,0.0,Frequent Roamer
96890001742,59.0,23.4,37.9,120.8,0.7,0.0,Business Postpaid
96890001743,31.7,13.3,31.7,201.0,10.2,179.5,Frequent Roamer
96890001744,49.3,28.4,55.4,73.7,1.5,208.6,Business Postpaid
96890001745,12.8,53.7,12.4,1.8,1.3,58.5,Heavy-Data Youth
96890001746,17.4,2.5,5.8,5.7,0.7,261.8,Low-Use Prepaid
96890001747,11.7,4.1,6.8,5.7,0.3,243.8,Low-Use Prepaid
96890001748,14.7,78.4,21.5,2.3,1.2,436.8,Heavy-Data Youth
96890001749,13.7,1.6,3.2,2.8,0.0,4.2,Low-Use Prepaid
96890001750,6.6,2.6,3.5,0.7,0.1,543.0,Low-Use Prepaid
96890001751,12.5,3.1,7.4,6.1,1.0,551.1,Low-Use Prepaid
96890001752,78.4,24.4,36.3,114.8,2.3,237.9,Business Postpaid
96890001753,37.1,17.3,39.3,211.7,15.0,126.4,Frequent Roamer
96890001754,8.0,3.0,3.3,6.1,0.2,608.8,Low-Use Prepaid
96890001755,6.1,2.1,8.0,1.8,0.5,821.9,Low-Use Prepaid
96890001756,6.7,76.5,13.1,1.8,0.0,845.1,Heavy-Data Youth
96890001757,51.0,27.6,41.2,0.0,2.4,384.3,Business Postpaid
96890001758,3.5,67.9,13.9,9.6,0.0,0.0,Heavy-Data Youth
96890001759,35.4,16.9,29.0,157.7,11.2,366.2,Frequent Roamer
96890001760,16.9,3.7,4.9,4.8,0.0,85.9,Low-Use Prepaid
96890001761,26.4,0.9,5.7,1.2,0.8,720.1,Low-Use Prepaid
96890001762,25.8,41.6,17.4,9.3,1.0,237.9,Heavy-Data Youth
96890001763,16.6,2.5,6.9,8.1,0.4,385.7,Low-Use Prepaid
96890001764,48.9,24.4,46.1,42.8,4.8,0.0,Business Postpaid
96890001765,10.1,1.7,7.8,2.8,0.4,360.1,Low-Use Prepaid
96890001766,16.5,32.3,14.3,4.1,0.0,0.0,Heavy-Data Youth
96890001767,71.0,24.8,38.4,49.9,1.1,94.6,Business Postpaid
96890001768,15.8,2.8,4.3,0.0,0.6,903.2,Low-Use Prepaid
96890001769,40.4,12.4,18.2,118.5,10.9,230.5,Frequent Roamer
96890001770,11.8,2.4,7.1,4.4,0.0,526.5,Low-Use Prepaid
96890001771,20.9,2.9,5.9,0.0,0.1,436.0,Low-Use Prepaid
96890001772,13.6,20.3,29.6,119.9,3.4,915.6,Frequent Roamer
96890001773,58.4,15.4,43.8,122.4,1.8,716.4,Business Postpaid
96890001774,41.7,16.6,28.1,179.4,11.1,860.5,Frequent Roamer
96890001775,11.6,0.1,3.6,7.0,1.0,714.8,Low-Use Prepaid
96890001776,24.5,2.5,2.0,1.8,0.2,303.2,Low-Use Prepaid
96890001777,1.0,2.2,6.3,7.0,0.0,973.8,Low-Use Prepaid
96890001778,19.4,2.2,5.2,3.7,0.0,726.5,Low-Use Prepaid
96890001779,58.0,23.6,53.0,128.1,1.6,811.5,Business Postpaid
96890001780,21.6,14.9,31.9,173.0,10.5,192.8,Frequent Roamer
96890001781,19.8,66.4,23.8,4.9,0.0,292.1,Heavy-Data Youth
96890001782,10.7,71.7,16.3,11.4,0.1,257.5,Heavy-Data Youth
96890001783,16.3,54.2,21.7,0.0,1.5,71.5,Heavy-Data Youth
96890001784,37.5,10.9,29.7,113.1,11.4,786.3,Frequent Roamer
96890001785,32.5,15.0,35.1,53.3,14.4,523.9,Frequent Roamer
96890001786,59.5,13.9,23.2,133.2,13.4,485.5,Frequent Roamer
96890001787,31.9,2.4,7.1,3.2,0.5,705.1,Low-Use Prepaid
96890001788,37.2,16.4,24.4,166.1,13.5,966.9,Frequent Roamer
96890001789,16.5,56.1,20.1,1.0,0.1,196.8,Heavy-Data Youth
96890001790,20.7,1.1,3.5,0.0,0.3,584.5,Low-Use Prepaid
96890001791,18.4,1.8,7.0,1.4,0.2,473.7,Low-Use Prepaid
96890001792,31.1,20.2,29.7,146.6,15.4,343.6,Frequent Roamer
96890001793,4.0,1.8,2.0,5.3,0.7,371.0,Low-Use Prepaid
96890001794,15.3,63.7,13.0,0.0,0.2,14.2,Heavy-Data Youth
96890001795,34.0,14.5,33.0,138.9,6.2,464.4,Frequent Roamer
96890001796,5.8,1.8,8.3,3.1,0.1,243.7,Low-Use Prepaid
96890001797,4.3,3.4,5.5,2.7,0.0,680.8,Low-Use Prepaid
96890001798,11.4,2.8,5.9,0.0,0.0,842.7,Low-Use Prepaid
96890001799,16.8,3.6,4.5,2.9,0.0,574.7,Low-Use Prepaid
96890001800,41.7,15.1,20.0,179.9,13.1,190.6,Frequent Roamer
96890001801,78.7,24.4,53.3,56.6,1.0,243.1,Business Postpaid
96890001802,39.2,13.6,19.4,178.7,9.4,883.0,Frequent Roamer
96890001803,11.3,0.6,6.3,3.4,0.7,585.6,Low-Use Prepaid
96890001804,48.3,20.4,58.5,69.4,0.8,547.7,Business Postpaid
96890001805,6.6,2.6,7.5,3.5,0.0,639.3,Low-Use Prepaid
96890001806,26.2,14.1,27.1,59.7,12.6,658.7,Frequent Roamer
96890001807,28.6,12.2,25.6,129.1,10.5,640.8,Frequent Roamer
96890001808,10.4,2.5,4.7,7.9,0.1,445.1,Low-Use Prepaid
96890001809,23.8,52.0,19.7,0.0,0.0,972.5,Heavy-Data Youth
96890001810,42.1,29.5,42.6,81.7,0.2,256.9,Business Postpaid
96890001811,14.8,0.1,4.5,2.3,0.9,203.0,Low-Use Prepaid
96890001812,51.0,32.8,40.1,58.6,0.9,726.7,Business Postpaid
96890001813,26.7,15.8,34.8,199.0,8.5,1111.8,Frequent Roamer
96890001814,17.5,3.8,2.0,0.4,0.7,676.1,Low-Use Prepaid
96890001815,13.3,3.2,9.0,3.4,0.2,34.8,Low-Use Prepaid
96890001816,16.5,65.5,13.8,6.6,0.0,183.3,Heavy-Data Youth
96890001817,18.3,70.0,14.3,0.0,2.0,0.0,Heavy-Data Youth
96890001818,38.9,14.8,36.7,75.5,0.0,334.0,Business Postpaid
96890001819,24.3,2.5,7.9,3.1,1.0,0.0,Low-Use Prepaid
96890001820,1.0,31.6,9.3,7.2,0.5,929.2,Heavy-Data Youth
96890001821,57.3,32.0,36.1,112.6,3.8,521.2,Business Postpaid
96890001822,6.2,1.8,7.1,0.2,0.2,572.9,Low-Use Prepaid
96890001823,29.0,12.4,38.4,131.0,17.2,463.6,Frequent Roamer
96890001824,28.6,13.4,34.3,131.5,12.6,296.1,Frequent Roamer
96890001825,8.5,62.0,14.3,1.9,1.4,478.4,Heavy-Data Youth
96890001826,14.6,56.3,8.6,7.7,0.8,611.1,Heavy-Data Youth
96890001827,19.0,2.4,6.4,0.0,0.1,493.2,Low-Use Prepaid
96890001828,57.3,16.5,35.7,92.0,1.8,415.8,Business Postpaid
96890001829,39.7,10.1,28.8,127.4,4.7,878.3,Frequent Roamer
96890001830,57.1,20.6,37.4,98.7,0.0,103.5,Business Postpaid
96890001831,7.2,4.0,6.6,2.7,0.5,250.7,Low-Use Prepaid
96890001832,30.1,1.3,5.4,0.6,0.7,332.1,Low-Use Prepaid
96890001833,10.8,1.7,3.5,3.1,0.8,0.0,Low-Use Prepaid
96890001834,8.7,1.9,5.3,1.6,0.2,702.7,Low-Use Prepaid
96890001835,53.5,23.1,45.8,113.4,2.3,0.0,Business Postpaid
96890001836,26.8,16.2,34.1,256.7,10.3,437.5,Frequent Roamer
96890001837,12.9,2.8,8.0,1.5,0.5,818.9,Low-Use Prepaid
96890001838,57.3,17.8,42.5,44.1,3.7,578.9,Business Postpaid
96890001839,26.0,14.7,18.5,222.2,17.8,659.9,Frequent Roamer
96890001840,19.0,2.9,5.1,0.0,0.0,0.0,Low-Use Prepaid
96890001841,16.1,12.7,33.5,132.0,11.4,0.5,Frequent Roamer
96890001842,25.1,2.5,8.9,0.0,0.0,271.4,Low-Use Prepaid
96890001843,1.0,58.8,21.1,4.7,0.4,187.0,Heavy-Data Youth
96890001844,6.3,2.7,9.2,0.0,0.0,354.6,Low-Use Prepaid
96890001845,10.4,76.7,13.9,7.3,0.0,0.0,Heavy-Data Youth
96890001846,9.5,2.8,4.7,0.0,0.1,595.5,Low-Use Prepaid
96890001847,36.2,21.2,23.5,172.9,7.5,0.0,Frequent Roamer
96890001848,14.1,2.4,2.0,11.1,0.2,743.8,Low-Use Prepaid
96890001849,9.9,59.6,24.2,7.1,1.0,34.4,Heavy-Data Youth
96890001850,2.7,2.9,6.4,1.2,0.0,597.6,Low-Use Prepaid
96890001851,19.5,2.5,5.3,2.4,0.0,279.3,Low-Use Prepaid
96890001852,12.0,66.0,18.1,6.1,1.1,205.1,Heavy-Data Youth
96890001853,20.7,2.2,5.5,4.0,0.0,146.1,Low-Use Prepaid
96890001854,36.7,20.9,46.6,56.5,2.7,58.6,Business Postpaid
96890001855,26.7,15.6,22.1,99.0,3.1,979.1,Frequent Roamer
96890001856,23.0,61.8,18.1,0.0,0.0,850.2,Heavy-Data Youth
96890001857,43.4,7.3,30.7,155.6,9.8,649.9,Frequent Roamer
96890001858,30.6,12.3,31.8,61.3,18.5,142.1,Frequent Roamer
96890001859,25.5,56.0,11.1,5.6,0.1,951.8,Heavy-Data Youth
96890001860,24.3,64.1,21.0,8.3,0.0,290.7,Heavy-Data Youth
96890001861,29.3,24.2,37.2,100.9,13.2,898.5,Frequent Roamer
96890001862,49.4,20.8,41.9,67.3,3.4,161.3,Business Postpaid
96890001863,17.8,2.7,8.6,8.1,0.0,237.4,Low-Use Prepaid
96890001864,6.6,2.1,7.0,0.8,0.0,428.1,Low-Use Prepaid
96890001865,54.4,16.0,40.3,73.5,7.1,1106.3,Business Postpaid
96890001866,1.0,2.1,7.0,4.7,0.0,75.8,Low-Use Prepaid
96890001867,10.6,2.3,6.4,0.0,0.0,0.0,Low-Use Prepaid
96890001868,12.1,72.1,19.0,9.0,2.4,482.4,Heavy-Data Youth
96890001869,62.8,15.0,48.9,82.1,1.9,766.1,Business Postpaid
96890001870,10.0,2.2,3.1,1.2,0.5,102.0,Low-Use Prepaid
96890001871,24.8,13.7,20.1,91.8,11.7,590.8,Frequent Roamer
96890001872,28.4,19.0,26.6,185.6,9.6,655.9,Frequent Roamer
96890001873,73.3,13.5,33.2,174.0,4.6,611.5,Business Postpaid
96890001874,22.8,87.1,22.0,1.7,2.6,230.5,Heavy-Data Youth
96890001875,20.2,35.7,19.3,12.9,0.0,664.7,Heavy-Data Youth
96890001876,4.5,1.6,7.9,2.2,0.3,354.2,Low-Use Prepaid
96890001877,63.7,15.3,50.2,109.4,1.6,199.9,Business Postpaid
96890001878,27.8,1.7,3.5,3.9,0.0,482.5,Low-Use Prepaid
96890001879,42.1,15.1,50.7,61.8,1.9,0.0,Business Postpaid
96890001880,47.4,18.3,35.5,113.8,3.2,0.0,Business Postpaid
96890001881,21.7,69.8,13.0,5.5,0.6,401.6,Heavy-Data Youth
96890001882,16.4,59.6,14.6,5.9,1.3,584.7,Heavy-Data Youth
96890001883,27.5,55.3,10.8,0.0,0.3,147.5,Heavy-Data Youth
96890001884,27.4,1.3,9.0,0.0,0.2,0.0,Low-Use Prepaid
96890001885,46.5,13.7,45.8,45.7,4.3,924.6,Business Postpaid
96890001886,21.1,1.8,2.2,0.9,0.2,403.0,Low-Use Prepaid
96890001887,19.2,2.3,2.2,0.0,0.3,663.1,Low-Use Prepaid
96890001888,18.6,3.2,6.9,1.4,0.0,679.1,Low-Use Prepaid
96890001889,7.2,2.1,9.4,3.2,0.7,89.5,Low-Use Prepaid
96890001890,10.0,1.4,8.8,0.0,0.0,4.8,Low-Use Prepaid
96890001891,12.7,45.5,11.0,8.4,0.4,244.3,Heavy-Data Youth
96890001892,21.2,61.3,17.8,6.8,0.1,657.2,Heavy-Data Youth
96890001893,5.2,2.3,5.5,0.0,0.0,663.3,Low-Use Prepaid
96890001894,20.8,24.8,28.8,240.2,7.1,520.3,Frequent Roamer
96890001895,35.2,15.4,25.1,179.2,6.9,283.4,Frequent Roamer
96890001896,29.9,21.8,30.4,235.2,10.3,375.6,Frequent Roamer
96890001897,14.9,59.2,20.1,3.5,0.5,478.6,Heavy-Data Youth
96890001898,12.0,58.7,16.9,0.0,0.0,0.0,Heavy-Data Youth
96890001899,5.7,55.6,11.9,12.8,0.6,0.0,Heavy-Data Youth
96890001900,24.2,1.2,6.0,0.0,0.0,69.9,Low-Use Prepaid
96890001901,24.5,3.7,6.7,6.8,0.1,390.4,Low-Use Prepaid
96890001902,1.0,22.7,15.9,2.0,0.0,511.9,Heavy-Data Youth
96890001903,16.1,6.1,29.0,198.9,9.6,877.2,Frequent Roamer
96890001904,12.0,1.9,7.3,5.2,0.4,83.9,Low-Use Prepaid
96890001905,4.4,80.4,22.9,13.8,1.0,940.5,Heavy-Data Youth
96890001906,18.3,1.0,4.2,2.3,0.6,385.5,Low-Use Prepaid
96890001907,17.3,1.7,7.7,0.0,0.0,281.8,Low-Use Prepaid
96890001908,19.1,73.0,23.2,1.8,0.3,0.0,Heavy-Data Youth
96890001909,13.8,63.0,20.3,0.7,0.8,698.5,Heavy-Data Youth
96890001910,31.4,76.6,22.3,11.5,1.7,423.5,Heavy-Data Youth
96890001911,12.1,0.5,5.3,6.8,0.0,635.8,Low-Use Prepaid
96890001912,14.4,2.1,8.7,0.4,0.1,17.4,Low-Use Prepaid
96890001913,28.0,11.7,33.6,129.6,14.5,250.4,Frequent Roamer
96890001914,70.3,30.5,46.7,69.1,4.3,431.4,Business Postpaid
96890001915,21.2,18.7,23.0,182.5,13.3,671.6,Frequent Roamer
96890001916,16.7,63.8,10.5,0.0,1.3,635.6,Heavy-Data Youth
96890001917,54.4,17.2,42.3,122.9,1.8,995.0,Business Postpaid
96890001918,57.3,23.5,50.5,106.1,1.3,344.7,Business Postpaid
96890001919,33.0,14.8,21.3,176.5,18.4,651.8,Frequent Roamer
96890001920,64.8,9.7,48.9,111.4,5.3,118.4,Business Postpaid
96890001921,13.2,82.9,14.3,3.2,0.0,630.7,Heavy-Data Youth
96890001922,24.9,82.8,16.8,7.0,1.0,275.9,Heavy-Data Youth
96890001923,37.1,13.7,25.8,186.1,10.7,873.3,Frequent Roamer
96890001924,20.4,69.6,20.9,2.3,1.7,675.0,Heavy-Data Youth
96890001925,13.3,43.9,20.5,12.5,0.4,683.5,Heavy-Data Youth
96890001926,45.7,34.1,48.9,44.6,0.9,628.0,Business Postpaid
96890001927,20.5,22.1,32.7,145.8,10.6,1189.2,Frequent Roamer
96890001928,17.2,53.5,13.4,14.6,1.2,758.4,Heavy-Data Youth
96890001929,48.5,13.1,47.8,27.5,1.9,0.0,Business Postpaid
96890001930,25.6,101.6,14.1,9.8,0.0,666.7,Heavy-Data Youth
96890001931,23.9,13.8,33.5,133.6,20.0,350.6,Frequent Roamer
96890001932,41.7,8.4,27.2,179.9,14.3,534.9,Frequent Roamer
96890001933,32.1,52.5,24.4,12.1,0.0,522.5,Heavy-Data Youth
96890001934,28.0,87.1,23.2,8.6,1.6,0.0,Heavy-Data Youth
96890001935,1.0,1.9,6.0,3.7,0.0,893.7,Low-Use Prepaid
96890001936,21.8,56.3,23.3,0.3,0.0,426.4,Heavy-Data Youth
96890001937,21.2,1.7,4.2,3.9,0.0,1055.9,Low-Use Prepaid
96890001938,41.9,26.1,43.8,83.9,4.3,881.3,Business Postpaid
96890001939,58.9,16.5,49.7,101.3,3.9,541.9,Business Postpaid
96890001940,1.0,1.0,8.3,8.0,0.1,0.0,Low-Use Prepaid
96890001941,34.1,1.7,23.0,200.8,13.8,286.9,Frequent Roamer
96890001942,23.5,16.0,27.6,119.6,14.3,489.5,Frequent Roamer
96890001943,11.8,0.6,7.0,2.0,0.2,529.3,Low-Use Prepaid
96890001944,17.3,3.0,4.8,0.0,0.5,680.2,Low-Use Prepaid
96890001945,5.8,54.7,18.7,12.4,1.6,1016.0,Heavy-Data Youth
96890001946,11.9,27.3,19.7,1.3,1.8,709.4,Heavy-Data Youth
96890001947,22.4,79.7,14.0,3.9,0.7,0.0,Heavy-Data Youth
96890001948,11.5,2.5,5.9,1.8,0.0,153.7,Low-Use Prepaid
96890001949,15.1,39.8,16.9,4.9,2.0,457.8,Heavy-Data Youth
96890001950,17.4,38.1,13.6,3.8,0.0,122.5,Heavy-Data Youth
96890001951,51.1,29.4,53.5,74.2,2.9,588.7,Business Postpaid
96890001952,30.3,48.6,16.0,16.6,0.1,837.7,Heavy-Data Youth
96890001953,9.4,3.8,3.5,1.8,0.0,788.7,Low-Use Prepaid
96890001954,37.7,15.2,30.7,114.5,11.3,675.9,Frequent Roamer
96890001955,4.1,2.6,3.9,0.0,0.0,459.2,Low-Use Prepaid
96890001956,16.4,2.1,6.2,7.0,0.0,684.1,Low-Use Prepaid
96890001957,20.5,57.2,17.8,13.2,0.1,0.0,Heavy-Data Youth
96890001958,66.5,25.9,41.1,100.5,0.9,158.4,Business Postpaid
96890001959,24.8,68.6,22.8,15.3,0.7,1058.3,Heavy-Data Youth
96890001960,23.8,68.8,18.4,7.5,1.4,156.9,Heavy-Data Youth
96890001961,11.1,3.1,6.6,1.3,0.9,719.8,Low-Use Prepaid
96890001962,22.2,19.7,20.4,169.4,12.8,836.5,Frequent Roamer
96890001963,12.3,0.8,8.6,0.9,0.3,0.0,Low-Use Prepaid
96890001964,58.0,17.3,50.6,113.4,1.4,477.3,Business Postpaid
96890001965,18.4,6.7,28.2,146.8,11.4,1165.7,Frequent Roamer
96890001966,5.7,6.7,35.7,146.2,1.5,995.2,Frequent Roamer
96890001967,23.9,16.1,13.2,222.5,11.0,1235.6,Frequent Roamer
96890001968,9.8,16.5,39.7,169.2,9.8,507.8,Frequent Roamer
96890001969,12.1,3.5,4.9,3.4,0.2,295.9,Low-Use Prepaid
96890001970,13.5,0.4,3.9,0.0,0.0,429.9,Low-Use Prepaid
96890001971,13.5,34.6,11.4,14.2,1.5,736.1,Heavy-Data Youth
96890001972,11.1,65.9,12.6,12.8,0.0,56.2,Heavy-Data Youth
96890001973,4.7,3.6,6.6,0.2,0.2,0.0,Low-Use Prepaid
96890001974,33.1,19.4,35.1,120.3,3.2,600.6,Business Postpaid
96890001975,29.2,12.9,29.2,99.5,13.0,895.1,Frequent Roamer
96890001976,16.8,1.2,3.5,4.5,0.0,479.6,Low-Use Prepaid
96890001977,14.7,3.4,5.7,0.0,0.6,45.3,Low-Use Prepaid
96890001978,19.8,1.5,4.4,1.3,0.5,1130.8,Low-Use Prepaid
96890001979,33.2,85.7,18.8,0.7,0.0,682.3,Heavy-Data Youth
96890001980,10.3,47.3,21.9,0.0,0.5,378.0,Heavy-Data Youth
96890001981,4.9,1.8,6.4,5.1,0.0,352.2,Low-Use Prepaid
96890001982,27.4,7.2,29.5,238.9,11.0,45.7,Frequent Roamer
96890001983,17.0,22.7,33.5,179.8,9.6,398.5,Frequent Roamer
96890001984,40.6,18.0,30.1,156.8,13.4,1438.5,Frequent Roamer
96890001985,15.4,48.9,24.0,1.5,0.2,497.5,Heavy-Data Youth
96890001986,66.9,18.4,49.5,98.4,3.0,449.2,Business Postpaid
96890001987,28.3,68.7,21.8,14.3,0.2,39.0,Heavy-Data Youth
96890001988,22.9,54.6,19.8,2.3,0.6,759.3,Heavy-Data Youth
96890001989,8.6,2.0,5.6,0.0,1.5,518.7,Low-Use Prepaid
96890001990,8.3,103.7,17.1,5.4,0.1,1104.2,Heavy-Data Youth
96890001991,15.9,2.3,6.9,4.3,0.2,284.0,Low-Use Prepaid
96890001992,52.9,19.6,32.2,65.0,0.0,103.3,Business Postpaid
96890001993,4.3,3.5,7.8,2.6,0.3,237.2,Low-Use Prepaid
96890001994,26.9,17.9,28.2,197.1,16.0,274.4,Frequent Roamer
96890001995,61.9,16.9,49.5,99.6,2.1,366.9,Business Postpaid
96890001996,6.8,74.6,19.9,13.2,0.4,426.1,Heavy-Data Youth
96890001997,62.0,19.6,61.2,153.5,4.0,350.7,Business Postpaid
96890001998,54.5,24.3,53.2,88.2,2.5,452.7,Business Postpaid
96890001999,16.9,2.9,5.1,0.0,0.0,574.9,Low-Use Prepaid
96890002000,31.4,10.6,23.5,172.4,11.1,217.5,Frequent Roamer
96890002001,24.0,61.7,8.6,0.0,1.3,1163.0,Heavy-Data Youth
96890002002,9.8,3.3,5.1,6.1,0.0,572.0,Low-Use Prepaid
96890002003,56.6,24.0,46.1,48.2,1.2,225.5,Business Postpaid
96890002004,12.0,44.1,24.5,4.2,0.4,501.3,Heavy-Data Youth
96890002005,34.3,14.0,31.1,188.7,16.5,338.6,Frequent Roamer
96890002006,6.4,2.5,10.9,1.4,0.7,55.2,Low-Use Prepaid
96890002007,19.8,74.5,16.5,7.5,1.0,152.1,Heavy-Data Youth
96890002008,1.0,42.7,15.3,0.9,2.3,1067.0,Heavy-Data Youth
96890002009,8.7,1.8,5.1,2.9,0.3,579.6,Low-Use Prepaid
96890002010,36.6,21.3,35.4,161.8,11.6,0.0,Frequent Roamer
96890002011,69.1,15.8,44.3,123.1,2.4,455.8,Business Postpaid
96890002012,15.2,54.9,13.5,3.6,0.0,0.0,Heavy-Data Youth
96890002013,58.8,26.7,42.7,92.1,1.7,546.4,Business Postpaid
96890002014,11.5,66.5,15.8,6.5,0.4,318.6,Heavy-Data Youth
96890002015,18.7,75.7,17.2,11.1,0.1,329.8,Heavy-Data Youth
96890002016,28.9,80.9,19.8,8.7,0.0,79.8,Heavy-Data Youth
96890002017,24.4,2.0,7.2,2.4,0.0,516.8,Low-Use Prepaid
96890002018,21.8,74.1,18.0,1.8,0.7,231.3,Heavy-Data Youth
96890002019,15.0,63.3,18.3,0.0,0.0,816.8,Heavy-Data Youth
96890002020,27.2,69.5,23.1,15.8,0.3,618.0,Heavy-Data Youth
96890002021,8.1,1.8,6.1,8.0,0.2,406.8,Low-Use Prepaid
96890002022,7.5,3.1,7.1,0.0,0.6,210.7,Low-Use Prepaid
96890002023,13.8,2.3,7.7,0.0,0.0,705.9,Low-Use Prepaid
96890002024,50.1,23.9,35.9,95.3,1.3,426.7,Business Postpaid
96890002025,29.0,3.9,7.9,3.6,0.5,156.4,Low-Use Prepaid
96890002026,16.9,3.6,10.0,0.0,0.0,466.1,Low-Use Prepaid
96890002027,19.1,20.5,26.7,186.8,9.2,524.3,Frequent Roamer
96890002028,17.8,68.3,11.3,2.1,0.6,57.6,Heavy-Data Youth
96890002029,12.0,59.6,17.0,4.1,1.7,325.4,Heavy-Data Youth
96890002030,24.7,7.9,28.5,242.3,15.2,185.9,Frequent Roamer
96890002031,3.8,70.1,19.7,3.4,0.0,415.2,Heavy-Data Youth
96890002032,33.2,23.9,28.9,283.1,12.7,713.9,Frequent Roamer
96890002033,10.2,87.1,22.6,6.2,0.0,349.1,Heavy-Data Youth
96890002034,27.3,52.1,18.5,0.0,0.0,144.0,Heavy-Data Youth
96890002035,13.2,57.9,18.9,13.7,0.0,456.4,Heavy-Data Youth
96890002036,68.5,23.6,53.1,91.4,3.7,579.9,Business Postpaid
96890002037,15.8,2.0,6.6,0.4,0.0,643.7,Low-Use Prepaid
96890002038,27.5,56.5,13.3,7.1,2.4,774.8,Heavy-Data Youth
96890002039,1.0,0.7,4.9,1.1,0.0,195.1,Low-Use Prepaid
96890002040,27.8,59.7,20.6,1.4,0.0,209.6,Heavy-Data Youth
96890002041,28.6,67.1,21.9,0.0,0.6,330.2,Heavy-Data Youth
96890002042,52.4,9.6,51.9,102.0,0.0,342.3,Business Postpaid
96890002043,65.8,26.4,38.0,33.5,0.9,326.9,Business Postpaid
96890002044,12.4,76.4,15.5,2.8,0.8,395.9,Heavy-Data Youth
96890002045,11.5,58.6,14.2,0.0,0.5,588.6,Heavy-Data Youth
96890002046,26.7,79.5,25.6,5.5,0.1,1223.4,Heavy-Data Youth
96890002047,17.3,41.8,17.5,2.4,1.5,297.7,Heavy-Data Youth
96890002048,45.9,14.0,21.5,128.3,9.1,910.6,Frequent Roamer
96890002049,34.2,39.8,22.7,4.0,0.0,493.2,Heavy-Data Youth
96890002050,15.3,1.7,5.8,1.5,0.2,571.9,Low-Use Prepaid
96890002051,35.5,24.6,21.3,240.1,11.6,695.2,Frequent Roamer
96890002052,9.6,3.1,2.2,0.0,0.0,74.3,Low-Use Prepaid
96890002053,15.1,2.4,6.1,0.0,0.0,0.0,Low-Use Prepaid
96890002054,28.0,14.6,24.2,168.7,8.9,752.9,Frequent Roamer
96890002055,12.2,2.7,7.7,4.1,0.3,0.0,Low-Use Prepaid
96890002056,19.8,1.8,6.9,4.2,0.3,276.8,Low-Use Prepaid
96890002057,10.7,3.1,9.0,6.6,0.6,455.3,Low-Use Prepaid
96890002058,34.8,16.8,27.6,105.0,18.4,987.4,Frequent Roamer
96890002059,16.9,8.6,35.6,233.6,16.3,407.4,Frequent Roamer
96890002060,2.0,2.6,2.8,1.6,0.8,108.8,Low-Use Prepaid
96890002061,20.7,88.8,19.4,0.6,0.7,895.2,Heavy-Data Youth
96890002062,34.4,13.8,39.1,182.4,14.2,537.7,Frequent Roamer
96890002063,51.5,21.8,45.1,106.5,0.4,108.0,Business Postpaid
96890002064,10.4,3.2,8.2,0.0,0.0,985.1,Low-Use Prepaid
96890002065,18.4,48.1,14.5,6.1,1.5,270.1,Heavy-Data Youth
96890002066,49.1,24.4,50.4,88.1,3.0,0.0,Business Postpaid
96890002067,4.3,2.5,6.2,2.9,0.0,0.0,Low-Use Prepaid
96890002068,51.7,18.2,49.1,78.4,1.7,958.2,Business Postpaid
96890002069,15.5,2.2,5.4,0.3,0.5,428.6,Low-Use Prepaid
96890002070,18.1,17.6,28.6,185.4,3.6,146.9,Frequent Roamer
96890002071,26.9,13.8,27.9,193.2,9.6,166.9,Frequent Roamer
96890002072,19.3,71.3,20.7,5.7,0.8,0.0,Heavy-Data Youth
96890002073,47.8,18.6,35.0,74.3,0.0,361.4,Business Postpaid
96890002074,12.8,50.6,19.1,4.0,0.0,350.7,Heavy-Data Youth
96890002075,51.4,19.8,54.8,89.1,2.8,130.6,Business Postpaid
96890002076,8.6,1.9,7.0,4.0,0.4,705.2,Low-Use Prepaid
96890002077,10.2,1.2,3.3,3.2,0.3,477.3,Low-Use Prepaid
96890002078,3.3,2.5,7.0,3.5,0.6,222.3,Low-Use Prepaid
96890002079,33.6,33.1,35.3,56.1,1.7,341.6,Business Postpaid
96890002080,59.0,23.3,41.5,44.2,3.4,795.1,Business Postpaid
96890002081,24.2,2.4,3.8,1.6,0.6,334.2,Low-Use Prepaid
96890002082,14.8,4.6,4.9,11.6,0.1,689.1,Low-Use Prepaid
96890002083,12.7,2.0,8.6,5.6,0.5,450.5,Low-Use Prepaid
96890002084,14.8,2.0,3.5,1.2,0.4,409.9,Low-Use Prepaid
96890002085,54.8,17.9,43.9,81.4,3.3,0.0,Business Postpaid
96890002086,28.0,17.3,32.9,131.7,11.3,1103.8,Frequent Roamer
96890002087,17.6,1.9,5.6,4.1,0.0,247.0,Low-Use Prepaid
96890002088,21.9,13.5,25.0,26.4,13.4,536.6,Frequent Roamer
96890002089,21.4,2.1,4.8,4.5,0.0,502.4,Low-Use Prepaid
96890002090,68.6,34.0,47.9,126.4,0.0,972.9,Business Postpaid
96890002091,10.7,2.6,7.5,3.6,0.0,209.8,Low-Use Prepaid
96890002092,28.9,1.7,8.1,6.8,0.4,169.2,Low-Use Prepaid
96890002093,12.9,49.5,14.2,1.4,0.7,880.7,Heavy-Data Youth
96890002094,26.7,45.9,9.1,20.0,1.4,520.6,Heavy-Data Youth
96890002095,23.5,33.5,13.2,8.0,1.1,945.3,Heavy-Data Youth
96890002096,35.7,11.0,24.4,156.8,9.9,297.3,Frequent Roamer
96890002097,11.3,14.2,30.8,219.5,16.6,161.2,Frequent Roamer
96890002098,41.8,9.9,30.3,93.1,16.9,165.4,Frequent Roamer
96890002099,71.9,34.9,46.9,75.6,4.2,649.5,Business Postpaid
96890002100,46.0,19.2,28.1,101.3,11.8,267.9,Frequent Roamer
96890002101,58.7,12.9,35.3,82.2,2.8,0.0,Business Postpaid
96890002102,10.1,1.5,7.2,5.9,0.2,299.9,Low-Use Prepaid
96890002103,28.3,77.1,15.6,8.4,1.2,763.5,Heavy-Data Youth
96890002104,6.7,3.7,4.2,1.2,0.0,926.0,Low-Use Prepaid
96890002105,43.9,15.3,54.4,67.8,1.5,0.0,Business Postpaid
96890002106,13.0,0.8,3.6,0.5,0.0,237.1,Low-Use Prepaid
96890002107,19.3,2.5,8.4,5.5,0.0,162.3,Low-Use Prepaid
96890002108,13.2,44.5,21.7,11.0,0.9,275.2,Heavy-Data Youth
96890002109,12.4,49.1,12.6,2.7,0.6,531.1,Heavy-Data Youth
96890002110,45.4,10.9,34.2,79.4,8.9,0.0,Frequent Roamer
96890002111,55.3,28.4,44.4,41.1,1.5,235.9,Business Postpaid
96890002112,23.7,23.2,47.8,117.5,0.9,531.1,Business Postpaid
96890002113,37.0,8.6,29.7,146.8,11.6,372.8,Frequent Roamer
96890002114,13.9,0.6,4.2,6.8,0.0,432.5,Low-Use Prepaid
96890002115,34.6,18.1,36.3,173.6,13.1,412.9,Frequent Roamer
96890002116,14.0,43.4,15.2,10.9,1.0,479.7,Heavy-Data Youth
96890002117,47.6,13.6,40.7,56.5,0.0,512.9,Business Postpaid
96890002118,14.6,0.1,8.1,0.7,0.0,274.6,Low-Use Prepaid
96890002119,16.3,67.9,17.1,7.0,0.1,767.4,Heavy-Data Youth
96890002120,33.1,5.2,18.4,172.2,14.2,0.0,Frequent Roamer
96890002121,20.0,71.0,15.9,13.4,1.0,458.2,Heavy-Data Youth
96890002122,66.4,20.7,53.5,130.5,3.2,613.5,Business Postpaid
96890002123,31.5,79.1,14.0,3.1,0.5,239.9,Heavy-Data Youth
96890002124,20.0,59.6,16.7,10.3,0.2,1127.6,Heavy-Data Youth
96890002125,23.9,17.4,34.3,128.3,7.4,330.6,Frequent Roamer
96890002126,9.0,79.3,17.8,5.4,2.0,637.4,Heavy-Data Youth
96890002127,48.5,22.0,55.1,114.1,2.3,114.7,Business Postpaid
96890002128,15.6,2.6,6.7,2.8,0.0,431.4,Low-Use Prepaid
96890002129,16.4,0.2,5.4,1.0,0.5,0.0,Low-Use Prepaid
96890002130,13.6,62.6,10.1,5.1,0.8,313.1,Heavy-Data Youth
96890002131,4.1,1.3,4.6,0.0,0.0,567.1,Low-Use Prepaid
96890002132,1.0,54.9,9.9,0.1,0.3,41.2,Heavy-Data Youth
96890002133,38.7,38.4,16.7,8.9,0.3,773.8,Heavy-Data Youth
96890002134,6.4,2.1,4.1,2.1,0.0,209.5,Low-Use Prepaid
96890002135,11.1,1.8,7.8,0.7,0.1,289.1,Low-Use Prepaid
96890002136,22.0,61.3,25.5,6.4,0.0,180.4,Heavy-Data Youth
96890002137,21.4,56.8,13.0,3.5,0.0,1004.6,Heavy-Data Youth
96890002138,12.3,3.6,8.5,0.0,0.0,1013.3,Low-Use Prepaid
96890002139,11.0,2.1,5.9,6.6,0.7,193.0,Low-Use Prepaid
96890002140,7.9,20.8,32.8,177.0,11.3,886.2,Frequent Roamer
96890002141,65.3,18.4,22.7,110.3,5.4,485.5,Business Postpaid
96890002142,5.9,65.0,11.8,7.9,0.0,533.2,Heavy-Data Youth
96890002143,44.0,16.9,54.2,145.5,2.5,1212.1,Business Postpaid
96890002144,13.1,90.4,20.3,2.8,0.4,69.0,Heavy-Data Youth
96890002145,26.2,9.8,15.7,228.4,17.9,439.3,Frequent Roamer
96890002146,13.8,0.1,8.1,4.4,0.0,114.9,Low-Use Prepaid
96890002147,1.1,5.2,6.0,8.9,0.0,631.8,Low-Use Prepaid
96890002148,21.6,9.2,16.8,193.6,10.7,629.8,Frequent Roamer
96890002149,28.5,31.1,48.3,60.9,1.3,217.8,Business Postpaid
96890002150,13.0,66.8,15.3,9.6,0.5,233.6,Heavy-Data Youth
96890002151,77.1,18.6,45.9,68.6,1.8,166.6,Business Postpaid
96890002152,4.6,1.8,6.7,9.2,0.5,739.5,Low-Use Prepaid
96890002153,19.3,1.0,5.2,0.0,0.6,749.8,Low-Use Prepaid
96890002154,14.1,0.2,3.4,3.1,0.4,889.0,Low-Use Prepaid
96890002155,11.7,18.1,25.1,160.9,19.8,482.0,Frequent Roamer
96890002156,26.1,18.7,29.5,75.9,12.3,158.0,Frequent Roamer
96890002157,21.5,8.1,47.1,121.0,10.3,435.6,Frequent Roamer
96890002158,2.4,0.9,4.5,2.3,0.0,1009.4,Low-Use Prepaid
96890002159,8.6,1.4,5.6,0.1,0.6,1011.5,Low-Use Prepaid
96890002160,10.9,2.1,7.3,3.6,0.5,936.2,Low-Use Prepaid
96890002161,10.8,1.0,5.4,4.7,0.5,69.9,Low-Use Prepaid
96890002162,28.9,66.6,21.4,3.8,1.2,110.1,Heavy-Data Youth
96890002163,13.7,37.7,12.2,6.1,0.8,0.0,Heavy-Data Youth
96890002164,20.8,3.2,5.4,9.8,0.0,711.3,Low-Use Prepaid
96890002165,27.0,82.6,26.8,9.1,0.5,169.8,Heavy-Data Youth
96890002166,22.3,79.6,13.9,8.3,0.1,331.2,Heavy-Data Youth
96890002167,12.4,3.2,7.0,1.6,0.0,178.2,Low-Use Prepaid
96890002168,55.9,19.3,59.4,105.0,2.9,753.6,Business Postpaid
96890002169,31.6,48.6,8.1,8.0,0.3,104.6,Heavy-Data Youth
96890002170,7.0,0.1,5.6,3.5,0.4,388.6,Low-Use Prepaid
96890002171,6.1,2.9,4.0,4.6,0.0,698.3,Low-Use Prepaid
96890002172,68.4,21.6,36.3,44.4,3.7,0.0,Business Postpaid
96890002173,13.1,39.8,12.3,7.9,0.0,536.4,Heavy-Data Youth
96890002174,19.8,2.0,6.0,4.3,0.0,602.1,Low-Use Prepaid
96890002175,16.3,0.5,9.8,0.0,0.0,53.5,Low-Use Prepaid
96890002176,22.3,2.4,3.6,6.5,0.0,660.1,Low-Use Prepaid
96890002177,37.1,25.2,33.0,77.8,1.4,0.0,Business Postpaid
96890002178,34.6,19.2,42.5,101.2,4.4,883.2,Business Postpaid
96890002179,8.6,1.9,8.4,3.1,0.3,90.9,Low-Use Prepaid
96890002180,14.7,46.5,10.2,9.8,1.5,107.7,Heavy-Data Youth
96890002181,31.4,79.0,15.2,9.9,0.4,106.3,Heavy-Data Youth
96890002182,39.6,25.8,46.1,65.0,0.8,640.1,Business Postpaid
96890002183,15.8,62.0,15.0,0.0,0.0,988.1,Heavy-Data Youth
96890002184,22.7,3.2,2.7,0.0,0.4,0.0,Low-Use Prepaid
96890002185,4.1,3.4,7.1,0.0,0.0,743.9,Low-Use Prepaid
96890002186,5.4,1.7,6.5,3.0,0.0,301.6,Low-Use Prepaid
96890002187,5.5,1.7,3.1,0.0,0.8,216.1,Low-Use Prepaid
96890002188,35.2,16.7,23.0,121.5,8.8,336.7,Frequent Roamer
96890002189,8.7,1.3,3.8,0.3,0.0,661.3,Low-Use Prepaid
96890002190,16.6,80.8,15.5,3.6,1.5,550.5,Heavy-Data Youth
96890002191,54.9,30.0,27.0,56.3,1.2,108.6,Business Postpaid
96890002192,52.6,29.5,22.6,92.5,0.0,324.0,Business Postpaid
96890002193,11.3,2.5,5.5,1.6,0.1,739.5,Low-Use Prepaid
96890002194,33.5,17.1,55.8,68.8,1.9,712.4,Business Postpaid
96890002195,15.6,20.4,30.0,136.5,16.9,3.2,Frequent Roamer
96890002196,11.7,3.1,8.1,1.1,0.1,291.2,Low-Use Prepaid
96890002197,17.9,3.1,5.2,9.1,0.0,54.4,Low-Use Prepaid
96890002198,16.9,64.7,23.4,1.8,0.0,689.6,Heavy-Data Youth
96890002199,16.1,1.0,5.8,4.4,0.3,257.2,Low-Use Prepaid
96890002200,33.5,10.7,33.5,40.9,3.5,839.9,Business Postpaid
96890002201,10.4,2.8,8.9,4.8,0.0,301.7,Low-Use Prepaid
96890002202,47.8,13.8,29.7,212.9,17.8,702.7,Frequent Roamer
96890002203,31.8,55.5,16.8,0.0,1.3,329.7,Heavy-Data Youth
96890002204,11.5,2.4,3.8,0.0,0.6,1061.8,Low-Use Prepaid
96890002205,84.0,21.2,41.1,102.2,1.3,594.8,Business Postpaid
96890002206,50.6,22.7,56.0,92.9,3.4,761.4,Business Postpaid
96890002207,31.6,11.8,38.1,130.3,14.3,363.4,Frequent Roamer
96890002208,10.0,2.1,5.6,1.6,0.5,0.0,Low-Use Prepaid
96890002209,12.2,9.6,29.2,170.4,15.0,637.5,Frequent Roamer
96890002210,36.1,14.0,23.1,199.8,11.7,510.2,Frequent Roamer
96890002211,25.2,47.0,10.2,0.8,0.0,337.4,Heavy-Data Youth
96890002212,10.9,0.9,6.6,5.4,0.4,250.3,Low-Use Prepaid
96890002213,27.6,76.3,8.5,10.2,0.2,234.4,Heavy-Data Youth
96890002214,15.6,47.0,26.5,1.7,1.1,410.4,Heavy-Data Youth
96890002215,12.7,2.5,4.6,6.3,0.4,520.3,Low-Use Prepaid
96890002216,8.6,1.6,5.3,0.0,0.1,760.5,Low-Use Prepaid
96890002217,18.4,1.3,3.5,0.0,0.0,344.8,Low-Use Prepaid
96890002218,10.1,0.3,4.3,2.7,0.0,692.5,Low-Use Prepaid
96890002219,13.1,62.7,17.6,3.7,1.2,309.6,Heavy-Data Youth
96890002220,39.2,8.2,32.5,153.2,9.5,602.9,Frequent Roamer
96890002221,28.3,13.1,23.7,102.2,7.5,221.9,Frequent Roamer
96890002222,24.0,54.5,19.1,0.0,0.8,0.0,Heavy-Data Youth
96890002223,37.6,18.7,20.1,211.8,10.9,1028.2,Frequent Roamer
96890002224,21.1,75.9,14.9,6.0,0.3,759.7,Heavy-Data Youth
96890002225,6.9,2.5,10.3,2.3,0.0,737.0,Low-Use Prepaid
96890002226,20.8,9.5,36.6,178.1,7.3,0.0,Frequent Roamer
96890002227,18.0,3.1,6.8,4.8,0.5,556.8,Low-Use Prepaid
96890002228,15.4,1.9,7.6,5.6,0.0,638.5,Low-Use Prepaid
96890002229,17.0,25.0,28.6,157.5,12.6,398.5,Frequent Roamer
96890002230,25.3,7.2,28.5,126.5,17.7,267.0,Frequent Roamer
96890002231,52.1,33.1,55.8,90.7,3.6,1102.0,Business Postpaid
96890002232,11.8,92.8,23.4,11.8,0.7,1006.3,Heavy-Data Youth
96890002233,18.8,1.6,4.9,4.3,0.3,304.9,Low-Use Prepaid
96890002234,21.6,3.0,5.2,1.4,0.4,374.4,Low-Use Prepaid
96890002235,19.6,17.8,28.0,164.7,21.1,279.2,Frequent Roamer
96890002236,41.2,14.9,49.0,126.7,1.3,0.0,Business Postpaid
96890002237,45.3,15.3,31.8,115.8,4.7,559.1,Frequent Roamer
96890002238,45.6,14.3,25.5,183.4,9.9,560.5,Frequent Roamer
96890002239,58.2,20.6,44.8,87.3,1.1,285.8,Business Postpaid
96890002240,18.3,55.8,18.0,3.9,1.5,1124.2,Heavy-Data Youth
96890002241,10.0,2.9,5.5,0.4,0.7,858.2,Low-Use Prepaid
96890002242,4.0,70.0,9.8,0.0,0.0,64.5,Heavy-Data Youth
96890002243,35.3,16.6,30.1,145.8,9.2,63.4,Frequent Roamer
96890002244,4.9,1.9,8.1,5.0,0.2,476.8,Low-Use Prepaid
96890002245,48.3,14.5,42.0,163.8,15.3,0.0,Frequent Roamer
96890002246,21.1,58.0,13.6,3.9,0.1,633.2,Heavy-Data Youth
96890002247,19.7,63.4,15.9,0.0,1.1,473.9,Heavy-Data Youth
96890002248,5.0,51.8,20.1,9.2,0.4,601.7,Heavy-Data Youth
96890002249,10.5,19.8,31.7,245.5,9.2,206.9,Frequent Roamer
96890002250,66.9,24.7,42.7,61.6,0.0,587.9,Business Postpaid
96890002251,14.6,19.5,25.7,130.0,7.5,670.1,Frequent Roamer
96890002252,18.2,58.7,11.7,7.7,1.4,164.4,Heavy-Data Youth
96890002253,42.3,18.9,30.2,191.8,7.6,208.4,Frequent Roamer
96890002254,70.5,19.7,38.9,54.4,2.4,485.6,Business Postpaid
96890002255,7.2,3.6,9.5,1.9,0.1,226.8,Low-Use Prepaid
96890002256,40.5,25.3,45.0,107.6,4.0,629.8,Business Postpaid
96890002257,16.0,60.2,18.0,7.4,1.1,802.6,Heavy-Data Youth
96890002258,43.5,10.4,24.1,168.2,5.4,1302.6,Frequent Roamer
96890002259,14.3,67.7,18.8,9.1,1.1,125.1,Heavy-Data Youth
96890002260,51.0,22.6,45.1,81.4,3.3,275.9,Business Postpaid
96890002261,45.3,25.3,42.0,116.0,1.7,464.2,Business Postpaid
96890002262,33.3,13.1,29.0,129.2,6.4,325.2,Frequent Roamer
96890002263,14.0,1.3,7.9,7.4,0.3,640.5,Low-Use Prepaid
96890002264,45.4,22.2,27.0,217.6,13.9,245.4,Frequent Roamer
96890002265,21.2,1.9,5.4,3.9,0.0,833.6,Low-Use Prepaid
96890002266,8.4,0.4,7.8,0.8,0.2,0.0,Low-Use Prepaid
96890002267,18.3,48.5,21.8,13.3,0.0,398.5,Heavy-Data Youth
96890002268,8.0,75.5,23.4,5.2,0.0,571.6,Heavy-Data Youth
96890002269,47.8,23.9,29.4,79.1,0.1,522.8,Business Postpaid
96890002270,10.8,0.8,7.0,0.0,0.5,89.6,Low-Use Prepaid
96890002271,13.1,1.2,3.3,4.9,0.9,0.0,Low-Use Prepaid
96890002272,72.4,22.7,47.5,131.3,0.0,229.6,Business Postpaid
96890002273,20.8,13.4,19.3,162.5,10.3,1110.8,Frequent Roamer
96890002274,30.2,11.4,31.5,179.6,11.2,0.0,Frequent Roamer
96890002275,14.3,2.2,6.5,1.5,0.0,66.7,Low-Use Prepaid
96890002276,17.1,72.9,16.3,2.1,0.6,723.1,Heavy-Data Youth
96890002277,22.9,12.0,26.6,122.2,10.7,669.6,Frequent Roamer
96890002278,51.4,27.9,51.6,84.6,3.1,1133.2,Business Postpaid
96890002279,16.3,14.0,25.8,80.3,18.0,0.0,Frequent Roamer
96890002280,20.5,14.4,28.4,150.7,20.0,794.6,Frequent Roamer
96890002281,7.1,1.9,7.4,4.7,1.1,729.3,Low-Use Prepaid
96890002282,18.5,71.3,11.1,5.8,0.1,567.5,Heavy-Data Youth
96890002283,25.4,19.8,25.4,194.4,8.2,280.8,Frequent Roamer
96890002284,8.9,25.9,16.0,5.6,0.6,485.6,Heavy-Data Youth
96890002285,13.9,18.7,30.1,126.1,17.8,420.1,Frequent Roamer
96890002286,23.4,3.0,7.0,3.7,0.3,732.8,Low-Use Prepaid
96890002287,34.4,12.5,33.4,162.5,9.5,689.3,Frequent Roamer
96890002288,58.7,32.1,45.1,87.6,0.0,839.1,Business Postpaid
96890002289,1.0,0.8,4.5,7.2,0.0,22.9,Low-Use Prepaid
96890002290,35.7,21.6,35.5,99.3,2.3,792.0,Business Postpaid
96890002291,11.3,69.6,17.5,4.8,0.0,616.8,Heavy-Data Youth
96890002292,21.5,7.1,32.7,116.7,12.4,834.0,Frequent Roamer
96890002293,52.9,17.6,53.5,104.2,2.2,0.0,Business Postpaid
96890002294,60.4,35.8,62.0,98.7,0.9,270.5,Business Postpaid
96890002295,11.6,1.9,2.3,8.8,0.4,270.9,Low-Use Prepaid
96890002296,12.1,19.1,32.5,229.9,13.8,226.7,Frequent Roamer
96890002297,51.6,24.6,60.1,94.0,1.4,823.1,Business Postpaid
96890002298,25.8,1.0,5.2,0.0,1.0,0.0,Low-Use Prepaid
96890002299,59.3,14.5,36.3,107.7,2.0,265.8,Business Postpaid
96890002300,68.1,30.1,31.6,60.5,1.9,179.5,Business Postpaid
96890002301,5.3,1.4,5.5,0.8,0.3,826.0,Low-Use Prepaid
96890002302,53.6,26.9,27.2,41.3,0.7,790.0,Business Postpaid
96890002303,52.1,19.8,42.8,140.0,0.0,477.1,Business Postpaid
96890002304,3.8,55.6,14.5,8.0,0.0,0.0,Heavy-Data Youth
96890002305,18.1,9.1,22.5,191.3,8.5,333.9,Frequent Roamer
96890002306,13.0,1.5,3.7,0.0,0.2,700.5,Low-Use Prepaid
96890002307,77.4,18.5,45.9,115.6,0.0,913.0,Business Postpaid
96890002308,17.3,0.1,6.5,1.1,1.2,1051.7,Low-Use Prepaid
96890002309,24.0,56.4,8.1,6.7,0.0,372.8,Heavy-Data Youth
96890002310,1.5,1.6,2.4,8.7,0.1,398.5,Low-Use Prepaid
96890002311,40.7,14.6,23.4,129.0,12.7,504.5,Frequent Roamer
96890002312,64.4,17.8,41.2,77.8,1.6,277.9,Business Postpaid
96890002313,15.1,2.1,5.9,2.9,0.3,733.1,Low-Use Prepaid
96890002314,19.9,2.6,6.3,3.3,0.1,150.3,Low-Use Prepaid
96890002315,13.8,3.4,6.2,0.6,0.3,637.7,Low-Use Prepaid
96890002316,2.8,2.1,5.6,1.8,0.0,723.9,Low-Use Prepaid
96890002317,23.8,2.6,5.4,0.0,0.0,826.9,Low-Use Prepaid
96890002318,21.6,1.6,4.2,2.8,0.0,1087.2,Low-Use Prepaid
96890002319,15.6,3.1,4.7,8.1,0.0,487.5,Low-Use Prepaid
96890002320,39.8,26.5,36.6,123.9,12.3,683.6,Frequent Roamer
96890002321,1.0,69.9,17.9,5.0,1.2,396.4,Heavy-Data Youth
96890002322,52.4,14.5,35.1,73.9,1.8,382.6,Business Postpaid
96890002323,35.6,17.2,50.1,57.7,3.3,95.2,Business Postpaid
96890002324,31.9,28.0,31.4,63.2,1.1,667.8,Business Postpaid
96890002325,27.6,6.6,25.5,219.5,8.9,0.0,Frequent Roamer
96890002326,16.6,48.9,20.3,5.1,0.0,401.8,Heavy-Data Youth
96890002327,52.8,23.7,43.5,97.4,0.5,243.1,Business Postpaid
96890002328,51.0,18.7,44.7,62.9,0.4,534.9,Business Postpaid
96890002329,23.9,3.8,4.8,7.2,0.4,785.3,Low-Use Prepaid
96890002330,47.1,26.8,58.6,78.9,4.4,111.3,Business Postpaid
96890002331,36.3,15.0,32.6,79.7,15.4,1144.8,Frequent Roamer
96890002332,25.7,3.5,4.1,0.4,0.9,0.0,Low-Use Prepaid
96890002333,13.0,1.5,7.4,7.2,0.0,0.0,Low-Use Prepaid
96890002334,25.8,12.0,27.5,225.0,16.2,667.3,Frequent Roamer
96890002335,20.5,0.6,4.4,3.8,0.0,0.0,Low-Use Prepaid
96890002336,51.7,21.5,34.3,66.2,0.6,432.7,Business Postpaid
96890002337,23.6,84.0,12.6,5.8,1.9,301.6,Heavy-Data Youth
96890002338,23.2,8.9,31.2,194.4,18.7,761.1,Frequent Roamer
96890002339,56.3,28.2,58.9,77.7,2.8,910.7,Business Postpaid
96890002340,56.0,18.1,37.3,78.4,4.1,603.1,Business Postpaid
96890002341,23.8,78.3,16.2,4.4,0.8,896.1,Heavy-Data Youth
96890002342,28.5,15.8,33.9,142.0,8.6,16.6,Frequent Roamer
96890002343,78.2,21.4,35.7,93.2,2.6,334.3,Business Postpaid
96890002344,54.8,25.0,56.2,113.7,1.6,414.8,Business Postpaid
96890002345,10.2,0.8,4.2,1.1,0.0,1018.4,Low-Use Prepaid
96890002346,17.4,3.5,5.7,8.3,0.0,401.5,Low-Use Prepaid
96890002347,19.2,41.8,14.1,2.1,0.7,552.9,Heavy-Data Youth
96890002348,11.8,1.4,5.7,4.9,0.2,783.0,Low-Use Prepaid
96890002349,12.4,1.0,6.4,5.2,0.0,0.0,Low-Use Prepaid
96890002350,16.2,64.0,19.7,11.0,0.3,669.4,Heavy-Data Youth
96890002351,6.9,66.4,19.5,6.8,2.3,371.9,Heavy-Data Youth
96890002352,25.9,2.4,6.9,7.2,0.0,784.7,Low-Use Prepaid
96890002353,17.6,75.8,15.6,6.4,0.0,864.2,Heavy-Data Youth
96890002354,75.4,26.2,43.7,113.8,3.6,452.6,Business Postpaid
96890002355,1.0,72.3,14.6,5.0,0.6,219.6,Heavy-Data Youth
96890002356,15.3,49.8,20.4,12.6,0.7,146.6,Heavy-Data Youth
96890002357,7.6,67.0,18.6,11.5,0.8,409.2,Heavy-Data Youth
96890002358,34.8,55.4,13.1,9.8,0.0,647.7,Heavy-Data Youth
96890002359,22.4,10.9,33.5,210.3,10.9,168.7,Frequent Roamer
96890002360,19.7,77.0,13.6,13.1,0.0,858.5,Heavy-Data Youth
96890002361,47.3,8.4,32.2,114.7,15.4,0.0,Frequent Roamer
96890002362,45.8,21.1,44.3,90.9,2.4,117.5,Business Postpaid
96890002363,66.8,23.4,44.1,38.5,5.5,230.0,Business Postpaid
96890002364,17.6,30.8,9.2,7.5,1.1,397.3,Heavy-Data Youth
96890002365,32.3,3.9,33.6,214.4,10.9,188.2,Frequent Roamer
96890002366,25.8,19.1,22.9,134.1,9.3,626.1,Frequent Roamer
96890002367,49.3,22.4,37.6,83.8,4.0,0.0,Business Postpaid
96890002368,25.7,77.3,17.1,3.4,0.0,190.2,Heavy-Data Youth
96890002369,21.4,1.8,6.9,1.2,0.0,558.5,Low-Use Prepaid
96890002370,39.2,21.8,47.7,116.5,2.3,1333.2,Business Postpaid
96890002371,40.8,28.7,63.5,141.2,0.8,681.8,Business Postpaid
96890002372,65.3,22.6,26.4,90.8,1.9,324.3,Business Postpaid
96890002373,17.8,91.3,15.5,1.4,0.6,740.9,Heavy-Data Youth
96890002374,23.5,71.0,17.1,1.1,0.3,857.1,Heavy-Data Youth
96890002375,19.8,2.9,9.5,0.0,0.3,524.0,Low-Use Prepaid
96890002376,41.7,23.7,58.6,74.1,1.5,63.5,Business Postpaid
96890002377,38.6,13.7,19.0,154.1,13.5,628.5,Frequent Roamer
96890002378,40.8,19.0,42.6,86.3,2.0,1054.9,Business Postpaid
96890002379,55.4,28.3,44.9,82.2,1.5,235.9,Business Postpaid
96890002380,3.8,2.1,3.9,8.9,0.7,563.1,Low-Use Prepaid
96890002381,24.4,65.7,24.2,0.0,0.1,368.2,Heavy-Data Youth
96890002382,11.7,2.5,7.0,5.7,0.3,793.9,Low-Use Prepaid
96890002383,26.6,3.0,6.0,0.2,0.7,513.0,Low-Use Prepaid
96890002384,12.9,72.5,18.4,6.6,0.0,371.1,Heavy-Data Youth
96890002385,41.2,20.5,53.5,68.1,2.0,333.3,Business Postpaid
96890002386,25.0,74.3,6.2,10.3,0.9,566.2,Heavy-Data Youth
96890002387,17.6,1.7,2.0,0.2,0.0,105.4,Low-Use Prepaid
96890002388,4.8,1.1,6.3,0.0,0.0,361.5,Low-Use Prepaid
96890002389,12.8,2.2,7.4,8.8,0.0,445.3,Low-Use Prepaid
96890002390,23.5,0.9,4.3,1.8,0.5,676.0,Low-Use Prepaid
96890002391,37.6,10.7,21.7,157.7,11.8,258.1,Frequent Roamer
96890002392,18.7,32.5,18.4,5.6,0.0,803.6,Heavy-Data Youth
96890002393,27.9,99.5,13.1,0.0,1.0,1033.3,Heavy-Data Youth
96890002394,14.0,49.8,17.4,17.8,0.0,187.4,Heavy-Data Youth
96890002395,65.1,19.7,41.0,34.6,1.0,797.8,Business Postpaid
96890002396,62.4,17.3,37.3,98.1,1.0,363.5,Business Postpaid
96890002397,40.7,20.0,30.1,161.0,7.5,810.0,Frequent Roamer
96890002398,11.0,1.6,4.3,6.3,0.0,455.5,Low-Use Prepaid
96890002399,74.1,22.9,53.9,123.0,1.8,966.1,Business Postpaid
96890002400,4.2,3.0,3.1,7.0,0.2,601.3,Low-Use Prepaid
96890002401,18.3,2.3,3.7,4.3,0.3,145.7,Low-Use Prepaid
96890002402,55.7,15.6,33.8,80.2,2.1,1023.0,Business Postpaid
96890002403,16.5,1.5,2.5,8.1,0.6,372.5,Low-Use Prepaid
96890002404,29.0,17.4,26.3,128.7,11.3,778.4,Frequent Roamer
96890002405,42.4,6.0,23.2,128.3,9.3,119.3,Frequent Roamer
96890002406,32.7,0.1,23.0,131.3,15.0,406.8,Frequent Roamer
96890002407,44.9,21.7,23.8,32.9,0.8,0.0,Business Postpaid
96890002408,29.3,2.4,7.4,8.7,0.0,307.6,Low-Use Prepaid
96890002409,27.0,8.9,26.8,200.6,11.4,542.8,Frequent Roamer
96890002410,22.3,2.8,5.5,3.7,0.6,542.5,Low-Use Prepaid
96890002411,24.2,29.2,56.6,105.6,2.7,600.1,Business Postpaid
96890002412,17.4,1.9,6.1,0.0,0.4,35.9,Low-Use Prepaid
96890002413,41.6,27.7,57.2,33.2,3.1,22.0,Business Postpaid
96890002414,15.2,43.2,12.5,4.9,0.0,728.8,Heavy-Data Youth
96890002415,12.9,67.7,15.3,2.0,0.2,485.6,Heavy-Data Youth
96890002416,54.5,20.7,27.8,188.1,8.9,644.2,Frequent Roamer
96890002417,18.1,50.4,18.3,5.5,0.5,647.0,Heavy-Data Youth
96890002418,18.2,27.5,20.8,13.5,0.4,153.4,Heavy-Data Youth
96890002419,19.7,1.4,5.5,4.8,0.6,625.1,Low-Use Prepaid
96890002420,24.0,11.9,30.8,75.1,8.5,972.3,Frequent Roamer
96890002421,6.4,76.5,16.5,6.2,0.9,56.6,Heavy-Data Youth
96890002422,14.5,1.1,10.0,0.7,0.0,437.3,Low-Use Prepaid
96890002423,8.3,3.2,7.4,4.7,0.1,262.8,Low-Use Prepaid
96890002424,24.5,13.1,33.2,197.0,14.9,0.0,Frequent Roamer
96890002425,13.3,4.1,5.5,5.6,0.1,207.7,Low-Use Prepaid
96890002426,14.9,14.9,34.9,161.8,13.3,1078.9,Frequent Roamer
96890002427,15.5,1.0,3.5,5.5,0.0,273.8,Low-Use Prepaid
96890002428,18.9,42.8,16.4,11.9,1.3,455.7,Heavy-Data Youth
96890002429,6.1,49.7,11.5,7.0,0.0,733.4,Heavy-Data Youth
96890002430,11.8,1.3,5.7,1.4,0.4,593.4,Low-Use Prepaid
96890002431,37.7,13.1,26.9,160.8,13.2,615.6,Frequent Roamer
96890002432,19.3,94.7,24.2,10.4,1.3,125.4,Heavy-Data Youth
96890002433,16.6,63.3,20.8,2.0,0.9,0.0,Heavy-Data Youth
96890002434,8.4,3.5,6.9,6.6,0.0,754.1,Low-Use Prepaid
96890002435,3.6,2.6,5.2,3.4,0.6,227.6,Low-Use Prepaid
96890002436,34.2,16.7,30.4,124.5,14.3,182.3,Frequent Roamer
96890002437,8.1,64.6,7.5,2.9,1.7,709.5,Heavy-Data Youth
96890002438,48.8,19.0,42.8,99.0,2.5,350.4,Business Postpaid
96890002439,17.9,0.4,8.5,6.7,0.8,38.1,Low-Use Prepaid
96890002440,19.5,0.8,10.5,0.7,0.0,525.8,Low-Use Prepaid
96890002441,33.8,20.0,35.6,81.9,4.3,198.2,Business Postpaid
96890002442,9.1,3.2,5.9,1.2,0.0,813.0,Low-Use Prepaid
96890002443,63.2,20.4,38.9,136.2,0.2,643.8,Business Postpaid
96890002444,14.1,40.2,9.2,8.0,1.5,210.4,Heavy-Data Youth
96890002445,19.9,68.0,19.2,7.2,1.6,520.7,Heavy-Data Youth
96890002446,49.2,12.6,46.6,52.0,2.0,829.1,Business Postpaid
96890002447,45.2,26.2,40.6,85.5,2.9,278.2,Business Postpaid
96890002448,38.6,15.1,25.5,164.1,15.4,0.0,Frequent Roamer
96890002449,19.8,4.2,6.2,4.7,1.0,756.7,Low-Use Prepaid
96890002450,3.0,2.6,7.0,4.5,0.2,1246.5,Low-Use Prepaid
96890002451,10.2,58.3,15.8,7.9,1.1,669.0,Heavy-Data Youth
96890002452,15.4,32.9,18.6,0.0,0.3,344.2,Heavy-Data Youth
96890002453,39.9,12.2,27.1,164.8,13.4,245.8,Frequent Roamer
96890002454,13.0,72.2,16.9,4.0,1.8,0.0,Heavy-Data Youth
96890002455,29.0,10.4,25.1,178.1,9.7,926.4,Frequent Roamer
96890002456,13.2,4.4,7.5,0.5,0.4,851.1,Low-Use Prepaid
96890002457,16.7,12.8,41.0,167.7,9.1,0.0,Frequent Roamer
96890002458,25.1,6.7,22.8,165.0,6.2,370.7,Frequent Roamer
96890002459,19.3,2.6,8.1,0.0,0.0,0.0,Low-Use Prepaid
96890002460,27.5,7.4,35.0,142.1,20.5,270.3,Frequent Roamer
96890002461,12.9,45.0,18.7,1.1,0.7,764.2,Heavy-Data Youth
96890002462,42.2,14.8,24.7,145.8,14.9,233.1,Frequent Roamer
96890002463,35.0,5.6,22.0,132.8,8.0,223.2,Frequent Roamer
96890002464,1.0,2.6,4.2,0.4,0.4,192.7,Low-Use Prepaid
96890002465,57.5,23.1,29.7,123.9,2.5,658.6,Business Postpaid
96890002466,1.0,76.5,12.0,4.8,0.0,515.6,Heavy-Data Youth
96890002467,61.7,27.7,28.2,78.8,1.7,813.0,Business Postpaid
96890002468,20.1,3.6,6.5,5.7,0.0,880.5,Low-Use Prepaid
96890002469,3.4,1.6,6.2,8.5,0.1,727.2,Low-Use Prepaid
96890002470,64.0,22.9,45.1,72.7,1.6,0.0,Business Postpaid
96890002471,22.9,52.4,11.8,0.4,2.1,248.0,Heavy-Data Youth
96890002472,33.3,14.8,30.6,206.7,11.8,445.9,Frequent Roamer
96890002473,15.8,80.3,17.1,17.8,2.2,0.0,Heavy-Data Youth
96890002474,25.5,1.8,4.7,4.7,0.3,617.8,Low-Use Prepaid
96890002475,8.7,2.9,5.4,7.4,1.1,359.8,Low-Use Prepaid
96890002476,32.3,22.0,28.9,165.0,12.6,380.0,Frequent Roamer
96890002477,12.4,1.8,9.4,1.9,0.0,134.8,Low-Use Prepaid
96890002478,5.6,2.1,6.0,2.4,0.3,0.0,Low-Use Prepaid
96890002479,24.2,61.1,11.8,3.7,0.0,755.0,Heavy-Data Youth
96890002480,39.5,11.3,31.4,252.3,0.7,924.9,Frequent Roamer
96890002481,13.7,74.9,15.8,6.8,0.3,706.3,Heavy-Data Youth
96890002482,13.6,37.4,14.5,1.7,0.0,648.3,Heavy-Data Youth
96890002483,33.3,14.0,30.4,146.7,13.0,1129.6,Frequent Roamer
96890002484,42.3,13.9,45.4,119.0,2.1,986.6,Business Postpaid
96890002485,52.0,11.8,29.0,203.2,16.8,0.0,Frequent Roamer
96890002486,26.7,0.9,4.3,8.9,0.6,767.8,Low-Use Prepaid
96890002487,53.2,28.0,71.2,64.5,0.4,627.4,Business Postpaid
96890002488,3.1,2.4,7.9,1.6,0.4,582.8,Low-Use Prepaid
96890002489,34.3,20.9,30.9,176.9,14.3,432.0,Frequent Roamer
96890002490,13.9,48.7,16.4,4.0,0.0,415.4,Heavy-Data Youth
96890002491,13.9,2.0,6.0,8.2,0.1,405.0,Low-Use Prepaid
96890002492,18.7,50.7,18.0,7.3,0.0,967.3,Heavy-Data Youth
96890002493,18.3,2.0,5.1,5.3,0.3,476.5,Low-Use Prepaid
96890002494,30.8,5.9,46.2,229.1,20.3,135.0,Frequent Roamer
96890002495,46.7,18.3,54.2,76.2,1.2,376.6,Business Postpaid
96890002496,30.1,73.1,19.3,0.9,1.8,380.7,Heavy-Data Youth
96890002497,24.7,66.5,7.5,10.7,1.0,0.0,Heavy-Data Youth
96890002498,28.7,44.1,16.9,11.3,0.4,44.5,Heavy-Data Youth
96890002499,15.4,0.4,7.3,1.5,0.3,1173.9,Low-Use Prepaid
